============LOGGING METADATA============
	iteration: 0
	human_readable: Autogenerated iterative experiment.
	experiment_id: dreamcoder_32
	encoder: re2
	init_frontiers_every_iteration: False
	enumeration_timeout: 1000
	tasks_loader: re2
	task_language_loader: re2_synthetic
	timestamped_experiment_id: dreamcoder_32
	init_grammar_from_checkpoint: False
	init_frontiers_from_checkpoint: False
	resume_checkpoint_directory: None
	export_with_timestamp: False
	ocaml_special_handler: re2
	timestamp: 
	curr_iteration: 0
	global_batch_size: 32
	experiment_name: paperfaithful_init_seed111_20260507
	dsl_description_prefix: This is a domain-specific language for regular expressions that specify string transformations.
	log_directory: experiments_iterative/logs/paperfaithful_init_seed111_20260507/domains/re2/dreamcoder/seed_111/dreamcoder_32
	random_generator: Generator(PCG64)
	export_directory: experiments_iterative/outputs/paperfaithful_init_seed111_20260507/domains/re2/dreamcoder/seed_111/dreamcoder_32
	recognition_train_steps: 10000
	random_seed: 111
====================================
============LOGGING FRONTIERS============
	 total_solved_tasks_train @ iteration 0: 0 / 491
	 total_solved_tasks_test @ iteration 0: 0 / 500
====================================
============LOGGING MODEL_FN============
	iteration: 0
	experiment_block_type: model_fn
	model_type: grammar
	run_every_n_iterations: 1000
	params: {'enumeration_timeout': 1000, 'compute_likelihoods': True}
	task_split: train
	model_fn: infer_programs_for_tasks
	task_batch_size: global_batch_size
task_ids: 32 tasks: re2_train_489_if_there_is_any_letter_consonant_replace_that_with_b -- re2_train_34_if_the_word_ends_with_any_letter_add_d_after_that
====================================
Beginning enumeration on a total of 32 tasks with a total of 32 CPUs.
Disabling parallelism on the Python side because we only have one job.
If you are using ocaml, there could still be parallelism.
(python) Launching tfullstr -> tfullstr (32 tasks) w/ 32 CPUs. 0.000000 <= MDL < 1.500000. Timeout 1000.000000.
	(ocaml: 32 CPUs. shatter: 320. |fringe| = 0. |finished| = 1.)
(python) Launching tfullstr -> tfullstr (32 tasks) w/ 32 CPUs. 1.500000 <= MDL < 3.000000. Timeout 999.961003.
	(ocaml: 32 CPUs. shatter: 320. |fringe| = 0. |finished| = 0.)
(python) Launching tfullstr -> tfullstr (32 tasks) w/ 32 CPUs. 3.000000 <= MDL < 4.500000. Timeout 999.925424.
	(ocaml: 32 CPUs. shatter: 320. |fringe| = 0. |finished| = 0.)
(python) Launching tfullstr -> tfullstr (32 tasks) w/ 32 CPUs. 4.500000 <= MDL < 6.000000. Timeout 999.890445.
	(ocaml: 32 CPUs. shatter: 320. |fringe| = 0. |finished| = 0.)
(python) Launching tfullstr -> tfullstr (32 tasks) w/ 32 CPUs. 6.000000 <= MDL < 7.500000. Timeout 999.855871.
	(ocaml: 32 CPUs. shatter: 320. |fringe| = 320. |finished| = 0.)
(python) Launching tfullstr -> tfullstr (32 tasks) w/ 32 CPUs. 7.500000 <= MDL < 9.000000. Timeout 999.753159.
	(ocaml: 32 CPUs. shatter: 320. |fringe| = 321. |finished| = 0.)
(python) Launching tfullstr -> tfullstr (32 tasks) w/ 32 CPUs. 9.000000 <= MDL < 10.500000. Timeout 999.652114.
	(ocaml: 32 CPUs. shatter: 320. |fringe| = 321. |finished| = 0.)
(python) Launching tfullstr -> tfullstr (32 tasks) w/ 32 CPUs. 10.500000 <= MDL < 12.000000. Timeout 999.551013.
	(ocaml: 32 CPUs. shatter: 320. |fringe| = 321. |finished| = 0.)
(python) Launching tfullstr -> tfullstr (32 tasks) w/ 32 CPUs. 12.000000 <= MDL < 13.500000. Timeout 999.364214.
	(ocaml: 32 CPUs. shatter: 320. |fringe| = 321. |finished| = 0.)
(python) Launching tfullstr -> tfullstr (32 tasks) w/ 32 CPUs. 13.500000 <= MDL < 15.000000. Timeout 999.253055.
	(ocaml: 32 CPUs. shatter: 320. |fringe| = 321. |finished| = 0.)
(python) Launching tfullstr -> tfullstr (31 tasks) w/ 32 CPUs. 15.000000 <= MDL < 16.500000. Timeout 999.108271.
	(ocaml: 32 CPUs. shatter: 320. |fringe| = 321. |finished| = 0.)
(python) Launching tfullstr -> tfullstr (31 tasks) w/ 32 CPUs. 16.500000 <= MDL < 18.000000. Timeout 998.771365.
	(ocaml: 32 CPUs. shatter: 320. |fringe| = 321. |finished| = 0.)
(python) Launching tfullstr -> tfullstr (31 tasks) w/ 32 CPUs. 18.000000 <= MDL < 19.500000. Timeout 997.864554.
	(ocaml: 32 CPUs. shatter: 320. |fringe| = 321. |finished| = 0.)
(python) Launching tfullstr -> tfullstr (31 tasks) w/ 32 CPUs. 19.500000 <= MDL < 21.000000. Timeout 993.546707.
	(ocaml: 32 CPUs. shatter: 320. |fringe| = 321. |finished| = 0.)
(python) Launching tfullstr -> tfullstr (29 tasks) w/ 32 CPUs. 21.000000 <= MDL < 22.500000. Timeout 979.054757.
	(ocaml: 32 CPUs. shatter: 320. |fringe| = 321. |finished| = 0.)
(python) Launching tfullstr -> tfullstr (29 tasks) w/ 32 CPUs. 22.500000 <= MDL < 24.000000. Timeout 904.590808.
	(ocaml: 32 CPUs. shatter: 320. |fringe| = 321. |finished| = 0.)
(python) Launching tfullstr -> tfullstr (29 tasks) w/ 32 CPUs. 24.000000 <= MDL < 25.500000. Timeout 607.462449.
	(ocaml: 32 CPUs. shatter: 320. |fringe| = 321. |finished| = 0.)
We enumerated this many programs, for each task:
	 [22835848, 22835848, 3782, 22835848, 22835848, 22835848, 22835848, 22835848, 22835848, 22835848, 22835848, 22835848, 655874, 22835848, 22835848, 22835848, 22835848, 22835848, 22835848, 22835848, 22835848, 22835848, 22835848, 22835848, 22835848, 655874, 22835848, 22835848, 22835848, 22835848, 22835848, 22835848]
Wrote experiments_iterative/outputs/paperfaithful_init_seed111_20260507/domains/re2/dreamcoder/seed_111/dreamcoder_32/0/metrics.json
====================================
iteration: 0
grammar : infer_programs_for_tasks
Completed in 1000.527s
====================================
============LOGGING FRONTIERS============
	 total_solved_tasks_train @ iteration 0: 6 / 491
	 total_solved_tasks_test @ iteration 0: 0 / 500
====================================
============LOGGING MODEL_FN============
	iteration: 0
	experiment_block_type: model_fn
	model_type: amortized_synthesis
	params: {'recognition_train_steps': 10000}
	task_split: train
	model_fn: optimize_model_for_frontiers
	task_batch_size: all
task_ids: 491 tasks: re2_train_489_if_there_is_any_letter_consonant_replace_that_with_b -- re2_train_432_if_the_word_ends_with_vowel_any_letter_replace_that_with_h_i
====================================
No pre-enumerated helmholtzFrontiers: we will sample randomly during the training loop.
Attempted frontier likelihood normalization. Initial frontiers: 6. Now: 6
(ID=0): Training a recognition model from 6 frontiers, 50% Helmholtz
Feature extractors: [['StringFeatureExtractor']]
(ID=0): Got 0 Helmholtz frontiers - random Helmholtz training? : True
(ID=0): Contextual? True
(ID=0): Bias optimal? True
(ID=0): Aux loss? True (n.b. we train a 'auxiliary' classifier anyway - this controls if gradients propagate back to the future extractor)
Sampling new helmholtz frontiers during training.
Sampling 500 programs from the prior on 32 CPUs...


Got 498/500 valid samples.
We now have 498 Helmholtz entries.
(ID=0):  Epoch 1 Loss 15.377889692783356
(ID=0):  		(real loss):  18.14911880493164 	(dream loss): 1.5217441320419312
(ID=0):  	vs MDL (w/o neural net) 15.891885184106433
		(real MDL):  18.793003348703742 	(dream MDL): 1.3862943611198906
(ID=0):  	6 cumulative gradient steps. 6.822571 steps/sec
(ID=0):  	42-way auxiliary classification loss 0.6657183766365051
(ID=0):  Epoch 5 Loss 9.822532311081886
(ID=0):  		(real loss):  14.080024973551433 	(dream loss): 2.7267112069659762
(ID=0):  	vs MDL (w/o neural net) 13.127512778767958
		(real MDL):  19.443982358680785 	(dream MDL): 2.6000634789132477
(ID=0):  	30 cumulative gradient steps. 26.846226 steps/sec
(ID=0):  	42-way auxiliary classification loss 0.5233938843011856
(ID=0):  Epoch 10 Loss 5.196278502543767
(ID=0):  		(real loss):  7.6364783218928745 	(dream loss): 3.0611036606132984
(ID=0):  	vs MDL (w/o neural net) 10.315150154137832
		(real MDL):  18.187129407246605 	(dream MDL): 3.427168307667656
(ID=0):  	60 cumulative gradient steps. 43.869450 steps/sec
(ID=0):  	42-way auxiliary classification loss 0.2779503251115481
(ID=0):  Epoch 15 Loss 5.2226869086424506
(ID=0):  		(real loss):  5.255231913398294 	(dream loss): 5.180128056269425
(ID=0):  	vs MDL (w/o neural net) 12.21829899379349
		(real MDL):  18.05191972727807 	(dream MDL): 4.5897180346213435
(ID=0):  	90 cumulative gradient steps. 55.336316 steps/sec
(ID=0):  	42-way auxiliary classification loss 0.2197039355834325
(ID=0):  Epoch 20 Loss 4.808038407564164
(ID=0):  		(real loss):  4.6711808204650875 	(dream loss): 4.876467201113701
(ID=0):  	vs MDL (w/o neural net) 8.759334942119846
		(real MDL):  17.066986559084086 	(dream MDL): 4.605509133637728
(ID=0):  	120 cumulative gradient steps. 63.937472 steps/sec
(ID=0):  	42-way auxiliary classification loss 0.19424224918087324
(ID=0):  Epoch 25 Loss 3.29095734556516
(ID=0):  		(real loss):  4.52407044172287 	(dream loss): 1.8816852356706346
(ID=0):  	vs MDL (w/o neural net) 10.848334066880318
		(real MDL):  18.340250153563698 	(dream MDL): 2.2861442535278824
(ID=0):  	150 cumulative gradient steps. 70.286237 steps/sec
(ID=0):  	42-way auxiliary classification loss 0.18988732372721037
(ID=0):  Epoch 30 Loss 3.514222178856532
(ID=0):  		(real loss):  4.173006670815604 	(dream loss): 2.9377857483923435
(ID=0):  	vs MDL (w/o neural net) 10.105813365788727
		(real MDL):  18.077566436278314 	(dream MDL): 3.1305294291103354
(ID=0):  	180 cumulative gradient steps. 75.362137 steps/sec
(ID=0):  	42-way auxiliary classification loss 0.17932144328951835
(ID=0):  Epoch 35 Loss 3.813086545467377
(ID=0):  		(real loss):  4.001824827755199 	(dream loss): 3.5662749455525327
(ID=0):  	vs MDL (w/o neural net) 12.039687131155624
		(real MDL):  18.29655990865217 	(dream MDL): 3.8576227298139836
(ID=0):  	210 cumulative gradient steps. 79.406867 steps/sec
(ID=0):  	42-way auxiliary classification loss 0.19029963811238607
(ID=0):  Epoch 40 Loss 4.389496562878291
(ID=0):  		(real loss):  3.632552078792027 	(dream loss): 5.051822986453772
(ID=0):  	vs MDL (w/o neural net) 10.433245031502848
		(real MDL):  17.102791810495415 	(dream MDL): 4.597391599884354
(ID=0):  	240 cumulative gradient steps. 82.726312 steps/sec
(ID=0):  	42-way auxiliary classification loss 0.1918337921301524
(ID=0):  Epoch 45 Loss 4.6139851093292235
(ID=0):  		(real loss):  4.088875566210065 	(dream loss): 5.073455959558487
(ID=0):  	vs MDL (w/o neural net) 11.185683541425133
		(real MDL):  19.285021351243152 	(dream MDL): 4.09876295783437
(ID=0):  	270 cumulative gradient steps. 85.505097 steps/sec
(ID=0):  	42-way auxiliary classification loss 0.1866991291443507
(ID=0):  Epoch 50 Loss 3.6041850209236146
(ID=0):  		(real loss):  4.210295995076497 	(dream loss): 3.200111038155026
(ID=0):  	vs MDL (w/o neural net) 9.321902095201434
		(real MDL):  18.21028505720871 	(dream MDL): 3.396313453863245
(ID=0):  	300 cumulative gradient steps. 87.913841 steps/sec
(ID=0):  	42-way auxiliary classification loss 0.1778172860542933
(ID=0):  Epoch 55 Loss 3.517634125550588
(ID=0):  		(real loss):  3.802454812186105 	(dream loss): 3.2684160247445107
(ID=0):  	vs MDL (w/o neural net) 10.549875569099008
		(real MDL):  18.265066542692857 	(dream MDL): 3.799083467204388
(ID=0):  	330 cumulative gradient steps. 89.842292 steps/sec
(ID=0):  	42-way auxiliary classification loss 0.17392657026648523
(ID=0):  Epoch 60 Loss 3.891780952612559
(ID=0):  		(real loss):  3.654524530683245 	(dream loss): 4.099380321800709
(ID=0):  	vs MDL (w/o neural net) 11.051608393047784
		(real MDL):  19.323989918966276 	(dream MDL): 3.8132745578690983
(ID=0):  	360 cumulative gradient steps. 91.605942 steps/sec
(ID=0):  	42-way auxiliary classification loss 0.17688967436552047
(ID=0):  Epoch 65 Loss 3.688335426648458
(ID=0):  		(real loss):  3.185530153910319 	(dream loss): 4.1911406993865965
(ID=0):  	vs MDL (w/o neural net) 11.363920459115718
		(real MDL):  18.696542083174652 	(dream MDL): 4.031298835056783
(ID=0):  	390 cumulative gradient steps. 92.899942 steps/sec
(ID=0):  	42-way auxiliary classification loss 0.1750507451593876
(ID=0):  Epoch 70 Loss 2.475451664129893
(ID=0):  		(real loss):  3.287936508655548 	(dream loss): 1.546897556100573
(ID=0):  	vs MDL (w/o neural net) 11.254998259481129
		(real MDL):  19.10274551469022 	(dream MDL): 2.2861442535278824
(ID=0):  	420 cumulative gradient steps. 93.957295 steps/sec
(ID=0):  	42-way auxiliary classification loss 0.14988786776860555
(ID=0):  Epoch 75 Loss 2.0567403117815655
(ID=0):  		(real loss):  2.881413409584447 	(dream loss): 0.6323049610311334
(ID=0):  	vs MDL (w/o neural net) 12.0648128579015
		(real MDL):  18.24711304024875 	(dream MDL): 1.3862943611198906
(ID=0):  	450 cumulative gradient steps. 95.076365 steps/sec
(ID=0):  	42-way auxiliary classification loss 0.1464023729165395
(ID=0):  Epoch 80 Loss 2.6396468460559843
(ID=0):  		(real loss):  2.951191021845891 	(dream loss): 2.4014071822166443
(ID=0):  	vs MDL (w/o neural net) 9.359150691369795
		(real MDL):  17.815865731271057 	(dream MDL): 2.892250954974709
(ID=0):  	480 cumulative gradient steps. 96.251111 steps/sec
(ID=0):  	42-way auxiliary classification loss 0.14435976867874464
(ID=0):  Epoch 85 Loss 3.366875733931859
(ID=0):  		(real loss):  2.7698386510213218 	(dream loss): 3.963912816842397
(ID=0):  	vs MDL (w/o neural net) 11.894455364584898
		(real MDL):  19.106632884135966 	(dream MDL): 4.682277845033825
(ID=0):  	510 cumulative gradient steps. 97.265667 steps/sec
(ID=0):  	42-way auxiliary classification loss 0.1530458778142929
(ID=0):  Epoch 90 Loss 1.4658232529958088
(ID=0):  		(real loss):  2.856426239013672 	(dream loss): 0.869850544702439
(ID=0):  	vs MDL (w/o neural net) 6.9505412349861055
		(real MDL):  18.534017441372615 	(dream MDL): 1.986194289391884
(ID=0):  	540 cumulative gradient steps. 98.210393 steps/sec
(ID=0):  	42-way auxiliary classification loss 0.11216489834090074
(ID=0):  Epoch 95 Loss 1.9217448472976684
(ID=0):  		(real loss):  1.8993343052111173 	(dream loss): 1.9604539654471658
(ID=0):  	vs MDL (w/o neural net) 12.349978376496344
		(real MDL):  17.923357144752973 	(dream MDL): 2.723233231325797
(ID=0):  	570 cumulative gradient steps. 98.825594 steps/sec
(ID=0):  	42-way auxiliary classification loss 0.1334051325917244
(ID=0):  Epoch 100 Loss 2.0782809714476267
(ID=0):  		(real loss):  1.7004550298055012 	(dream loss): 2.6450198839108148
(ID=0):  	vs MDL (w/o neural net) 12.305072880371142
		(real MDL):  18.58892419945219 	(dream MDL): 2.879295901749566
(ID=0):  	600 cumulative gradient steps. 99.316822 steps/sec
(ID=0):  	42-way auxiliary classification loss 0.12136193849146366
(ID=0):  Epoch 105 Loss 4.6358163297176365
(ID=0):  		(real loss):  1.9616013306837816 	(dream loss): 6.680804270155289
(ID=0):  	vs MDL (w/o neural net) 11.87926676320448
		(real MDL):  18.003191933453262 	(dream MDL): 7.196265162425995
(ID=0):  	630 cumulative gradient steps. 99.939411 steps/sec
(ID=0):  	42-way auxiliary classification loss 0.1624375229080518
(ID=0):  Epoch 110 Loss 2.7307841797669727
(ID=0):  		(real loss):  2.4644914627075196 	(dream loss): 2.9970768968264263
(ID=0):  	vs MDL (w/o neural net) 10.707683810041118
		(real MDL):  18.118304399614107 	(dream MDL): 3.297063220468123
(ID=0):  	660 cumulative gradient steps. 100.594595 steps/sec
(ID=0):  	42-way auxiliary classification loss 0.13661477752029896
(ID=0):  Epoch 115 Loss 1.290354037284851
(ID=0):  		(real loss):  1.8340594951923077 	(dream loss): 0.8745792753556195
(ID=0):  	vs MDL (w/o neural net) 9.19663874815194
		(real MDL):  18.712355410494176 	(dream MDL): 1.919914241654933
(ID=0):  	690 cumulative gradient steps. 101.153484 steps/sec
(ID=0):  	42-way auxiliary classification loss 0.09559044142564138
(ID=0):  Epoch 120 Loss 1.4680813988049826
(ID=0):  		(real loss):  1.0694282756132238 	(dream loss): 1.9893970214403593
(ID=0):  	vs MDL (w/o neural net) 11.716666501717624
		(real MDL):  18.4077175957254 	(dream MDL): 2.966830455707457
(ID=0):  	720 cumulative gradient steps. 101.495607 steps/sec
(ID=0):  	42-way auxiliary classification loss 0.0951201876004537
(ID=0):  Epoch 125 Loss 2.5573825617631276
(ID=0):  		(real loss):  1.7677837518545299 	(dream loss): 3.161193416399114
(ID=0):  	vs MDL (w/o neural net) 10.402650203797952
		(real MDL):  18.983613912387725 	(dream MDL): 3.840736779582241
(ID=0):  	750 cumulative gradient steps. 101.868942 steps/sec
(ID=0):  	42-way auxiliary classification loss 0.11538434339066346
(ID=0):  Epoch 130 Loss 1.6255329867204031
(ID=0):  		(real loss):  1.7920101951150333 	(dream loss): 1.4078320218966558
(ID=0):  	vs MDL (w/o neural net) 11.964047051051798
		(real MDL):  19.311863902546087 	(dream MDL): 2.355363476020805
(ID=0):  	780 cumulative gradient steps. 102.144093 steps/sec
(ID=0):  	42-way auxiliary classification loss 0.09938872257868449
(ID=0):  Epoch 135 Loss 1.9558750212192535
(ID=0):  		(real loss):  1.5214992250714983 	(dream loss): 2.3359538428485394
(ID=0):  	vs MDL (w/o neural net) 10.367685328222993
		(real MDL):  18.052152215800543 	(dream MDL): 3.6437768015926375
(ID=0):  	810 cumulative gradient steps. 102.433613 steps/sec
(ID=0):  	42-way auxiliary classification loss 0.11595104659597079
(ID=0):  Epoch 140 Loss 0.7568023324012756
(ID=0):  		(real loss):  1.3242980321248372 	(dream loss): 0.18930663267771403
(ID=0):  	vs MDL (w/o neural net) 10.396953028296213
		(real MDL):  19.407611695472536 	(dream MDL): 1.3862943611198906
(ID=0):  	840 cumulative gradient steps. 102.698061 steps/sec
(ID=0):  	42-way auxiliary classification loss 0.07026009770731131
(ID=0):  Epoch 145 Loss 1.2130191445350647
(ID=0):  		(real loss):  1.604810274564303 	(dream loss): 0.9134141627480002
(ID=0):  	vs MDL (w/o neural net) 8.738845169099262
		(real MDL):  17.81586573127106 	(dream MDL): 1.7975941509678839
(ID=0):  	870 cumulative gradient steps. 103.050416 steps/sec
(ID=0):  	42-way auxiliary classification loss 0.0848268716285626
(ID=0):  Epoch 150 Loss 3.2479457815488177
(ID=0):  		(real loss):  1.5802565256754557 	(dream loss): 4.91563503742218
(ID=0):  	vs MDL (w/o neural net) 12.056906211530638
		(real MDL):  18.154675062822356 	(dream MDL): 5.959137360238923
(ID=0):  	900 cumulative gradient steps. 103.359052 steps/sec
(ID=0):  	42-way auxiliary classification loss 0.127512996767958
(ID=0):  Epoch 155 Loss 1.8648669600486756
(ID=0):  		(real loss):  1.0028190612792969 	(dream loss): 2.8500645586422513
(ID=0):  	vs MDL (w/o neural net) 11.7963385650085
		(real MDL):  18.588320292434 	(dream MDL): 4.03407373366507
(ID=0):  	930 cumulative gradient steps. 103.516112 steps/sec
(ID=0):  	42-way auxiliary classification loss 0.09887021121879419
(ID=0):  Epoch 160 Loss 0.3431189775466919
(ID=0):  		(real loss):  0.6978010697798296 	(dream loss): 0.13777671362224378
(ID=0):  	vs MDL (w/o neural net) 7.066065765079431
		(real MDL):  16.876580008282268 	(dream MDL): 1.3862943611198906
(ID=0):  	960 cumulative gradient steps. 103.809725 steps/sec
(ID=0):  	42-way auxiliary classification loss 0.06074198745191097
Sampling new helmholtz frontiers during training.
Sampling 500 programs from the prior on 32 CPUs...


Got 497/500 valid samples.
We now have 497 Helmholtz entries.
(ID=0):  Epoch 165 Loss 1.4359341581662497
(ID=0):  		(real loss):  1.449346160888672 	(dream loss): 1.4225221554438272
(ID=0):  	vs MDL (w/o neural net) 10.663494818731001
		(real MDL):  18.630653973479163 	(dream MDL): 2.696335663982836
(ID=0):  	990 cumulative gradient steps. 95.993946 steps/sec
(ID=0):  	42-way auxiliary classification loss 0.08450885949035486
(ID=0):  Epoch 170 Loss 0.8782496452331543
(ID=0):  		(real loss):  0.7606552441914877 	(dream loss): 0.9566459125942655
(ID=0):  	vs MDL (w/o neural net) 8.274975974412769
		(real MDL):  17.69767155600707 	(dream MDL): 1.9931789200165686
(ID=0):  	1020 cumulative gradient steps. 96.522205 steps/sec
(ID=0):  	42-way auxiliary classification loss 0.07038171999156476
(ID=0):  Epoch 175 Loss 0.8723026394844056
(ID=0):  		(real loss):  0.9966641939603366 	(dream loss): 0.7772026272381053
(ID=0):  	vs MDL (w/o neural net) 9.089710147247683
		(real MDL):  18.32310601678862 	(dream MDL): 2.028878011716374
(ID=0):  	1050 cumulative gradient steps. 97.093904 steps/sec
(ID=0):  	42-way auxiliary classification loss 0.07546718412389358
(ID=0):  Epoch 180 Loss 0.8273090958595276
(ID=0):  		(real loss):  0.9176289240519205 	(dream loss): 0.7670958770645989
(ID=0):  	vs MDL (w/o neural net) 8.825905682355197
		(real MDL):  18.933082161659392 	(dream MDL): 2.087788029485731
(ID=0):  	1080 cumulative gradient steps. 97.662288 steps/sec
(ID=0):  	42-way auxiliary classification loss 0.06273400584856668
(ID=0):  Epoch 185 Loss 1.6703955014546712
(ID=0):  		(real loss):  0.9057882749117337 	(dream loss): 2.2550951452816235
(ID=0):  	vs MDL (w/o neural net) 10.337200490658393
		(real MDL):  19.101604804199734 	(dream MDL): 3.6350089567738344
(ID=0):  	1110 cumulative gradient steps. 98.155060 steps/sec
(ID=0):  	42-way auxiliary classification loss 0.07589674846579632
(ID=0):  Epoch 190 Loss 1.181037425994873
(ID=0):  		(real loss):  0.4316103318158318 	(dream loss): 2.161057472229004
(ID=0):  	vs MDL (w/o neural net) 10.927487933765393
		(real MDL):  17.360321840177146 	(dream MDL): 2.5153205176884845
(ID=0):  	1140 cumulative gradient steps. 98.549117 steps/sec
(ID=0):  	42-way auxiliary classification loss 0.06974003408104182
(ID=0):  Epoch 195 Loss 1.6594059904416403
(ID=0):  		(real loss):  1.0271764643052046 	(dream loss): 2.48616767846621
(ID=0):  	vs MDL (w/o neural net) 11.701907778474004
		(real MDL):  18.174239817965116 	(dream MDL): 3.2380889576010072
(ID=0):  	1170 cumulative gradient steps. 98.984111 steps/sec
(ID=0):  	42-way auxiliary classification loss 0.08129036668688058
(ID=0):  Epoch 200 Loss 1.5948991735776266
(ID=0):  		(real loss):  0.8861876726150513 	(dream loss): 2.4048551746777127
(ID=0):  	vs MDL (w/o neural net) 11.611560413131292
		(real MDL):  18.75238288554672 	(dream MDL): 3.450620444656516
(ID=0):  	1200 cumulative gradient steps. 99.385346 steps/sec
(ID=0):  	42-way auxiliary classification loss 0.08633800204843282
(ID=0):  Epoch 205 Loss 1.0073031226793925
(ID=0):  		(real loss):  1.1343294382095337 	(dream loss): 0.8621301906449454
(ID=0):  	vs MDL (w/o neural net) 10.492799260731378
		(real MDL):  18.023985021177936 	(dream MDL): 1.8857298202210255
(ID=0):  	1230 cumulative gradient steps. 99.719170 steps/sec
(ID=0):  	42-way auxiliary classification loss 0.0638558253645897
(ID=0):  Epoch 210 Loss 0.9553775111834208
(ID=0):  		(real loss):  0.7071858723958333 	(dream loss): 1.2035691499710084
(ID=0):  	vs MDL (w/o neural net) 10.269568528646596
		(real MDL):  18.22056317251785 	(dream MDL): 2.3185738847753417
(ID=0):  	1260 cumulative gradient steps. 100.092441 steps/sec
(ID=0):  	42-way auxiliary classification loss 0.058165906680126986
(ID=0):  Epoch 215 Loss 1.4687835892041525
(ID=0):  		(real loss):  0.8654732704162598 	(dream loss): 2.675404226779938
(ID=0):  	vs MDL (w/o neural net) 13.645620692669981
		(real MDL):  18.747935396963108 	(dream MDL): 3.440991284083727
(ID=0):  	1290 cumulative gradient steps. 100.427196 steps/sec
(ID=0):  	42-way auxiliary classification loss 0.05880852459619443
(ID=0):  Epoch 220 Loss 1.0684751788775126
(ID=0):  		(real loss):  0.8150284290313721 	(dream loss): 1.3581286072731018
(ID=0):  	vs MDL (w/o neural net) 11.414083594338479
		(real MDL):  19.068648017932485 	(dream MDL): 2.6660099673738977
(ID=0):  	1320 cumulative gradient steps. 100.711956 steps/sec
(ID=0):  	42-way auxiliary classification loss 0.061797495310505234
(ID=0):  Epoch 225 Loss 1.2626048843065898
(ID=0):  		(real loss):  0.8380353450775146 	(dream loss): 1.747827214854104
(ID=0):  	vs MDL (w/o neural net) 11.373509861530778
		(real MDL):  18.752382885546723 	(dream MDL): 2.9405121197982673
(ID=0):  	1350 cumulative gradient steps. 101.059721 steps/sec
(ID=0):  	42-way auxiliary classification loss 0.061329499321679276
(ID=0):  Epoch 230 Loss 0.21283493836720785
(ID=0):  		(real loss):  0.433136719923753 	(dream loss): 0.044368870118085074
(ID=0):  	vs MDL (w/o neural net) 9.114058272906359
		(real MDL):  19.21959569601174 	(dream MDL): 1.3862943611198906
(ID=0):  	1380 cumulative gradient steps. 101.345265 steps/sec
(ID=0):  	42-way auxiliary classification loss 0.03152882568538189
(ID=0):  Epoch 235 Loss 0.8541705211003622
(ID=0):  		(real loss):  0.7502803802490234 	(dream loss): 1.0965808497534857
(ID=0):  	vs MDL (w/o neural net) 13.951071023597779
		(real MDL):  19.003018334782784 	(dream MDL): 2.1631939641661004
(ID=0):  	1410 cumulative gradient steps. 101.540086 steps/sec
(ID=0):  	42-way auxiliary classification loss 0.043687903818984825
(ID=0):  Epoch 240 Loss 1.1577024141947427
(ID=0):  		(real loss):  0.4645723615373884 	(dream loss): 1.764191210269928
(ID=0):  	vs MDL (w/o neural net) 9.944079023658071
		(real MDL):  17.67715200297146 	(dream MDL): 3.1776401667588585
(ID=0):  	1440 cumulative gradient steps. 101.795891 steps/sec
(ID=0):  	42-way auxiliary classification loss 0.061003801164527735
(ID=0):  Epoch 245 Loss 0.687463927268982
(ID=0):  		(real loss):  0.9319634070763221 	(dream loss): 0.5004937368280747
(ID=0):  	vs MDL (w/o neural net) 9.720848291573288
		(real MDL):  20.082026783134204 	(dream MDL): 1.797594150967884
(ID=0):  	1470 cumulative gradient steps. 102.066883 steps/sec
(ID=0):  	42-way auxiliary classification loss 0.04515450910354654
(ID=0):  Epoch 250 Loss 1.503029477596283
(ID=0):  		(real loss):  0.8294931139264788 	(dream loss): 2.0923737958073616
(ID=0):  	vs MDL (w/o neural net) 10.116430115705008
		(real MDL):  18.413598081384276 	(dream MDL): 2.856408145735646
(ID=0):  	1500 cumulative gradient steps. 102.293092 steps/sec
(ID=0):  	42-way auxiliary classification loss 0.061389841108272475
(ID=0):  Epoch 255 Loss 0.34616546233495077
(ID=0):  		(real loss):  0.5985912322998047 	(dream loss): 0.09373969237009684
(ID=0):  	vs MDL (w/o neural net) 9.97210350409128
		(real MDL):  18.557912647062665 	(dream MDL): 1.3862943611198906
(ID=0):  	1530 cumulative gradient steps. 102.543644 steps/sec
(ID=0):  	42-way auxiliary classification loss 0.03576560973500212
(ID=0):  Epoch 260 Loss 1.1580772042274474
(ID=0):  		(real loss):  0.8130959102085659 	(dream loss): 1.459935836493969
(ID=0):  	vs MDL (w/o neural net) 9.985369261280862
		(real MDL):  18.413598081384272 	(dream MDL): 2.610669043690376
(ID=0):  	1560 cumulative gradient steps. 102.741765 steps/sec
(ID=0):  	42-way auxiliary classification loss 0.04909343598410487
(ID=0):  Epoch 265 Loss 0.43479252656300865
(ID=0):  		(real loss):  0.6659540600246854 	(dream loss): 0.08805022637049358
(ID=0):  	vs MDL (w/o neural net) 11.726057595723397
		(real MDL):  18.619233085459065 	(dream MDL): 1.3862943611198906
(ID=0):  	1590 cumulative gradient steps. 102.954291 steps/sec
(ID=0):  	42-way auxiliary classification loss 0.033858575175205866
(ID=0):  Epoch 270 Loss 0.6357970794041952
(ID=0):  		(real loss):  0.6641492282643038 	(dream loss): 0.5987211924332839
(ID=0):  	vs MDL (w/o neural net) 11.777186982175264
		(real MDL):  19.311863902546083 	(dream MDL): 1.9241479324595745
(ID=0):  	1620 cumulative gradient steps. 103.107010 steps/sec
(ID=0):  	42-way auxiliary classification loss 0.035541644940773644
(ID=0):  Epoch 275 Loss 1.6675324122111002
(ID=0):  		(real loss):  0.6446583087627704 	(dream loss): 2.449730256024529
(ID=0):  	vs MDL (w/o neural net) 9.460531531313423
		(real MDL):  17.294028456412345 	(dream MDL): 3.4702103532965975
(ID=0):  	1650 cumulative gradient steps. 103.293329 steps/sec
(ID=0):  	42-way auxiliary classification loss 0.07422305718064308
(ID=0):  Epoch 280 Loss 1.0521643996238708
(ID=0):  		(real loss):  0.41774829228719074 	(dream loss): 1.4751084711816576
(ID=0):  	vs MDL (w/o neural net) 8.51763525774169
		(real MDL):  17.52438476086708 	(dream MDL): 2.51313558899143
(ID=0):  	1680 cumulative gradient steps. 103.475951 steps/sec
(ID=0):  	42-way auxiliary classification loss 0.045124926635374624
(ID=0):  Epoch 285 Loss 1.7418401439984639
(ID=0):  		(real loss):  0.6190824006733141 	(dream loss): 3.681148973378268
(ID=0):  	vs MDL (w/o neural net) 13.120523558021143
		(real MDL):  18.108955067101196 	(dream MDL): 4.504141860519231
(ID=0):  	1710 cumulative gradient steps. 103.607603 steps/sec
(ID=0):  	42-way auxiliary classification loss 0.053832635780175525
(ID=0):  Epoch 290 Loss 0.606948717435201
(ID=0):  		(real loss):  0.877463870578342 	(dream loss): 0.2011759877204895
(ID=0):  	vs MDL (w/o neural net) 12.051547100711916
		(real MDL):  19.161715593773263 	(dream MDL): 1.3862943611198906
(ID=0):  	1740 cumulative gradient steps. 103.759892 steps/sec
(ID=0):  	42-way auxiliary classification loss 0.03188672835628192
(ID=0):  Epoch 295 Loss 2.024908431371053
(ID=0):  		(real loss):  0.5542261941092355 	(dream loss): 3.3117553889751434
(ID=0):  	vs MDL (w/o neural net) 10.78128991596556
		(real MDL):  18.439012301862046 	(dream MDL): 4.080782828306131
(ID=0):  	1770 cumulative gradient steps. 103.927582 steps/sec
(ID=0):  	42-way auxiliary classification loss 0.0736238185937206
(ID=0):  Epoch 300 Loss 0.4275126775105794
(ID=0):  		(real loss):  0.6224881278143989 	(dream loss): 0.13504950205485025
(ID=0):  	vs MDL (w/o neural net) 11.894732332995803
		(real MDL):  18.900357647579742 	(dream MDL): 1.3862943611198906
(ID=0):  	1800 cumulative gradient steps. 104.075887 steps/sec
(ID=0):  	42-way auxiliary classification loss 0.02892662078763048
(ID=0):  Epoch 305 Loss 0.5498620510101319
(ID=0):  		(real loss):  0.45541424221462673 	(dream loss): 0.6915337642033895
(ID=0):  	vs MDL (w/o neural net) 11.772267407760724
		(real MDL):  18.307799637331506 	(dream MDL): 1.968969063404548
(ID=0):  	1830 cumulative gradient steps. 104.190527 steps/sec
(ID=0):  	42-way auxiliary classification loss 0.033630835451185705
(ID=0):  Epoch 310 Loss 0.38097063700358075
(ID=0):  		(real loss):  0.6962158203125 	(dream loss): 0.06572545369466146
(ID=0):  	vs MDL (w/o neural net) 10.228278291023804
		(real MDL):  19.070262220927717 	(dream MDL): 1.3862943611198906
(ID=0):  	1860 cumulative gradient steps. 104.314662 steps/sec
(ID=0):  	42-way auxiliary classification loss 0.022144782387961946
(ID=0):  Epoch 315 Loss 0.27826090653737384
(ID=0):  		(real loss):  0.514935557047526 	(dream loss): 0.04158625602722168
(ID=0):  	vs MDL (w/o neural net) 10.041418222147273
		(real MDL):  18.696542083174652 	(dream MDL): 1.3862943611198906
(ID=0):  	1890 cumulative gradient steps. 104.421440 steps/sec
(ID=0):  	42-way auxiliary classification loss 0.022832908388227224
(ID=0):  Epoch 320 Loss 1.438062556584676
(ID=0):  		(real loss):  0.8098048041848576 	(dream loss): 2.2596303866459775
(ID=0):  	vs MDL (w/o neural net) 11.931102996204055
		(real MDL):  18.801654181757367 	(dream MDL): 2.946536061249714
(ID=0):  	1920 cumulative gradient steps. 104.510876 steps/sec
(ID=0):  	42-way auxiliary classification loss 0.044804671127349135
(ID=0):  Epoch 325 Loss 1.136560332775116
(ID=0):  		(real loss):  0.5788337389628092 	(dream loss): 1.5083780619833205
(ID=0):  	vs MDL (w/o neural net) 9.119755448408101
		(real MDL):  18.586508571379415 	(dream MDL): 2.8085866997605518
(ID=0):  	1950 cumulative gradient steps. 104.634213 steps/sec
(ID=0):  	42-way auxiliary classification loss 0.047806948671738306
(ID=0):  Epoch 330 Loss 1.2447930057843526
(ID=0):  		(real loss):  0.41346486409505206 	(dream loss): 1.6010764950797671
(ID=0):  	vs MDL (w/o neural net) 7.49293611001158
		(real MDL):  18.24235060917222 	(dream MDL): 2.886044181799876
(ID=0):  	1980 cumulative gradient steps. 104.746225 steps/sec
(ID=0):  	42-way auxiliary classification loss 0.05603548285240929
Sampling new helmholtz frontiers during training.
Sampling 500 programs from the prior on 32 CPUs...


Got 497/500 valid samples.
We now have 497 Helmholtz entries.
(ID=0):  Epoch 335 Loss 1.14410852988561
(ID=0):  		(real loss):  0.32194723401750835 	(dream loss): 1.8634996637701988
(ID=0):  	vs MDL (w/o neural net) 10.207194205732355
		(real MDL):  18.335660945938024 	(dream MDL): 3.094785808052393
(ID=0):  	2010 cumulative gradient steps. 100.550537 steps/sec
(ID=0):  	42-way auxiliary classification loss 0.04210695630560319
(ID=0):  Epoch 340 Loss 2.4304067055384317
(ID=0):  		(real loss):  0.8905484816607308 	(dream loss): 4.444067459840041
(ID=0):  	vs MDL (w/o neural net) 12.751214456544197
		(real MDL):  18.530037686412445 	(dream MDL): 5.1942917713318675
(ID=0):  	2040 cumulative gradient steps. 100.715807 steps/sec
(ID=0):  	42-way auxiliary classification loss 0.06288170007367928
(ID=0):  Epoch 345 Loss 0.8161574999491373
(ID=0):  		(real loss):  0.7619833628336589 	(dream loss): 0.8703316370646159
(ID=0):  	vs MDL (w/o neural net) 10.461348171937667
		(real MDL):  19.070262220927717 	(dream MDL): 1.8524341229476164
(ID=0):  	2070 cumulative gradient steps. 100.895942 steps/sec
(ID=0):  	42-way auxiliary classification loss 0.03362406631931662
(ID=0):  Epoch 350 Loss 0.6330260634422302
(ID=0):  		(real loss):  0.7184645334879557 	(dream loss): 0.5475875933965048
(ID=0):  	vs MDL (w/o neural net) 10.154043998553272
		(real MDL):  18.455653874158923 	(dream MDL): 1.8524341229476167
(ID=0):  	2100 cumulative gradient steps. 101.122114 steps/sec
(ID=0):  	42-way auxiliary classification loss 0.03110645239551862
(ID=0):  Epoch 355 Loss 0.39510894219080606
(ID=0):  		(real loss):  0.6010190116034614 	(dream loss): 0.08624383807182312
(ID=0):  	vs MDL (w/o neural net) 11.696012294562978
		(real MDL):  18.569157583525033 	(dream MDL): 1.3862943611198906
(ID=0):  	2130 cumulative gradient steps. 101.315911 steps/sec
(ID=0):  	42-way auxiliary classification loss 0.024350988678634167
(ID=0):  Epoch 360 Loss 1.8302387475967408
(ID=0):  		(real loss):  0.4673915189855239 	(dream loss): 3.612423585011409
(ID=0):  	vs MDL (w/o neural net) 11.921263847374975
		(real MDL):  17.42450536348582 	(dream MDL): 4.724717249383861
(ID=0):  	2160 cumulative gradient steps. 101.539313 steps/sec
(ID=0):  	42-way auxiliary classification loss 0.05423471825197339
(ID=0):  Epoch 365 Loss 0.40846378008524575
(ID=0):  		(real loss):  0.5622248876662481 	(dream loss): 0.049687862396240234
(ID=0):  	vs MDL (w/o neural net) 13.094431580046152
		(real MDL):  18.11220467387169 	(dream MDL): 1.3862943611198906
(ID=0):  	2190 cumulative gradient steps. 101.699827 steps/sec
(ID=0):  	42-way auxiliary classification loss 0.024369420763105155
(ID=0):  Epoch 370 Loss 0.45506465832392373
(ID=0):  		(real loss):  0.807523250579834 	(dream loss): 0.05225483860288348
(ID=0):  	vs MDL (w/o neural net) 10.835068309690735
		(real MDL):  19.102745514690223 	(dream MDL): 1.3862943611198906
(ID=0):  	2220 cumulative gradient steps. 101.865396 steps/sec
(ID=0):  	42-way auxiliary classification loss 0.020858377466599146
(ID=0):  Epoch 375 Loss 0.16644446849822997
(ID=0):  		(real loss):  0.29135119120279945 	(dream loss): 0.04153774579366048
(ID=0):  	vs MDL (w/o neural net) 9.54725397988634
		(real MDL):  17.70821359865279 	(dream MDL): 1.3862943611198906
(ID=0):  	2250 cumulative gradient steps. 102.036732 steps/sec
(ID=0):  	42-way auxiliary classification loss 0.01897914269939065
(ID=0):  Epoch 380 Loss 0.2524588187535604
(ID=0):  		(real loss):  0.44048404693603516 	(dream loss): 0.03757284368787493
(ID=0):  	vs MDL (w/o neural net) 10.93732708259447
		(real MDL):  19.294480713884727 	(dream MDL): 1.3862943611198906
(ID=0):  	2280 cumulative gradient steps. 102.179969 steps/sec
(ID=0):  	42-way auxiliary classification loss 0.017572447067747514
(ID=0):  Epoch 385 Loss 0.5248461087544759
(ID=0):  		(real loss):  0.9657548666000366 	(dream loss): 0.020950385502406528
(ID=0):  	vs MDL (w/o neural net) 11.091243096623261
		(real MDL):  19.58307324018871 	(dream MDL): 1.3862943611198906
(ID=0):  	2310 cumulative gradient steps. 102.350427 steps/sec
(ID=0):  	42-way auxiliary classification loss 0.015370063902810215
(ID=0):  Epoch 390 Loss 1.4331775744756063
(ID=0):  		(real loss):  0.829623071770919 	(dream loss): 2.475680806420066
(ID=0):  	vs MDL (w/o neural net) 13.26222838435845
		(real MDL):  18.69903949513235 	(dream MDL): 3.871372829385346
(ID=0):  	2340 cumulative gradient steps. 102.483538 steps/sec
(ID=0):  	42-way auxiliary classification loss 0.03916667737066746
(ID=0):  Epoch 395 Loss 1.3274155696233114
(ID=0):  		(real loss):  0.6654083251953125 	(dream loss): 1.9894228140513102
(ID=0):  	vs MDL (w/o neural net) 10.78786502442741
		(real MDL):  18.7329127463829 	(dream MDL): 2.8428173024719188
(ID=0):  	2370 cumulative gradient steps. 102.629410 steps/sec
(ID=0):  	42-way auxiliary classification loss 0.05178976207971573
(ID=0):  Epoch 400 Loss 1.4299554030100505
(ID=0):  		(real loss):  0.28651128496442524 	(dream loss): 2.4304690062999725
(ID=0):  	vs MDL (w/o neural net) 10.851820631664683
		(real MDL):  19.207084215796904 	(dream MDL): 3.540964995548987
(ID=0):  	2400 cumulative gradient steps. 102.762436 steps/sec
(ID=0):  	42-way auxiliary classification loss 0.04601084974904855
(ID=0):  Epoch 405 Loss 0.6453153570493062
(ID=0):  		(real loss):  0.6592019399007162 	(dream loss): 0.6314287741978963
(ID=0):  	vs MDL (w/o neural net) 10.292673434665259
		(real MDL):  18.7329127463829 	(dream MDL): 1.8524341229476167
(ID=0):  	2430 cumulative gradient steps. 102.884022 steps/sec
(ID=0):  	42-way auxiliary classification loss 0.02677152622491121
(ID=0):  Epoch 410 Loss 1.529112728436788
(ID=0):  		(real loss):  0.5287349098607114 	(dream loss): 3.257038051431829
(ID=0):  	vs MDL (w/o neural net) 13.526221499392841
		(real MDL):  18.860500715506674 	(dream MDL): 4.312466489741677
(ID=0):  	2460 cumulative gradient steps. 102.997887 steps/sec
(ID=0):  	42-way auxiliary classification loss 0.05113693495901923
(ID=0):  Epoch 415 Loss 1.5137677868207295
(ID=0):  		(real loss):  0.3264589309692383 	(dream loss): 2.305307024055057
(ID=0):  	vs MDL (w/o neural net) 8.473367606429962
		(real MDL):  16.507724279365053 	(dream MDL): 3.1171298244732286
(ID=0):  	2490 cumulative gradient steps. 103.158437 steps/sec
(ID=0):  	42-way auxiliary classification loss 0.04007875816896558
(ID=0):  Epoch 420 Loss 1.3196786642074585
(ID=0):  		(real loss):  0.34622331099076703 	(dream loss): 1.8832580792276483
(ID=0):  	vs MDL (w/o neural net) 8.371270261671244
		(real MDL):  17.575238518098253 	(dream MDL): 3.0426570605819205
(ID=0):  	2520 cumulative gradient steps. 103.308671 steps/sec
(ID=0):  	42-way auxiliary classification loss 0.05348251626516382
(ID=0):  Epoch 425 Loss 1.6375603238741556
(ID=0):  		(real loss):  0.36718576604669745 	(dream loss): 2.373040331037421
(ID=0):  	vs MDL (w/o neural net) 8.711070435080075
		(real MDL):  17.575238518098256 	(dream MDL): 3.5791836501748135
(ID=0):  	2550 cumulative gradient steps. 103.438856 steps/sec
(ID=0):  	42-way auxiliary classification loss 0.06764698397989075
(ID=0):  Epoch 430 Loss 1.7709285775820414
(ID=0):  		(real loss):  0.28423436482747394 	(dream loss): 3.257622790336609
(ID=0):  	vs MDL (w/o neural net) 11.337200294594641
		(real MDL):  18.521541983854412 	(dream MDL): 4.152858605334863
(ID=0):  	2580 cumulative gradient steps. 103.542050 steps/sec
(ID=0):  	42-way auxiliary classification loss 0.06772041986696423
(ID=0):  Epoch 435 Loss 0.9087733109792073
(ID=0):  		(real loss):  0.9282100677490235 	(dream loss): 0.8990549325942994
(ID=0):  	vs MDL (w/o neural net) 7.504181046473951
		(real MDL):  18.34153513169889 	(dream MDL): 2.085504003861479
(ID=0):  	2610 cumulative gradient steps. 103.698545 steps/sec
(ID=0):  	42-way auxiliary classification loss 0.032176000718027356
(ID=0):  Epoch 440 Loss 0.8112455487251282
(ID=0):  		(real loss):  0.4531856536865234 	(dream loss): 1.169305443763733
(ID=0):  	vs MDL (w/o neural net) 10.38446487219383
		(real MDL):  18.419283210950674 	(dream MDL): 2.3496465334369816
(ID=0):  	2640 cumulative gradient steps. 103.804885 steps/sec
(ID=0):  	42-way auxiliary classification loss 0.03329700321579973
(ID=0):  Epoch 445 Loss 0.813425878683726
(ID=0):  		(real loss):  0.6840154102870396 	(dream loss): 0.9266600385308266
(ID=0):  	vs MDL (w/o neural net) 9.627185447858617
		(real MDL):  18.265066542692857 	(dream MDL): 2.0690394898786537
(ID=0):  	2670 cumulative gradient steps. 103.920311 steps/sec
(ID=0):  	42-way auxiliary classification loss 0.027666034549474715
(ID=0):  Epoch 450 Loss 0.3578066269556681
(ID=0):  		(real loss):  0.6441872914632162 	(dream loss): 0.07142596244812012
(ID=0):  	vs MDL (w/o neural net) 9.514309925038598
		(real MDL):  17.6423254889573 	(dream MDL): 1.3862943611198906
(ID=0):  	2700 cumulative gradient steps. 104.027679 steps/sec
(ID=0):  	42-way auxiliary classification loss 0.015787527368714412
(ID=0):  Epoch 455 Loss 1.194278359413147
(ID=0):  		(real loss):  0.4514821370442708 	(dream loss): 1.9370745817820232
(ID=0):  	vs MDL (w/o neural net) 10.73570829047432
		(real MDL):  18.08193373640586 	(dream MDL): 3.389482844542782
(ID=0):  	2730 cumulative gradient steps. 104.115395 steps/sec
(ID=0):  	42-way auxiliary classification loss 0.0426942798619469
(ID=0):  Epoch 460 Loss 0.8605844418207804
(ID=0):  		(real loss):  0.558591365814209 	(dream loss): 1.0619131591584947
(ID=0):  	vs MDL (w/o neural net) 8.526231186930756
		(real MDL):  17.74313488501738 	(dream MDL): 2.381628721539673
(ID=0):  	2760 cumulative gradient steps. 104.172339 steps/sec
(ID=0):  	42-way auxiliary classification loss 0.039450735319405794
(ID=0):  Epoch 465 Loss 0.9560294389724732
(ID=0):  		(real loss):  0.5686635410084444 	(dream loss): 1.462584844002357
(ID=0):  	vs MDL (w/o neural net) 11.388708121178583
		(real MDL):  18.05191972727808 	(dream MDL): 2.6752775593561635
(ID=0):  	2790 cumulative gradient steps. 104.227969 steps/sec
(ID=0):  	42-way auxiliary classification loss 0.027938653870175283
(ID=0):  Epoch 470 Loss 1.2496316492557527
(ID=0):  		(real loss):  0.45277264912923176 	(dream loss): 2.046490649382273
(ID=0):  	vs MDL (w/o neural net) 10.826445158504784
		(real MDL):  18.419283210950674 	(dream MDL): 3.233607106058891
(ID=0):  	2820 cumulative gradient steps. 104.305176 steps/sec
(ID=0):  	42-way auxiliary classification loss 0.043570437685896954
(ID=0):  Epoch 475 Loss 0.2522533655166626
(ID=0):  		(real loss):  0.38575850592719185 	(dream loss): 0.051995654900868736
(ID=0):  	vs MDL (w/o neural net) 11.063218616190058
		(real MDL):  17.514501452903502 	(dream MDL): 1.3862943611198906
(ID=0):  	2850 cumulative gradient steps. 104.382182 steps/sec
(ID=0):  	42-way auxiliary classification loss 0.013058121921494604
(ID=0):  Epoch 480 Loss 1.4009245077768961
(ID=0):  		(real loss):  0.6550359224018297 	(dream loss): 2.6892775188792837
(ID=0):  	vs MDL (w/o neural net) 12.97398747553829
		(real MDL):  18.137668748581394 	(dream MDL): 4.054901640282021
(ID=0):  	2880 cumulative gradient steps. 104.460164 steps/sec
(ID=0):  	42-way auxiliary classification loss 0.042515077628195286
(ID=0):  Epoch 485 Loss 0.633797303835551
(ID=0):  		(real loss):  0.2628237860543387 	(dream loss): 0.9583991318941116
(ID=0):  	vs MDL (w/o neural net) 9.617534949171445
		(real MDL):  17.825683541662876 	(dream MDL): 2.4354049307414405
(ID=0):  	2910 cumulative gradient steps. 104.560925 steps/sec
(ID=0):  	42-way auxiliary classification loss 0.022128058690577747
(ID=0):  Epoch 490 Loss 1.0933861215909322
(ID=0):  		(real loss):  0.6880056593153212 	(dream loss): 1.7014568150043488
(ID=0):  	vs MDL (w/o neural net) 12.327928039975784
		(real MDL):  18.64954197146594 	(dream MDL): 2.845507142740552
(ID=0):  	2940 cumulative gradient steps. 104.613509 steps/sec
(ID=0):  	42-way auxiliary classification loss 0.03331352042344709
(ID=0):  Epoch 495 Loss 1.4470944166183473
(ID=0):  		(real loss):  0.46899618421282085 	(dream loss): 2.3029303699731827
(ID=0):  	vs MDL (w/o neural net) 10.788770179384406
		(real MDL):  18.884606917936292 	(dream MDL): 3.7049130331515006
(ID=0):  	2970 cumulative gradient steps. 104.667472 steps/sec
(ID=0):  	42-way auxiliary classification loss 0.035986025165766475
(ID=0):  Epoch 500 Loss 0.6684200843175252
(ID=0):  		(real loss):  0.2592614491780599 	(dream loss): 1.0775787194569906
(ID=0):  	vs MDL (w/o neural net) 9.967183929676738
		(real MDL):  17.70821359865279 	(dream MDL): 2.2261542607006826
(ID=0):  	3000 cumulative gradient steps. 104.740013 steps/sec
(ID=0):  	42-way auxiliary classification loss 0.030052060494199395
Sampling new helmholtz frontiers during training.
Sampling 500 programs from the prior on 32 CPUs...


Got 499/500 valid samples.
We now have 499 Helmholtz entries.
(ID=0):  Epoch 505 Loss 0.7372539440790812
(ID=0):  		(real loss):  0.37197918362087673 	(dream loss): 0.8938002699897403
(ID=0):  	vs MDL (w/o neural net) 7.287890709530921
		(real MDL):  19.266697853786876 	(dream MDL): 2.154116219135511
(ID=0):  	3030 cumulative gradient steps. 102.111605 steps/sec
(ID=0):  	42-way auxiliary classification loss 0.030530014106382928
(ID=0):  Epoch 510 Loss 0.24090755383173626
(ID=0):  		(real loss):  0.5688313570889559 	(dream loss): 0.051056930893345884
(ID=0):  	vs MDL (w/o neural net) 7.747090076216893
		(real MDL):  18.73391903865717 	(dream MDL): 1.3862943611198906
(ID=0):  	3060 cumulative gradient steps. 102.238331 steps/sec
(ID=0):  	42-way auxiliary classification loss 0.01196328039901952
(ID=0):  Epoch 515 Loss 0.4175091743469238
(ID=0):  		(real loss):  0.7558740377426147 	(dream loss): 0.030806473323277066
(ID=0):  	vs MDL (w/o neural net) 10.904383027746727
		(real MDL):  19.23271061104521 	(dream MDL): 1.3862943611198906
(ID=0):  	3090 cumulative gradient steps. 102.380304 steps/sec
(ID=0):  	42-way auxiliary classification loss 0.01007930226624012
(ID=0):  Epoch 520 Loss 1.3536173582077027
(ID=0):  		(real loss):  0.2716261056753305 	(dream loss): 2.1810224336736344
(ID=0):  	vs MDL (w/o neural net) 9.719803380342563
		(real MDL):  17.961225783597587 	(dream MDL): 3.417539189618132
(ID=0):  	3120 cumulative gradient steps. 102.525150 steps/sec
(ID=0):  	42-way auxiliary classification loss 0.040033290488645436
(ID=0):  Epoch 525 Loss 1.011477009455363
(ID=0):  		(real loss):  0.4135775566101074 	(dream loss): 1.228894992308183
(ID=0):  	vs MDL (w/o neural net) 6.414093281876392
		(real MDL):  17.509559798921714 	(dream MDL): 2.3793781847689996
(ID=0):  	3150 cumulative gradient steps. 102.693822 steps/sec
(ID=0):  	42-way auxiliary classification loss 0.04613449514533083
(ID=0):  Epoch 530 Loss 1.4842728853225708
(ID=0):  		(real loss):  0.32061160694469104 	(dream loss): 2.1579715201729224
(ID=0):  	vs MDL (w/o neural net) 8.418275238525277
		(real MDL):  17.575238518098253 	(dream MDL): 3.1168754450882887
(ID=0):  	3180 cumulative gradient steps. 102.837370 steps/sec
(ID=0):  	42-way auxiliary classification loss 0.060618132414917154
(ID=0):  Epoch 535 Loss 1.3523186326026917
(ID=0):  		(real loss):  0.43327967325846356 	(dream loss): 2.2713575919469196
(ID=0):  	vs MDL (w/o neural net) 10.891894871644345
		(real MDL):  18.08193373640586 	(dream MDL): 3.7018560068828292
(ID=0):  	3210 cumulative gradient steps. 102.942803 steps/sec
(ID=0):  	42-way auxiliary classification loss 0.03968626693822443
(ID=0):  Epoch 540 Loss 1.2182945450146994
(ID=0):  		(real loss):  0.2987856864929199 	(dream loss): 1.8313004506958857
(ID=0):  	vs MDL (w/o neural net) 9.465700852141982
		(real MDL):  18.88761883264908 	(dream MDL): 3.1844221984705836
(ID=0):  	3240 cumulative gradient steps. 103.044660 steps/sec
(ID=0):  	42-way auxiliary classification loss 0.05261462687825163
(ID=0):  Epoch 545 Loss 0.6177326997121175
(ID=0):  		(real loss):  0.6675622122628349 	(dream loss): 0.5741318762302399
(ID=0):  	vs MDL (w/o neural net) 9.902788786035282
		(real MDL):  19.136489812551737 	(dream MDL): 1.8233003878333836
(ID=0):  	3270 cumulative gradient steps. 103.168870 steps/sec
(ID=0):  	42-way auxiliary classification loss 0.022600238413239517
(ID=0):  Epoch 550 Loss 0.349424942334493
(ID=0):  		(real loss):  0.5238576465182834 	(dream loss): 0.08777588605880737
(ID=0):  	vs MDL (w/o neural net) 11.726057595723397
		(real MDL):  18.619233085459065 	(dream MDL): 1.3862943611198906
(ID=0):  	3300 cumulative gradient steps. 103.274580 steps/sec
(ID=0):  	42-way auxiliary classification loss 0.012555395485833287
(ID=0):  Epoch 555 Loss 1.1332101305325826
(ID=0):  		(real loss):  0.5824750661849976 	(dream loss): 1.7626216326441084
(ID=0):  	vs MDL (w/o neural net) 11.389674372407686
		(real MDL):  18.566082849515944 	(dream MDL): 3.188064684283963
(ID=0):  	3330 cumulative gradient steps. 103.379409 steps/sec
(ID=0):  	42-way auxiliary classification loss 0.03599712566162149
(ID=0):  Epoch 560 Loss 2.5409178535143533
(ID=0):  		(real loss):  0.4596430914742606 	(dream loss): 4.362033270299435
(ID=0):  	vs MDL (w/o neural net) 10.972454526162712
		(real MDL):  17.50320624380227 	(dream MDL): 5.258046773228096
(ID=0):  	3360 cumulative gradient steps. 103.480566 steps/sec
(ID=0):  	42-way auxiliary classification loss 0.07282835802373787
(ID=0):  Epoch 565 Loss 0.37752626339594525
(ID=0):  		(real loss):  0.5525965971105239 	(dream loss): 0.14858813469226545
(ID=0):  	vs MDL (w/o neural net) 10.830148735276195
		(real MDL):  18.051919727278072 	(dream MDL): 1.3862943611198906
(ID=0):  	3390 cumulative gradient steps. 103.568130 steps/sec
(ID=0):  	42-way auxiliary classification loss 0.015226103613773983
(ID=0):  Epoch 570 Loss 0.8100134253501892
(ID=0):  		(real loss):  0.698208735539363 	(dream loss): 0.895511129323174
(ID=0):  	vs MDL (w/o neural net) 9.601370438294534
		(real MDL):  19.372863306093283 	(dream MDL): 2.1290523629190155
(ID=0):  	3420 cumulative gradient steps. 103.680229 steps/sec
(ID=0):  	42-way auxiliary classification loss 0.02509789471514523
(ID=0):  Epoch 575 Loss 0.3523773233095805
(ID=0):  		(real loss):  0.4698660850524902 	(dream loss): 0.11739979982376099
(ID=0):  	vs MDL (w/o neural net) 12.803906950632589
		(real MDL):  18.512713245388937 	(dream MDL): 1.3862943611198906
(ID=0):  	3450 cumulative gradient steps. 103.745420 steps/sec
(ID=0):  	42-way auxiliary classification loss 0.012841209691638747
(ID=0):  Epoch 580 Loss 0.7251385450363159
(ID=0):  		(real loss):  0.21100796593560112 	(dream loss): 1.4963344136873882
(ID=0):  	vs MDL (w/o neural net) 11.624676755779767
		(real MDL):  17.715241627083273 	(dream MDL): 2.488829448824507
(ID=0):  	3480 cumulative gradient steps. 103.826680 steps/sec
(ID=0):  	42-way auxiliary classification loss 0.022469528143604596
(ID=0):  Epoch 585 Loss 0.4122071027755737
(ID=0):  		(real loss):  0.8556438173566546 	(dream loss): 0.02419997751712799
(ID=0):  	vs MDL (w/o neural net) 9.449914781397142
		(real MDL):  18.665480975999714 	(dream MDL): 1.3862943611198906
(ID=0):  	3510 cumulative gradient steps. 103.936954 steps/sec
(ID=0):  	42-way auxiliary classification loss 0.0110806489828974
(ID=0):  Epoch 590 Loss 0.13516762256622314
(ID=0):  		(real loss):  0.22090844547047334 	(dream loss): 0.02304500799912673
(ID=0):  	vs MDL (w/o neural net) 10.69441805285153
		(real MDL):  17.81239499358749 	(dream MDL): 1.3862943611198906
(ID=0):  	3540 cumulative gradient steps. 104.007696 steps/sec
(ID=0):  	42-way auxiliary classification loss 0.010741733790685734
(ID=0):  Epoch 595 Loss 0.6149431626001994
(ID=0):  		(real loss):  0.5146562788221571 	(dream loss): 0.7653734882672628
(ID=0):  	vs MDL (w/o neural net) 11.92908217547684
		(real MDL):  18.22258399324506 	(dream MDL): 2.488829448824507
(ID=0):  	3570 cumulative gradient steps. 104.072498 steps/sec
(ID=0):  	42-way auxiliary classification loss 0.018817334218571583
(ID=0):  Epoch 600 Loss 0.4235039393107096
(ID=0):  		(real loss):  0.2374042510986328 	(dream loss): 0.6096036275227864
(ID=0):  	vs MDL (w/o neural net) 9.948998598072613
		(real MDL):  18.045563073197606 	(dream MDL): 1.8524341229476164
(ID=0):  	3600 cumulative gradient steps. 104.146411 steps/sec
(ID=0):  	42-way auxiliary classification loss 0.019691679036865632
(ID=0):  Epoch 605 Loss 0.32259926001230876
(ID=0):  		(real loss):  0.4931387650339227 	(dream loss): 0.028031024065884678
(ID=0):  	vs MDL (w/o neural net) 12.046627526297378
		(real MDL):  18.21839935876855 	(dream MDL): 1.3862943611198906
(ID=0):  	3630 cumulative gradient steps. 104.212543 steps/sec
(ID=0):  	42-way auxiliary classification loss 0.010477017425000668
(ID=0):  Epoch 610 Loss 1.9379225571950276
(ID=0):  		(real loss):  0.2853453954060872 	(dream loss): 3.0396406650543213
(ID=0):  	vs MDL (w/o neural net) 9.604080541839952
		(real MDL):  17.870958351147053 	(dream MDL): 4.092828668968549
(ID=0):  	3660 cumulative gradient steps. 104.281050 steps/sec
(ID=0):  	42-way auxiliary classification loss 0.059447250049561265
(ID=0):  Epoch 615 Loss 0.4258726676305135
(ID=0):  		(real loss):  0.5410806407099185 	(dream loss): 0.04733218465532575
(ID=0):  	vs MDL (w/o neural net) 14.458501023048294
		(real MDL):  18.436998702765635 	(dream MDL): 1.3862943611198906
(ID=0):  	3690 cumulative gradient steps. 104.325441 steps/sec
(ID=0):  	42-way auxiliary classification loss 0.010285665808866421
(ID=0):  Epoch 620 Loss 0.6278699239095052
(ID=0):  		(real loss):  0.38730868171243105 	(dream loss): 0.9424500098595252
(ID=0):  	vs MDL (w/o neural net) 11.314723575122065
		(real MDL):  18.26446814699783 	(dream MDL): 2.226596058053753
(ID=0):  	3720 cumulative gradient steps. 104.374466 steps/sec
(ID=0):  	42-way auxiliary classification loss 0.02709107263945043
(ID=0):  Epoch 625 Loss 1.4845492243766785
(ID=0):  		(real loss):  0.6424029214041573 	(dream loss): 2.2214272394776344
(ID=0):  	vs MDL (w/o neural net) 10.224386064110487
		(real MDL):  18.11653500400144 	(dream MDL): 3.3187557417058966
(ID=0):  	3750 cumulative gradient steps. 104.435145 steps/sec
(ID=0):  	42-way auxiliary classification loss 0.04721907583686213
(ID=0):  Epoch 630 Loss 0.42249743938446044
(ID=0):  		(real loss):  0.5291457176208496 	(dream loss): 0.3513985872268677
(ID=0):  	vs MDL (w/o neural net) 7.894065695103928
		(real MDL):  16.89976119865534 	(dream MDL): 1.8902686927363195
(ID=0):  	3780 cumulative gradient steps. 104.532233 steps/sec
(ID=0):  	42-way auxiliary classification loss 0.018339867532874147
(ID=0):  Epoch 635 Loss 2.378416033585866
(ID=0):  		(real loss):  0.6030465443929036 	(dream loss): 4.153785522778829
(ID=0):  	vs MDL (w/o neural net) 11.948660141262089
		(real MDL):  18.79300334870374 	(dream MDL): 5.104316933820436
(ID=0):  	3810 cumulative gradient steps. 104.583598 steps/sec
(ID=0):  	42-way auxiliary classification loss 0.06428494574502111
(ID=0):  Epoch 640 Loss 0.9856779138247173
(ID=0):  		(real loss):  0.5153373082478842 	(dream loss): 1.2992383175426059
(ID=0):  	vs MDL (w/o neural net) 8.932895379531567
		(real MDL):  18.759795366519402 	(dream MDL): 2.3816287215396725
(ID=0):  	3840 cumulative gradient steps. 104.642814 steps/sec
(ID=0):  	42-way auxiliary classification loss 0.03795449199775855
(ID=0):  Epoch 645 Loss 1.829009238878886
(ID=0):  		(real loss):  0.40479815006256104 	(dream loss): 3.4566790546689714
(ID=0):  	vs MDL (w/o neural net) 11.646108564021615
		(real MDL):  17.76948999163169 	(dream MDL): 4.647958361038675
(ID=0):  	3870 cumulative gradient steps. 104.703925 steps/sec
(ID=0):  	42-way auxiliary classification loss 0.04659317336045206
(ID=0):  Epoch 650 Loss 1.2078658858935039
(ID=0):  		(real loss):  0.2683227245624249 	(dream loss): 1.9263400680878584
(ID=0):  	vs MDL (w/o neural net) 9.435604112976835
		(real MDL):  17.571976389892033 	(dream MDL): 3.2136723718063847
(ID=0):  	3900 cumulative gradient steps. 104.759240 steps/sec
(ID=0):  	42-way auxiliary classification loss 0.03488100248699387
(ID=0):  Epoch 655 Loss 0.9605366110801696
(ID=0):  		(real loss):  0.5112486945258247 	(dream loss): 1.6344684859116871
(ID=0):  	vs MDL (w/o neural net) 12.709466505830713
		(real MDL):  19.13140670776639 	(dream MDL): 3.076556202927199
(ID=0):  	3930 cumulative gradient steps. 104.805323 steps/sec
(ID=0):  	42-way auxiliary classification loss 0.02500262789738675
(ID=0):  Epoch 660 Loss 1.2848053614298502
(ID=0):  		(real loss):  0.37930847616756663 	(dream loss): 2.4689166729266825
(ID=0):  	vs MDL (w/o neural net) 11.51512636959909
		(real MDL):  17.59984657386773 	(dream MDL): 3.5581845640170187
(ID=0):  	3960 cumulative gradient steps. 104.847176 steps/sec
(ID=0):  	42-way auxiliary classification loss 0.0306039166636765
(ID=0):  Epoch 665 Loss 1.7510845859845479
(ID=0):  		(real loss):  0.23396644592285157 	(dream loss): 3.2682027260462445
(ID=0):  	vs MDL (w/o neural net) 11.131738169429347
		(real MDL):  17.70821359865279 	(dream MDL): 4.555262740205903
(ID=0):  	3990 cumulative gradient steps. 104.885984 steps/sec
(ID=0):  	42-way auxiliary classification loss 0.06389288899954408
Sampling new helmholtz frontiers during training.
Sampling 500 programs from the prior on 32 CPUs...


Got 498/500 valid samples.
We now have 498 Helmholtz entries.
(ID=0):  Epoch 670 Loss 0.6043738524119059
(ID=0):  		(real loss):  0.477967775785006 	(dream loss): 0.7010373227736529
(ID=0):  	vs MDL (w/o neural net) 9.327699602576084
		(real MDL):  18.872312452161857 	(dream MDL): 2.028878011716374
(ID=0):  	4020 cumulative gradient steps. 102.584260 steps/sec
(ID=0):  	42-way auxiliary classification loss 0.02679277998395264
(ID=0):  Epoch 675 Loss 0.2468460480372111
(ID=0):  		(real loss):  0.3827144398408778 	(dream loss): 0.06917199721703163
(ID=0):  	vs MDL (w/o neural net) 10.811963403672072
		(real MDL):  18.019827965623737 	(dream MDL): 1.3862943611198906
(ID=0):  	4050 cumulative gradient steps. 102.668580 steps/sec
(ID=0):  	42-way auxiliary classification loss 0.010446261862913768
(ID=0):  Epoch 680 Loss 0.5946206370989482
(ID=0):  		(real loss):  0.6562603541782924 	(dream loss): 0.5406858846545219
(ID=0):  	vs MDL (w/o neural net) 9.80342876681887
		(real MDL):  18.923575485659423 	(dream MDL): 1.8233003878333838
(ID=0):  	4080 cumulative gradient steps. 102.785123 steps/sec
(ID=0):  	42-way auxiliary classification loss 0.019541367360701164
(ID=0):  Epoch 685 Loss 0.7935792922973632
(ID=0):  		(real loss):  0.7916695912679036 	(dream loss): 0.7954889933268229
(ID=0):  	vs MDL (w/o neural net) 10.67990907602193
		(real MDL):  19.245262320247953 	(dream MDL): 2.1145558317959052
(ID=0):  	4110 cumulative gradient steps. 102.879529 steps/sec
(ID=0):  	42-way auxiliary classification loss 0.022258084608862798
(ID=0):  Epoch 690 Loss 2.8418537537256876
(ID=0):  		(real loss):  0.37833213806152344 	(dream loss): 6.0633820203634405
(ID=0):  	vs MDL (w/o neural net) 13.165050614014273
		(real MDL):  18.142148056310784 	(dream MDL): 6.65653857408807
(ID=0):  	4140 cumulative gradient steps. 102.973904 steps/sec
(ID=0):  	42-way auxiliary classification loss 0.06887588294533392
(ID=0):  Epoch 695 Loss 2.026302393277486
(ID=0):  		(real loss):  0.5362776587991154 	(dream loss): 3.974796276826125
(ID=0):  	vs MDL (w/o neural net) 12.785704055298963
		(real MDL):  18.594221209721127 	(dream MDL): 5.189950853362285
(ID=0):  	4170 cumulative gradient steps. 103.064771 steps/sec
(ID=0):  	42-way auxiliary classification loss 0.058694573615988094
(ID=0):  Epoch 700 Loss 1.2381258964538575
(ID=0):  		(real loss):  0.04674217917702415 	(dream loss): 1.9278743643509715
(ID=0):  	vs MDL (w/o neural net) 8.877035068807066
		(real MDL):  18.44568618066377 	(dream MDL): 3.337289688258443
(ID=0):  	4200 cumulative gradient steps. 103.167901 steps/sec
(ID=0):  	42-way auxiliary classification loss 0.03515642168931663
(ID=0):  Epoch 705 Loss 1.8022427399953207
(ID=0):  		(real loss):  0.7042203791001264 	(dream loss): 3.238118135012113
(ID=0):  	vs MDL (w/o neural net) 12.318966824106814
		(real MDL):  18.32865167030651 	(dream MDL): 4.460148179076446
(ID=0):  	4230 cumulative gradient steps. 103.249786 steps/sec
(ID=0):  	42-way auxiliary classification loss 0.03872130961778263
(ID=0):  Epoch 710 Loss 2.0894869446754454
(ID=0):  		(real loss):  0.5723340511322021 	(dream loss): 3.8233759658677235
(ID=0):  	vs MDL (w/o neural net) 12.371520174878482
		(real MDL):  18.978215581498965 	(dream MDL): 4.821011138740793
(ID=0):  	4260 cumulative gradient steps. 103.341120 steps/sec
(ID=0):  	42-way auxiliary classification loss 0.056336904487883054
(ID=0):  Epoch 715 Loss 1.0641127208868661
(ID=0):  		(real loss):  0.6885156631469727 	(dream loss): 1.3927601464092731
(ID=0):  	vs MDL (w/o neural net) 10.098244784100881
		(real MDL):  18.775043946968005 	(dream MDL): 2.5060455165921462
(ID=0):  	4290 cumulative gradient steps. 103.420664 steps/sec
(ID=0):  	42-way auxiliary classification loss 0.040118432107071084
(ID=0):  Epoch 720 Loss 0.35815225044886273
(ID=0):  		(real loss):  0.616734504699707 	(dream loss): 0.06262967416218349
(ID=0):  	vs MDL (w/o neural net) 10.479533503541795
		(real MDL):  18.436117753160957 	(dream MDL): 1.3862943611198906
(ID=0):  	4320 cumulative gradient steps. 103.511640 steps/sec
(ID=0):  	42-way auxiliary classification loss 0.013154154208799203
(ID=0):  Epoch 725 Loss 0.46590912342071533
(ID=0):  		(real loss):  0.35709847344292533 	(dream loss): 0.6291250983874003
(ID=0):  	vs MDL (w/o neural net) 12.248246318417529
		(real MDL):  19.101097821759517 	(dream MDL): 1.968969063404548
(ID=0):  	4350 cumulative gradient steps. 103.574014 steps/sec
(ID=0):  	42-way auxiliary classification loss 0.019028258556500078
(ID=0):  Epoch 730 Loss 0.996343723932902
(ID=0):  		(real loss):  0.547273809259588 	(dream loss): 1.2563315692700838
(ID=0):  	vs MDL (w/o neural net) 8.244065690092281
		(real MDL):  18.733919038657167 	(dream MDL): 2.170992698817872
(ID=0):  	4380 cumulative gradient steps. 103.670798 steps/sec
(ID=0):  	42-way auxiliary classification loss 0.030513382718587913
(ID=0):  Epoch 735 Loss 1.3585929234822591
(ID=0):  		(real loss):  0.054414015549879804 	(dream loss): 2.3559062060187843
(ID=0):  	vs MDL (w/o neural net) 9.726910753754934
		(real MDL):  18.148551985779793 	(dream MDL): 3.2868321645594487
(ID=0):  	4410 cumulative gradient steps. 103.755942 steps/sec
(ID=0):  	42-way auxiliary classification loss 0.0542842669878155
(ID=0):  Epoch 740 Loss 1.1467823147773744
(ID=0):  		(real loss):  0.9773446400960286 	(dream loss): 1.3162199894587199
(ID=0):  	vs MDL (w/o neural net) 10.542883735952524
		(real MDL):  18.3296751621426 	(dream MDL): 2.756092309762447
(ID=0):  	4440 cumulative gradient steps. 103.841345 steps/sec
(ID=0):  	42-way auxiliary classification loss 0.021822152147069573
(ID=0):  Epoch 745 Loss 0.39082353115081786
(ID=0):  		(real loss):  0.2687724186823918 	(dream loss): 0.4841567348031437
(ID=0):  	vs MDL (w/o neural net) 8.395170332506614
		(real MDL):  17.022769954518797 	(dream MDL): 1.7975941509678839
(ID=0):  	4470 cumulative gradient steps. 103.926563 steps/sec
(ID=0):  	42-way auxiliary classification loss 0.01756133687061568
(ID=0):  Epoch 750 Loss 1.215632724761963
(ID=0):  		(real loss):  0.2637814741868239 	(dream loss): 1.943518975201775
(ID=0):  	vs MDL (w/o neural net) 9.972103504091278
		(real MDL):  18.510432218970823 	(dream MDL): 3.442793310359857
(ID=0):  	4500 cumulative gradient steps. 104.010914 steps/sec
(ID=0):  	42-way auxiliary classification loss 0.03128340005253752
(ID=0):  Epoch 755 Loss 1.039464279015859
(ID=0):  		(real loss):  0.33948978624845805 	(dream loss): 2.2485111301595513
(ID=0):  	vs MDL (w/o neural net) 12.843514432211181
		(real MDL):  18.237125626489018 	(dream MDL): 3.527276914822195
(ID=0):  	4530 cumulative gradient steps. 104.053493 steps/sec
(ID=0):  	42-way auxiliary classification loss 0.03410968449898064
(ID=0):  Epoch 760 Loss 0.4117767572402954
(ID=0):  		(real loss):  0.5983159065246582 	(dream loss): 0.038698458671569826
(ID=0):  	vs MDL (w/o neural net) 13.129396455621109
		(real MDL):  19.000947502871718 	(dream MDL): 1.3862943611198906
(ID=0):  	4560 cumulative gradient steps. 104.097868 steps/sec
(ID=0):  	42-way auxiliary classification loss 0.007639275320495169
(ID=0):  Epoch 765 Loss 1.2543261806170145
(ID=0):  		(real loss):  0.5483847531405363 	(dream loss): 1.6630291123139231
(ID=0):  	vs MDL (w/o neural net) 8.538719343033142
		(real MDL):  18.73391903865717 	(dream MDL): 2.6362353087244923
(ID=0):  	4590 cumulative gradient steps. 104.173392 steps/sec
(ID=0):  	42-way auxiliary classification loss 0.045642632486609123
(ID=0):  Epoch 770 Loss 1.4294355193773904
(ID=0):  		(real loss):  0.5633331537246704 	(dream loss): 2.419266794409071
(ID=0):  	vs MDL (w/o neural net) 11.922479845018103
		(real MDL):  18.75238288554672 	(dream MDL): 4.116876370128251
(ID=0):  	4620 cumulative gradient steps. 104.221906 steps/sec
(ID=0):  	42-way auxiliary classification loss 0.0429831337571765
(ID=0):  Epoch 775 Loss 1.6160377740859986
(ID=0):  		(real loss):  0.3528583314683702 	(dream loss): 3.510806938012441
(ID=0):  	vs MDL (w/o neural net) 12.690037954586579
		(real MDL):  17.911150545117504 	(dream MDL): 4.858369068790184
(ID=0):  	4650 cumulative gradient steps. 104.269756 steps/sec
(ID=0):  	42-way auxiliary classification loss 0.05381428535717229
(ID=0):  Epoch 780 Loss 0.8791373610496521
(ID=0):  		(real loss):  0.6748746525157582 	(dream loss): 1.4408598095178604
(ID=0):  	vs MDL (w/o neural net) 14.014222947599219
		(real MDL):  18.10965506722169 	(dream MDL): 2.7517846186374175
(ID=0):  	4680 cumulative gradient steps. 104.317269 steps/sec
(ID=0):  	42-way auxiliary classification loss 0.022823523466164865
(ID=0):  Epoch 785 Loss 2.3070104519526162
(ID=0):  		(real loss):  0.5294343162985409 	(dream loss): 4.631533090884869
(ID=0):  	vs MDL (w/o neural net) 13.20944757200106
		(real MDL):  18.471901119034076 	(dream MDL): 6.3277775489578865
(ID=0):  	4710 cumulative gradient steps. 104.368425 steps/sec
(ID=0):  	42-way auxiliary classification loss 0.061962007273299
(ID=0):  Epoch 790 Loss 0.8533420920372009
(ID=0):  		(real loss):  0.3643757315242992 	(dream loss): 1.4927596404002264
(ID=0):  	vs MDL (w/o neural net) 11.57783875719635
		(real MDL):  18.317489266692693 	(dream MDL): 2.7644496293934364
(ID=0):  	4740 cumulative gradient steps. 104.411816 steps/sec
(ID=0):  	42-way auxiliary classification loss 0.03172144192891816
(ID=0):  Epoch 795 Loss 1.5857029239336649
(ID=0):  		(real loss):  0.5097821553548177 	(dream loss): 2.302983436319563
(ID=0):  	vs MDL (w/o neural net) 9.32480084888876
		(real MDL):  18.51139531847837 	(dream MDL): 3.200404535829014
(ID=0):  	4770 cumulative gradient steps. 104.476995 steps/sec
(ID=0):  	42-way auxiliary classification loss 0.043488047240922846
(ID=0):  Epoch 800 Loss 0.5476825118064881
(ID=0):  		(real loss):  0.5144607226053873 	(dream loss): 0.5698303712738885
(ID=0):  	vs MDL (w/o neural net) 8.538719343033142
		(real MDL):  18.684682113618358 	(dream MDL): 1.7747441626429956
(ID=0):  	4800 cumulative gradient steps. 104.537522 steps/sec
(ID=0):  	42-way auxiliary classification loss 0.022726950266708932
(ID=0):  Epoch 805 Loss 0.41717005570729576
(ID=0):  		(real loss):  0.7379086017608643 	(dream loss): 0.050611717360360284
(ID=0):  	vs MDL (w/o neural net) 10.76575359163474
		(real MDL):  18.97278041833523 	(dream MDL): 1.3862943611198906
(ID=0):  	4830 cumulative gradient steps. 104.580862 steps/sec
(ID=0):  	42-way auxiliary classification loss 0.0087720943071569
(ID=0):  Epoch 810 Loss 0.31513357957204186
(ID=0):  		(real loss):  0.5303607267491958 	(dream loss): 0.03368269480191744
(ID=0):  	vs MDL (w/o neural net) 11.643477120477817
		(real MDL):  19.48720511292799 	(dream MDL): 1.3862943611198906
(ID=0):  	4860 cumulative gradient steps. 104.618288 steps/sec
(ID=0):  	42-way auxiliary classification loss 0.007326970451201001
(ID=0):  Epoch 815 Loss 0.5929530779520671
(ID=0):  		(real loss):  0.5967765808105469 	(dream loss): 0.5891295750935872
(ID=0):  	vs MDL (w/o neural net) 9.916054543224869
		(real MDL):  17.97967496350212 	(dream MDL): 1.8524341229476167
(ID=0):  	4890 cumulative gradient steps. 104.673647 steps/sec
(ID=0):  	42-way auxiliary classification loss 0.018881618340189258
(ID=0):  Epoch 820 Loss 0.9282593806584676
(ID=0):  		(real loss):  0.2213592529296875 	(dream loss): 1.7361452409199305
(ID=0):  	vs MDL (w/o neural net) 10.68949847843699
		(real MDL):  17.605427398518966 	(dream MDL): 2.785579712629016
(ID=0):  	4920 cumulative gradient steps. 104.722154 steps/sec
(ID=0):  	42-way auxiliary classification loss 0.020970646540323892
(ID=0):  Epoch 825 Loss 0.40067230065663656
(ID=0):  		(real loss):  0.5356739362080892 	(dream loss): 0.31067121028900146
(ID=0):  	vs MDL (w/o neural net) 8.231415169648743
		(real MDL):  17.74313488501738 	(dream MDL): 1.8902686927363195
(ID=0):  	4950 cumulative gradient steps. 104.776906 steps/sec
(ID=0):  	42-way auxiliary classification loss 0.014566689279551308
(ID=0):  Epoch 830 Loss 1.5699651956558227
(ID=0):  		(real loss):  0.44322422572544645 	(dream loss): 2.555863544344902
(ID=0):  	vs MDL (w/o neural net) 10.438164605917388
		(real MDL):  17.864652109386 	(dream MDL): 3.939988040382348
(ID=0):  	4980 cumulative gradient steps. 104.823331 steps/sec
(ID=0):  	42-way auxiliary classification loss 0.04446526713048418
(ID=0):  Epoch 835 Loss 0.8574565013249715
(ID=0):  		(real loss):  0.6333682196480888 	(dream loss): 1.053533747792244
(ID=0):  	vs MDL (w/o neural net) 10.32271873582568
		(real MDL):  19.136489812551734 	(dream MDL): 2.6106690436903763
(ID=0):  	5010 cumulative gradient steps. 104.862180 steps/sec
(ID=0):  	42-way auxiliary classification loss 0.029376118319729964
Sampling new helmholtz frontiers during training.
Sampling 500 programs from the prior on 32 CPUs...


Got 498/500 valid samples.
We now have 498 Helmholtz entries.
(ID=0):  Epoch 840 Loss 0.320631210009257
(ID=0):  		(real loss):  0.453155517578125 	(dream loss): 0.05558259487152099
(ID=0):  	vs MDL (w/o neural net) 12.228568020759372
		(real MDL):  17.64970485057911 	(dream MDL): 1.3862943611198906
(ID=0):  	5040 cumulative gradient steps. 103.145575 steps/sec
(ID=0):  	42-way auxiliary classification loss 0.007141684445862969
(ID=0):  Epoch 845 Loss 2.6740075747172036
(ID=0):  		(real loss):  0.6320856639317104 	(dream loss): 4.4606892466545105
(ID=0):  	vs MDL (w/o neural net) 11.446481397387016
		(real MDL):  18.265066542692857 	(dream MDL): 5.480219395244403
(ID=0):  	5070 cumulative gradient steps. 103.212874 steps/sec
(ID=0):  	42-way auxiliary classification loss 0.10335564700265726
(ID=0):  Epoch 850 Loss 1.550102694829305
(ID=0):  		(real loss):  0.5576211214065552 	(dream loss): 2.6843673501695906
(ID=0):  	vs MDL (w/o neural net) 11.68940996410424
		(real MDL):  18.75238288554672 	(dream MDL): 3.6174409110271175
(ID=0):  	5100 cumulative gradient steps. 103.297588 steps/sec
(ID=0):  	42-way auxiliary classification loss 0.04316819333471358
(ID=0):  Epoch 855 Loss 0.9214530467987061
(ID=0):  		(real loss):  0.4768848419189453 	(dream loss): 1.689343582500111
(ID=0):  	vs MDL (w/o neural net) 13.129396455621109
		(real MDL):  18.860500715506674 	(dream MDL): 3.230216370364228
(ID=0):  	5130 cumulative gradient steps. 103.365506 steps/sec
(ID=0):  	42-way auxiliary classification loss 0.02216044516923527
(ID=0):  Epoch 860 Loss 0.3234252611796061
(ID=0):  		(real loss):  0.4556879043579102 	(dream loss): 0.058899974822998045
(ID=0):  	vs MDL (w/o neural net) 12.397242758031778
		(real MDL):  17.902716956487723 	(dream MDL): 1.3862943611198906
(ID=0):  	5160 cumulative gradient steps. 103.452747 steps/sec
(ID=0):  	42-way auxiliary classification loss 0.0071396276044348875
(ID=0):  Epoch 865 Loss 0.6211807012557984
(ID=0):  		(real loss):  0.22314313252766926 	(dream loss): 1.0192182699839274
(ID=0):  	vs MDL (w/o neural net) 10.036498647732733
		(real MDL):  17.708213598652794 	(dream MDL): 2.364783696812671
(ID=0):  	5190 cumulative gradient steps. 103.538034 steps/sec
(ID=0):  	42-way auxiliary classification loss 0.022264215148364505
(ID=0):  Epoch 870 Loss 0.3368335525194804
(ID=0):  		(real loss):  0.5257167816162109 	(dream loss): 0.08983240677760197
(ID=0):  	vs MDL (w/o neural net) 11.16749820982101
		(real MDL):  18.647242329415985 	(dream MDL): 1.3862943611198906
(ID=0):  	5220 cumulative gradient steps. 103.611353 steps/sec
(ID=0):  	42-way auxiliary classification loss 0.010035016403223077
(ID=0):  Epoch 875 Loss 0.9838264505068461
(ID=0):  		(real loss):  0.21894162495930988 	(dream loss): 1.7487112760543824
(ID=0):  	vs MDL (w/o neural net) 10.676232721247407
		(real MDL):  18.521541983854416 	(dream MDL): 2.8309234586403966
(ID=0):  	5250 cumulative gradient steps. 103.672213 steps/sec
(ID=0):  	42-way auxiliary classification loss 0.0356245837562407
(ID=0):  Epoch 880 Loss 0.3359681487083435
(ID=0):  		(real loss):  0.47192412928531047 	(dream loss): 0.10113509134812788
(ID=0):  	vs MDL (w/o neural net) 11.947267507080962
		(real MDL):  18.06151511790053 	(dream MDL): 1.3862943611198906
(ID=0):  	5280 cumulative gradient steps. 103.742479 steps/sec
(ID=0):  	42-way auxiliary classification loss 0.00754786158601443
(ID=0):  Epoch 885 Loss 2.316869008541107
(ID=0):  		(real loss):  0.6277848652430943 	(dream loss): 3.7948176339268684
(ID=0):  	vs MDL (w/o neural net) 10.898558298375196
		(real MDL):  17.75508913841771 	(dream MDL): 4.89909381333799
(ID=0):  	5310 cumulative gradient steps. 103.815879 steps/sec
(ID=0):  	42-way auxiliary classification loss 0.07047883802248786
(ID=0):  Epoch 890 Loss 0.3257718006769816
(ID=0):  		(real loss):  0.556501030921936 	(dream loss): 0.06208125182560512
(ID=0):  	vs MDL (w/o neural net) 10.310858766269385
		(real MDL):  18.11985262077519 	(dream MDL): 1.3862943611198906
(ID=0):  	5340 cumulative gradient steps. 103.879616 steps/sec
(ID=0):  	42-way auxiliary classification loss 0.007632759803285202
(ID=0):  Epoch 895 Loss 0.5431419452031453
(ID=0):  		(real loss):  0.3435482449001736 	(dream loss): 0.8425324956576029
(ID=0):  	vs MDL (w/o neural net) 11.803968242968455
		(real MDL):  18.142199605304153 	(dream MDL): 2.2966211994649086
(ID=0):  	5370 cumulative gradient steps. 103.942949 steps/sec
(ID=0):  	42-way auxiliary classification loss 0.02288098766002804
(ID=0):  Epoch 900 Loss 0.6791622956593831
(ID=0):  		(real loss):  0.3458987341986762 	(dream loss): 1.1790576378504436
(ID=0):  	vs MDL (w/o neural net) 11.49666406958406
		(real MDL):  17.630025982996827 	(dream MDL): 2.2966211994649086
(ID=0):  	5400 cumulative gradient steps. 104.004697 steps/sec
(ID=0):  	42-way auxiliary classification loss 0.023701905009026327
(ID=0):  Epoch 905 Loss 0.6248643477757772
(ID=0):  		(real loss):  0.21910680135091146 	(dream loss): 1.0306218942006429
(ID=0):  	vs MDL (w/o neural net) 10.344769072346237
		(real MDL):  18.184192509309593 	(dream MDL): 2.5053456353828776
(ID=0):  	5430 cumulative gradient steps. 104.060818 steps/sec
(ID=0):  	42-way auxiliary classification loss 0.017349583826338253
(ID=0):  Epoch 910 Loss 0.6031166553497315
(ID=0):  		(real loss):  0.5235879561480354 	(dream loss): 0.7071157235365647
(ID=0):  	vs MDL (w/o neural net) 11.370522789574455
		(real MDL):  18.594221209721123 	(dream MDL): 1.9241479324595745
(ID=0):  	5460 cumulative gradient steps. 104.110923 steps/sec
(ID=0):  	42-way auxiliary classification loss 0.019647374485308924
(ID=0):  Epoch 915 Loss 0.407964825630188
(ID=0):  		(real loss):  0.7256791591644287 	(dream loss): 0.04486273016248431
(ID=0):  	vs MDL (w/o neural net) 10.597078854362334
		(real MDL):  18.656515285949467 	(dream MDL): 1.3862943611198906
(ID=0):  	5490 cumulative gradient steps. 104.177366 steps/sec
(ID=0):  	42-way auxiliary classification loss 0.007010466721840203
(ID=0):  Epoch 920 Loss 0.4025371233622233
(ID=0):  		(real loss):  0.6150267751593339 	(dream loss): 0.03550954298539595
(ID=0):  	vs MDL (w/o neural net) 12.47147705050231
		(real MDL):  18.88921439698687 	(dream MDL): 1.3862943611198906
(ID=0):  	5520 cumulative gradient steps. 104.217201 steps/sec
(ID=0):  	42-way auxiliary classification loss 0.005893734772689641
(ID=0):  Epoch 925 Loss 0.606228502591451
(ID=0):  		(real loss):  0.35748952977797566 	(dream loss): 0.9315025439629188
(ID=0):  	vs MDL (w/o neural net) 11.612803632771307
		(real MDL):  18.790491778143547 	(dream MDL): 2.2265960580537536
(ID=0):  	5550 cumulative gradient steps. 104.261383 steps/sec
(ID=0):  	42-way auxiliary classification loss 0.0220313826110214
(ID=0):  Epoch 930 Loss 1.8745182116826375
(ID=0):  		(real loss):  0.49364280700683594 	(dream loss): 2.7951018147998385
(ID=0):  	vs MDL (w/o neural net) 9.852625650812522
		(real MDL):  19.106368956799376 	(dream MDL): 3.6834634468212823
(ID=0):  	5580 cumulative gradient steps. 104.318069 steps/sec
(ID=0):  	42-way auxiliary classification loss 0.05822164926212281
(ID=0):  Epoch 935 Loss 0.6784772356351216
(ID=0):  		(real loss):  0.495913028717041 	(dream loss): 0.8001867069138421
(ID=0):  	vs MDL (w/o neural net) 8.801834525107422
		(real MDL):  18.58650857137942 	(dream MDL): 2.2787184942594245
(ID=0):  	5610 cumulative gradient steps. 104.372641 steps/sec
(ID=0):  	42-way auxiliary classification loss 0.026396871668597062
(ID=0):  Epoch 940 Loss 0.820004940032959
(ID=0):  		(real loss):  0.45857561551607573 	(dream loss): 1.0963920705458696
(ID=0):  	vs MDL (w/o neural net) 9.598383366338208
		(real MDL):  19.10160480419973 	(dream MDL): 2.3312140315029257
(ID=0):  	5640 cumulative gradient steps. 104.417829 steps/sec
(ID=0):  	42-way auxiliary classification loss 0.02632775865495205
(ID=0):  Epoch 945 Loss 1.2478148539861043
(ID=0):  		(real loss):  0.3775564432144165 	(dream loss): 2.242395894868033
(ID=0):  	vs MDL (w/o neural net) 11.103454284314743
		(real MDL):  17.50955979892171 	(dream MDL): 3.78219083904963
(ID=0):  	5670 cumulative gradient steps. 104.470375 steps/sec
(ID=0):  	42-way auxiliary classification loss 0.02341004789341241
(ID=0):  Epoch 950 Loss 0.22461432615915936
(ID=0):  		(real loss):  0.33967410193549263 	(dream loss): 0.052024662494659424
(ID=0):  	vs MDL (w/o neural net) 11.638557546063277
		(real MDL):  18.47339966935887 	(dream MDL): 1.3862943611198906
(ID=0):  	5700 cumulative gradient steps. 104.510218 steps/sec
(ID=0):  	42-way auxiliary classification loss 0.007472848527443906
(ID=0):  Epoch 955 Loss 0.12671098709106446
(ID=0):  		(real loss):  0.28221251747824927 	(dream loss): 0.03668378528795744
(ID=0):  	vs MDL (w/o neural net) 7.391555270067952
		(real MDL):  17.764278658250966 	(dream MDL): 1.3862943611198906
(ID=0):  	5730 cumulative gradient steps. 104.575568 steps/sec
(ID=0):  	42-way auxiliary classification loss 0.006635236895332733
(ID=0):  Epoch 960 Loss 0.30673980712890625
(ID=0):  		(real loss):  0.5501943826675415 	(dream loss): 0.028506006513323103
(ID=0):  	vs MDL (w/o neural net) 10.479533503541793
		(real MDL):  18.436117753160957 	(dream MDL): 1.3862943611198906
(ID=0):  	5760 cumulative gradient steps. 104.625748 steps/sec
(ID=0):  	42-way auxiliary classification loss 0.006180276054268082
(ID=0):  Epoch 965 Loss 0.5445877949396769
(ID=0):  		(real loss):  0.20380008220672607 	(dream loss): 0.9340594666344779
(ID=0):  	vs MDL (w/o neural net) 10.69441805285153
		(real MDL):  17.791727434549745 	(dream MDL): 2.583207330910715
(ID=0):  	5790 cumulative gradient steps. 104.667536 steps/sec
(ID=0):  	42-way auxiliary classification loss 0.01968968688355138
(ID=0):  Epoch 970 Loss 0.7087784131368001
(ID=0):  		(real loss):  0.457881340613732 	(dream loss): 0.9006408803603229
(ID=0):  	vs MDL (w/o neural net) 9.006879925588082
		(real MDL):  18.00319193345326 	(dream MDL): 2.127347213691177
(ID=0):  	5820 cumulative gradient steps. 104.705080 steps/sec
(ID=0):  	42-way auxiliary classification loss 0.026785550615750255
(ID=0):  Epoch 975 Loss 0.12370280424753825
(ID=0):  		(real loss):  0.1971279593075023 	(dream loss): 0.02768529378450834
(ID=0):  	vs MDL (w/o neural net) 10.625103334795536
		(real MDL):  17.690074902900438 	(dream MDL): 1.3862943611198906
(ID=0):  	5850 cumulative gradient steps. 104.742755 steps/sec
(ID=0):  	42-way auxiliary classification loss 0.005980222695507109
(ID=0):  Epoch 980 Loss 2.724142344792684
(ID=0):  		(real loss):  0.7723581949869792 	(dream loss): 4.6759264945983885
(ID=0):  	vs MDL (w/o neural net) 12.243226412130081
		(real MDL):  18.630653973479163 	(dream MDL): 5.855798850781
(ID=0):  	5880 cumulative gradient steps. 104.772571 steps/sec
(ID=0):  	42-way auxiliary classification loss 0.09957890188476691
(ID=0):  Epoch 985 Loss 0.3997658093770345
(ID=0):  		(real loss):  0.264189879099528 	(dream loss): 0.49014976289537215
(ID=0):  	vs MDL (w/o neural net) 8.312589857261033
		(real MDL):  18.119358399188084 	(dream MDL): 1.7747441626429956
(ID=0):  	5910 cumulative gradient steps. 104.815922 steps/sec
(ID=0):  	42-way auxiliary classification loss 0.013932124455459416
(ID=0):  Epoch 990 Loss 0.9673937479654948
(ID=0):  		(real loss):  0.3567986207849839 	(dream loss): 1.765864298893855
(ID=0):  	vs MDL (w/o neural net) 11.21848109117268
		(real MDL):  17.84448675524183 	(dream MDL): 2.5537044535437916
(ID=0):  	5940 cumulative gradient steps. 104.844641 steps/sec
(ID=0):  	42-way auxiliary classification loss 0.03162343991765131
(ID=0):  Epoch 995 Loss 2.1776464303334553
(ID=0):  		(real loss):  0.6743284372182993 	(dream loss): 3.327242542715634
(ID=0):  	vs MDL (w/o neural net) 10.661385679734789
		(real MDL):  18.59436451868217 	(dream MDL): 4.594990097010322
(ID=0):  	5970 cumulative gradient steps. 104.886710 steps/sec
(ID=0):  	42-way auxiliary classification loss 0.04696166329085827
(ID=0):  Epoch 1000 Loss 0.6863508145014445
(ID=0):  		(real loss):  0.7828240712483724 	(dream loss): 0.5898775577545166
(ID=0):  	vs MDL (w/o neural net) 10.578893522758205
		(real MDL):  19.305352922568794 	(dream MDL): 1.8524341229476167
(ID=0):  	6000 cumulative gradient steps. 104.919339 steps/sec
(ID=0):  	42-way auxiliary classification loss 0.01632685064493368
(ID=0):  Epoch 1005 Loss 2.0101440072059633
(ID=0):  		(real loss):  0.5472006364302202 	(dream loss): 2.857111221865604
(ID=0):  	vs MDL (w/o neural net) 9.20797200288331
		(real MDL):  17.624834877018596 	(dream MDL): 4.335051391541828
(ID=0):  	6030 cumulative gradient steps. 104.959269 steps/sec
(ID=0):  	42-way auxiliary classification loss 0.06588149258556465
Sampling new helmholtz frontiers during training.
Sampling 500 programs from the prior on 32 CPUs...


Got 498/500 valid samples.
We now have 498 Helmholtz entries.
(ID=0):  Epoch 1010 Loss 1.8421908974647523
(ID=0):  		(real loss):  0.21153056621551514 	(dream loss): 3.705802704606737
(ID=0):  	vs MDL (w/o neural net) 11.83578461844207
		(real MDL):  17.735392494873956 	(dream MDL): 5.093375616805626
(ID=0):  	6060 cumulative gradient steps. 103.665909 steps/sec
(ID=0):  	42-way auxiliary classification loss 0.07516473142895848
(ID=0):  Epoch 1015 Loss 1.4948049545288087
(ID=0):  		(real loss):  0.7229488690694174 	(dream loss): 2.0093756781684027
(ID=0):  	vs MDL (w/o neural net) 9.496124593434471
		(real MDL):  18.631971900389733 	(dream MDL): 3.405559722130963
(ID=0):  	6090 cumulative gradient steps. 103.736100 steps/sec
(ID=0):  	42-way auxiliary classification loss 0.04676279874984175
(ID=0):  Epoch 1020 Loss 0.4828766942024231
(ID=0):  		(real loss):  0.02946332295735677 	(dream loss): 0.9362900654474894
(ID=0):  	vs MDL (w/o neural net) 9.948998598072615
		(real MDL):  17.53321349933255 	(dream MDL): 2.3647836968126716
(ID=0):  	6120 cumulative gradient steps. 103.810174 steps/sec
(ID=0):  	42-way auxiliary classification loss 0.018209141811045507
(ID=0):  Epoch 1025 Loss 2.3384596586227415
(ID=0):  		(real loss):  0.7900881333784624 	(dream loss): 3.2348852785010087
(ID=0):  	vs MDL (w/o neural net) 9.353602930409163
		(real MDL):  18.323493386834578 	(dream MDL): 4.160508455636554
(ID=0):  	6150 cumulative gradient steps. 103.884870 steps/sec
(ID=0):  	42-way auxiliary classification loss 0.07196992683845262
(ID=0):  Epoch 1030 Loss 2.156855126221975
(ID=0):  		(real loss):  0.23418780735560826 	(dream loss): 3.8391890302300453
(ID=0):  	vs MDL (w/o neural net) 10.694567467392641
		(real MDL):  17.464237676079144 	(dream MDL): 4.771106034791949
(ID=0):  	6180 cumulative gradient steps. 103.942518 steps/sec
(ID=0):  	42-way auxiliary classification loss 0.0652632074120144
(ID=0):  Epoch 1035 Loss 1.2699478626251222
(ID=0):  		(real loss):  0.5884652455647786 	(dream loss): 1.9514304796854656
(ID=0):  	vs MDL (w/o neural net) 11.338105449551636
		(real MDL):  19.606331733905357 	(dream MDL): 3.0698791651979085
(ID=0):  	6210 cumulative gradient steps. 104.002474 steps/sec
(ID=0):  	42-way auxiliary classification loss 0.029592036595568062
(ID=0):  Epoch 1040 Loss 0.8502864917119344
(ID=0):  		(real loss):  0.6417702266148159 	(dream loss): 1.0327382236719131
(ID=0):  	vs MDL (w/o neural net) 10.207194205732353
		(real MDL):  19.285021351243152 	(dream MDL): 2.264095453410403
(ID=0):  	6240 cumulative gradient steps. 104.066124 steps/sec
(ID=0):  	42-way auxiliary classification loss 0.027317768397430577
(ID=0):  Epoch 1045 Loss 0.4263938268025716
(ID=0):  		(real loss):  0.7440015077590942 	(dream loss): 0.06341361999511719
(ID=0):  	vs MDL (w/o neural net) 10.666393572418325
		(real MDL):  18.786480382304454 	(dream MDL): 1.3862943611198906
(ID=0):  	6270 cumulative gradient steps. 104.131178 steps/sec
(ID=0):  	42-way auxiliary classification loss 0.010689852099555234
(ID=0):  Epoch 1050 Loss 0.3180210828781128
(ID=0):  		(real loss):  0.6382793698992048 	(dream loss): 0.03779508173465729
(ID=0):  	vs MDL (w/o neural net) 9.401684148632597
		(real MDL):  18.56212962007569 	(dream MDL): 1.3862943611198906
(ID=0):  	6300 cumulative gradient steps. 104.197663 steps/sec
(ID=0):  	42-way auxiliary classification loss 0.009115144649210075
(ID=0):  Epoch 1055 Loss 0.40265997250874835
(ID=0):  		(real loss):  0.778906504313151 	(dream loss): 0.026413440704345703
(ID=0):  	vs MDL (w/o neural net) 10.077788885355522
		(real MDL):  18.76928340959115 	(dream MDL): 1.3862943611198906
(ID=0):  	6330 cumulative gradient steps. 104.268138 steps/sec
(ID=0):  	42-way auxiliary classification loss 0.008067735952014725
(ID=0):  Epoch 1060 Loss 1.879717755317688
(ID=0):  		(real loss):  0.3879810571670532 	(dream loss): 3.5845596960612705
(ID=0):  	vs MDL (w/o neural net) 11.772956690578926
		(real MDL):  17.639524895276704 	(dream MDL): 5.0683073137814745
(ID=0):  	6360 cumulative gradient steps. 104.323972 steps/sec
(ID=0):  	42-way auxiliary classification loss 0.0523344438135003
(ID=0):  Epoch 1065 Loss 2.389597471555074
(ID=0):  		(real loss):  0.647711541917589 	(dream loss): 5.002426366011302
(ID=0):  	vs MDL (w/o neural net) 13.675467685421113
		(real MDL):  19.04619106367994 	(dream MDL): 5.619382618032865
(ID=0):  	6390 cumulative gradient steps. 104.358549 steps/sec
(ID=0):  	42-way auxiliary classification loss 0.05132978269830346
(ID=0):  Epoch 1070 Loss 1.0485549608866374
(ID=0):  		(real loss):  0.8698736190795898 	(dream loss): 1.1378956317901612
(ID=0):  	vs MDL (w/o neural net) 7.6352419008980945
		(real MDL):  18.34153513169889 	(dream MDL): 2.282095285497694
(ID=0):  	6420 cumulative gradient steps. 104.406577 steps/sec
(ID=0):  	42-way auxiliary classification loss 0.03590967303607613
(ID=0):  Epoch 1075 Loss 0.333929439385732
(ID=0):  		(real loss):  0.33937115139431423 	(dream loss): 0.3315972770963396
(ID=0):  	vs MDL (w/o neural net) 6.884125270617436
		(real MDL):  18.704448729545515 	(dream MDL): 1.8182723596482577
(ID=0):  	6450 cumulative gradient steps. 104.463706 steps/sec
(ID=0):  	42-way auxiliary classification loss 0.01755296466872096
(ID=0):  Epoch 1080 Loss 0.7430851419766744
(ID=0):  		(real loss):  0.5530445575714111 	(dream loss): 0.9602743812969753
(ID=0):  	vs MDL (w/o neural net) 11.207733877945694
		(real MDL):  18.75238288554672 	(dream MDL): 2.5852778692588045
(ID=0):  	6480 cumulative gradient steps. 104.512841 steps/sec
(ID=0):  	42-way auxiliary classification loss 0.015710382310984036
(ID=0):  Epoch 1085 Loss 1.157374652226766
(ID=0):  		(real loss):  0.6696683443509616 	(dream loss): 1.530326534720028
(ID=0):  	vs MDL (w/o neural net) 10.158963572967812
		(real MDL):  19.532820347760964 	(dream MDL): 2.990720156949514
(ID=0):  	6510 cumulative gradient steps. 104.557251 steps/sec
(ID=0):  	42-way auxiliary classification loss 0.03101625944642971
(ID=0):  Epoch 1090 Loss 0.678523043791453
(ID=0):  		(real loss):  0.5873331705729167 	(dream loss): 0.7697129170099895
(ID=0):  	vs MDL (w/o neural net) 10.285104852977414
		(real MDL):  18.455653874158923 	(dream MDL): 2.1145558317959052
(ID=0):  	6540 cumulative gradient steps. 104.594182 steps/sec
(ID=0):  	42-way auxiliary classification loss 0.023809058816793065
(ID=0):  Epoch 1095 Loss 0.2241151014963786
(ID=0):  		(real loss):  0.3230460317511308 	(dream loss): 0.053234403783624824
(ID=0):  	vs MDL (w/o neural net) 11.79045273936485
		(real MDL):  17.81391285308562 	(dream MDL): 1.3862943611198906
(ID=0):  	6570 cumulative gradient steps. 104.633606 steps/sec
(ID=0):  	42-way auxiliary classification loss 0.007521324744448066
(ID=0):  Epoch 1100 Loss 0.3151294628779093
(ID=0):  		(real loss):  0.5865767161051433 	(dream loss): 0.04368220965067546
(ID=0):  	vs MDL (w/o neural net) 9.682984662311005
		(real MDL):  17.97967496350212 	(dream MDL): 1.3862943611198906
(ID=0):  	6600 cumulative gradient steps. 104.689537 steps/sec
(ID=0):  	42-way auxiliary classification loss 0.007515402068383992
(ID=0):  Epoch 1105 Loss 0.032803634802500405
(ID=0):  		(real loss):  0.03015721638997396 	(dream loss): 0.03545005321502685
(ID=0):  	vs MDL (w/o neural net) 9.429708629065805
		(real MDL):  17.473122897011717 	(dream MDL): 1.3862943611198906
(ID=0):  	6630 cumulative gradient steps. 104.740083 steps/sec
(ID=0):  	42-way auxiliary classification loss 0.008018944288293521
(ID=0):  Epoch 1110 Loss 1.2362356821695963
(ID=0):  		(real loss):  0.40144793192545575 	(dream loss): 2.071023432413737
(ID=0):  	vs MDL (w/o neural net) 10.280185278562874
		(real MDL):  17.605954825749052 	(dream MDL): 2.954415731376697
(ID=0):  	6660 cumulative gradient steps. 104.779514 steps/sec
(ID=0):  	42-way auxiliary classification loss 0.04134348471804212
(ID=0):  Epoch 1115 Loss 2.052948069572449
(ID=0):  		(real loss):  0.7237378358840942 	(dream loss): 3.572045479501997
(ID=0):  	vs MDL (w/o neural net) 12.660330718109178
		(real MDL):  19.23271061104521 	(dream MDL): 5.149039411896566
(ID=0):  	6690 cumulative gradient steps. 104.809189 steps/sec
(ID=0):  	42-way auxiliary classification loss 0.06220087496719013
(ID=0):  Epoch 1120 Loss 0.9682100454966227
(ID=0):  		(real loss):  0.5590710639953613 	(dream loss): 1.4357974529266357
(ID=0):  	vs MDL (w/o neural net) 11.017008804152727
		(real MDL):  18.176187560450977 	(dream MDL): 2.8350902255261548
(ID=0):  	6720 cumulative gradient steps. 104.843667 steps/sec
(ID=0):  	42-way auxiliary classification loss 0.020262312702834608
(ID=0):  Epoch 1125 Loss 0.6459970792134603
(ID=0):  		(real loss):  0.6865614722756779 	(dream loss): 0.5929513344397912
(ID=0):  	vs MDL (w/o neural net) 11.458022839234571
		(real MDL):  18.626312971375462 	(dream MDL): 2.084104974127254
(ID=0):  	6750 cumulative gradient steps. 104.891283 steps/sec
(ID=0):  	42-way auxiliary classification loss 0.015710020329182346
(ID=0):  Epoch 1130 Loss 1.532927974065145
(ID=0):  		(real loss):  0.588448429107666 	(dream loss): 3.4218870639801025
(ID=0):  	vs MDL (w/o neural net) 13.581743745434325
		(real MDL):  18.137939108061893 	(dream MDL): 4.469353020179192
(ID=0):  	6780 cumulative gradient steps. 104.918254 steps/sec
(ID=0):  	42-way auxiliary classification loss 0.039766258412661654
(ID=0):  Epoch 1135 Loss 0.12459051609039307
(ID=0):  		(real loss):  0.18461100260416666 	(dream loss): 0.034559786319732666
(ID=0):  	vs MDL (w/o neural net) 11.114348002641927
		(real MDL):  17.59971709698995 	(dream MDL): 1.3862943611198906
(ID=0):  	6810 cumulative gradient steps. 104.947529 steps/sec
(ID=0):  	42-way auxiliary classification loss 0.006229130077796677
(ID=0):  Epoch 1140 Loss 2.6404501597086587
(ID=0):  		(real loss):  0.25742705663045246 	(dream loss): 4.2291322284274635
(ID=0):  	vs MDL (w/o neural net) 10.435743673186806
		(real MDL):  18.292645194328074 	(dream MDL): 5.197809325759298
(ID=0):  	6840 cumulative gradient steps. 104.978733 steps/sec
(ID=0):  	42-way auxiliary classification loss 0.07435349489096552
(ID=0):  Epoch 1145 Loss 1.2944801489512126
(ID=0):  		(real loss):  0.8634555816650391 	(dream loss): 1.5099924325942993
(ID=0):  	vs MDL (w/o neural net) 8.116856890784527
		(real MDL):  18.847559343516114 	(dream MDL): 2.7515056644187323
(ID=0):  	6870 cumulative gradient steps. 105.025781 steps/sec
(ID=0):  	42-way auxiliary classification loss 0.024960781858923534
(ID=0):  Epoch 1150 Loss 1.1316706856091818
(ID=0):  		(real loss):  0.6236328397478376 	(dream loss): 1.5762038007378578
(ID=0):  	vs MDL (w/o neural net) 10.102914612101397
		(real MDL):  18.413598081384272 	(dream MDL): 2.8310665764788867
(ID=0):  	6900 cumulative gradient steps. 105.049782 steps/sec
(ID=0):  	42-way auxiliary classification loss 0.037838954206866525
(ID=0):  Epoch 1155 Loss 2.678112347920736
(ID=0):  		(real loss):  0.026081965519831732 	(dream loss): 4.706135581521427
(ID=0):  	vs MDL (w/o neural net) 10.950964778742302
		(real MDL):  17.530010240036358 	(dream MDL): 5.91993001422332
(ID=0):  	6930 cumulative gradient steps. 105.070909 steps/sec
(ID=0):  	42-way auxiliary classification loss 0.08184285894967616
(ID=0):  Epoch 1160 Loss 0.5273630817731222
(ID=0):  		(real loss):  0.28226973793723364 	(dream loss): 0.669259228204426
(ID=0):  	vs MDL (w/o neural net) 8.07951997634717
		(real MDL):  18.3062423994314 	(dream MDL): 2.15878594192998
(ID=0):  	6960 cumulative gradient steps. 105.102333 steps/sec
(ID=0):  	42-way auxiliary classification loss 0.023618788124683
(ID=0):  Epoch 1165 Loss 1.2058591365814209
(ID=0):  		(real loss):  0.37562310695648193 	(dream loss): 2.154700313295637
(ID=0):  	vs MDL (w/o neural net) 11.539197526846861
		(real MDL):  18.718285388788985 	(dream MDL): 3.3345256846272906
(ID=0):  	6990 cumulative gradient steps. 105.120185 steps/sec
(ID=0):  	42-way auxiliary classification loss 0.026572381216101348
Sampling new helmholtz frontiers during training.
Sampling 500 programs from the prior on 32 CPUs...


Got 498/500 valid samples.
We now have 498 Helmholtz entries.
(ID=0):  Epoch 1170 Loss 0.536414623260498
(ID=0):  		(real loss):  0.4051185607910156 	(dream loss): 0.6677106857299805
(ID=0):  	vs MDL (w/o neural net) 9.897869211620742
		(real MDL):  17.943304300293867 	(dream MDL): 1.8524341229476167
(ID=0):  	7020 cumulative gradient steps. 103.970473 steps/sec
(ID=0):  	42-way auxiliary classification loss 0.01765767247028028
(ID=0):  Epoch 1175 Loss 0.38994208971659344
(ID=0):  		(real loss):  0.2869720458984375 	(dream loss): 0.44955632561131526
(ID=0):  	vs MDL (w/o neural net) 7.248006259541425
		(real MDL):  16.7371362270499 	(dream MDL): 1.7542994362470425
(ID=0):  	7050 cumulative gradient steps. 104.029442 steps/sec
(ID=0):  	42-way auxiliary classification loss 0.019699355121701956
(ID=0):  Epoch 1180 Loss 0.5447017232577006
(ID=0):  		(real loss):  0.4528697087214543 	(dream loss): 0.6149262049618889
(ID=0):  	vs MDL (w/o neural net) 9.55313980552999
		(real MDL):  19.261561845867412 	(dream MDL): 2.129052362919016
(ID=0):  	7080 cumulative gradient steps. 104.085765 steps/sec
(ID=0):  	42-way auxiliary classification loss 0.015307126535723607
(ID=0):  Epoch 1185 Loss 0.6192832152048747
(ID=0):  		(real loss):  0.2875080108642578 	(dream loss): 0.8113635966652318
(ID=0):  	vs MDL (w/o neural net) 8.010205258291176
		(real MDL):  18.3062423994314 	(dream MDL): 2.0493416502626203
(ID=0):  	7110 cumulative gradient steps. 104.137114 steps/sec
(ID=0):  	42-way auxiliary classification loss 0.025808642257470638
(ID=0):  Epoch 1190 Loss 1.5621683994928997
(ID=0):  		(real loss):  0.7230238914489746 	(dream loss): 2.5211906944002425
(ID=0):  	vs MDL (w/o neural net) 11.849498430454965
		(real MDL):  18.97278041833523 	(dream MDL): 3.708604730020371
(ID=0):  	7140 cumulative gradient steps. 104.193800 steps/sec
(ID=0):  	42-way auxiliary classification loss 0.037679662419638285
(ID=0):  Epoch 1195 Loss 1.1496403018633525
(ID=0):  		(real loss):  0.4239248548235212 	(dream loss): 1.7846413180232048
(ID=0):  	vs MDL (w/o neural net) 10.38446487219383
		(real MDL):  18.8846069179363 	(dream MDL): 2.946840582169166
(ID=0):  	7170 cumulative gradient steps. 104.253037 steps/sec
(ID=0):  	42-way auxiliary classification loss 0.03535460031513746
(ID=0):  Epoch 1200 Loss 0.31843317349751793
(ID=0):  		(real loss):  0.46406414634303045 	(dream loss): 0.066888765855269
(ID=0):  	vs MDL (w/o neural net) 12.552651738114601
		(real MDL):  19.017384956374695 	(dream MDL): 1.3862943611198906
(ID=0):  	7200 cumulative gradient steps. 104.303242 steps/sec
(ID=0):  	42-way auxiliary classification loss 0.005880337495667239
(ID=0):  Epoch 1205 Loss 0.7794296026229859
(ID=0):  		(real loss):  0.2230851309640067 	(dream loss): 1.2662310153245926
(ID=0):  	vs MDL (w/o neural net) 9.893199383620223
		(real MDL):  18.335660945938024 	(dream MDL): 2.5060455165921462
(ID=0):  	7230 cumulative gradient steps. 104.345637 steps/sec
(ID=0):  	42-way auxiliary classification loss 0.024942305381409825
(ID=0):  Epoch 1210 Loss 1.175351083278656
(ID=0):  		(real loss):  0.6789708978989545 	(dream loss): 1.8244636333905733
(ID=0):  	vs MDL (w/o neural net) 11.752838856516586
		(real MDL):  18.259352699314316 	(dream MDL): 3.244320754396476
(ID=0):  	7260 cumulative gradient steps. 104.395053 steps/sec
(ID=0):  	42-way auxiliary classification loss 0.02592641069398572
(ID=0):  Epoch 1215 Loss 0.7375538587570191
(ID=0):  		(real loss):  0.18647552939022288 	(dream loss): 1.4581947510059063
(ID=0):  	vs MDL (w/o neural net) 11.684767358100604
		(real MDL):  18.28539750503835 	(dream MDL): 3.0531740890281673
(ID=0):  	7290 cumulative gradient steps. 104.436984 steps/sec
(ID=0):  	42-way auxiliary classification loss 0.028115733720672626
(ID=0):  Epoch 1220 Loss 0.686463592449824
(ID=0):  		(real loss):  0.8792024759145883 	(dream loss): 0.5390750345061807
(ID=0):  	vs MDL (w/o neural net) 9.21289157729785
		(real MDL):  18.476373626870163 	(dream MDL): 2.1290523629190155
(ID=0):  	7320 cumulative gradient steps. 104.476191 steps/sec
(ID=0):  	42-way auxiliary classification loss 0.017117657815106213
(ID=0):  Epoch 1225 Loss 0.40765511989593506
(ID=0):  		(real loss):  0.7679466247558594 	(dream loss): 0.04736361503601074
(ID=0):  	vs MDL (w/o neural net) 9.839799430027117
		(real MDL):  18.293304498934347 	(dream MDL): 1.3862943611198906
(ID=0):  	7350 cumulative gradient steps. 104.514888 steps/sec
(ID=0):  	42-way auxiliary classification loss 0.006353173878354331
(ID=0):  Epoch 1230 Loss 0.7463440736134846
(ID=0):  		(real loss):  0.8775766812838041 	(dream loss): 0.6459897265714758
(ID=0):  	vs MDL (w/o neural net) 9.225440829672346
		(real MDL):  18.636330668537845 	(dream MDL): 2.028878011716374
(ID=0):  	7380 cumulative gradient steps. 104.569403 steps/sec
(ID=0):  	42-way auxiliary classification loss 0.022210111228438714
(ID=0):  Epoch 1235 Loss 2.250152508417765
(ID=0):  		(real loss):  0.578197987874349 	(dream loss): 3.9221070289611815
(ID=0):  	vs MDL (w/o neural net) 11.825768833074992
		(real MDL):  18.256933835726098 	(dream MDL): 5.394603830423892
(ID=0):  	7410 cumulative gradient steps. 104.620457 steps/sec
(ID=0):  	42-way auxiliary classification loss 0.04478485538469006
(ID=0):  Epoch 1240 Loss 0.3053850809733073
(ID=0):  		(real loss):  0.6175836835588727 	(dream loss): 0.0322113037109375
(ID=0):  	vs MDL (w/o neural net) 9.808348341233406
		(real MDL):  19.433552889934568 	(dream MDL): 1.3862943611198906
(ID=0):  	7440 cumulative gradient steps. 104.649393 steps/sec
(ID=0):  	42-way auxiliary classification loss 0.0054602825897745785
(ID=0):  Epoch 1245 Loss 2.121343755722046
(ID=0):  		(real loss):  0.3753476142883301 	(dream loss): 4.116767917360578
(ID=0):  	vs MDL (w/o neural net) 11.899384597266817
		(real MDL):  17.6395248952767 	(dream MDL): 5.339224256684099
(ID=0):  	7470 cumulative gradient steps. 104.692584 steps/sec
(ID=0):  	42-way auxiliary classification loss 0.06395879177531848
(ID=0):  Epoch 1250 Loss 0.633559783299764
(ID=0):  		(real loss):  0.02256933848063151 	(dream loss): 1.040886746512519
(ID=0):  	vs MDL (w/o neural net) 8.797164697106902
		(real MDL):  18.073895070177773 	(dream MDL): 2.6126777817263207
(ID=0):  	7500 cumulative gradient steps. 104.737409 steps/sec
(ID=0):  	42-way auxiliary classification loss 0.03101281514003252
(ID=0):  Epoch 1255 Loss 0.21961915493011475
(ID=0):  		(real loss):  0.3949197133382161 	(dream loss): 0.044318596522013344
(ID=0):  	vs MDL (w/o neural net) 9.664799330706877
		(real MDL):  17.943304300293867 	(dream MDL): 1.3862943611198906
(ID=0):  	7530 cumulative gradient steps. 104.774292 steps/sec
(ID=0):  	42-way auxiliary classification loss 0.006384668386696528
(ID=0):  Epoch 1260 Loss 0.5932257652282715
(ID=0):  		(real loss):  0.5116880080279183 	(dream loss): 0.6998520631056565
(ID=0):  	vs MDL (w/o neural net) 11.539197526846863
		(real MDL):  18.89188251079008 	(dream MDL): 1.9241479324595745
(ID=0):  	7560 cumulative gradient steps. 104.806510 steps/sec
(ID=0):  	42-way auxiliary classification loss 0.0182304351668184
(ID=0):  Epoch 1265 Loss 0.5775004545847575
(ID=0):  		(real loss):  0.7801586497913707 	(dream loss): 0.46017202578092875
(ID=0):  	vs MDL (w/o neural net) 7.829670551462473
		(real MDL):  18.323493386834578 	(dream MDL): 1.7542994362470425
(ID=0):  	7590 cumulative gradient steps. 104.850172 steps/sec
(ID=0):  	42-way auxiliary classification loss 0.016483872011303902
(ID=0):  Epoch 1270 Loss 0.4447378158569336
(ID=0):  		(real loss):  0.4500582768366887 	(dream loss): 0.4406692280488856
(ID=0):  	vs MDL (w/o neural net) 8.988694593983956
		(real MDL):  18.392441327158817 	(dream MDL): 1.797594150967884
(ID=0):  	7620 cumulative gradient steps. 104.887943 steps/sec
(ID=0):  	42-way auxiliary classification loss 0.0159385686662669
(ID=0):  Epoch 1275 Loss 1.2533843119939168
(ID=0):  		(real loss):  0.3152642501027961 	(dream loss): 2.8737735098058526
(ID=0):  	vs MDL (w/o neural net) 12.464624973629556
		(real MDL):  17.657028612217594 	(dream MDL): 3.4959277797047643
(ID=0):  	7650 cumulative gradient steps. 104.916416 steps/sec
(ID=0):  	42-way auxiliary classification loss 0.04009055867015074
(ID=0):  Epoch 1280 Loss 0.4131692171096802
(ID=0):  		(real loss):  0.6409216986762153 	(dream loss): 0.07154049475987752
(ID=0):  	vs MDL (w/o neural net) 11.575568190055114
		(real MDL):  18.36841740934526 	(dream MDL): 1.3862943611198906
(ID=0):  	7680 cumulative gradient steps. 104.952760 steps/sec
(ID=0):  	42-way auxiliary classification loss 0.006588904086189965
(ID=0):  Epoch 1285 Loss 1.0061821023623148
(ID=0):  		(real loss):  0.6155989510672433 	(dream loss): 1.3479423597455025
(ID=0):  	vs MDL (w/o neural net) 10.67825354197462
		(real MDL):  19.7949987555183 	(dream MDL): 2.701101480123896
(ID=0):  	7710 cumulative gradient steps. 104.984933 steps/sec
(ID=0):  	42-way auxiliary classification loss 0.03528035805017377
(ID=0):  Epoch 1290 Loss 0.6261454105377198
(ID=0):  		(real loss):  0.7637070973714193 	(dream loss): 0.4885837237040202
(ID=0):  	vs MDL (w/o neural net) 10.172229330157395
		(real MDL):  18.492024537367172 	(dream MDL): 1.8524341229476164
(ID=0):  	7740 cumulative gradient steps. 105.023828 steps/sec
(ID=0):  	42-way auxiliary classification loss 0.01292628450319171
(ID=0):  Epoch 1295 Loss 0.5884511470794678
(ID=0):  		(real loss):  0.8181303569248745 	(dream loss): 0.38748183846473694
(ID=0):  	vs MDL (w/o neural net) 9.514309925038598
		(real MDL):  18.155503571724562 	(dream MDL): 1.9532654841883734
(ID=0):  	7770 cumulative gradient steps. 105.065588 steps/sec
(ID=0):  	42-way auxiliary classification loss 0.015182431286666543
(ID=0):  Epoch 1300 Loss 1.2606484254201253
(ID=0):  		(real loss):  0.947674560546875 	(dream loss): 1.5736222902933756
(ID=0):  	vs MDL (w/o neural net) 11.19919904502874
		(real MDL):  19.81770249643385 	(dream MDL): 2.5806955936236298
(ID=0):  	7800 cumulative gradient steps. 105.093043 steps/sec
(ID=0):  	42-way auxiliary classification loss 0.023821732948999853
(ID=0):  Epoch 1305 Loss 0.800509246190389
(ID=0):  		(real loss):  0.42351995195661274 	(dream loss): 1.1303748786449432
(ID=0):  	vs MDL (w/o neural net) 9.822580349652103
		(real MDL):  18.01318364807742 	(dream MDL): 2.65580246352995
(ID=0):  	7830 cumulative gradient steps. 105.131933 steps/sec
(ID=0):  	42-way auxiliary classification loss 0.01689513211604208
(ID=0):  Epoch 1310 Loss 1.2482909043629964
(ID=0):  		(real loss):  0.48663997650146484 	(dream loss): 1.7560581896040175
(ID=0):  	vs MDL (w/o neural net) 9.287125869768381
		(real MDL):  18.338108523338384 	(dream MDL): 3.253137434055046
(ID=0):  	7860 cumulative gradient steps. 105.160618 steps/sec
(ID=0):  	42-way auxiliary classification loss 0.03979593304296335
(ID=0):  Epoch 1315 Loss 0.6542234102884928
(ID=0):  		(real loss):  0.6840311686197916 	(dream loss): 0.5846719741821289
(ID=0):  	vs MDL (w/o neural net) 13.939211054041484
		(real MDL):  18.887054495336653 	(dream MDL): 2.3942430243527486
(ID=0):  	7890 cumulative gradient steps. 105.178685 steps/sec
(ID=0):  	42-way auxiliary classification loss 0.011663125983128944
(ID=0):  Epoch 1320 Loss 0.4061990022659302
(ID=0):  		(real loss):  0.638721677992079 	(dream loss): 0.05741498867670695
(ID=0):  	vs MDL (w/o neural net) 11.813557645383515
		(real MDL):  18.76506650155926 	(dream MDL): 1.3862943611198906
(ID=0):  	7920 cumulative gradient steps. 105.194941 steps/sec
(ID=0):  	42-way auxiliary classification loss 0.00464041424371923
(ID=0):  Epoch 1325 Loss 0.22461201349894205
(ID=0):  		(real loss):  0.44991111755371094 	(dream loss): 0.052324463339412916
(ID=0):  	vs MDL (w/o neural net) 8.824939431126088
		(real MDL):  18.552398368826495 	(dream MDL): 1.3862943611198906
(ID=0):  	7950 cumulative gradient steps. 105.222974 steps/sec
(ID=0):  	42-way auxiliary classification loss 0.005811115214601159
(ID=0):  Epoch 1330 Loss 1.45640336672465
(ID=0):  		(real loss):  0.7156516313552856 	(dream loss): 2.3029767785753523
(ID=0):  	vs MDL (w/o neural net) 11.453103264820035
		(real MDL):  18.47021524991869 	(dream MDL): 3.433546710421568
(ID=0):  	7980 cumulative gradient steps. 105.250454 steps/sec
(ID=0):  	42-way auxiliary classification loss 0.04580814740232502
Sampling new helmholtz frontiers during training.
Sampling 500 programs from the prior on 32 CPUs...


Got 497/500 valid samples.
We now have 497 Helmholtz entries.
(ID=0):  Epoch 1335 Loss 2.6653601209322613
(ID=0):  		(real loss):  0.5420501232147217 	(dream loss): 5.0920001183237344
(ID=0):  	vs MDL (w/o neural net) 12.376251099151117
		(real MDL):  17.859922428065207 	(dream MDL): 6.109198151820725
(ID=0):  	8010 cumulative gradient steps. 104.152343 steps/sec
(ID=0):  	42-way auxiliary classification loss 0.055368336231913416
(ID=0):  Epoch 1340 Loss 0.9092490315437317
(ID=0):  		(real loss):  0.5428729057312012 	(dream loss): 1.3279646039009094
(ID=0):  	vs MDL (w/o neural net) 10.956488323695087
		(real MDL):  18.176187560450977 	(dream MDL): 2.7054034816883568
(ID=0):  	8040 cumulative gradient steps. 104.193732 steps/sec
(ID=0):  	42-way auxiliary classification loss 0.020096372766420244
(ID=0):  Epoch 1345 Loss 0.3097274700800578
(ID=0):  		(real loss):  0.665240214421199 	(dream loss): 0.03786478323094985
(ID=0):  	vs MDL (w/o neural net) 8.535820589345814
		(real MDL):  17.885201041641253 	(dream MDL): 1.3862943611198906
(ID=0):  	8070 cumulative gradient steps. 104.249613 steps/sec
(ID=0):  	42-way auxiliary classification loss 0.006696579721756279
(ID=0):  Epoch 1350 Loss 0.3029456377029419
(ID=0):  		(real loss):  0.5124970604391659 	(dream loss): 0.02891685412480281
(ID=0):  	vs MDL (w/o neural net) 10.899463453332187
		(real MDL):  18.17423981796512 	(dream MDL): 1.3862943611198906
(ID=0):  	8100 cumulative gradient steps. 104.286818 steps/sec
(ID=0):  	42-way auxiliary classification loss 0.005745463306084275
(ID=0):  Epoch 1355 Loss 0.3018327713012695
(ID=0):  		(real loss):  0.5126848781810087 	(dream loss): 0.026103093073918268
(ID=0):  	vs MDL (w/o neural net) 10.968778171388184
		(real MDL):  18.29655990865217 	(dream MDL): 1.3862943611198906
(ID=0):  	8130 cumulative gradient steps. 104.332457 steps/sec
(ID=0):  	42-way auxiliary classification loss 0.005736297431091468
(ID=0):  Epoch 1360 Loss 1.2284951686859131
(ID=0):  		(real loss):  0.760387674967448 	(dream loss): 1.6966026624043782
(ID=0):  	vs MDL (w/o neural net) 11.04011371017139
		(real MDL):  19.10663288413597 	(dream MDL): 2.9735945362068152
(ID=0):  	8160 cumulative gradient steps. 104.382425 steps/sec
(ID=0):  	42-way auxiliary classification loss 0.023014361888635905
(ID=0):  Epoch 1365 Loss 0.7549511830012003
(ID=0):  		(real loss):  0.4521903991699219 	(dream loss): 0.9864741353427663
(ID=0):  	vs MDL (w/o neural net) 9.076194643644076
		(real MDL):  18.16314897512094 	(dream MDL): 2.127347213691177
(ID=0):  	8190 cumulative gradient steps. 104.432793 steps/sec
(ID=0):  	42-way auxiliary classification loss 0.026749172313914944
(ID=0):  Epoch 1370 Loss 0.751879604657491
(ID=0):  		(real loss):  0.8742810762845553 	(dream loss): 0.6582784792956184
(ID=0):  	vs MDL (w/o neural net) 9.394115566944752
		(real MDL):  19.0255800622434 	(dream MDL): 2.028878011716374
(ID=0):  	8220 cumulative gradient steps. 104.484092 steps/sec
(ID=0):  	42-way auxiliary classification loss 0.020424479634190598
(ID=0):  Epoch 1375 Loss 0.3944377819697062
(ID=0):  		(real loss):  0.7617173512776693 	(dream loss): 0.027158212661743165
(ID=0):  	vs MDL (w/o neural net) 9.701169993915132
		(real MDL):  18.016045626710373 	(dream MDL): 1.3862943611198906
(ID=0):  	8250 cumulative gradient steps. 104.537288 steps/sec
(ID=0):  	42-way auxiliary classification loss 0.0048141928622499105
(ID=0):  Epoch 1380 Loss 2.425606449445089
(ID=0):  		(real loss):  0.5112704108743107 	(dream loss): 4.92896896142226
(ID=0):  	vs MDL (w/o neural net) 12.660080971695157
		(real MDL):  17.876578516896167 	(dream MDL): 5.838507258739989
(ID=0):  	8280 cumulative gradient steps. 104.573340 steps/sec
(ID=0):  	42-way auxiliary classification loss 0.06922978650933752
(ID=0):  Epoch 1385 Loss 1.1006953676541646
(ID=0):  		(real loss):  0.6749495337991154 	(dream loss): 1.65743991961846
(ID=0):  	vs MDL (w/o neural net) 11.921513593788994
		(real MDL):  18.923974272444422 	(dream MDL): 2.7644496293934364
(ID=0):  	8310 cumulative gradient steps. 104.606651 steps/sec
(ID=0):  	42-way auxiliary classification loss 0.030500095283302168
(ID=0):  Epoch 1390 Loss 0.8717948913574218
(ID=0):  		(real loss):  0.7142570813496908 	(dream loss): 0.9768200980292426
(ID=0):  	vs MDL (w/o neural net) 8.912439480786208
		(real MDL):  18.80525869552972 	(dream MDL): 2.3172266709571994
(ID=0):  	8340 cumulative gradient steps. 104.651449 steps/sec
(ID=0):  	42-way auxiliary classification loss 0.01671303603798151
(ID=0):  Epoch 1395 Loss 1.1605579853057861
(ID=0):  		(real loss):  0.5235035636208274 	(dream loss): 1.5293789662812884
(ID=0):  	vs MDL (w/o neural net) 8.822839950397258
		(real MDL):  18.273897027914238 	(dream MDL): 3.351175326571636
(ID=0):  	8370 cumulative gradient steps. 104.699451 steps/sec
(ID=0):  	42-way auxiliary classification loss 0.023159496773344775
(ID=0):  Epoch 1400 Loss 0.9665937423706055
(ID=0):  		(real loss):  0.7137990951538086 	(dream loss): 1.4721830368041993
(ID=0):  	vs MDL (w/o neural net) 12.936373592690025
		(real MDL):  18.16521710546808 	(dream MDL): 2.478686567133912
(ID=0):  	8400 cumulative gradient steps. 104.740781 steps/sec
(ID=0):  	42-way auxiliary classification loss 0.021140189135136704
(ID=0):  Epoch 1405 Loss 2.906660215059916
(ID=0):  		(real loss):  0.484297964307997 	(dream loss): 6.540203591187795
(ID=0):  	vs MDL (w/o neural net) 14.028103737882727
		(real MDL):  18.503708555365737 	(dream MDL): 7.314696511658211
(ID=0):  	8430 cumulative gradient steps. 104.762178 steps/sec
(ID=0):  	42-way auxiliary classification loss 0.08407153621471176
(ID=0):  Epoch 1410 Loss 0.8674612005551656
(ID=0):  		(real loss):  0.8740670130803034 	(dream loss): 0.8624096968594719
(ID=0):  	vs MDL (w/o neural net) 9.449914781397146
		(real MDL):  19.0255800622434 	(dream MDL): 2.127347213691177
(ID=0):  	8460 cumulative gradient steps. 104.799768 steps/sec
(ID=0):  	42-way auxiliary classification loss 0.022102751039589443
(ID=0):  Epoch 1415 Loss 0.41115377346674603
(ID=0):  		(real loss):  0.6368544896443685 	(dream loss): 0.0726026992003123
(ID=0):  	vs MDL (w/o neural net) 11.406893452782702
		(real MDL):  18.087292847224578 	(dream MDL): 1.3862943611198906
(ID=0):  	8490 cumulative gradient steps. 104.829033 steps/sec
(ID=0):  	42-way auxiliary classification loss 0.006901531068918606
(ID=0):  Epoch 1420 Loss 0.6179500500361125
(ID=0):  		(real loss):  0.021972084045410158 	(dream loss): 0.9159390330314636
(ID=0):  	vs MDL (w/o neural net) 7.252925833955962
		(real MDL):  16.957874569459335 	(dream MDL): 2.4004514662042746
(ID=0):  	8520 cumulative gradient steps. 104.870520 steps/sec
(ID=0):  	42-way auxiliary classification loss 0.029661920635650554
(ID=0):  Epoch 1425 Loss 0.6011343558629354
(ID=0):  		(real loss):  0.5134792327880859 	(dream loss): 0.7157602860377386
(ID=0):  	vs MDL (w/o neural net) 11.30120807151846
		(real MDL):  18.471901119034076 	(dream MDL): 1.9241479324595743
(ID=0):  	8550 cumulative gradient steps. 104.902384 steps/sec
(ID=0):  	42-way auxiliary classification loss 0.019069045137924453
(ID=0):  Epoch 1430 Loss 0.8002164642016093
(ID=0):  		(real loss):  0.4203878130231585 	(dream loss): 1.1325665339827538
(ID=0):  	vs MDL (w/o neural net) 10.149374170552752
		(real MDL):  18.73607537924488 	(dream MDL): 2.636010612947137
(ID=0):  	8580 cumulative gradient steps. 104.937965 steps/sec
(ID=0):  	42-way auxiliary classification loss 0.02844051334541291
(ID=0):  Epoch 1435 Loss 1.1044438799222311
(ID=0):  		(real loss):  0.576787821451823 	(dream loss): 1.6320999383926391
(ID=0):  	vs MDL (w/o neural net) 10.506680051014886
		(real MDL):  18.455653874158923 	(dream MDL): 2.5577062278708476
(ID=0):  	8610 cumulative gradient steps. 104.974676 steps/sec
(ID=0):  	42-way auxiliary classification loss 0.028596695411639908
(ID=0):  Epoch 1440 Loss 1.0562585790952046
(ID=0):  		(real loss):  0.3280771043565538 	(dream loss): 1.3683363539831979
(ID=0):  	vs MDL (w/o neural net) 7.737865960481737
		(real MDL):  19.597897917841586 	(dream MDL): 2.654995121613228
(ID=0):  	8640 cumulative gradient steps. 105.010322 steps/sec
(ID=0):  	42-way auxiliary classification loss 0.042497539714289205
(ID=0):  Epoch 1445 Loss 0.960755455493927
(ID=0):  		(real loss):  0.3907477060953776 	(dream loss): 1.5307632048924764
(ID=0):  	vs MDL (w/o neural net) 10.457394848752235
		(real MDL):  18.220563172517846 	(dream MDL): 2.6942265249866244
(ID=0):  	8670 cumulative gradient steps. 105.043253 steps/sec
(ID=0):  	42-way auxiliary classification loss 0.016401283524464814
(ID=0):  Epoch 1450 Loss 1.9008570472399393
(ID=0):  		(real loss):  0.23623965336726263 	(dream loss): 3.173799760201398
(ID=0):  	vs MDL (w/o neural net) 9.745447303494243
		(real MDL):  16.793477602480916 	(dream MDL): 4.355777074857376
(ID=0):  	8700 cumulative gradient steps. 105.075220 steps/sec
(ID=0):  	42-way auxiliary classification loss 0.07323956399535139
(ID=0):  Epoch 1455 Loss 0.42195778687795005
(ID=0):  		(real loss):  0.6374029583401151 	(dream loss): 0.09879002968470256
(ID=0):  	vs MDL (w/o neural net) 11.238218715510296
		(real MDL):  17.8061682851039 	(dream MDL): 1.3862943611198906
(ID=0):  	8730 cumulative gradient steps. 105.104118 steps/sec
(ID=0):  	42-way auxiliary classification loss 0.0055623645583788555
(ID=0):  Epoch 1460 Loss 0.8037032365798951
(ID=0):  		(real loss):  0.4170013155255999 	(dream loss): 1.1420674175024033
(ID=0):  	vs MDL (w/o neural net) 10.098443092510172
		(real MDL):  18.73607537924488 	(dream MDL): 2.540514841617299
(ID=0):  	8760 cumulative gradient steps. 105.139631 steps/sec
(ID=0):  	42-way auxiliary classification loss 0.017402476576777796
(ID=0):  Epoch 1465 Loss 1.2206451535224914
(ID=0):  		(real loss):  0.5773050944010417 	(dream loss): 1.8639852126439413
(ID=0):  	vs MDL (w/o neural net) 11.064184867419165
		(real MDL):  18.455653874158923 	(dream MDL): 3.672715860679405
(ID=0):  	8790 cumulative gradient steps. 105.167958 steps/sec
(ID=0):  	42-way auxiliary classification loss 0.03378619071251402
(ID=0):  Epoch 1470 Loss 2.0733999888102215
(ID=0):  		(real loss):  0.7209568023681641 	(dream loss): 3.6190493447440013
(ID=0):  	vs MDL (w/o neural net) 12.369218277598574
		(real MDL):  18.656515285949464 	(dream MDL): 5.183735982340415
(ID=0):  	8820 cumulative gradient steps. 105.185543 steps/sec
(ID=0):  	42-way auxiliary classification loss 0.046291992805587746
(ID=0):  Epoch 1475 Loss 0.3142246166865031
(ID=0):  		(real loss):  0.5239750357235179 	(dream loss): 0.039935607176560625
(ID=0):  	vs MDL (w/o neural net) 11.13745290866059
		(real MDL):  18.594221209721127 	(dream MDL): 1.3862943611198906
(ID=0):  	8850 cumulative gradient steps. 105.203631 steps/sec
(ID=0):  	42-way auxiliary classification loss 0.005820875110415121
(ID=0):  Epoch 1480 Loss 1.046418261528015
(ID=0):  		(real loss):  0.24168528043306792 	(dream loss): 1.6618023058947395
(ID=0):  	vs MDL (w/o neural net) 9.299675122142878
		(real MDL):  17.73193343155971 	(dream MDL): 2.8514775914123596
(ID=0):  	8880 cumulative gradient steps. 105.231324 steps/sec
(ID=0):  	42-way auxiliary classification loss 0.03811078491465499
(ID=0):  Epoch 1485 Loss 0.5060417572657268
(ID=0):  		(real loss):  0.7923803329467773 	(dream loss): 0.0765338937441508
(ID=0):  	vs MDL (w/o neural net) 11.762428258931646
		(real MDL):  18.679850857472815 	(dream MDL): 1.3862943611198906
(ID=0):  	8910 cumulative gradient steps. 105.257892 steps/sec
(ID=0):  	42-way auxiliary classification loss 0.005560967551233868
(ID=0):  Epoch 1490 Loss 1.2802708546320598
(ID=0):  		(real loss):  0.5137189977309283 	(dream loss): 2.2826848213489237
(ID=0):  	vs MDL (w/o neural net) 11.220033383906172
		(real MDL):  17.75425842620912 	(dream MDL): 2.6752775593561635
(ID=0):  	8940 cumulative gradient steps. 105.274638 steps/sec
(ID=0):  	42-way auxiliary classification loss 0.012082156290610631
(ID=0):  Epoch 1495 Loss 0.2730318546295166
(ID=0):  		(real loss):  0.6221472422281901 	(dream loss): 0.0402882628970676
(ID=0):  	vs MDL (w/o neural net) 8.167020026007288
		(real MDL):  18.338108523338388 	(dream MDL): 1.3862943611198906
(ID=0):  	8970 cumulative gradient steps. 105.296168 steps/sec
(ID=0):  	42-way auxiliary classification loss 0.006608662086849412
Sampling new helmholtz frontiers during training.
Sampling 500 programs from the prior on 32 CPUs...


Got 498/500 valid samples.
We now have 498 Helmholtz entries.
(ID=0):  Epoch 1500 Loss 1.956550908088684
(ID=0):  		(real loss):  0.42442389896937777 	(dream loss): 3.297162041068077
(ID=0):  	vs MDL (w/o neural net) 11.101859846539542
		(real MDL):  18.523161052352567 	(dream MDL): 4.6082212914531455
(ID=0):  	9000 cumulative gradient steps. 104.312588 steps/sec
(ID=0):  	42-way auxiliary classification loss 0.06734792147763073
(ID=0):  Epoch 1505 Loss 0.32024468580881754
(ID=0):  		(real loss):  0.7132747968037924 	(dream loss): 0.0582246118121677
(ID=0):  	vs MDL (w/o neural net) 8.353880094883824
		(real MDL):  18.80525869552972 	(dream MDL): 1.3862943611198906
(ID=0):  	9030 cumulative gradient steps. 104.352731 steps/sec
(ID=0):  	42-way auxiliary classification loss 0.006802640956205626
(ID=0):  Epoch 1510 Loss 0.6715363581975301
(ID=0):  		(real loss):  0.39102745056152344 	(dream loss): 0.9520452658335368
(ID=0):  	vs MDL (w/o neural net) 10.269568528646595
		(real MDL):  18.08193373640586 	(dream MDL): 2.4572033208873316
(ID=0):  	9060 cumulative gradient steps. 104.396104 steps/sec
(ID=0):  	42-way auxiliary classification loss 0.02519253345672041
(ID=0):  Epoch 1515 Loss 0.12481507460276285
(ID=0):  		(real loss):  0.2335365001971905 	(dream loss): 0.04167516091290642
(ID=0):  	vs MDL (w/o neural net) 8.568764644193559
		(real MDL):  17.96122578359759 	(dream MDL): 1.3862943611198906
(ID=0):  	9090 cumulative gradient steps. 104.429830 steps/sec
(ID=0):  	42-way auxiliary classification loss 0.005640539457090199
(ID=0):  Epoch 1520 Loss 1.7832695166269938
(ID=0):  		(real loss):  0.2350003169133113 	(dream loss): 2.9672400811139275
(ID=0):  	vs MDL (w/o neural net) 10.497968581559936
		(real MDL):  18.510432218970827 	(dream MDL): 4.3707905058927885
(ID=0):  	9120 cumulative gradient steps. 104.460811 steps/sec
(ID=0):  	42-way auxiliary classification loss 0.06718079609175523
(ID=0):  Epoch 1525 Loss 1.9096402366956076
(ID=0):  		(real loss):  0.3311920166015625 	(dream loss): 4.277312566836675
(ID=0):  	vs MDL (w/o neural net) 12.494581956520978
		(real MDL):  18.423324167424834 	(dream MDL): 3.6014686401651956
(ID=0):  	9150 cumulative gradient steps. 104.497548 steps/sec
(ID=0):  	42-way auxiliary classification loss 0.023385244184949746
(ID=0):  Epoch 1530 Loss 1.5977418621381123
(ID=0):  		(real loss):  0.04866194725036621 	(dream loss): 3.368118907724108
(ID=0):  	vs MDL (w/o neural net) 11.25602560698235
		(real MDL):  17.25506476937547 	(dream MDL): 4.399980849961645
(ID=0):  	9180 cumulative gradient steps. 104.536773 steps/sec
(ID=0):  	42-way auxiliary classification loss 0.05807459676094974
(ID=0):  Epoch 1535 Loss 0.9616814454396566
(ID=0):  		(real loss):  0.7609757875141344 	(dream loss): 1.3083548545837402
(ID=0):  	vs MDL (w/o neural net) 13.148548038454345
		(real MDL):  19.07481231933509 	(dream MDL): 2.9122733714785096
(ID=0):  	9210 cumulative gradient steps. 104.570132 steps/sec
(ID=0):  	42-way auxiliary classification loss 0.01411581573386987
(ID=0):  Epoch 1540 Loss 3.4208266814549764
(ID=0):  		(real loss):  0.6789312998453776 	(dream loss): 6.162722063064575
(ID=0):  	vs MDL (w/o neural net) 12.793473489532648
		(real MDL):  18.59428331027091 	(dream MDL): 6.992663668794384
(ID=0):  	9240 cumulative gradient steps. 104.608003 steps/sec
(ID=0):  	42-way auxiliary classification loss 0.08191911027921985
(ID=0):  Epoch 1545 Loss 1.2108671426773072
(ID=0):  		(real loss):  1.7174405455589294 	(dream loss): 0.6319261108125959
(ID=0):  	vs MDL (w/o neural net) 10.881278121728064
		(real MDL):  18.75238288554672 	(dream MDL): 1.8857298202210255
(ID=0):  	9270 cumulative gradient steps. 104.645384 steps/sec
(ID=0):  	42-way auxiliary classification loss 0.030882950150407852
(ID=0):  Epoch 1550 Loss 0.8494287530581156
(ID=0):  		(real loss):  0.6511438914707729 	(dream loss): 1.0229280069470406
(ID=0):  	vs MDL (w/o neural net) 9.937138628516319
		(real MDL):  18.710661158767106 	(dream MDL): 2.2603064145468763
(ID=0):  	9300 cumulative gradient steps. 104.682708 steps/sec
(ID=0):  	42-way auxiliary classification loss 0.031604618788696824
(ID=0):  Epoch 1555 Loss 0.4157649358113607
(ID=0):  		(real loss):  0.4823590792142428 	(dream loss): 0.3648400026209214
(ID=0):  	vs MDL (w/o neural net) 9.127324030095945
		(real MDL):  18.552398368826495 	(dream MDL): 1.919914241654933
(ID=0):  	9330 cumulative gradient steps. 104.713547 steps/sec
(ID=0):  	42-way auxiliary classification loss 0.015902061380135515
(ID=0):  Epoch 1560 Loss 0.319771679242452
(ID=0):  		(real loss):  0.6148841164328835 	(dream loss): 0.14891711034272848
(ID=0):  	vs MDL (w/o neural net) 7.271111165560089
		(real MDL):  17.435794736865883 	(dream MDL): 1.3862943611198906
(ID=0):  	9360 cumulative gradient steps. 104.753290 steps/sec
(ID=0):  	42-way auxiliary classification loss 0.0152697309696426
(ID=0):  Epoch 1565 Loss 2.068877617518107
(ID=0):  		(real loss):  0.24970025282639724 	(dream loss): 3.4600132493411793
(ID=0):  	vs MDL (w/o neural net) 10.293700782166484
		(real MDL):  17.73193343155971 	(dream MDL): 4.605640520865775
(ID=0):  	9390 cumulative gradient steps. 104.781176 steps/sec
(ID=0):  	42-way auxiliary classification loss 0.06414709416373322
(ID=0):  Epoch 1570 Loss 0.23298067251841229
(ID=0):  		(real loss):  0.42386272975376676 	(dream loss): 0.06595887243747711
(ID=0):  	vs MDL (w/o neural net) 9.512904137405306
		(real MDL):  18.800458167445775 	(dream MDL): 1.3862943611198906
(ID=0):  	9420 cumulative gradient steps. 104.810578 steps/sec
(ID=0):  	42-way auxiliary classification loss 0.0069878549625476205
(ID=0):  Epoch 1575 Loss 0.656654167175293
(ID=0):  		(real loss):  0.42074610392252604 	(dream loss): 0.8925622304280599
(ID=0):  	vs MDL (w/o neural net) 10.362954403950363
		(real MDL):  18.22056317251785 	(dream MDL): 2.5053456353828776
(ID=0):  	9450 cumulative gradient steps. 104.844039 steps/sec
(ID=0):  	42-way auxiliary classification loss 0.01572025833496203
(ID=0):  Epoch 1580 Loss 0.8337283452351888
(ID=0):  		(real loss):  0.6681608053354117 	(dream loss): 0.9603388169232536
(ID=0):  	vs MDL (w/o neural net) 9.239949806501945
		(real MDL):  18.43440747701449 	(dream MDL): 2.2088939408158765
(ID=0):  	9480 cumulative gradient steps. 104.875393 steps/sec
(ID=0):  	42-way auxiliary classification loss 0.027191496376569074
(ID=0):  Epoch 1585 Loss 0.7023379325866699
(ID=0):  		(real loss):  0.6720135028545673 	(dream loss): 0.7255272023818072
(ID=0):  	vs MDL (w/o neural net) 9.038580760795812
		(real MDL):  18.205115124976615 	(dream MDL): 2.028878011716374
(ID=0):  	9510 cumulative gradient steps. 104.912035 steps/sec
(ID=0):  	42-way auxiliary classification loss 0.023889656318351625
(ID=0):  Epoch 1590 Loss 0.3201700448989868
(ID=0):  		(real loss):  0.5174462935503792 	(dream loss): 0.062193412047166094
(ID=0):  	vs MDL (w/o neural net) 10.968778171388182
		(real MDL):  18.29655990865217 	(dream MDL): 1.3862943611198906
(ID=0):  	9540 cumulative gradient steps. 104.943705 steps/sec
(ID=0):  	42-way auxiliary classification loss 0.006661631298872332
(ID=0):  Epoch 1595 Loss 0.7202314535776774
(ID=0):  		(real loss):  0.5772111256917317 	(dream loss): 0.863251781463623
(ID=0):  	vs MDL (w/o neural net) 10.523094308305817
		(real MDL):  18.93163278481573 	(dream MDL): 2.1145558317959052
(ID=0):  	9570 cumulative gradient steps. 104.975061 steps/sec
(ID=0):  	42-way auxiliary classification loss 0.022861548714960614
(ID=0):  Epoch 1600 Loss 0.13387480576833088
(ID=0):  		(real loss):  0.2811083360151811 	(dream loss): 0.0486343408885755
(ID=0):  	vs MDL (w/o neural net) 7.252925833955964
		(real MDL):  17.38619837794554 	(dream MDL): 1.3862943611198906
(ID=0):  	9600 cumulative gradient steps. 105.012716 steps/sec
(ID=0):  	42-way auxiliary classification loss 0.007008163483502964
(ID=0):  Epoch 1605 Loss 0.8272860765457153
(ID=0):  		(real loss):  0.1763448715209961 	(dream loss): 1.8036978840827942
(ID=0):  	vs MDL (w/o neural net) 12.080598928646342
		(real MDL):  17.996366189203954 	(dream MDL): 3.2069480378099264
(ID=0):  	9630 cumulative gradient steps. 105.028643 steps/sec
(ID=0):  	42-way auxiliary classification loss 0.03357405297768613
(ID=0):  Epoch 1610 Loss 0.5492680350939433
(ID=0):  		(real loss):  0.51416015625 	(dream loss): 0.5951783381975614
(ID=0):  	vs MDL (w/o neural net) 10.89454387891765
		(real MDL):  17.75425842620912 	(dream MDL): 1.9241479324595745
(ID=0):  	9660 cumulative gradient steps. 105.052303 steps/sec
(ID=0):  	42-way auxiliary classification loss 0.019444303237833083
(ID=0):  Epoch 1615 Loss 0.3215039094289144
(ID=0):  		(real loss):  0.5413141250610352 	(dream loss): 0.07029223442077637
(ID=0):  	vs MDL (w/o neural net) 10.578893522758205
		(real MDL):  18.62241778919173 	(dream MDL): 1.3862943611198906
(ID=0):  	9690 cumulative gradient steps. 105.073390 steps/sec
(ID=0):  	42-way auxiliary classification loss 0.006466269004158675
(ID=0):  Epoch 1620 Loss 0.3104906479517619
(ID=0):  		(real loss):  0.5098415823543773 	(dream loss): 0.04980096450218788
(ID=0):  	vs MDL (w/o neural net) 10.998823472548603
		(real MDL):  18.34958102834703 	(dream MDL): 1.3862943611198906
(ID=0):  	9720 cumulative gradient steps. 105.092854 steps/sec
(ID=0):  	42-way auxiliary classification loss 0.005379908143853148
(ID=0):  Epoch 1625 Loss 0.9588894367218017
(ID=0):  		(real loss):  0.6466526455349393 	(dream loss): 1.4272446235020955
(ID=0):  	vs MDL (w/o neural net) 12.130174252772067
		(real MDL):  18.202817377317903 	(dream MDL): 3.0212095659533085
(ID=0):  	9750 cumulative gradient steps. 105.118725 steps/sec
(ID=0):  	42-way auxiliary classification loss 0.02766349642382314
(ID=0):  Epoch 1630 Loss 0.8063780466715494
(ID=0):  		(real loss):  0.6163012640816825 	(dream loss): 0.9726952314376831
(ID=0):  	vs MDL (w/o neural net) 9.768463891243913
		(real MDL):  18.20068375449196 	(dream MDL): 2.390271510901866
(ID=0):  	9780 cumulative gradient steps. 105.151291 steps/sec
(ID=0):  	42-way auxiliary classification loss 0.025266742194071413
(ID=0):  Epoch 1635 Loss 0.6517050266265869
(ID=0):  		(real loss):  0.3442679012522978 	(dream loss): 1.0537381905775804
(ID=0):  	vs MDL (w/o neural net) 11.516092620828198
		(real MDL):  18.317489266692693 	(dream MDL): 2.621958545466938
(ID=0):  	9810 cumulative gradient steps. 105.164321 steps/sec
(ID=0):  	42-way auxiliary classification loss 0.01893136592892309
(ID=0):  Epoch 1640 Loss 1.3172143737475077
(ID=0):  		(real loss):  0.7124848365783691 	(dream loss): 1.7203673985269334
(ID=0):  	vs MDL (w/o neural net) 9.272616892938784
		(real MDL):  18.383571852348698 	(dream MDL): 3.198646919998837
(ID=0):  	9840 cumulative gradient steps. 105.189393 steps/sec
(ID=0):  	42-way auxiliary classification loss 0.033028307805458706
(ID=0):  Epoch 1645 Loss 0.8141156037648519
(ID=0):  		(real loss):  0.5103417564840877 	(dream loss): 1.211358327132005
(ID=0):  	vs MDL (w/o neural net) 11.557382858450987
		(real MDL):  18.471901119034076 	(dream MDL): 2.5153205176884845
(ID=0):  	9870 cumulative gradient steps. 105.211927 steps/sec
(ID=0):  	42-way auxiliary classification loss 0.014728376727240781
(ID=0):  Epoch 1650 Loss 0.4451360464096069
(ID=0):  		(real loss):  0.36818253993988037 	(dream loss): 0.5330829109464373
(ID=0):  	vs MDL (w/o neural net) 10.525743315579124
		(real MDL):  17.955790027662466 	(dream MDL): 2.0342613589124423
(ID=0):  	9900 cumulative gradient steps. 105.238365 steps/sec
(ID=0):  	42-way auxiliary classification loss 0.01493522950913757
(ID=0):  Epoch 1655 Loss 0.5581837852795919
(ID=0):  		(real loss):  0.23483628493088943 	(dream loss): 0.8054495208403644
(ID=0):  	vs MDL (w/o neural net) 9.408874290188372
		(real MDL):  19.059638654344063 	(dream MDL): 2.0288780117163734
(ID=0):  	9930 cumulative gradient steps. 105.257277 steps/sec
(ID=0):  	42-way auxiliary classification loss 0.02095687728918468
(ID=0):  Epoch 1660 Loss 1.6639753421147665
(ID=0):  		(real loss):  0.6151450020926339 	(dream loss): 2.5817018896341324
(ID=0):  	vs MDL (w/o neural net) 10.964327124967364
		(real MDL):  18.92357548565942 	(dream MDL): 3.9999848093618136
(ID=0):  	9960 cumulative gradient steps. 105.271497 steps/sec
(ID=0):  	42-way auxiliary classification loss 0.04339816178350399
Sampling new helmholtz frontiers during training.
Sampling 500 programs from the prior on 32 CPUs...


Got 498/500 valid samples.
We now have 498 Helmholtz entries.
(ID=0):  Epoch 1665 Loss 0.5323060035705567
(ID=0):  		(real loss):  0.4815487331814236 	(dream loss): 0.6084419091542562
(ID=0):  	vs MDL (w/o neural net) 11.790452739364849
		(real MDL):  18.22258399324506 	(dream MDL): 2.142255858544534
(ID=0):  	9990 cumulative gradient steps. 104.401996 steps/sec
(ID=0):  	42-way auxiliary classification loss 0.010996912695312252
(ID=0):   Trained recognition model in 95.83773112297058 seconds
Wrote experiments_iterative/outputs/paperfaithful_init_seed111_20260507/domains/re2/dreamcoder/seed_111/dreamcoder_32/0/metrics.json
====================================
iteration: 0
amortized_synthesis : optimize_model_for_frontiers
Completed in 95.878s
====================================
============LOGGING MODEL_FN============
	iteration: 0
	experiment_block_type: model_fn
	model_type: amortized_synthesis
	params: {'enumeration_timeout': 1000}
	task_split: train
	model_fn: infer_programs_for_tasks
	task_batch_size: global_batch_size
task_ids: 32 tasks: re2_train_489_if_there_is_any_letter_consonant_replace_that_with_b -- re2_train_34_if_the_word_ends_with_any_letter_add_d_after_that
====================================
Evaluated recognition model in 0.4 seconds
Beginning enumeration on a total of 32 tasks with a total of 32 CPUs.
(python) Launching tfullstr -> tfullstr (1 tasks) w/ 1 CPUs. 0.000000 <= MDL < 1.500000. Timeout 1000.000000.
(python) Launching tfullstr -> tfullstr (1 tasks) w/ 1 CPUs. 0.000000 <= MDL < 1.500000. Timeout 1000.000000.
(python) Launching tfullstr -> tfullstr (1 tasks) w/ 1 CPUs. 0.000000 <= MDL < 1.500000. Timeout 1000.000000.
(python) Launching tfullstr -> tfullstr (1 tasks) w/ 1 CPUs. 0.000000 <= MDL < 1.500000. Timeout 1000.000000.
(python) Launching tfullstr -> tfullstr (1 tasks) w/ 1 CPUs. 0.000000 <= MDL < 1.500000. Timeout 1000.000000.
(python) Launching tfullstr -> tfullstr (1 tasks) w/ 1 CPUs. 0.000000 <= MDL < 1.500000. Timeout 1000.000000.
	(ocaml: 1 CPUs. shatter: 1. |fringe| = 1. |finished| = 0.)
(python) Launching tfullstr -> tfullstr (1 tasks) w/ 1 CPUs. 0.000000 <= MDL < 1.500000. Timeout 1000.000000.
	(ocaml: 1 CPUs. shatter: 1. |fringe| = 1. |finished| = 0.)
(python) Launching tfullstr -> tfullstr (1 tasks) w/ 1 CPUs. 0.000000 <= MDL < 1.500000. Timeout 1000.000000.
(python) Launching tfullstr -> tfullstr (1 tasks) w/ 1 CPUs. 0.000000 <= MDL < 1.500000. Timeout 1000.000000.
	(ocaml: 1 CPUs. shatter: 1. |fringe| = 1. |finished| = 0.)
	(ocaml: 1 CPUs. shatter: 1. |fringe| = 1. |finished| = 0.)
(python) Launching tfullstr -> tfullstr (1 tasks) w/ 1 CPUs. 0.000000 <= MDL < 1.500000. Timeout 1000.000000.
	(ocaml: 1 CPUs. shatter: 1. |fringe| = 1. |finished| = 0.)
(python) Launching tfullstr -> tfullstr (1 tasks) w/ 1 CPUs. 0.000000 <= MDL < 1.500000. Timeout 1000.000000.
	(ocaml: 1 CPUs. shatter: 1. |fringe| = 1. |finished| = 0.)
(python) Launching tfullstr -> tfullstr (1 tasks) w/ 1 CPUs. 0.000000 <= MDL < 1.500000. Timeout 1000.000000.
	(ocaml: 1 CPUs. shatter: 1. |fringe| = 1. |finished| = 0.)
(python) Launching tfullstr -> tfullstr (1 tasks) w/ 1 CPUs. 0.000000 <= MDL < 1.500000. Timeout 1000.000000.
	(ocaml: 1 CPUs. shatter: 1. |fringe| = 1. |finished| = 0.)
(python) Launching tfullstr -> tfullstr (1 tasks) w/ 1 CPUs. 0.000000 <= MDL < 1.500000. Timeout 1000.000000.
	(ocaml: 1 CPUs. shatter: 1. |fringe| = 1. |finished| = 0.)
(python) Launching tfullstr -> tfullstr (1 tasks) w/ 1 CPUs. 0.000000 <= MDL < 1.500000. Timeout 1000.000000.
	(ocaml: 1 CPUs. shatter: 1. |fringe| = 1. |finished| = 0.)
(python) Launching tfullstr -> tfullstr (1 tasks) w/ 1 CPUs. 0.000000 <= MDL < 1.500000. Timeout 1000.000000.
(python) Launching tfullstr -> tfullstr (1 tasks) w/ 1 CPUs. 0.000000 <= MDL < 1.500000. Timeout 1000.000000.
	(ocaml: 1 CPUs. shatter: 1. |fringe| = 1. |finished| = 0.)
	(ocaml: 1 CPUs. shatter: 1. |fringe| = 1. |finished| = 0.)
(python) Launching tfullstr -> tfullstr (1 tasks) w/ 1 CPUs. 0.000000 <= MDL < 1.500000. Timeout 1000.000000.
	(ocaml: 1 CPUs. shatter: 1. |fringe| = 1. |finished| = 0.)
(python) Launching tfullstr -> tfullstr (1 tasks) w/ 1 CPUs. 0.000000 <= MDL < 1.500000. Timeout 1000.000000.
	(ocaml: 1 CPUs. shatter: 1. |fringe| = 1. |finished| = 0.)
	(ocaml: 1 CPUs. shatter: 1. |fringe| = 1. |finished| = 0.)
(python) Launching tfullstr -> tfullstr (1 tasks) w/ 1 CPUs. 0.000000 <= MDL < 1.500000. Timeout 1000.000000.
(python) Launching tfullstr -> tfullstr (1 tasks) w/ 1 CPUs. 0.000000 <= MDL < 1.500000. Timeout 1000.000000.
(python) Launching tfullstr -> tfullstr (1 tasks) w/ 1 CPUs. 0.000000 <= MDL < 1.500000. Timeout 1000.000000.
	(ocaml: 1 CPUs. shatter: 1. |fringe| = 1. |finished| = 0.)
(python) Launching tfullstr -> tfullstr (1 tasks) w/ 1 CPUs. 0.000000 <= MDL < 1.500000. Timeout 1000.000000.
	(ocaml: 1 CPUs. shatter: 1. |fringe| = 1. |finished| = 0.)
	(ocaml: 1 CPUs. shatter: 1. |fringe| = 1. |finished| = 0.)
(python) Launching tfullstr -> tfullstr (1 tasks) w/ 1 CPUs. 0.000000 <= MDL < 1.500000. Timeout 1000.000000.
(python) Launching tfullstr -> tfullstr (1 tasks) w/ 1 CPUs. 0.000000 <= MDL < 1.500000. Timeout 1000.000000.
	(ocaml: 1 CPUs. shatter: 1. |fringe| = 1. |finished| = 0.)
(python) Launching tfullstr -> tfullstr (1 tasks) w/ 1 CPUs. 0.000000 <= MDL < 1.500000. Timeout 1000.000000.
	(ocaml: 1 CPUs. shatter: 1. |fringe| = 1. |finished| = 0.)
	(ocaml: 1 CPUs. shatter: 1. |fringe| = 1. |finished| = 0.)
(python) Launching tfullstr -> tfullstr (1 tasks) w/ 1 CPUs. 0.000000 <= MDL < 1.500000. Timeout 1000.000000.
	(ocaml: 1 CPUs. shatter: 1. |fringe| = 1. |finished| = 0.)
	(ocaml: 1 CPUs. shatter: 1. |fringe| = 1. |finished| = 0.)
(python) Launching tfullstr -> tfullstr (1 tasks) w/ 1 CPUs. 0.000000 <= MDL < 1.500000. Timeout 1000.000000.
(python) Launching tfullstr -> tfullstr (1 tasks) w/ 1 CPUs. 0.000000 <= MDL < 1.500000. Timeout 1000.000000.
	(ocaml: 1 CPUs. shatter: 1. |fringe| = 1. |finished| = 0.)
(python) Launching tfullstr -> tfullstr (1 tasks) w/ 1 CPUs. 0.000000 <= MDL < 1.500000. Timeout 1000.000000.
(python) Launching tfullstr -> tfullstr (1 tasks) w/ 1 CPUs. 0.000000 <= MDL < 1.500000. Timeout 1000.000000.
	(ocaml: 1 CPUs. shatter: 1. |fringe| = 1. |finished| = 0.)
	(ocaml: 1 CPUs. shatter: 1. |fringe| = 1. |finished| = 0.)
	(ocaml: 1 CPUs. shatter: 1. |fringe| = 1. |finished| = 0.)
(python) Launching tfullstr -> tfullstr (1 tasks) w/ 1 CPUs. 0.000000 <= MDL < 1.500000. Timeout 1000.000000.
(python) Launching tfullstr -> tfullstr (1 tasks) w/ 1 CPUs. 1.500000 <= MDL < 3.000000. Timeout 999.827796.
	(ocaml: 1 CPUs. shatter: 1. |fringe| = 1. |finished| = 0.)
(python) Launching tfullstr -> tfullstr (1 tasks) w/ 1 CPUs. 1.500000 <= MDL < 3.000000. Timeout 999.829925.
	(ocaml: 1 CPUs. shatter: 1. |fringe| = 1. |finished| = 0.)
	(ocaml: 1 CPUs. shatter: 1. |fringe| = 1. |finished| = 0.)
(python) Launching tfullstr -> tfullstr (1 tasks) w/ 1 CPUs. 1.500000 <= MDL < 3.000000. Timeout 999.832033.
(python) Launching tfullstr -> tfullstr (1 tasks) w/ 1 CPUs. 1.500000 <= MDL < 3.000000. Timeout 999.822747.
	(ocaml: 1 CPUs. shatter: 1. |fringe| = 1. |finished| = 0.)
(python) Launching tfullstr -> tfullstr (1 tasks) w/ 1 CPUs. 1.500000 <= MDL < 3.000000. Timeout 999.825783.
(python) Launching tfullstr -> tfullstr (1 tasks) w/ 1 CPUs. 1.500000 <= MDL < 3.000000. Timeout 999.824421.
	(ocaml: 1 CPUs. shatter: 1. |fringe| = 1. |finished| = 0.)
	(ocaml: 1 CPUs. shatter: 1. |fringe| = 1. |finished| = 0.)
	(ocaml: 1 CPUs. shatter: 1. |fringe| = 1. |finished| = 0.)
(python) Launching tfullstr -> tfullstr (1 tasks) w/ 1 CPUs. 1.500000 <= MDL < 3.000000. Timeout 999.822200.
	(ocaml: 1 CPUs. shatter: 1. |fringe| = 1. |finished| = 0.)
(python) Launching tfullstr -> tfullstr (1 tasks) w/ 1 CPUs. 1.500000 <= MDL < 3.000000. Timeout 999.820503.
	(ocaml: 1 CPUs. shatter: 1. |fringe| = 1. |finished| = 0.)
(python) Launching tfullstr -> tfullstr (1 tasks) w/ 1 CPUs. 1.500000 <= MDL < 3.000000. Timeout 999.820985.
	(ocaml: 1 CPUs. shatter: 1. |fringe| = 1. |finished| = 0.)
(python) Launching tfullstr -> tfullstr (1 tasks) w/ 1 CPUs. 1.500000 <= MDL < 3.000000. Timeout 999.822188.
(python) Launching tfullstr -> tfullstr (1 tasks) w/ 1 CPUs. 1.500000 <= MDL < 3.000000. Timeout 999.821894.
	(ocaml: 1 CPUs. shatter: 1. |fringe| = 1. |finished| = 0.)
(python) Launching tfullstr -> tfullstr (1 tasks) w/ 1 CPUs. 1.500000 <= MDL < 3.000000. Timeout 999.820787.
	(ocaml: 1 CPUs. shatter: 1. |fringe| = 1. |finished| = 0.)
(python) Launching tfullstr -> tfullstr (1 tasks) w/ 1 CPUs. 1.500000 <= MDL < 3.000000. Timeout 999.820485.
	(ocaml: 1 CPUs. shatter: 1. |fringe| = 1. |finished| = 0.)
(python) Launching tfullstr -> tfullstr (1 tasks) w/ 1 CPUs. 1.500000 <= MDL < 3.000000. Timeout 999.826113.
	(ocaml: 1 CPUs. shatter: 1. |fringe| = 1. |finished| = 0.)
	(ocaml: 1 CPUs. shatter: 1. |fringe| = 1. |finished| = 0.)
(python) Launching tfullstr -> tfullstr (1 tasks) w/ 1 CPUs. 1.500000 <= MDL < 3.000000. Timeout 999.815796.
(python) Launching tfullstr -> tfullstr (1 tasks) w/ 1 CPUs. 1.500000 <= MDL < 3.000000. Timeout 999.819866.
	(ocaml: 1 CPUs. shatter: 1. |fringe| = 1. |finished| = 0.)
(python) Launching tfullstr -> tfullstr (1 tasks) w/ 1 CPUs. 1.500000 <= MDL < 3.000000. Timeout 999.820173.
	(ocaml: 1 CPUs. shatter: 1. |fringe| = 1. |finished| = 0.)
	(ocaml: 1 CPUs. shatter: 1. |fringe| = 1. |finished| = 0.)
(python) Launching tfullstr -> tfullstr (1 tasks) w/ 1 CPUs. 1.500000 <= MDL < 3.000000. Timeout 999.819108.
(python) Launching tfullstr -> tfullstr (1 tasks) w/ 1 CPUs. 1.500000 <= MDL < 3.000000. Timeout 999.819557.
	(ocaml: 1 CPUs. shatter: 1. |fringe| = 1. |finished| = 0.)
(python) Launching tfullstr -> tfullstr (1 tasks) w/ 1 CPUs. 1.500000 <= MDL < 3.000000. Timeout 999.823587.
	(ocaml: 1 CPUs. shatter: 1. |fringe| = 1. |finished| = 0.)
(python) Launching tfullstr -> tfullstr (1 tasks) w/ 1 CPUs. 1.500000 <= MDL < 3.000000. Timeout 999.823433.
	(ocaml: 1 CPUs. shatter: 1. |fringe| = 1. |finished| = 0.)
(python) Launching tfullstr -> tfullstr (1 tasks) w/ 1 CPUs. 1.500000 <= MDL < 3.000000. Timeout 999.821494.
	(ocaml: 1 CPUs. shatter: 1. |fringe| = 1. |finished| = 0.)
(python) Launching tfullstr -> tfullstr (1 tasks) w/ 1 CPUs. 1.500000 <= MDL < 3.000000. Timeout 999.823585.
(python) Launching tfullstr -> tfullstr (1 tasks) w/ 1 CPUs. 1.500000 <= MDL < 3.000000. Timeout 999.826314.
	(ocaml: 1 CPUs. shatter: 1. |fringe| = 1. |finished| = 0.)
	(ocaml: 1 CPUs. shatter: 1. |fringe| = 1. |finished| = 0.)
(python) Launching tfullstr -> tfullstr (1 tasks) w/ 1 CPUs. 1.500000 <= MDL < 3.000000. Timeout 999.825415.
	(ocaml: 1 CPUs. shatter: 1. |fringe| = 1. |finished| = 0.)
(python) Launching tfullstr -> tfullstr (1 tasks) w/ 1 CPUs. 1.500000 <= MDL < 3.000000. Timeout 999.824220.
(python) Launching tfullstr -> tfullstr (1 tasks) w/ 1 CPUs. 1.500000 <= MDL < 3.000000. Timeout 999.823559.
	(ocaml: 1 CPUs. shatter: 1. |fringe| = 1. |finished| = 0.)
(python) Launching tfullstr -> tfullstr (1 tasks) w/ 1 CPUs. 1.500000 <= MDL < 3.000000. Timeout 999.825130.
	(ocaml: 1 CPUs. shatter: 1. |fringe| = 1. |finished| = 0.)
	(ocaml: 1 CPUs. shatter: 1. |fringe| = 1. |finished| = 0.)
(python) Launching tfullstr -> tfullstr (1 tasks) w/ 1 CPUs. 1.500000 <= MDL < 3.000000. Timeout 999.828277.
(python) Launching tfullstr -> tfullstr (1 tasks) w/ 1 CPUs. 1.500000 <= MDL < 3.000000. Timeout 999.818830.
	(ocaml: 1 CPUs. shatter: 1. |fringe| = 1. |finished| = 0.)
(python) Launching tfullstr -> tfullstr (1 tasks) w/ 1 CPUs. 1.500000 <= MDL < 3.000000. Timeout 999.821328.
	(ocaml: 1 CPUs. shatter: 1. |fringe| = 1. |finished| = 0.)
	(ocaml: 1 CPUs. shatter: 1. |fringe| = 1. |finished| = 0.)
(python) Launching tfullstr -> tfullstr (1 tasks) w/ 1 CPUs. 1.500000 <= MDL < 3.000000. Timeout 999.822094.
	(ocaml: 1 CPUs. shatter: 1. |fringe| = 1. |finished| = 0.)
	(ocaml: 1 CPUs. shatter: 1. |fringe| = 1. |finished| = 0.)
(python) Launching tfullstr -> tfullstr (1 tasks) w/ 1 CPUs. 3.000000 <= MDL < 4.500000. Timeout 999.659587.
(python) Launching tfullstr -> tfullstr (1 tasks) w/ 1 CPUs. 3.000000 <= MDL < 4.500000. Timeout 999.646627.
	(ocaml: 1 CPUs. shatter: 1. |fringe| = 1. |finished| = 0.)
	(ocaml: 1 CPUs. shatter: 1. |fringe| = 1. |finished| = 0.)
(python) Launching tfullstr -> tfullstr (1 tasks) w/ 1 CPUs. 3.000000 <= MDL < 4.500000. Timeout 999.657919.
(python) Launching tfullstr -> tfullstr (1 tasks) w/ 1 CPUs. 3.000000 <= MDL < 4.500000. Timeout 999.647700.
(python) Launching tfullstr -> tfullstr (1 tasks) w/ 1 CPUs. 3.000000 <= MDL < 4.500000. Timeout 999.652235.
	(ocaml: 1 CPUs. shatter: 1. |fringe| = 1. |finished| = 0.)
(python) Launching tfullstr -> tfullstr (1 tasks) w/ 1 CPUs. 3.000000 <= MDL < 4.500000. Timeout 999.652172.
	(ocaml: 1 CPUs. shatter: 1. |fringe| = 1. |finished| = 0.)
	(ocaml: 1 CPUs. shatter: 1. |fringe| = 1. |finished| = 0.)
(python) Launching tfullstr -> tfullstr (1 tasks) w/ 1 CPUs. 3.000000 <= MDL < 4.500000. Timeout 999.652620.
	(ocaml: 1 CPUs. shatter: 1. |fringe| = 1. |finished| = 0.)
(python) Launching tfullstr -> tfullstr (1 tasks) w/ 1 CPUs. 3.000000 <= MDL < 4.500000. Timeout 999.652473.
	(ocaml: 1 CPUs. shatter: 1. |fringe| = 1. |finished| = 0.)
(python) Launching tfullstr -> tfullstr (1 tasks) w/ 1 CPUs. 3.000000 <= MDL < 4.500000. Timeout 999.654109.
(python) Launching tfullstr -> tfullstr (1 tasks) w/ 1 CPUs. 3.000000 <= MDL < 4.500000. Timeout 999.657156.
	(ocaml: 1 CPUs. shatter: 1. |fringe| = 1. |finished| = 0.)
	(ocaml: 1 CPUs. shatter: 1. |fringe| = 1. |finished| = 0.)
(python) Launching tfullstr -> tfullstr (1 tasks) w/ 1 CPUs. 3.000000 <= MDL < 4.500000. Timeout 999.656791.
(python) Launching tfullstr -> tfullstr (1 tasks) w/ 1 CPUs. 3.000000 <= MDL < 4.500000. Timeout 999.663249.
	(ocaml: 1 CPUs. shatter: 1. |fringe| = 1. |finished| = 0.)
	(ocaml: 1 CPUs. shatter: 1. |fringe| = 1. |finished| = 0.)
(python) Launching tfullstr -> tfullstr (1 tasks) w/ 1 CPUs. 3.000000 <= MDL < 4.500000. Timeout 999.651996.
(python) Launching tfullstr -> tfullstr (1 tasks) w/ 1 CPUs. 3.000000 <= MDL < 4.500000. Timeout 999.664975.
	(ocaml: 1 CPUs. shatter: 1. |fringe| = 1. |finished| = 0.)
	(ocaml: 1 CPUs. shatter: 1. |fringe| = 1. |finished| = 0.)
(python) Launching tfullstr -> tfullstr (1 tasks) w/ 1 CPUs. 3.000000 <= MDL < 4.500000. Timeout 999.654627.
	(ocaml: 1 CPUs. shatter: 1. |fringe| = 1. |finished| = 0.)
(python) Launching tfullstr -> tfullstr (1 tasks) w/ 1 CPUs. 3.000000 <= MDL < 4.500000. Timeout 999.658038.
	(ocaml: 1 CPUs. shatter: 1. |fringe| = 1. |finished| = 0.)
(python) Launching tfullstr -> tfullstr (1 tasks) w/ 1 CPUs. 3.000000 <= MDL < 4.500000. Timeout 999.656916.
	(ocaml: 1 CPUs. shatter: 1. |fringe| = 1. |finished| = 0.)
	(ocaml: 1 CPUs. shatter: 1. |fringe| = 1. |finished| = 0.)
(python) Launching tfullstr -> tfullstr (1 tasks) w/ 1 CPUs. 3.000000 <= MDL < 4.500000. Timeout 999.655566.
(python) Launching tfullstr -> tfullstr (1 tasks) w/ 1 CPUs. 3.000000 <= MDL < 4.500000. Timeout 999.656655.
	(ocaml: 1 CPUs. shatter: 1. |fringe| = 1. |finished| = 0.)
(python) Launching tfullstr -> tfullstr (1 tasks) w/ 1 CPUs. 3.000000 <= MDL < 4.500000. Timeout 999.659590.
(python) Launching tfullstr -> tfullstr (1 tasks) w/ 1 CPUs. 3.000000 <= MDL < 4.500000. Timeout 999.660542.
	(ocaml: 1 CPUs. shatter: 1. |fringe| = 1. |finished| = 0.)
(python) Launching tfullstr -> tfullstr (1 tasks) w/ 1 CPUs. 3.000000 <= MDL < 4.500000. Timeout 999.665782.
	(ocaml: 1 CPUs. shatter: 1. |fringe| = 1. |finished| = 0.)
	(ocaml: 1 CPUs. shatter: 1. |fringe| = 1. |finished| = 0.)
(python) Launching tfullstr -> tfullstr (1 tasks) w/ 1 CPUs. 3.000000 <= MDL < 4.500000. Timeout 999.650992.
	(ocaml: 1 CPUs. shatter: 1. |fringe| = 1. |finished| = 0.)
	(ocaml: 1 CPUs. shatter: 1. |fringe| = 1. |finished| = 0.)
(python) Launching tfullstr -> tfullstr (1 tasks) w/ 1 CPUs. 3.000000 <= MDL < 4.500000. Timeout 999.661912.
	(ocaml: 1 CPUs. shatter: 1. |fringe| = 1. |finished| = 0.)
(python) Launching tfullstr -> tfullstr (1 tasks) w/ 1 CPUs. 3.000000 <= MDL < 4.500000. Timeout 999.658544.
(python) Launching tfullstr -> tfullstr (1 tasks) w/ 1 CPUs. 3.000000 <= MDL < 4.500000. Timeout 999.657570.
	(ocaml: 1 CPUs. shatter: 1. |fringe| = 1. |finished| = 0.)
	(ocaml: 1 CPUs. shatter: 1. |fringe| = 1. |finished| = 0.)
(python) Launching tfullstr -> tfullstr (1 tasks) w/ 1 CPUs. 3.000000 <= MDL < 4.500000. Timeout 999.656699.
	(ocaml: 1 CPUs. shatter: 1. |fringe| = 1. |finished| = 0.)
(python) Launching tfullstr -> tfullstr (1 tasks) w/ 1 CPUs. 3.000000 <= MDL < 4.500000. Timeout 999.656315.
	(ocaml: 1 CPUs. shatter: 1. |fringe| = 1. |finished| = 0.)
(python) Launching tfullstr -> tfullstr (1 tasks) w/ 1 CPUs. 3.000000 <= MDL < 4.500000. Timeout 999.660545.
	(ocaml: 1 CPUs. shatter: 1. |fringe| = 1. |finished| = 0.)
(python) Launching tfullstr -> tfullstr (1 tasks) w/ 1 CPUs. 3.000000 <= MDL < 4.500000. Timeout 999.651209.
	(ocaml: 1 CPUs. shatter: 1. |fringe| = 1. |finished| = 0.)
(python) Launching tfullstr -> tfullstr (1 tasks) w/ 1 CPUs. 3.000000 <= MDL < 4.500000. Timeout 999.653676.
	(ocaml: 1 CPUs. shatter: 1. |fringe| = 1. |finished| = 0.)
(python) Launching tfullstr -> tfullstr (1 tasks) w/ 1 CPUs. 4.500000 <= MDL < 6.000000. Timeout 999.498231.
(python) Launching tfullstr -> tfullstr (1 tasks) w/ 1 CPUs. 3.000000 <= MDL < 4.500000. Timeout 999.650705.
	(ocaml: 1 CPUs. shatter: 1. |fringe| = 1. |finished| = 0.)
(python) Launching tfullstr -> tfullstr (1 tasks) w/ 1 CPUs. 4.500000 <= MDL < 6.000000. Timeout 999.481281.
	(ocaml: 1 CPUs. shatter: 1. |fringe| = 1. |finished| = 0.)
(python) Launching tfullstr -> tfullstr (1 tasks) w/ 1 CPUs. 4.500000 <= MDL < 6.000000. Timeout 999.493034.
	(ocaml: 1 CPUs. shatter: 1. |fringe| = 1. |finished| = 0.)
(python) Launching tfullstr -> tfullstr (1 tasks) w/ 1 CPUs. 4.500000 <= MDL < 6.000000. Timeout 999.483017.
	(ocaml: 1 CPUs. shatter: 1. |fringe| = 1. |finished| = 0.)
	(ocaml: 1 CPUs. shatter: 1. |fringe| = 1. |finished| = 0.)
(python) Launching tfullstr -> tfullstr (1 tasks) w/ 1 CPUs. 4.500000 <= MDL < 6.000000. Timeout 999.487472.
(python) Launching tfullstr -> tfullstr (1 tasks) w/ 1 CPUs. 4.500000 <= MDL < 6.000000. Timeout 999.487655.
(python) Launching tfullstr -> tfullstr (1 tasks) w/ 1 CPUs. 4.500000 <= MDL < 6.000000. Timeout 999.489203.
	(ocaml: 1 CPUs. shatter: 1. |fringe| = 1. |finished| = 0.)
	(ocaml: 1 CPUs. shatter: 1. |fringe| = 1. |finished| = 0.)
(python) Launching tfullstr -> tfullstr (1 tasks) w/ 1 CPUs. 4.500000 <= MDL < 6.000000. Timeout 999.495681.
(python) Launching tfullstr -> tfullstr (1 tasks) w/ 1 CPUs. 4.500000 <= MDL < 6.000000. Timeout 999.484085.
	(ocaml: 1 CPUs. shatter: 1. |fringe| = 1. |finished| = 0.)
(python) Launching tfullstr -> tfullstr (1 tasks) w/ 1 CPUs. 4.500000 <= MDL < 6.000000. Timeout 999.490980.
	(ocaml: 1 CPUs. shatter: 1. |fringe| = 1. |finished| = 0.)
	(ocaml: 1 CPUs. shatter: 1. |fringe| = 1. |finished| = 0.)
	(ocaml: 1 CPUs. shatter: 1. |fringe| = 1. |finished| = 0.)
(python) Launching tfullstr -> tfullstr (1 tasks) w/ 1 CPUs. 4.500000 <= MDL < 6.000000. Timeout 999.488474.
(python) Launching tfullstr -> tfullstr (1 tasks) w/ 1 CPUs. 4.500000 <= MDL < 6.000000. Timeout 999.494237.
	(ocaml: 1 CPUs. shatter: 1. |fringe| = 1. |finished| = 0.)
	(ocaml: 1 CPUs. shatter: 1. |fringe| = 1. |finished| = 0.)
(python) Launching tfullstr -> tfullstr (1 tasks) w/ 1 CPUs. 4.500000 <= MDL < 6.000000. Timeout 999.478232.
(python) Launching tfullstr -> tfullstr (1 tasks) w/ 1 CPUs. 4.500000 <= MDL < 6.000000. Timeout 999.490710.
(python) Launching tfullstr -> tfullstr (1 tasks) w/ 1 CPUs. 4.500000 <= MDL < 6.000000. Timeout 999.478492.
	(ocaml: 1 CPUs. shatter: 1. |fringe| = 1. |finished| = 0.)
	(ocaml: 1 CPUs. shatter: 1. |fringe| = 1. |finished| = 0.)
	(ocaml: 1 CPUs. shatter: 1. |fringe| = 1. |finished| = 0.)
(python) Launching tfullstr -> tfullstr (1 tasks) w/ 1 CPUs. 4.500000 <= MDL < 6.000000. Timeout 999.482073.
(python) Launching tfullstr -> tfullstr (1 tasks) w/ 1 CPUs. 4.500000 <= MDL < 6.000000. Timeout 999.481215.
	(ocaml: 1 CPUs. shatter: 1. |fringe| = 1. |finished| = 0.)
	(ocaml: 1 CPUs. shatter: 1. |fringe| = 1. |finished| = 0.)
(python) Launching tfullstr -> tfullstr (1 tasks) w/ 1 CPUs. 4.500000 <= MDL < 6.000000. Timeout 999.484940.
	(ocaml: 1 CPUs. shatter: 1. |fringe| = 1. |finished| = 0.)
(python) Launching tfullstr -> tfullstr (1 tasks) w/ 1 CPUs. 4.500000 <= MDL < 6.000000. Timeout 999.473387.
(python) Launching tfullstr -> tfullstr (1 tasks) w/ 1 CPUs. 4.500000 <= MDL < 6.000000. Timeout 999.481328.
(python) Launching tfullstr -> tfullstr (1 tasks) w/ 1 CPUs. 4.500000 <= MDL < 6.000000. Timeout 999.481650.
	(ocaml: 1 CPUs. shatter: 1. |fringe| = 1. |finished| = 0.)
	(ocaml: 1 CPUs. shatter: 1. |fringe| = 1. |finished| = 0.)
(python) Launching tfullstr -> tfullstr (1 tasks) w/ 1 CPUs. 4.500000 <= MDL < 6.000000. Timeout 999.486876.
	(ocaml: 1 CPUs. shatter: 1. |fringe| = 1. |finished| = 0.)
	(ocaml: 1 CPUs. shatter: 1. |fringe| = 1. |finished| = 0.)
(python) Launching tfullstr -> tfullstr (1 tasks) w/ 1 CPUs. 4.500000 <= MDL < 6.000000. Timeout 999.471996.
(python) Launching tfullstr -> tfullstr (1 tasks) w/ 1 CPUs. 4.500000 <= MDL < 6.000000. Timeout 999.480500.
	(ocaml: 1 CPUs. shatter: 1. |fringe| = 1. |finished| = 0.)
	(ocaml: 1 CPUs. shatter: 1. |fringe| = 1. |finished| = 0.)
(python) Launching tfullstr -> tfullstr (1 tasks) w/ 1 CPUs. 4.500000 <= MDL < 6.000000. Timeout 999.478164.
(python) Launching tfullstr -> tfullstr (1 tasks) w/ 1 CPUs. 4.500000 <= MDL < 6.000000. Timeout 999.478083.
	(ocaml: 1 CPUs. shatter: 1. |fringe| = 1. |finished| = 0.)
(python) Launching tfullstr -> tfullstr (1 tasks) w/ 1 CPUs. 4.500000 <= MDL < 6.000000. Timeout 999.477260.
	(ocaml: 1 CPUs. shatter: 1. |fringe| = 1. |finished| = 0.)
(python) Launching tfullstr -> tfullstr (1 tasks) w/ 1 CPUs. 4.500000 <= MDL < 6.000000. Timeout 999.478043.
(python) Launching tfullstr -> tfullstr (1 tasks) w/ 1 CPUs. 4.500000 <= MDL < 6.000000. Timeout 999.482665.
	(ocaml: 1 CPUs. shatter: 1. |fringe| = 1. |finished| = 0.)
	(ocaml: 1 CPUs. shatter: 1. |fringe| = 1. |finished| = 0.)
	(ocaml: 1 CPUs. shatter: 1. |fringe| = 1. |finished| = 0.)
(python) Launching tfullstr -> tfullstr (1 tasks) w/ 1 CPUs. 4.500000 <= MDL < 6.000000. Timeout 999.472474.
(python) Launching tfullstr -> tfullstr (1 tasks) w/ 1 CPUs. 4.500000 <= MDL < 6.000000. Timeout 999.473718.
	(ocaml: 1 CPUs. shatter: 1. |fringe| = 1. |finished| = 0.)
	(ocaml: 1 CPUs. shatter: 1. |fringe| = 1. |finished| = 0.)
(python) Launching tfullstr -> tfullstr (1 tasks) w/ 1 CPUs. 6.000000 <= MDL < 7.500000. Timeout 999.317760.
	(ocaml: 1 CPUs. shatter: 1. |fringe| = 1. |finished| = 0.)
(python) Launching tfullstr -> tfullstr (1 tasks) w/ 1 CPUs. 4.500000 <= MDL < 6.000000. Timeout 999.468716.
	(ocaml: 1 CPUs. shatter: 1. |fringe| = 1. |finished| = 0.)
(python) Launching tfullstr -> tfullstr (1 tasks) w/ 1 CPUs. 6.000000 <= MDL < 7.500000. Timeout 999.298424.
	(ocaml: 1 CPUs. shatter: 1. |fringe| = 1. |finished| = 0.)
(python) Launching tfullstr -> tfullstr (1 tasks) w/ 1 CPUs. 6.000000 <= MDL < 7.500000. Timeout 999.307203.
(python) Launching tfullstr -> tfullstr (1 tasks) w/ 1 CPUs. 6.000000 <= MDL < 7.500000. Timeout 999.306229.
	(ocaml: 1 CPUs. shatter: 1. |fringe| = 1. |finished| = 0.)
(python) Launching tfullstr -> tfullstr (1 tasks) w/ 1 CPUs. 6.000000 <= MDL < 7.500000. Timeout 999.307114.
	(ocaml: 1 CPUs. shatter: 1. |fringe| = 1. |finished| = 0.)
(python) Launching tfullstr -> tfullstr (1 tasks) w/ 1 CPUs. 6.000000 <= MDL < 7.500000. Timeout 999.307094.
(python) Launching tfullstr -> tfullstr (1 tasks) w/ 1 CPUs. 6.000000 <= MDL < 7.500000. Timeout 999.320545.
	(ocaml: 1 CPUs. shatter: 1. |fringe| = 1. |finished| = 0.)
(python) Launching tfullstr -> tfullstr (1 tasks) w/ 1 CPUs. 6.000000 <= MDL < 7.500000. Timeout 999.303393.
	(ocaml: 1 CPUs. shatter: 1. |fringe| = 1. |finished| = 0.)
	(ocaml: 1 CPUs. shatter: 1. |fringe| = 1. |finished| = 0.)
(python) Launching tfullstr -> tfullstr (1 tasks) w/ 1 CPUs. 6.000000 <= MDL < 7.500000. Timeout 999.315207.
	(ocaml: 1 CPUs. shatter: 1. |fringe| = 1. |finished| = 0.)
	(ocaml: 1 CPUs. shatter: 1. |fringe| = 1. |finished| = 0.)
(python) Launching tfullstr -> tfullstr (1 tasks) w/ 1 CPUs. 6.000000 <= MDL < 7.500000. Timeout 999.296123.
(python) Launching tfullstr -> tfullstr (1 tasks) w/ 1 CPUs. 6.000000 <= MDL < 7.500000. Timeout 999.309478.
	(ocaml: 1 CPUs. shatter: 1. |fringe| = 1. |finished| = 0.)
(python) Launching tfullstr -> tfullstr (1 tasks) w/ 1 CPUs. 6.000000 <= MDL < 7.500000. Timeout 999.315500.
	(ocaml: 1 CPUs. shatter: 1. |fringe| = 1. |finished| = 0.)
(python) Launching tfullstr -> tfullstr (1 tasks) w/ 1 CPUs. 6.000000 <= MDL < 7.500000. Timeout 999.303937.
	(ocaml: 1 CPUs. shatter: 1. |fringe| = 1. |finished| = 0.)
(python) Launching tfullstr -> tfullstr (1 tasks) w/ 1 CPUs. 6.000000 <= MDL < 7.500000. Timeout 999.315540.
(python) Launching tfullstr -> tfullstr (1 tasks) w/ 1 CPUs. 6.000000 <= MDL < 7.500000. Timeout 999.313108.
	(ocaml: 1 CPUs. shatter: 1. |fringe| = 1. |finished| = 0.)
	(ocaml: 1 CPUs. shatter: 1. |fringe| = 1. |finished| = 0.)
	(ocaml: 1 CPUs. shatter: 1. |fringe| = 1. |finished| = 0.)
(python) Launching tfullstr -> tfullstr (1 tasks) w/ 1 CPUs. 6.000000 <= MDL < 7.500000. Timeout 999.294600.
(python) Launching tfullstr -> tfullstr (1 tasks) w/ 1 CPUs. 6.000000 <= MDL < 7.500000. Timeout 999.304111.
	(ocaml: 1 CPUs. shatter: 1. |fringe| = 1. |finished| = 0.)
	(ocaml: 1 CPUs. shatter: 1. |fringe| = 1. |finished| = 0.)
(python) Launching tfullstr -> tfullstr (1 tasks) w/ 1 CPUs. 6.000000 <= MDL < 7.500000. Timeout 999.306657.
	(ocaml: 1 CPUs. shatter: 1. |fringe| = 1. |finished| = 0.)
(python) Launching tfullstr -> tfullstr (1 tasks) w/ 1 CPUs. 6.000000 <= MDL < 7.500000. Timeout 999.309369.
	(ocaml: 1 CPUs. shatter: 1. |fringe| = 1. |finished| = 0.)
	(ocaml: 1 CPUs. shatter: 1. |fringe| = 1. |finished| = 0.)
(python) Launching tfullstr -> tfullstr (1 tasks) w/ 1 CPUs. 6.000000 <= MDL < 7.500000. Timeout 999.288180.
(python) Launching tfullstr -> tfullstr (1 tasks) w/ 1 CPUs. 6.000000 <= MDL < 7.500000. Timeout 999.300490.
(python) Launching tfullstr -> tfullstr (1 tasks) w/ 1 CPUs. 6.000000 <= MDL < 7.500000. Timeout 999.307211.
	(ocaml: 1 CPUs. shatter: 1. |fringe| = 1. |finished| = 0.)
	(ocaml: 1 CPUs. shatter: 1. |fringe| = 1. |finished| = 0.)
(python) Launching tfullstr -> tfullstr (1 tasks) w/ 1 CPUs. 6.000000 <= MDL < 7.500000. Timeout 999.308841.
	(ocaml: 1 CPUs. shatter: 1. |fringe| = 1. |finished| = 0.)
(python) Launching tfullstr -> tfullstr (1 tasks) w/ 1 CPUs. 6.000000 <= MDL < 7.500000. Timeout 999.286457.
	(ocaml: 1 CPUs. shatter: 1. |fringe| = 1. |finished| = 0.)
(python) Launching tfullstr -> tfullstr (1 tasks) w/ 1 CPUs. 6.000000 <= MDL < 7.500000. Timeout 999.298028.
	(ocaml: 1 CPUs. shatter: 1. |fringe| = 1. |finished| = 0.)
(python) Launching tfullstr -> tfullstr (1 tasks) w/ 1 CPUs. 6.000000 <= MDL < 7.500000. Timeout 999.297307.
	(ocaml: 1 CPUs. shatter: 1. |fringe| = 1. |finished| = 0.)
(python) Launching tfullstr -> tfullstr (1 tasks) w/ 1 CPUs. 6.000000 <= MDL < 7.500000. Timeout 999.297692.
(python) Launching tfullstr -> tfullstr (1 tasks) w/ 1 CPUs. 6.000000 <= MDL < 7.500000. Timeout 999.299581.
	(ocaml: 1 CPUs. shatter: 1. |fringe| = 1. |finished| = 0.)
(python) Launching tfullstr -> tfullstr (1 tasks) w/ 1 CPUs. 6.000000 <= MDL < 7.500000. Timeout 999.305098.
	(ocaml: 1 CPUs. shatter: 1. |fringe| = 1. |finished| = 0.)
(python) Launching tfullstr -> tfullstr (1 tasks) w/ 1 CPUs. 6.000000 <= MDL < 7.500000. Timeout 999.294781.
	(ocaml: 1 CPUs. shatter: 1. |fringe| = 1. |finished| = 0.)
(python) Launching tfullstr -> tfullstr (1 tasks) w/ 1 CPUs. 6.000000 <= MDL < 7.500000. Timeout 999.296601.
	(ocaml: 1 CPUs. shatter: 1. |fringe| = 1. |finished| = 0.)
(python) Launching tfullstr -> tfullstr (1 tasks) w/ 1 CPUs. 7.500000 <= MDL < 9.000000. Timeout 999.141478.
	(ocaml: 1 CPUs. shatter: 1. |fringe| = 1. |finished| = 0.)
	(ocaml: 1 CPUs. shatter: 1. |fringe| = 1. |finished| = 0.)
(python) Launching tfullstr -> tfullstr (1 tasks) w/ 1 CPUs. 6.000000 <= MDL < 7.500000. Timeout 999.292454.
(python) Launching tfullstr -> tfullstr (1 tasks) w/ 1 CPUs. 7.500000 <= MDL < 9.000000. Timeout 999.135794.
	(ocaml: 1 CPUs. shatter: 1. |fringe| = 1. |finished| = 0.)
(python) Launching tfullstr -> tfullstr (1 tasks) w/ 1 CPUs. 7.500000 <= MDL < 9.000000. Timeout 999.116865.
(python) Launching tfullstr -> tfullstr (1 tasks) w/ 1 CPUs. 7.500000 <= MDL < 9.000000. Timeout 999.135027.
	(ocaml: 1 CPUs. shatter: 1. |fringe| = 1. |finished| = 0.)
	(ocaml: 1 CPUs. shatter: 1. |fringe| = 1. |finished| = 0.)
(python) Launching tfullstr -> tfullstr (1 tasks) w/ 1 CPUs. 7.500000 <= MDL < 9.000000. Timeout 999.123756.
	(ocaml: 1 CPUs. shatter: 1. |fringe| = 1. |finished| = 0.)
(python) Launching tfullstr -> tfullstr (1 tasks) w/ 1 CPUs. 7.500000 <= MDL < 9.000000. Timeout 999.128029.
	(ocaml: 1 CPUs. shatter: 1. |fringe| = 1. |finished| = 0.)
(python) Launching tfullstr -> tfullstr (1 tasks) w/ 1 CPUs. 7.500000 <= MDL < 9.000000. Timeout 999.140442.
	(ocaml: 1 CPUs. shatter: 1. |fringe| = 1. |finished| = 0.)
	(ocaml: 1 CPUs. shatter: 1. |fringe| = 1. |finished| = 0.)
(python) Launching tfullstr -> tfullstr (1 tasks) w/ 1 CPUs. 7.500000 <= MDL < 9.000000. Timeout 999.122716.
(python) Launching tfullstr -> tfullstr (1 tasks) w/ 1 CPUs. 7.500000 <= MDL < 9.000000. Timeout 999.134797.
(python) Launching tfullstr -> tfullstr (1 tasks) w/ 1 CPUs. 7.500000 <= MDL < 9.000000. Timeout 999.116630.
	(ocaml: 1 CPUs. shatter: 1. |fringe| = 1. |finished| = 0.)
	(ocaml: 1 CPUs. shatter: 1. |fringe| = 1. |finished| = 0.)
(python) Launching tfullstr -> tfullstr (1 tasks) w/ 1 CPUs. 7.500000 <= MDL < 9.000000. Timeout 999.128513.
	(ocaml: 1 CPUs. shatter: 1. |fringe| = 1. |finished| = 0.)
(python) Launching tfullstr -> tfullstr (1 tasks) w/ 1 CPUs. 7.500000 <= MDL < 9.000000. Timeout 999.131655.
	(ocaml: 1 CPUs. shatter: 1. |fringe| = 1. |finished| = 0.)
(python) Launching tfullstr -> tfullstr (1 tasks) w/ 1 CPUs. 7.500000 <= MDL < 9.000000. Timeout 999.119179.
(python) Launching tfullstr -> tfullstr (1 tasks) w/ 1 CPUs. 7.500000 <= MDL < 9.000000. Timeout 999.131526.
	(ocaml: 1 CPUs. shatter: 1. |fringe| = 1. |finished| = 0.)
	(ocaml: 1 CPUs. shatter: 1. |fringe| = 1. |finished| = 0.)
(python) Launching tfullstr -> tfullstr (1 tasks) w/ 1 CPUs. 7.500000 <= MDL < 9.000000. Timeout 999.131104.
	(ocaml: 1 CPUs. shatter: 1. |fringe| = 1. |finished| = 0.)
	(ocaml: 1 CPUs. shatter: 1. |fringe| = 1. |finished| = 0.)
(python) Launching tfullstr -> tfullstr (1 tasks) w/ 1 CPUs. 7.500000 <= MDL < 9.000000. Timeout 999.114670.
(python) Launching tfullstr -> tfullstr (1 tasks) w/ 1 CPUs. 7.500000 <= MDL < 9.000000. Timeout 999.124573.
(python) Launching tfullstr -> tfullstr (1 tasks) w/ 1 CPUs. 7.500000 <= MDL < 9.000000. Timeout 999.129018.
	(ocaml: 1 CPUs. shatter: 1. |fringe| = 1. |finished| = 0.)
(python) Launching tfullstr -> tfullstr (1 tasks) w/ 1 CPUs. 7.500000 <= MDL < 9.000000. Timeout 999.132876.
	(ocaml: 1 CPUs. shatter: 1. |fringe| = 1. |finished| = 0.)
	(ocaml: 1 CPUs. shatter: 1. |fringe| = 1. |finished| = 0.)
(python) Launching tfullstr -> tfullstr (1 tasks) w/ 1 CPUs. 7.500000 <= MDL < 9.000000. Timeout 999.112161.
	(ocaml: 1 CPUs. shatter: 1. |fringe| = 1. |finished| = 0.)
(python) Launching tfullstr -> tfullstr (1 tasks) w/ 1 CPUs. 7.500000 <= MDL < 9.000000. Timeout 999.123322.
	(ocaml: 1 CPUs. shatter: 1. |fringe| = 1. |finished| = 0.)
(python) Launching tfullstr -> tfullstr (1 tasks) w/ 1 CPUs. 7.500000 <= MDL < 9.000000. Timeout 999.128265.
	(ocaml: 1 CPUs. shatter: 1. |fringe| = 1. |finished| = 0.)
	(ocaml: 1 CPUs. shatter: 1. |fringe| = 1. |finished| = 0.)
(python) Launching tfullstr -> tfullstr (1 tasks) w/ 1 CPUs. 7.500000 <= MDL < 9.000000. Timeout 999.128963.
	(ocaml: 1 CPUs. shatter: 1. |fringe| = 1. |finished| = 0.)
(python) Launching tfullstr -> tfullstr (1 tasks) w/ 1 CPUs. 7.500000 <= MDL < 9.000000. Timeout 999.106452.
	(ocaml: 1 CPUs. shatter: 1. |fringe| = 1. |finished| = 0.)
(python) Launching tfullstr -> tfullstr (1 tasks) w/ 1 CPUs. 7.500000 <= MDL < 9.000000. Timeout 999.119551.
(python) Launching tfullstr -> tfullstr (1 tasks) w/ 1 CPUs. 7.500000 <= MDL < 9.000000. Timeout 999.119260.
(python) Launching tfullstr -> tfullstr (1 tasks) w/ 1 CPUs. 7.500000 <= MDL < 9.000000. Timeout 999.119521.
	(ocaml: 1 CPUs. shatter: 1. |fringe| = 1. |finished| = 0.)
	(ocaml: 1 CPUs. shatter: 1. |fringe| = 1. |finished| = 0.)
(python) Launching tfullstr -> tfullstr (1 tasks) w/ 1 CPUs. 7.500000 <= MDL < 9.000000. Timeout 999.120171.
	(ocaml: 1 CPUs. shatter: 1. |fringe| = 1. |finished| = 0.)
(python) Launching tfullstr -> tfullstr (1 tasks) w/ 1 CPUs. 7.500000 <= MDL < 9.000000. Timeout 999.123597.
	(ocaml: 1 CPUs. shatter: 1. |fringe| = 1. |finished| = 0.)
(python) Launching tfullstr -> tfullstr (1 tasks) w/ 1 CPUs. 7.500000 <= MDL < 9.000000. Timeout 999.114084.
(python) Launching tfullstr -> tfullstr (1 tasks) w/ 1 CPUs. 7.500000 <= MDL < 9.000000. Timeout 999.117727.
	(ocaml: 1 CPUs. shatter: 1. |fringe| = 1. |finished| = 0.)
	(ocaml: 1 CPUs. shatter: 1. |fringe| = 1. |finished| = 0.)
(python) Launching tfullstr -> tfullstr (1 tasks) w/ 1 CPUs. 9.000000 <= MDL < 10.500000. Timeout 998.962765.
	(ocaml: 1 CPUs. shatter: 1. |fringe| = 1. |finished| = 0.)
(python) Launching tfullstr -> tfullstr (1 tasks) w/ 1 CPUs. 7.500000 <= MDL < 9.000000. Timeout 999.114125.
	(ocaml: 1 CPUs. shatter: 1. |fringe| = 1. |finished| = 0.)
(python) Launching tfullstr -> tfullstr (1 tasks) w/ 1 CPUs. 9.000000 <= MDL < 10.500000. Timeout 998.956676.
(python) Launching tfullstr -> tfullstr (1 tasks) w/ 1 CPUs. 9.000000 <= MDL < 10.500000. Timeout 998.939728.
	(ocaml: 1 CPUs. shatter: 1. |fringe| = 1. |finished| = 0.)
	(ocaml: 1 CPUs. shatter: 1. |fringe| = 1. |finished| = 0.)
(python) Launching tfullstr -> tfullstr (1 tasks) w/ 1 CPUs. 9.000000 <= MDL < 10.500000. Timeout 998.954827.
	(ocaml: 1 CPUs. shatter: 1. |fringe| = 1. |finished| = 0.)
(python) Launching tfullstr -> tfullstr (1 tasks) w/ 1 CPUs. 9.000000 <= MDL < 10.500000. Timeout 998.943194.
	(ocaml: 1 CPUs. shatter: 1. |fringe| = 1. |finished| = 0.)
(python) Launching tfullstr -> tfullstr (1 tasks) w/ 1 CPUs. 9.000000 <= MDL < 10.500000. Timeout 998.946385.
(python) Launching tfullstr -> tfullstr (1 tasks) w/ 1 CPUs. 9.000000 <= MDL < 10.500000. Timeout 998.958665.
	(ocaml: 1 CPUs. shatter: 1. |fringe| = 1. |finished| = 0.)
	(ocaml: 1 CPUs. shatter: 1. |fringe| = 1. |finished| = 0.)
(python) Launching tfullstr -> tfullstr (1 tasks) w/ 1 CPUs. 9.000000 <= MDL < 10.500000. Timeout 998.959183.
(python) Launching tfullstr -> tfullstr (1 tasks) w/ 1 CPUs. 9.000000 <= MDL < 10.500000. Timeout 998.936657.
	(ocaml: 1 CPUs. shatter: 1. |fringe| = 1. |finished| = 0.)
(python) Launching tfullstr -> tfullstr (1 tasks) w/ 1 CPUs. 9.000000 <= MDL < 10.500000. Timeout 998.935057.
	(ocaml: 1 CPUs. shatter: 1. |fringe| = 1. |finished| = 0.)
	(ocaml: 1 CPUs. shatter: 1. |fringe| = 1. |finished| = 0.)
(python) Launching tfullstr -> tfullstr (1 tasks) w/ 1 CPUs. 9.000000 <= MDL < 10.500000. Timeout 998.946984.
	(ocaml: 1 CPUs. shatter: 1. |fringe| = 1. |finished| = 0.)
	(ocaml: 1 CPUs. shatter: 1. |fringe| = 1. |finished| = 0.)
(python) Launching tfullstr -> tfullstr (1 tasks) w/ 1 CPUs. 9.000000 <= MDL < 10.500000. Timeout 998.945627.
	(ocaml: 1 CPUs. shatter: 1. |fringe| = 1. |finished| = 0.)
(python) Launching tfullstr -> tfullstr (1 tasks) w/ 1 CPUs. 9.000000 <= MDL < 10.500000. Timeout 998.956033.
	(ocaml: 1 CPUs. shatter: 1. |fringe| = 1. |finished| = 0.)
(python) Launching tfullstr -> tfullstr (1 tasks) w/ 1 CPUs. 9.000000 <= MDL < 10.500000. Timeout 998.938550.
	(ocaml: 1 CPUs. shatter: 1. |fringe| = 1. |finished| = 0.)
(python) Launching tfullstr -> tfullstr (1 tasks) w/ 1 CPUs. 9.000000 <= MDL < 10.500000. Timeout 998.948289.
	(ocaml: 1 CPUs. shatter: 1. |fringe| = 1. |finished| = 0.)
(python) Launching tfullstr -> tfullstr (1 tasks) w/ 1 CPUs. 9.000000 <= MDL < 10.500000. Timeout 998.930282.
(python) Launching tfullstr -> tfullstr (1 tasks) w/ 1 CPUs. 9.000000 <= MDL < 10.500000. Timeout 998.941230.
(python) Launching tfullstr -> tfullstr (1 tasks) w/ 1 CPUs. 9.000000 <= MDL < 10.500000. Timeout 998.946522.
	(ocaml: 1 CPUs. shatter: 1. |fringe| = 1. |finished| = 0.)
(python) Launching tfullstr -> tfullstr (1 tasks) w/ 1 CPUs. 9.000000 <= MDL < 10.500000. Timeout 998.948882.
	(ocaml: 1 CPUs. shatter: 1. |fringe| = 1. |finished| = 0.)
	(ocaml: 1 CPUs. shatter: 1. |fringe| = 1. |finished| = 0.)
(python) Launching tfullstr -> tfullstr (1 tasks) w/ 1 CPUs. 9.000000 <= MDL < 10.500000. Timeout 998.929647.
	(ocaml: 1 CPUs. shatter: 1. |fringe| = 1. |finished| = 0.)
	(ocaml: 1 CPUs. shatter: 1. |fringe| = 1. |finished| = 0.)
(python) Launching tfullstr -> tfullstr (1 tasks) w/ 1 CPUs. 9.000000 <= MDL < 10.500000. Timeout 998.940708.
	(ocaml: 1 CPUs. shatter: 1. |fringe| = 1. |finished| = 0.)
(python) Launching tfullstr -> tfullstr (1 tasks) w/ 1 CPUs. 9.000000 <= MDL < 10.500000. Timeout 998.945590.
(python) Launching tfullstr -> tfullstr (1 tasks) w/ 1 CPUs. 9.000000 <= MDL < 10.500000. Timeout 998.946982.
(python) Launching tfullstr -> tfullstr (1 tasks) w/ 1 CPUs. 9.000000 <= MDL < 10.500000. Timeout 998.927370.
	(ocaml: 1 CPUs. shatter: 1. |fringe| = 1. |finished| = 0.)
(python) Launching tfullstr -> tfullstr (1 tasks) w/ 1 CPUs. 9.000000 <= MDL < 10.500000. Timeout 998.942487.
(python) Launching tfullstr -> tfullstr (1 tasks) w/ 1 CPUs. 9.000000 <= MDL < 10.500000. Timeout 998.942479.
	(ocaml: 1 CPUs. shatter: 1. |fringe| = 1. |finished| = 0.)
	(ocaml: 1 CPUs. shatter: 1. |fringe| = 1. |finished| = 0.)
	(ocaml: 1 CPUs. shatter: 1. |fringe| = 1. |finished| = 0.)
(python) Launching tfullstr -> tfullstr (1 tasks) w/ 1 CPUs. 9.000000 <= MDL < 10.500000. Timeout 998.941003.
(python) Launching tfullstr -> tfullstr (1 tasks) w/ 1 CPUs. 9.000000 <= MDL < 10.500000. Timeout 998.941313.
	(ocaml: 1 CPUs. shatter: 1. |fringe| = 1. |finished| = 0.)
	(ocaml: 1 CPUs. shatter: 1. |fringe| = 1. |finished| = 0.)
(python) Launching tfullstr -> tfullstr (1 tasks) w/ 1 CPUs. 9.000000 <= MDL < 10.500000. Timeout 998.939881.
(python) Launching tfullstr -> tfullstr (1 tasks) w/ 1 CPUs. 9.000000 <= MDL < 10.500000. Timeout 998.939033.
	(ocaml: 1 CPUs. shatter: 1. |fringe| = 1. |finished| = 0.)
	(ocaml: 1 CPUs. shatter: 1. |fringe| = 1. |finished| = 0.)
(python) Launching tfullstr -> tfullstr (1 tasks) w/ 1 CPUs. 9.000000 <= MDL < 10.500000. Timeout 998.937190.
	(ocaml: 1 CPUs. shatter: 1. |fringe| = 1. |finished| = 0.)
(python) Launching tfullstr -> tfullstr (1 tasks) w/ 1 CPUs. 10.500000 <= MDL < 12.000000. Timeout 998.781896.
	(ocaml: 1 CPUs. shatter: 1. |fringe| = 1. |finished| = 0.)
(python) Launching tfullstr -> tfullstr (1 tasks) w/ 2 CPUs. 9.000000 <= MDL < 10.500000. Timeout 998.932962.
	(ocaml: 1 CPUs. shatter: 1. |fringe| = 1. |finished| = 0.)
(python) Launching tfullstr -> tfullstr (1 tasks) w/ 1 CPUs. 10.500000 <= MDL < 12.000000. Timeout 998.762124.
	(ocaml: 1 CPUs. shatter: 1. |fringe| = 1. |finished| = 0.)
	(ocaml: 1 CPUs. shatter: 1. |fringe| = 1. |finished| = 0.)
(python) Launching tfullstr -> tfullstr (1 tasks) w/ 1 CPUs. 10.500000 <= MDL < 12.000000. Timeout 998.773533.
(python) Launching tfullstr -> tfullstr (1 tasks) w/ 1 CPUs. 10.500000 <= MDL < 12.000000. Timeout 998.773442.
	(ocaml: 1 CPUs. shatter: 1. |fringe| = 1. |finished| = 0.)
(python) Launching tfullstr -> tfullstr (1 tasks) w/ 1 CPUs. 10.500000 <= MDL < 12.000000. Timeout 998.789760.
	(ocaml: 2 CPUs. shatter: 20. |fringe| = 43. |finished| = 0.)
	(ocaml: 1 CPUs. shatter: 1. |fringe| = 1. |finished| = 0.)
(python) Launching tfullstr -> tfullstr (1 tasks) w/ 1 CPUs. 10.500000 <= MDL < 12.000000. Timeout 998.765813.
(python) Launching tfullstr -> tfullstr (1 tasks) w/ 1 CPUs. 10.500000 <= MDL < 12.000000. Timeout 998.785310.
(python) Launching tfullstr -> tfullstr (1 tasks) w/ 1 CPUs. 10.500000 <= MDL < 12.000000. Timeout 998.762051.
	(ocaml: 1 CPUs. shatter: 1. |fringe| = 1. |finished| = 0.)
	(ocaml: 1 CPUs. shatter: 1. |fringe| = 1. |finished| = 0.)
(python) Launching tfullstr -> tfullstr (1 tasks) w/ 1 CPUs. 10.500000 <= MDL < 12.000000. Timeout 998.760853.
	(ocaml: 1 CPUs. shatter: 1. |fringe| = 1. |finished| = 0.)
(python) Launching tfullstr -> tfullstr (1 tasks) w/ 1 CPUs. 10.500000 <= MDL < 12.000000. Timeout 998.770365.
	(ocaml: 1 CPUs. shatter: 1. |fringe| = 1. |finished| = 0.)
(python) Launching tfullstr -> tfullstr (1 tasks) w/ 1 CPUs. 10.500000 <= MDL < 12.000000. Timeout 998.769104.
	(ocaml: 1 CPUs. shatter: 1. |fringe| = 1. |finished| = 0.)
	(ocaml: 1 CPUs. shatter: 1. |fringe| = 1. |finished| = 0.)
(python) Launching tfullstr -> tfullstr (1 tasks) w/ 1 CPUs. 10.500000 <= MDL < 12.000000. Timeout 998.770544.
(python) Launching tfullstr -> tfullstr (1 tasks) w/ 1 CPUs. 10.500000 <= MDL < 12.000000. Timeout 998.776451.
	(ocaml: 1 CPUs. shatter: 1. |fringe| = 1. |finished| = 0.)
(python) Launching tfullstr -> tfullstr (1 tasks) w/ 1 CPUs. 10.500000 <= MDL < 12.000000. Timeout 998.764621.
	(ocaml: 1 CPUs. shatter: 1. |fringe| = 1. |finished| = 0.)
(python) Launching tfullstr -> tfullstr (1 tasks) w/ 1 CPUs. 10.500000 <= MDL < 12.000000. Timeout 998.775501.
	(ocaml: 1 CPUs. shatter: 1. |fringe| = 1. |finished| = 0.)
	(ocaml: 1 CPUs. shatter: 1. |fringe| = 1. |finished| = 0.)
(python) Launching tfullstr -> tfullstr (1 tasks) w/ 2 CPUs. 10.500000 <= MDL < 12.000000. Timeout 998.777881.
(python) Launching tfullstr -> tfullstr (1 tasks) w/ 1 CPUs. 10.500000 <= MDL < 12.000000. Timeout 998.769181.
	(ocaml: 1 CPUs. shatter: 1. |fringe| = 1. |finished| = 0.)
(python) Launching tfullstr -> tfullstr (1 tasks) w/ 1 CPUs. 10.500000 <= MDL < 12.000000. Timeout 998.781782.
	(ocaml: 1 CPUs. shatter: 1. |fringe| = 1. |finished| = 0.)
	(ocaml: 1 CPUs. shatter: 1. |fringe| = 1. |finished| = 0.)
(python) Launching tfullstr -> tfullstr (1 tasks) w/ 1 CPUs. 10.500000 <= MDL < 12.000000. Timeout 998.771834.
(python) Launching tfullstr -> tfullstr (1 tasks) w/ 1 CPUs. 10.500000 <= MDL < 12.000000. Timeout 998.788455.
	(ocaml: 1 CPUs. shatter: 1. |fringe| = 1. |finished| = 0.)
(python) Launching tfullstr -> tfullstr (1 tasks) w/ 1 CPUs. 10.500000 <= MDL < 12.000000. Timeout 998.776844.
(python) Launching tfullstr -> tfullstr (1 tasks) w/ 1 CPUs. 10.500000 <= MDL < 12.000000. Timeout 998.763559.
	(ocaml: 1 CPUs. shatter: 1. |fringe| = 1. |finished| = 0.)
	(ocaml: 2 CPUs. shatter: 20. |fringe| = 43. |finished| = 0.)
	(ocaml: 1 CPUs. shatter: 1. |fringe| = 1. |finished| = 0.)
(python) Launching tfullstr -> tfullstr (1 tasks) w/ 1 CPUs. 10.500000 <= MDL < 12.000000. Timeout 998.774182.
(python) Launching tfullstr -> tfullstr (1 tasks) w/ 1 CPUs. 10.500000 <= MDL < 12.000000. Timeout 998.774390.
(python) Launching tfullstr -> tfullstr (1 tasks) w/ 1 CPUs. 10.500000 <= MDL < 12.000000. Timeout 998.773908.
	(ocaml: 1 CPUs. shatter: 1. |fringe| = 1. |finished| = 0.)
	(ocaml: 1 CPUs. shatter: 1. |fringe| = 1. |finished| = 0.)
	(ocaml: 1 CPUs. shatter: 1. |fringe| = 1. |finished| = 0.)
(python) Launching tfullstr -> tfullstr (1 tasks) w/ 1 CPUs. 10.500000 <= MDL < 12.000000. Timeout 998.771351.
(python) Launching tfullstr -> tfullstr (1 tasks) w/ 1 CPUs. 10.500000 <= MDL < 12.000000. Timeout 998.771428.
(python) Launching tfullstr -> tfullstr (1 tasks) w/ 1 CPUs. 10.500000 <= MDL < 12.000000. Timeout 998.771142.
	(ocaml: 1 CPUs. shatter: 1. |fringe| = 1. |finished| = 0.)
	(ocaml: 1 CPUs. shatter: 1. |fringe| = 1. |finished| = 0.)
(python) Launching tfullstr -> tfullstr (1 tasks) w/ 1 CPUs. 10.500000 <= MDL < 12.000000. Timeout 998.768623.
	(ocaml: 1 CPUs. shatter: 1. |fringe| = 1. |finished| = 0.)
(python) Launching tfullstr -> tfullstr (1 tasks) w/ 1 CPUs. 12.000000 <= MDL < 13.500000. Timeout 998.612835.
	(ocaml: 1 CPUs. shatter: 1. |fringe| = 1. |finished| = 0.)
	(ocaml: 1 CPUs. shatter: 1. |fringe| = 1. |finished| = 0.)
(python) Launching tfullstr -> tfullstr (1 tasks) w/ 1 CPUs. 12.000000 <= MDL < 13.500000. Timeout 998.616081.
(python) Launching tfullstr -> tfullstr (1 tasks) w/ 1 CPUs. 12.000000 <= MDL < 13.500000. Timeout 998.590141.
	(ocaml: 1 CPUs. shatter: 1. |fringe| = 1. |finished| = 0.)
(python) Launching tfullstr -> tfullstr (1 tasks) w/ 1 CPUs. 12.000000 <= MDL < 13.500000. Timeout 998.605333.
	(ocaml: 1 CPUs. shatter: 1. |fringe| = 1. |finished| = 0.)
(python) Launching tfullstr -> tfullstr (1 tasks) w/ 2 CPUs. 10.500000 <= MDL < 12.000000. Timeout 998.742769.
	(ocaml: 1 CPUs. shatter: 1. |fringe| = 1. |finished| = 0.)
	(ocaml: 1 CPUs. shatter: 1. |fringe| = 1. |finished| = 0.)
(python) Launching tfullstr -> tfullstr (1 tasks) w/ 1 CPUs. 12.000000 <= MDL < 13.500000. Timeout 998.614797.
	(ocaml: 1 CPUs. shatter: 1. |fringe| = 1. |finished| = 0.)
(python) Launching tfullstr -> tfullstr (1 tasks) w/ 1 CPUs. 12.000000 <= MDL < 13.500000. Timeout 998.615677.
	(ocaml: 1 CPUs. shatter: 1. |fringe| = 1. |finished| = 0.)
(python) Launching tfullstr -> tfullstr (1 tasks) w/ 1 CPUs. 12.000000 <= MDL < 13.500000. Timeout 998.584425.
(python) Launching tfullstr -> tfullstr (1 tasks) w/ 1 CPUs. 12.000000 <= MDL < 13.500000. Timeout 998.584451.
	(ocaml: 2 CPUs. shatter: 20. |fringe| = 43. |finished| = 0.)
(python) Launching tfullstr -> tfullstr (1 tasks) w/ 1 CPUs. 12.000000 <= MDL < 13.500000. Timeout 998.600858.
	(ocaml: 1 CPUs. shatter: 1. |fringe| = 1. |finished| = 0.)
	(ocaml: 1 CPUs. shatter: 1. |fringe| = 1. |finished| = 0.)
(python) Launching tfullstr -> tfullstr (1 tasks) w/ 1 CPUs. 12.000000 <= MDL < 13.500000. Timeout 998.576126.
	(ocaml: 1 CPUs. shatter: 1. |fringe| = 1. |finished| = 0.)
(python) Launching tfullstr -> tfullstr (1 tasks) w/ 1 CPUs. 12.000000 <= MDL < 13.500000. Timeout 998.598676.
(python) Launching tfullstr -> tfullstr (1 tasks) w/ 1 CPUs. 12.000000 <= MDL < 13.500000. Timeout 998.586662.
	(ocaml: 1 CPUs. shatter: 1. |fringe| = 1. |finished| = 0.)
	(ocaml: 1 CPUs. shatter: 1. |fringe| = 1. |finished| = 0.)
(python) Launching tfullstr -> tfullstr (1 tasks) w/ 1 CPUs. 12.000000 <= MDL < 13.500000. Timeout 998.598738.
(python) Launching tfullstr -> tfullstr (1 tasks) w/ 1 CPUs. 12.000000 <= MDL < 13.500000. Timeout 998.586177.
	(ocaml: 1 CPUs. shatter: 1. |fringe| = 1. |finished| = 0.)
(python) Launching tfullstr -> tfullstr (1 tasks) w/ 1 CPUs. 12.000000 <= MDL < 13.500000. Timeout 998.595539.
	(ocaml: 1 CPUs. shatter: 1. |fringe| = 1. |finished| = 0.)
(python) Launching tfullstr -> tfullstr (1 tasks) w/ 1 CPUs. 12.000000 <= MDL < 13.500000. Timeout 998.592270.
	(ocaml: 1 CPUs. shatter: 1. |fringe| = 1. |finished| = 0.)
(python) Launching tfullstr -> tfullstr (1 tasks) w/ 1 CPUs. 12.000000 <= MDL < 13.500000. Timeout 998.603790.
(python) Launching tfullstr -> tfullstr (1 tasks) w/ 2 CPUs. 12.000000 <= MDL < 13.500000. Timeout 998.582060.
	(ocaml: 1 CPUs. shatter: 1. |fringe| = 1. |finished| = 0.)
	(ocaml: 1 CPUs. shatter: 1. |fringe| = 1. |finished| = 0.)
	(ocaml: 1 CPUs. shatter: 1. |fringe| = 1. |finished| = 0.)
(python) Launching tfullstr -> tfullstr (1 tasks) w/ 1 CPUs. 12.000000 <= MDL < 13.500000. Timeout 998.607779.
(python) Launching tfullstr -> tfullstr (1 tasks) w/ 1 CPUs. 12.000000 <= MDL < 13.500000. Timeout 998.581314.
	(ocaml: 1 CPUs. shatter: 1. |fringe| = 1. |finished| = 0.)
	(ocaml: 1 CPUs. shatter: 1. |fringe| = 1. |finished| = 0.)
(python) Launching tfullstr -> tfullstr (1 tasks) w/ 1 CPUs. 12.000000 <= MDL < 13.500000. Timeout 998.591697.
(python) Launching tfullstr -> tfullstr (1 tasks) w/ 1 CPUs. 12.000000 <= MDL < 13.500000. Timeout 998.577219.
(python) Launching tfullstr -> tfullstr (1 tasks) w/ 1 CPUs. 12.000000 <= MDL < 13.500000. Timeout 998.591586.
	(ocaml: 1 CPUs. shatter: 1. |fringe| = 1. |finished| = 0.)
(python) Launching tfullstr -> tfullstr (1 tasks) w/ 1 CPUs. 13.500000 <= MDL < 15.000000. Timeout 998.498940.
	(ocaml: 2 CPUs. shatter: 20. |fringe| = 43. |finished| = 0.)
	(ocaml: 1 CPUs. shatter: 1. |fringe| = 1. |finished| = 0.)
	(ocaml: 1 CPUs. shatter: 1. |fringe| = 1. |finished| = 0.)
(python) Launching tfullstr -> tfullstr (1 tasks) w/ 1 CPUs. 12.000000 <= MDL < 13.500000. Timeout 998.587533.
	(ocaml: 1 CPUs. shatter: 1. |fringe| = 1. |finished| = 0.)
(python) Launching tfullstr -> tfullstr (1 tasks) w/ 1 CPUs. 12.000000 <= MDL < 13.500000. Timeout 998.586342.
	(ocaml: 1 CPUs. shatter: 1. |fringe| = 1. |finished| = 0.)
(python) Launching tfullstr -> tfullstr (1 tasks) w/ 1 CPUs. 12.000000 <= MDL < 13.500000. Timeout 998.584608.
	(ocaml: 1 CPUs. shatter: 1. |fringe| = 1. |finished| = 0.)
(python) Launching tfullstr -> tfullstr (1 tasks) w/ 1 CPUs. 12.000000 <= MDL < 13.500000. Timeout 998.582453.
	(ocaml: 1 CPUs. shatter: 1. |fringe| = 1. |finished| = 0.)
(python) Launching tfullstr -> tfullstr (1 tasks) w/ 1 CPUs. 12.000000 <= MDL < 13.500000. Timeout 998.580362.
(python) Launching tfullstr -> tfullstr (1 tasks) w/ 1 CPUs. 13.500000 <= MDL < 15.000000. Timeout 998.425308.
	(ocaml: 1 CPUs. shatter: 1. |fringe| = 1. |finished| = 0.)
	(ocaml: 1 CPUs. shatter: 1. |fringe| = 1. |finished| = 0.)
(python) Launching tfullstr -> tfullstr (1 tasks) w/ 1 CPUs. 13.500000 <= MDL < 15.000000. Timeout 998.427741.
	(ocaml: 1 CPUs. shatter: 1. |fringe| = 1. |finished| = 0.)
(python) Launching tfullstr -> tfullstr (1 tasks) w/ 1 CPUs. 13.500000 <= MDL < 15.000000. Timeout 998.402102.
(python) Launching tfullstr -> tfullstr (1 tasks) w/ 1 CPUs. 13.500000 <= MDL < 15.000000. Timeout 998.418616.
	(ocaml: 1 CPUs. shatter: 1. |fringe| = 1. |finished| = 0.)
	(ocaml: 1 CPUs. shatter: 1. |fringe| = 1. |finished| = 0.)
(python) Launching tfullstr -> tfullstr (1 tasks) w/ 2 CPUs. 13.500000 <= MDL < 15.000000. Timeout 998.436983.
	(ocaml: 1 CPUs. shatter: 1. |fringe| = 1. |finished| = 0.)
(python) Launching tfullstr -> tfullstr (1 tasks) w/ 1 CPUs. 13.500000 <= MDL < 15.000000. Timeout 998.435782.
	(ocaml: 1 CPUs. shatter: 1. |fringe| = 1. |finished| = 0.)
(python) Launching tfullstr -> tfullstr (1 tasks) w/ 1 CPUs. 13.500000 <= MDL < 15.000000. Timeout 998.400761.
	(ocaml: 1 CPUs. shatter: 1. |fringe| = 1. |finished| = 0.)
(python) Launching tfullstr -> tfullstr (1 tasks) w/ 2 CPUs. 12.000000 <= MDL < 13.500000. Timeout 998.534325.
(python) Launching tfullstr -> tfullstr (1 tasks) w/ 2 CPUs. 13.500000 <= MDL < 15.000000. Timeout 998.400376.
	(ocaml: 1 CPUs. shatter: 1. |fringe| = 1. |finished| = 0.)
(python) Launching tfullstr -> tfullstr (1 tasks) w/ 2 CPUs. 13.500000 <= MDL < 15.000000. Timeout 998.434638.
	(ocaml: 2 CPUs. shatter: 20. |fringe| = 43. |finished| = 0.)
	(ocaml: 1 CPUs. shatter: 1. |fringe| = 1. |finished| = 0.)
(python) Launching tfullstr -> tfullstr (1 tasks) w/ 1 CPUs. 13.500000 <= MDL < 15.000000. Timeout 998.422345.
(python) Launching tfullstr -> tfullstr (1 tasks) w/ 1 CPUs. 13.500000 <= MDL < 15.000000. Timeout 998.406133.
(python) Launching tfullstr -> tfullstr (1 tasks) w/ 1 CPUs. 13.500000 <= MDL < 15.000000. Timeout 998.427327.
	(ocaml: 1 CPUs. shatter: 1. |fringe| = 1. |finished| = 0.)
	(ocaml: 2 CPUs. shatter: 20. |fringe| = 43. |finished| = 0.)
(python) Launching tfullstr -> tfullstr (1 tasks) w/ 1 CPUs. 13.500000 <= MDL < 15.000000. Timeout 998.427128.
(python) Launching tfullstr -> tfullstr (1 tasks) w/ 1 CPUs. 13.500000 <= MDL < 15.000000. Timeout 998.439255.
	(ocaml: 2 CPUs. shatter: 20. |fringe| = 43. |finished| = 0.)
(python) Launching tfullstr -> tfullstr (1 tasks) w/ 1 CPUs. 13.500000 <= MDL < 15.000000. Timeout 998.449621.
	(ocaml: 2 CPUs. shatter: 20. |fringe| = 44. |finished| = 0.)
	(ocaml: 1 CPUs. shatter: 1. |fringe| = 1. |finished| = 0.)
(python) Launching tfullstr -> tfullstr (1 tasks) w/ 1 CPUs. 13.500000 <= MDL < 15.000000. Timeout 998.419934.
	(ocaml: 1 CPUs. shatter: 1. |fringe| = 1. |finished| = 0.)
(python) Launching tfullstr -> tfullstr (1 tasks) w/ 1 CPUs. 13.500000 <= MDL < 15.000000. Timeout 998.428925.
	(ocaml: 1 CPUs. shatter: 1. |fringe| = 1. |finished| = 0.)
	(ocaml: 1 CPUs. shatter: 1. |fringe| = 1. |finished| = 0.)
(python) Launching tfullstr -> tfullstr (1 tasks) w/ 2 CPUs. 13.500000 <= MDL < 15.000000. Timeout 998.394809.
(python) Launching tfullstr -> tfullstr (1 tasks) w/ 1 CPUs. 13.500000 <= MDL < 15.000000. Timeout 998.402366.
	(ocaml: 1 CPUs. shatter: 1. |fringe| = 1. |finished| = 0.)
(python) Launching tfullstr -> tfullstr (1 tasks) w/ 1 CPUs. 13.500000 <= MDL < 15.000000. Timeout 998.412274.
	(ocaml: 1 CPUs. shatter: 1. |fringe| = 1. |finished| = 0.)
	(ocaml: 1 CPUs. shatter: 1. |fringe| = 1. |finished| = 0.)
(python) Launching tfullstr -> tfullstr (1 tasks) w/ 1 CPUs. 13.500000 <= MDL < 15.000000. Timeout 998.419386.
	(ocaml: 1 CPUs. shatter: 1. |fringe| = 1. |finished| = 0.)
(python) Launching tfullstr -> tfullstr (1 tasks) w/ 1 CPUs. 13.500000 <= MDL < 15.000000. Timeout 998.417808.
	(ocaml: 2 CPUs. shatter: 20. |fringe| = 43. |finished| = 0.)
(python) Launching tfullstr -> tfullstr (1 tasks) w/ 1 CPUs. 13.500000 <= MDL < 15.000000. Timeout 998.400020.
(python) Launching tfullstr -> tfullstr (1 tasks) w/ 1 CPUs. 15.000000 <= MDL < 16.500000. Timeout 998.298832.
(python) Launching tfullstr -> tfullstr (1 tasks) w/ 1 CPUs. 13.500000 <= MDL < 15.000000. Timeout 998.404867.
	(ocaml: 1 CPUs. shatter: 1. |fringe| = 1. |finished| = 0.)
	(ocaml: 1 CPUs. shatter: 1. |fringe| = 1. |finished| = 0.)
(python) Launching tfullstr -> tfullstr (1 tasks) w/ 1 CPUs. 13.500000 <= MDL < 15.000000. Timeout 998.401449.
(python) Launching tfullstr -> tfullstr (1 tasks) w/ 1 CPUs. 15.000000 <= MDL < 16.500000. Timeout 998.245379.
	(ocaml: 1 CPUs. shatter: 1. |fringe| = 1. |finished| = 0.)
(python) Launching tfullstr -> tfullstr (1 tasks) w/ 2 CPUs. 15.000000 <= MDL < 16.500000. Timeout 998.250240.
	(ocaml: 1 CPUs. shatter: 1. |fringe| = 1. |finished| = 0.)
	(ocaml: 1 CPUs. shatter: 1. |fringe| = 1. |finished| = 0.)
(python) Launching tfullstr -> tfullstr (1 tasks) w/ 1 CPUs. 15.000000 <= MDL < 16.500000. Timeout 998.276620.
	(ocaml: 1 CPUs. shatter: 1. |fringe| = 1. |finished| = 0.)
(python) Launching tfullstr -> tfullstr (1 tasks) w/ 2 CPUs. 15.000000 <= MDL < 16.500000. Timeout 998.266916.
	(ocaml: 1 CPUs. shatter: 1. |fringe| = 1. |finished| = 0.)
(python) Launching tfullstr -> tfullstr (1 tasks) w/ 1 CPUs. 15.000000 <= MDL < 16.500000. Timeout 998.210722.
	(ocaml: 1 CPUs. shatter: 1. |fringe| = 1. |finished| = 0.)
(python) Launching tfullstr -> tfullstr (1 tasks) w/ 1 CPUs. 15.000000 <= MDL < 16.500000. Timeout 998.274385.
	(ocaml: 1 CPUs. shatter: 1. |fringe| = 1. |finished| = 0.)
(python) Launching tfullstr -> tfullstr (1 tasks) w/ 2 CPUs. 15.000000 <= MDL < 16.500000. Timeout 998.273874.
	(ocaml: 2 CPUs. shatter: 20. |fringe| = 38. |finished| = 0.)
	(ocaml: 1 CPUs. shatter: 1. |fringe| = 1. |finished| = 0.)
(python) Launching tfullstr -> tfullstr (1 tasks) w/ 2 CPUs. 15.000000 <= MDL < 16.500000. Timeout 998.228282.
	(ocaml: 2 CPUs. shatter: 20. |fringe| = 43. |finished| = 0.)
(python) Launching tfullstr -> tfullstr (1 tasks) w/ 1 CPUs. 15.000000 <= MDL < 16.500000. Timeout 998.243831.
(python) Launching tfullstr -> tfullstr (1 tasks) w/ 1 CPUs. 15.000000 <= MDL < 16.500000. Timeout 998.264050.
	(ocaml: 1 CPUs. shatter: 1. |fringe| = 1. |finished| = 0.)
(python) Launching tfullstr -> tfullstr (1 tasks) w/ 1 CPUs. 15.000000 <= MDL < 16.500000. Timeout 998.262261.
	(ocaml: 1 CPUs. shatter: 1. |fringe| = 1. |finished| = 0.)
(python) Launching tfullstr -> tfullstr (1 tasks) w/ 1 CPUs. 15.000000 <= MDL < 16.500000. Timeout 998.271032.
	(ocaml: 2 CPUs. shatter: 20. |fringe| = 44. |finished| = 0.)
(python) Launching tfullstr -> tfullstr (1 tasks) w/ 1 CPUs. 15.000000 <= MDL < 16.500000. Timeout 998.282964.
(python) Launching tfullstr -> tfullstr (1 tasks) w/ 1 CPUs. 15.000000 <= MDL < 16.500000. Timeout 998.254357.
	(ocaml: 2 CPUs. shatter: 20. |fringe| = 43. |finished| = 0.)
	(ocaml: 1 CPUs. shatter: 1. |fringe| = 1. |finished| = 0.)
(python) Launching tfullstr -> tfullstr (1 tasks) w/ 1 CPUs. 15.000000 <= MDL < 16.500000. Timeout 998.170711.
	(ocaml: 1 CPUs. shatter: 1. |fringe| = 1. |finished| = 0.)
(python) Launching tfullstr -> tfullstr (1 tasks) w/ 1 CPUs. 15.000000 <= MDL < 16.500000. Timeout 998.253187.
	(ocaml: 1 CPUs. shatter: 1. |fringe| = 1. |finished| = 0.)
	(ocaml: 1 CPUs. shatter: 1. |fringe| = 1. |finished| = 0.)
(python) Launching tfullstr -> tfullstr (1 tasks) w/ 2 CPUs. 13.500000 <= MDL < 15.000000. Timeout 998.288574.
	(ocaml: 1 CPUs. shatter: 1. |fringe| = 1. |finished| = 0.)
(python) Launching tfullstr -> tfullstr (1 tasks) w/ 2 CPUs. 15.000000 <= MDL < 16.500000. Timeout 998.208355.
	(ocaml: 1 CPUs. shatter: 1. |fringe| = 1. |finished| = 0.)
(python) Launching tfullstr -> tfullstr (1 tasks) w/ 1 CPUs. 15.000000 <= MDL < 16.500000. Timeout 998.216115.
	(ocaml: 1 CPUs. shatter: 1. |fringe| = 1. |finished| = 0.)
(python) Launching tfullstr -> tfullstr (1 tasks) w/ 1 CPUs. 15.000000 <= MDL < 16.500000. Timeout 998.227477.
(python) Launching tfullstr -> tfullstr (1 tasks) w/ 1 CPUs. 15.000000 <= MDL < 16.500000. Timeout 998.237565.
	(ocaml: 1 CPUs. shatter: 1. |fringe| = 1. |finished| = 0.)
(python) Launching tfullstr -> tfullstr (1 tasks) w/ 1 CPUs. 15.000000 <= MDL < 16.500000. Timeout 998.236248.
(python) Launching tfullstr -> tfullstr (1 tasks) w/ 1 CPUs. 15.000000 <= MDL < 16.500000. Timeout 998.220188.
	(ocaml: 2 CPUs. shatter: 20. |fringe| = 43. |finished| = 0.)
(python) Launching tfullstr -> tfullstr (1 tasks) w/ 1 CPUs. 15.000000 <= MDL < 16.500000. Timeout 998.231592.
	(ocaml: 2 CPUs. shatter: 20. |fringe| = 43. |finished| = 0.)
(python) Launching tfullstr -> tfullstr (1 tasks) w/ 1 CPUs. 15.000000 <= MDL < 16.500000. Timeout 998.226539.
(python) Launching tfullstr -> tfullstr (1 tasks) w/ 1 CPUs. 16.500000 <= MDL < 18.000000. Timeout 998.115617.
(python) Launching tfullstr -> tfullstr (1 tasks) w/ 1 CPUs. 16.500000 <= MDL < 18.000000. Timeout 998.098111.
	(ocaml: 1 CPUs. shatter: 1. |fringe| = 1. |finished| = 0.)
	(ocaml: 1 CPUs. shatter: 1. |fringe| = 1. |finished| = 0.)
	(ocaml: 1 CPUs. shatter: 1. |fringe| = 1. |finished| = 0.)
	(ocaml: 1 CPUs. shatter: 1. |fringe| = 1. |finished| = 0.)
(python) Launching tfullstr -> tfullstr (1 tasks) w/ 2 CPUs. 16.500000 <= MDL < 18.000000. Timeout 998.068667.
(python) Launching tfullstr -> tfullstr (1 tasks) w/ 2 CPUs. 16.500000 <= MDL < 18.000000. Timeout 998.115515.
	(ocaml: 1 CPUs. shatter: 1. |fringe| = 1. |finished| = 0.)
(python) Launching tfullstr -> tfullstr (1 tasks) w/ 1 CPUs. 16.500000 <= MDL < 18.000000. Timeout 998.039245.
	(ocaml: 1 CPUs. shatter: 1. |fringe| = 1. |finished| = 0.)
	(ocaml: 1 CPUs. shatter: 1. |fringe| = 1. |finished| = 0.)
(python) Launching tfullstr -> tfullstr (1 tasks) w/ 2 CPUs. 16.500000 <= MDL < 18.000000. Timeout 998.072128.
	(ocaml: 1 CPUs. shatter: 1. |fringe| = 1. |finished| = 0.)
	(ocaml: 1 CPUs. shatter: 1. |fringe| = 1. |finished| = 0.)
(python) Launching tfullstr -> tfullstr (1 tasks) w/ 1 CPUs. 16.500000 <= MDL < 18.000000. Timeout 998.078230.
(python) Launching tfullstr -> tfullstr (1 tasks) w/ 1 CPUs. 16.500000 <= MDL < 18.000000. Timeout 998.121206.
	(ocaml: 2 CPUs. shatter: 20. |fringe| = 44. |finished| = 0.)
	(ocaml: 2 CPUs. shatter: 20. |fringe| = 38. |finished| = 0.)
	(ocaml: 1 CPUs. shatter: 1. |fringe| = 1. |finished| = 0.)
(python) Launching tfullstr -> tfullstr (1 tasks) w/ 1 CPUs. 16.500000 <= MDL < 18.000000. Timeout 998.068537.
(python) Launching tfullstr -> tfullstr (1 tasks) w/ 1 CPUs. 16.500000 <= MDL < 18.000000. Timeout 998.031282.
	(ocaml: 1 CPUs. shatter: 1. |fringe| = 1. |finished| = 0.)
	(ocaml: 2 CPUs. shatter: 20. |fringe| = 43. |finished| = 0.)
(python) Launching tfullstr -> tfullstr (1 tasks) w/ 1 CPUs. 16.500000 <= MDL < 18.000000. Timeout 998.070955.
(python) Launching tfullstr -> tfullstr (1 tasks) w/ 1 CPUs. 16.500000 <= MDL < 18.000000. Timeout 998.041552.
(python) Launching tfullstr -> tfullstr (1 tasks) w/ 1 CPUs. 16.500000 <= MDL < 18.000000. Timeout 998.045997.
(python) Launching tfullstr -> tfullstr (1 tasks) w/ 2 CPUs. 16.500000 <= MDL < 18.000000. Timeout 997.973495.
	(ocaml: 1 CPUs. shatter: 1. |fringe| = 1. |finished| = 0.)
	(ocaml: 1 CPUs. shatter: 1. |fringe| = 1. |finished| = 0.)
(python) Launching tfullstr -> tfullstr (1 tasks) w/ 1 CPUs. 16.500000 <= MDL < 18.000000. Timeout 998.046860.
(python) Launching tfullstr -> tfullstr (1 tasks) w/ 2 CPUs. 16.500000 <= MDL < 18.000000. Timeout 998.011640.
	(ocaml: 1 CPUs. shatter: 1. |fringe| = 1. |finished| = 0.)
(python) Launching tfullstr -> tfullstr (1 tasks) w/ 1 CPUs. 16.500000 <= MDL < 18.000000. Timeout 998.057414.
	(ocaml: 1 CPUs. shatter: 1. |fringe| = 1. |finished| = 0.)
	(ocaml: 1 CPUs. shatter: 1. |fringe| = 1. |finished| = 0.)
	(ocaml: 1 CPUs. shatter: 1. |fringe| = 1. |finished| = 0.)
(python) Launching tfullstr -> tfullstr (1 tasks) w/ 1 CPUs. 16.500000 <= MDL < 18.000000. Timeout 998.042977.
(python) Launching tfullstr -> tfullstr (1 tasks) w/ 1 CPUs. 16.500000 <= MDL < 18.000000. Timeout 997.999334.
	(ocaml: 2 CPUs. shatter: 20. |fringe| = 43. |finished| = 0.)
(python) Launching tfullstr -> tfullstr (1 tasks) w/ 1 CPUs. 16.500000 <= MDL < 18.000000. Timeout 998.038028.
(python) Launching tfullstr -> tfullstr (1 tasks) w/ 1 CPUs. 16.500000 <= MDL < 18.000000. Timeout 997.998713.
	(ocaml: 2 CPUs. shatter: 20. |fringe| = 43. |finished| = 0.)
	(ocaml: 1 CPUs. shatter: 1. |fringe| = 1. |finished| = 0.)
(python) Launching tfullstr -> tfullstr (1 tasks) w/ 1 CPUs. 16.500000 <= MDL < 18.000000. Timeout 998.010550.
(python) Launching tfullstr -> tfullstr (1 tasks) w/ 1 CPUs. 16.500000 <= MDL < 18.000000. Timeout 997.981806.
	(ocaml: 1 CPUs. shatter: 1. |fringe| = 1. |finished| = 0.)
	(ocaml: 1 CPUs. shatter: 1. |fringe| = 1. |finished| = 0.)
	(ocaml: 1 CPUs. shatter: 1. |fringe| = 1. |finished| = 0.)
(python) Launching tfullstr -> tfullstr (1 tasks) w/ 2 CPUs. 18.000000 <= MDL < 19.500000. Timeout 997.904125.
(python) Launching tfullstr -> tfullstr (1 tasks) w/ 1 CPUs. 16.500000 <= MDL < 18.000000. Timeout 997.811327.
	(ocaml: 1 CPUs. shatter: 1. |fringe| = 1. |finished| = 0.)
	(ocaml: 1 CPUs. shatter: 1. |fringe| = 1. |finished| = 0.)
	(ocaml: 1 CPUs. shatter: 1. |fringe| = 1. |finished| = 0.)
(python) Launching tfullstr -> tfullstr (1 tasks) w/ 2 CPUs. 18.000000 <= MDL < 19.500000. Timeout 997.801114.
	(ocaml: 1 CPUs. shatter: 1. |fringe| = 1. |finished| = 0.)
	(ocaml: 2 CPUs. shatter: 20. |fringe| = 44. |finished| = 0.)
(python) Launching tfullstr -> tfullstr (1 tasks) w/ 2 CPUs. 15.000000 <= MDL < 16.500000. Timeout 997.916750.
	(ocaml: 1 CPUs. shatter: 1. |fringe| = 1. |finished| = 0.)
	(ocaml: 2 CPUs. shatter: 20. |fringe| = 38. |finished| = 0.)
(python) Launching tfullstr -> tfullstr (1 tasks) w/ 2 CPUs. 18.000000 <= MDL < 19.500000. Timeout 997.724770.
	(ocaml: 2 CPUs. shatter: 20. |fringe| = 43. |finished| = 0.)
(python) Launching tfullstr -> tfullstr (1 tasks) w/ 1 CPUs. 18.000000 <= MDL < 19.500000. Timeout 997.703529.
(python) Launching tfullstr -> tfullstr (1 tasks) w/ 1 CPUs. 18.000000 <= MDL < 19.500000. Timeout 997.701360.
	(ocaml: 2 CPUs. shatter: 20. |fringe| = 43. |finished| = 0.)
(python) Launching tfullstr -> tfullstr (1 tasks) w/ 1 CPUs. 16.500000 <= MDL < 18.000000. Timeout 997.626089.
(python) Launching tfullstr -> tfullstr (1 tasks) w/ 1 CPUs. 18.000000 <= MDL < 19.500000. Timeout 997.703952.
	(ocaml: 1 CPUs. shatter: 1. |fringe| = 1. |finished| = 0.)
	(ocaml: 1 CPUs. shatter: 1. |fringe| = 1. |finished| = 0.)
(python) Launching tfullstr -> tfullstr (1 tasks) w/ 2 CPUs. 18.000000 <= MDL < 19.500000. Timeout 997.657845.
(python) Launching tfullstr -> tfullstr (1 tasks) w/ 1 CPUs. 18.000000 <= MDL < 19.500000. Timeout 997.645244.
	(ocaml: 1 CPUs. shatter: 1. |fringe| = 1. |finished| = 0.)
(python) Launching tfullstr -> tfullstr (1 tasks) w/ 1 CPUs. 18.000000 <= MDL < 19.500000. Timeout 997.536081.
	(ocaml: 1 CPUs. shatter: 1. |fringe| = 1. |finished| = 0.)
(python) Launching tfullstr -> tfullstr (1 tasks) w/ 1 CPUs. 18.000000 <= MDL < 19.500000. Timeout 997.657696.
(python) Launching tfullstr -> tfullstr (1 tasks) w/ 1 CPUs. 18.000000 <= MDL < 19.500000. Timeout 997.605083.
	(ocaml: 2 CPUs. shatter: 20. |fringe| = 43. |finished| = 0.)
(python) Launching tfullstr -> tfullstr (1 tasks) w/ 1 CPUs. 18.000000 <= MDL < 19.500000. Timeout 997.645505.
	(ocaml: 1 CPUs. shatter: 1. |fringe| = 1. |finished| = 0.)
	(ocaml: 1 CPUs. shatter: 1. |fringe| = 1. |finished| = 0.)
(python) Launching tfullstr -> tfullstr (1 tasks) w/ 1 CPUs. 18.000000 <= MDL < 19.500000. Timeout 997.483123.
	(ocaml: 1 CPUs. shatter: 1. |fringe| = 1. |finished| = 0.)
	(ocaml: 1 CPUs. shatter: 1. |fringe| = 1. |finished| = 0.)
	(ocaml: 1 CPUs. shatter: 1. |fringe| = 1. |finished| = 0.)
(python) Launching tfullstr -> tfullstr (1 tasks) w/ 1 CPUs. 18.000000 <= MDL < 19.500000. Timeout 997.528338.
(python) Launching tfullstr -> tfullstr (1 tasks) w/ 2 CPUs. 19.500000 <= MDL < 21.000000. Timeout 997.474498.
	(ocaml: 1 CPUs. shatter: 1. |fringe| = 1. |finished| = 0.)
(python) Launching tfullstr -> tfullstr (1 tasks) w/ 1 CPUs. 18.000000 <= MDL < 19.500000. Timeout 997.469339.
(python) Launching tfullstr -> tfullstr (1 tasks) w/ 1 CPUs. 18.000000 <= MDL < 19.500000. Timeout 997.474790.
	(ocaml: 1 CPUs. shatter: 1. |fringe| = 1. |finished| = 0.)
(python) Launching tfullstr -> tfullstr (1 tasks) w/ 1 CPUs. 18.000000 <= MDL < 19.500000. Timeout 997.489281.
	(ocaml: 2 CPUs. shatter: 20. |fringe| = 44. |finished| = 0.)
(python) Launching tfullstr -> tfullstr (1 tasks) w/ 1 CPUs. 18.000000 <= MDL < 19.500000. Timeout 997.413934.
	(ocaml: 1 CPUs. shatter: 1. |fringe| = 1. |finished| = 0.)
(python) Launching tfullstr -> tfullstr (1 tasks) w/ 2 CPUs. 18.000000 <= MDL < 19.500000. Timeout 997.350215.
(python) Launching tfullstr -> tfullstr (1 tasks) w/ 1 CPUs. 18.000000 <= MDL < 19.500000. Timeout 997.454424.
	(ocaml: 1 CPUs. shatter: 1. |fringe| = 1. |finished| = 0.)
	(ocaml: 1 CPUs. shatter: 1. |fringe| = 1. |finished| = 0.)
	(ocaml: 1 CPUs. shatter: 1. |fringe| = 1. |finished| = 0.)
	(ocaml: 2 CPUs. shatter: 20. |fringe| = 43. |finished| = 0.)
(python) Launching tfullstr -> tfullstr (1 tasks) w/ 1 CPUs. 18.000000 <= MDL < 19.500000. Timeout 997.296021.
	(ocaml: 1 CPUs. shatter: 1. |fringe| = 1. |finished| = 0.)
(python) Launching tfullstr -> tfullstr (1 tasks) w/ 1 CPUs. 18.000000 <= MDL < 19.500000. Timeout 997.321859.
	(ocaml: 1 CPUs. shatter: 1. |fringe| = 1. |finished| = 0.)
	(ocaml: 1 CPUs. shatter: 1. |fringe| = 1. |finished| = 0.)
(python) Launching tfullstr -> tfullstr (1 tasks) w/ 1 CPUs. 18.000000 <= MDL < 19.500000. Timeout 997.085394.
(python) Launching tfullstr -> tfullstr (1 tasks) w/ 2 CPUs. 19.500000 <= MDL < 21.000000. Timeout 996.934714.
	(ocaml: 1 CPUs. shatter: 1. |fringe| = 1. |finished| = 0.)
	(ocaml: 2 CPUs. shatter: 20. |fringe| = 38. |finished| = 0.)
(python) Launching tfullstr -> tfullstr (1 tasks) w/ 2 CPUs. 19.500000 <= MDL < 21.000000. Timeout 996.710725.
(python) Launching tfullstr -> tfullstr (1 tasks) w/ 2 CPUs. 19.500000 <= MDL < 21.000000. Timeout 996.595328.
	(ocaml: 2 CPUs. shatter: 20. |fringe| = 43. |finished| = 0.)
	(ocaml: 2 CPUs. shatter: 20. |fringe| = 43. |finished| = 0.)
(python) Launching tfullstr -> tfullstr (1 tasks) w/ 2 CPUs. 16.500000 <= MDL < 18.000000. Timeout 996.582155.
	(ocaml: 2 CPUs. shatter: 20. |fringe| = 43. |finished| = 0.)
(python) Launching tfullstr -> tfullstr (1 tasks) w/ 1 CPUs. 19.500000 <= MDL < 21.000000. Timeout 996.475144.
(python) Launching tfullstr -> tfullstr (1 tasks) w/ 1 CPUs. 19.500000 <= MDL < 21.000000. Timeout 996.361943.
	(ocaml: 1 CPUs. shatter: 1. |fringe| = 1. |finished| = 0.)
(python) Launching tfullstr -> tfullstr (1 tasks) w/ 1 CPUs. 19.500000 <= MDL < 21.000000. Timeout 996.385122.
(python) Launching tfullstr -> tfullstr (1 tasks) w/ 1 CPUs. 19.500000 <= MDL < 21.000000. Timeout 996.281339.
	(ocaml: 1 CPUs. shatter: 1. |fringe| = 1. |finished| = 0.)
	(ocaml: 1 CPUs. shatter: 1. |fringe| = 1. |finished| = 0.)
	(ocaml: 1 CPUs. shatter: 1. |fringe| = 1. |finished| = 0.)
(python) Launching tfullstr -> tfullstr (1 tasks) w/ 1 CPUs. 19.500000 <= MDL < 21.000000. Timeout 996.194303.
	(ocaml: 1 CPUs. shatter: 1. |fringe| = 1. |finished| = 0.)
(python) Launching tfullstr -> tfullstr (1 tasks) w/ 2 CPUs. 21.000000 <= MDL < 22.500000. Timeout 996.100793.
(python) Launching tfullstr -> tfullstr (1 tasks) w/ 1 CPUs. 19.500000 <= MDL < 21.000000. Timeout 996.135621.
(python) Launching tfullstr -> tfullstr (1 tasks) w/ 1 CPUs. 18.000000 <= MDL < 19.500000. Timeout 995.960107.
	(ocaml: 2 CPUs. shatter: 20. |fringe| = 44. |finished| = 0.)
	(ocaml: 1 CPUs. shatter: 1. |fringe| = 1. |finished| = 0.)
(python) Launching tfullstr -> tfullstr (1 tasks) w/ 1 CPUs. 19.500000 <= MDL < 21.000000. Timeout 996.048684.
	(ocaml: 1 CPUs. shatter: 1. |fringe| = 1. |finished| = 0.)
(python) Launching tfullstr -> tfullstr (1 tasks) w/ 1 CPUs. 19.500000 <= MDL < 21.000000. Timeout 995.844194.
	(ocaml: 1 CPUs. shatter: 1. |fringe| = 1. |finished| = 0.)
	(ocaml: 1 CPUs. shatter: 1. |fringe| = 1. |finished| = 0.)
(python) Launching tfullstr -> tfullstr (1 tasks) w/ 1 CPUs. 19.500000 <= MDL < 21.000000. Timeout 995.818044.
(python) Launching tfullstr -> tfullstr (1 tasks) w/ 1 CPUs. 19.500000 <= MDL < 21.000000. Timeout 995.744229.
	(ocaml: 1 CPUs. shatter: 1. |fringe| = 1. |finished| = 0.)
	(ocaml: 1 CPUs. shatter: 1. |fringe| = 1. |finished| = 0.)
(python) Launching tfullstr -> tfullstr (1 tasks) w/ 2 CPUs. 19.500000 <= MDL < 21.000000. Timeout 995.547772.
(python) Launching tfullstr -> tfullstr (1 tasks) w/ 1 CPUs. 18.000000 <= MDL < 19.500000. Timeout 995.483849.
	(ocaml: 2 CPUs. shatter: 20. |fringe| = 43. |finished| = 0.)
(python) Launching tfullstr -> tfullstr (1 tasks) w/ 1 CPUs. 19.500000 <= MDL < 21.000000. Timeout 995.486347.
(python) Launching tfullstr -> tfullstr (1 tasks) w/ 1 CPUs. 19.500000 <= MDL < 21.000000. Timeout 995.579165.
(python) Launching tfullstr -> tfullstr (1 tasks) w/ 1 CPUs. 19.500000 <= MDL < 21.000000. Timeout 995.518578.
	(ocaml: 1 CPUs. shatter: 1. |fringe| = 1. |finished| = 0.)
	(ocaml: 1 CPUs. shatter: 1. |fringe| = 1. |finished| = 0.)
	(ocaml: 1 CPUs. shatter: 1. |fringe| = 1. |finished| = 0.)
(python) Launching tfullstr -> tfullstr (1 tasks) w/ 1 CPUs. 19.500000 <= MDL < 21.000000. Timeout 995.463583.
(python) Launching tfullstr -> tfullstr (1 tasks) w/ 1 CPUs. 19.500000 <= MDL < 21.000000. Timeout 995.422766.
	(ocaml: 1 CPUs. shatter: 1. |fringe| = 1. |finished| = 0.)
	(ocaml: 1 CPUs. shatter: 1. |fringe| = 1. |finished| = 0.)
	(ocaml: 1 CPUs. shatter: 1. |fringe| = 1. |finished| = 0.)
(python) Launching tfullstr -> tfullstr (1 tasks) w/ 1 CPUs. 19.500000 <= MDL < 21.000000. Timeout 995.216549.
	(ocaml: 1 CPUs. shatter: 1. |fringe| = 1. |finished| = 0.)
(python) Launching tfullstr -> tfullstr (1 tasks) w/ 1 CPUs. 19.500000 <= MDL < 21.000000. Timeout 994.379359.
	(ocaml: 1 CPUs. shatter: 1. |fringe| = 1. |finished| = 0.)
(python) Launching tfullstr -> tfullstr (1 tasks) w/ 2 CPUs. 21.000000 <= MDL < 22.500000. Timeout 994.162113.
	(ocaml: 2 CPUs. shatter: 20. |fringe| = 38. |finished| = 0.)
(python) Launching tfullstr -> tfullstr (1 tasks) w/ 1 CPUs. 19.500000 <= MDL < 21.000000. Timeout 994.018196.
	(ocaml: 1 CPUs. shatter: 1. |fringe| = 1. |finished| = 0.)
(python) Launching tfullstr -> tfullstr (1 tasks) w/ 2 CPUs. 21.000000 <= MDL < 22.500000. Timeout 993.819465.
	(ocaml: 2 CPUs. shatter: 20. |fringe| = 43. |finished| = 0.)
(python) Launching tfullstr -> tfullstr (1 tasks) w/ 2 CPUs. 21.000000 <= MDL < 22.500000. Timeout 993.029938.
	(ocaml: 2 CPUs. shatter: 20. |fringe| = 43. |finished| = 0.)
(python) Launching tfullstr -> tfullstr (1 tasks) w/ 2 CPUs. 18.000000 <= MDL < 19.500000. Timeout 992.558769.
(python) Launching tfullstr -> tfullstr (1 tasks) w/ 1 CPUs. 21.000000 <= MDL < 22.500000. Timeout 992.520584.
	(ocaml: 2 CPUs. shatter: 20. |fringe| = 43. |finished| = 0.)
	(ocaml: 1 CPUs. shatter: 1. |fringe| = 1. |finished| = 0.)
(python) Launching tfullstr -> tfullstr (1 tasks) w/ 1 CPUs. 21.000000 <= MDL < 22.500000. Timeout 991.895647.
	(ocaml: 1 CPUs. shatter: 1. |fringe| = 1. |finished| = 0.)
(python) Launching tfullstr -> tfullstr (1 tasks) w/ 1 CPUs. 21.000000 <= MDL < 22.500000. Timeout 991.700434.
	(ocaml: 1 CPUs. shatter: 1. |fringe| = 1. |finished| = 0.)
(python) Launching tfullstr -> tfullstr (1 tasks) w/ 1 CPUs. 21.000000 <= MDL < 22.500000. Timeout 991.330421.
	(ocaml: 1 CPUs. shatter: 1. |fringe| = 1. |finished| = 0.)
(python) Launching tfullstr -> tfullstr (1 tasks) w/ 1 CPUs. 21.000000 <= MDL < 22.500000. Timeout 991.054381.
(python) Launching tfullstr -> tfullstr (1 tasks) w/ 1 CPUs. 19.500000 <= MDL < 21.000000. Timeout 990.899305.
	(ocaml: 1 CPUs. shatter: 1. |fringe| = 1. |finished| = 0.)
	(ocaml: 1 CPUs. shatter: 1. |fringe| = 1. |finished| = 0.)
(python) Launching tfullstr -> tfullstr (1 tasks) w/ 2 CPUs. 22.500000 <= MDL < 24.000000. Timeout 990.713349.
	(ocaml: 2 CPUs. shatter: 20. |fringe| = 44. |finished| = 0.)
(python) Launching tfullstr -> tfullstr (1 tasks) w/ 1 CPUs. 21.000000 <= MDL < 22.500000. Timeout 990.596783.
	(ocaml: 1 CPUs. shatter: 1. |fringe| = 1. |finished| = 0.)
(python) Launching tfullstr -> tfullstr (1 tasks) w/ 1 CPUs. 21.000000 <= MDL < 22.500000. Timeout 990.297233.
(python) Launching tfullstr -> tfullstr (1 tasks) w/ 1 CPUs. 21.000000 <= MDL < 22.500000. Timeout 990.237505.
	(ocaml: 1 CPUs. shatter: 1. |fringe| = 1. |finished| = 0.)
	(ocaml: 1 CPUs. shatter: 1. |fringe| = 1. |finished| = 0.)
(python) Launching tfullstr -> tfullstr (1 tasks) w/ 2 CPUs. 21.000000 <= MDL < 22.500000. Timeout 989.640131.
(python) Launching tfullstr -> tfullstr (1 tasks) w/ 1 CPUs. 21.000000 <= MDL < 22.500000. Timeout 989.639938.
	(ocaml: 2 CPUs. shatter: 20. |fringe| = 43. |finished| = 0.)
	(ocaml: 1 CPUs. shatter: 1. |fringe| = 1. |finished| = 0.)
(python) Launching tfullstr -> tfullstr (1 tasks) w/ 1 CPUs. 21.000000 <= MDL < 22.500000. Timeout 989.173517.
	(ocaml: 1 CPUs. shatter: 1. |fringe| = 1. |finished| = 0.)
(python) Launching tfullstr -> tfullstr (1 tasks) w/ 1 CPUs. 21.000000 <= MDL < 22.500000. Timeout 988.633930.
	(ocaml: 1 CPUs. shatter: 1. |fringe| = 1. |finished| = 0.)
(python) Launching tfullstr -> tfullstr (1 tasks) w/ 1 CPUs. 21.000000 <= MDL < 22.500000. Timeout 988.441465.
	(ocaml: 1 CPUs. shatter: 1. |fringe| = 1. |finished| = 0.)
(python) Launching tfullstr -> tfullstr (1 tasks) w/ 1 CPUs. 21.000000 <= MDL < 22.500000. Timeout 988.293883.
(python) Launching tfullstr -> tfullstr (1 tasks) w/ 1 CPUs. 21.000000 <= MDL < 22.500000. Timeout 988.140000.
	(ocaml: 1 CPUs. shatter: 1. |fringe| = 1. |finished| = 0.)
	(ocaml: 1 CPUs. shatter: 1. |fringe| = 1. |finished| = 0.)
(python) Launching tfullstr -> tfullstr (1 tasks) w/ 1 CPUs. 19.500000 <= MDL < 21.000000. Timeout 987.998004.
(python) Launching tfullstr -> tfullstr (1 tasks) w/ 1 CPUs. 21.000000 <= MDL < 22.500000. Timeout 988.060267.
	(ocaml: 1 CPUs. shatter: 1. |fringe| = 1. |finished| = 0.)
	(ocaml: 1 CPUs. shatter: 1. |fringe| = 1. |finished| = 0.)
(python) Launching tfullstr -> tfullstr (1 tasks) w/ 1 CPUs. 21.000000 <= MDL < 22.500000. Timeout 986.809422.
	(ocaml: 1 CPUs. shatter: 1. |fringe| = 1. |finished| = 0.)
(python) Launching tfullstr -> tfullstr (1 tasks) w/ 1 CPUs. 21.000000 <= MDL < 22.500000. Timeout 986.128929.
	(ocaml: 1 CPUs. shatter: 1. |fringe| = 1. |finished| = 0.)
(python) Launching tfullstr -> tfullstr (1 tasks) w/ 1 CPUs. 21.000000 <= MDL < 22.500000. Timeout 985.506270.
	(ocaml: 1 CPUs. shatter: 1. |fringe| = 1. |finished| = 0.)
(python) Launching tfullstr -> tfullstr (1 tasks) w/ 2 CPUs. 22.500000 <= MDL < 24.000000. Timeout 984.636355.
	(ocaml: 2 CPUs. shatter: 20. |fringe| = 38. |finished| = 0.)
(python) Launching tfullstr -> tfullstr (1 tasks) w/ 2 CPUs. 22.500000 <= MDL < 24.000000. Timeout 983.309465.
	(ocaml: 2 CPUs. shatter: 20. |fringe| = 43. |finished| = 0.)
(python) Launching tfullstr -> tfullstr (1 tasks) w/ 2 CPUs. 19.500000 <= MDL < 21.000000. Timeout 981.246264.
	(ocaml: 2 CPUs. shatter: 20. |fringe| = 43. |finished| = 0.)
(python) Launching tfullstr -> tfullstr (1 tasks) w/ 2 CPUs. 22.500000 <= MDL < 24.000000. Timeout 980.243627.
	(ocaml: 2 CPUs. shatter: 20. |fringe| = 43. |finished| = 0.)
(python) Launching tfullstr -> tfullstr (1 tasks) w/ 1 CPUs. 22.500000 <= MDL < 24.000000. Timeout 975.237176.
	(ocaml: 1 CPUs. shatter: 1. |fringe| = 1. |finished| = 0.)
(python) Launching tfullstr -> tfullstr (1 tasks) w/ 1 CPUs. 22.500000 <= MDL < 24.000000. Timeout 974.747703.
	(ocaml: 1 CPUs. shatter: 1. |fringe| = 1. |finished| = 0.)
(python) Launching tfullstr -> tfullstr (1 tasks) w/ 1 CPUs. 22.500000 <= MDL < 24.000000. Timeout 974.671729.
	(ocaml: 1 CPUs. shatter: 1. |fringe| = 1. |finished| = 0.)
(python) Launching tfullstr -> tfullstr (1 tasks) w/ 1 CPUs. 22.500000 <= MDL < 24.000000. Timeout 973.066467.
	(ocaml: 1 CPUs. shatter: 1. |fringe| = 1. |finished| = 0.)
(python) Launching tfullstr -> tfullstr (1 tasks) w/ 1 CPUs. 22.500000 <= MDL < 24.000000. Timeout 972.511169.
	(ocaml: 1 CPUs. shatter: 1. |fringe| = 1. |finished| = 0.)
(python) Launching tfullstr -> tfullstr (1 tasks) w/ 1 CPUs. 22.500000 <= MDL < 24.000000. Timeout 969.815589.
	(ocaml: 1 CPUs. shatter: 1. |fringe| = 1. |finished| = 0.)
(python) Launching tfullstr -> tfullstr (1 tasks) w/ 1 CPUs. 22.500000 <= MDL < 24.000000. Timeout 967.837277.
	(ocaml: 1 CPUs. shatter: 1. |fringe| = 1. |finished| = 0.)
(python) Launching tfullstr -> tfullstr (1 tasks) w/ 2 CPUs. 22.500000 <= MDL < 24.000000. Timeout 967.453882.
	(ocaml: 2 CPUs. shatter: 20. |fringe| = 43. |finished| = 0.)
(python) Launching tfullstr -> tfullstr (1 tasks) w/ 1 CPUs. 22.500000 <= MDL < 24.000000. Timeout 966.580066.
	(ocaml: 1 CPUs. shatter: 1. |fringe| = 1. |finished| = 0.)
(python) Launching tfullstr -> tfullstr (1 tasks) w/ 1 CPUs. 21.000000 <= MDL < 22.500000. Timeout 965.816065.
	(ocaml: 1 CPUs. shatter: 1. |fringe| = 1. |finished| = 0.)
(python) Launching tfullstr -> tfullstr (1 tasks) w/ 1 CPUs. 22.500000 <= MDL < 24.000000. Timeout 965.402203.
	(ocaml: 1 CPUs. shatter: 1. |fringe| = 1. |finished| = 0.)
(python) Launching tfullstr -> tfullstr (1 tasks) w/ 1 CPUs. 22.500000 <= MDL < 24.000000. Timeout 965.155652.
	(ocaml: 1 CPUs. shatter: 1. |fringe| = 1. |finished| = 0.)
(python) Launching tfullstr -> tfullstr (1 tasks) w/ 1 CPUs. 22.500000 <= MDL < 24.000000. Timeout 962.410519.
	(ocaml: 1 CPUs. shatter: 1. |fringe| = 1. |finished| = 0.)
(python) Launching tfullstr -> tfullstr (1 tasks) w/ 1 CPUs. 22.500000 <= MDL < 24.000000. Timeout 962.280454.
	(ocaml: 1 CPUs. shatter: 1. |fringe| = 1. |finished| = 0.)
(python) Launching tfullstr -> tfullstr (1 tasks) w/ 1 CPUs. 22.500000 <= MDL < 24.000000. Timeout 961.505370.
(python) Launching tfullstr -> tfullstr (1 tasks) w/ 1 CPUs. 22.500000 <= MDL < 24.000000. Timeout 961.440755.
	(ocaml: 1 CPUs. shatter: 1. |fringe| = 1. |finished| = 0.)
	(ocaml: 1 CPUs. shatter: 1. |fringe| = 1. |finished| = 0.)
(python) Launching tfullstr -> tfullstr (1 tasks) w/ 1 CPUs. 22.500000 <= MDL < 24.000000. Timeout 961.291123.
	(ocaml: 1 CPUs. shatter: 1. |fringe| = 1. |finished| = 0.)
(python) Launching tfullstr -> tfullstr (1 tasks) w/ 1 CPUs. 22.500000 <= MDL < 24.000000. Timeout 961.047805.
	(ocaml: 1 CPUs. shatter: 1. |fringe| = 1. |finished| = 0.)
(python) Launching tfullstr -> tfullstr (1 tasks) w/ 1 CPUs. 21.000000 <= MDL < 22.500000. Timeout 959.822087.
	(ocaml: 1 CPUs. shatter: 1. |fringe| = 1. |finished| = 0.)
(python) Launching tfullstr -> tfullstr (1 tasks) w/ 2 CPUs. 24.000000 <= MDL < 25.500000. Timeout 957.443802.
	(ocaml: 2 CPUs. shatter: 20. |fringe| = 44. |finished| = 0.)
(python) Launching tfullstr -> tfullstr (1 tasks) w/ 1 CPUs. 22.500000 <= MDL < 24.000000. Timeout 953.174374.
	(ocaml: 1 CPUs. shatter: 1. |fringe| = 1. |finished| = 0.)
(python) Launching tfullstr -> tfullstr (1 tasks) w/ 2 CPUs. 24.000000 <= MDL < 25.500000. Timeout 950.608339.
	(ocaml: 2 CPUs. shatter: 20. |fringe| = 38. |finished| = 0.)
(python) Launching tfullstr -> tfullstr (1 tasks) w/ 1 CPUs. 22.500000 <= MDL < 24.000000. Timeout 948.592526.
	(ocaml: 1 CPUs. shatter: 1. |fringe| = 1. |finished| = 0.)
(python) Launching tfullstr -> tfullstr (1 tasks) w/ 2 CPUs. 24.000000 <= MDL < 25.500000. Timeout 942.303155.
	(ocaml: 2 CPUs. shatter: 20. |fringe| = 43. |finished| = 0.)
(python) Launching tfullstr -> tfullstr (1 tasks) w/ 2 CPUs. 21.000000 <= MDL < 22.500000. Timeout 938.475145.
	(ocaml: 2 CPUs. shatter: 20. |fringe| = 43. |finished| = 0.)
(python) Launching tfullstr -> tfullstr (1 tasks) w/ 2 CPUs. 24.000000 <= MDL < 25.500000. Timeout 932.687054.
	(ocaml: 2 CPUs. shatter: 20. |fringe| = 43. |finished| = 0.)
(python) Launching tfullstr -> tfullstr (1 tasks) w/ 1 CPUs. 24.000000 <= MDL < 25.500000. Timeout 915.183011.
	(ocaml: 1 CPUs. shatter: 1. |fringe| = 1. |finished| = 0.)
(python) Launching tfullstr -> tfullstr (1 tasks) w/ 1 CPUs. 24.000000 <= MDL < 25.500000. Timeout 909.961747.
	(ocaml: 1 CPUs. shatter: 1. |fringe| = 1. |finished| = 0.)
(python) Launching tfullstr -> tfullstr (1 tasks) w/ 1 CPUs. 24.000000 <= MDL < 25.500000. Timeout 909.378307.
	(ocaml: 1 CPUs. shatter: 1. |fringe| = 1. |finished| = 0.)
(python) Launching tfullstr -> tfullstr (1 tasks) w/ 1 CPUs. 24.000000 <= MDL < 25.500000. Timeout 905.155772.
	(ocaml: 1 CPUs. shatter: 1. |fringe| = 1. |finished| = 0.)
(python) Launching tfullstr -> tfullstr (1 tasks) w/ 1 CPUs. 24.000000 <= MDL < 25.500000. Timeout 896.323795.
	(ocaml: 1 CPUs. shatter: 1. |fringe| = 1. |finished| = 0.)
(python) Launching tfullstr -> tfullstr (1 tasks) w/ 1 CPUs. 24.000000 <= MDL < 25.500000. Timeout 894.225522.
	(ocaml: 1 CPUs. shatter: 1. |fringe| = 1. |finished| = 0.)
(python) Launching tfullstr -> tfullstr (1 tasks) w/ 2 CPUs. 24.000000 <= MDL < 25.500000. Timeout 892.816090.
	(ocaml: 2 CPUs. shatter: 20. |fringe| = 43. |finished| = 0.)
(python) Launching tfullstr -> tfullstr (1 tasks) w/ 1 CPUs. 24.000000 <= MDL < 25.500000. Timeout 890.853101.
	(ocaml: 1 CPUs. shatter: 1. |fringe| = 1. |finished| = 0.)
(python) Launching tfullstr -> tfullstr (1 tasks) w/ 1 CPUs. 24.000000 <= MDL < 25.500000. Timeout 885.088982.
	(ocaml: 1 CPUs. shatter: 1. |fringe| = 1. |finished| = 0.)
(python) Launching tfullstr -> tfullstr (1 tasks) w/ 1 CPUs. 24.000000 <= MDL < 25.500000. Timeout 880.405138.
	(ocaml: 1 CPUs. shatter: 1. |fringe| = 1. |finished| = 0.)
(python) Launching tfullstr -> tfullstr (1 tasks) w/ 1 CPUs. 22.500000 <= MDL < 24.000000. Timeout 872.402984.
	(ocaml: 1 CPUs. shatter: 1. |fringe| = 1. |finished| = 0.)
(python) Launching tfullstr -> tfullstr (1 tasks) w/ 1 CPUs. 24.000000 <= MDL < 25.500000. Timeout 869.188992.
	(ocaml: 1 CPUs. shatter: 1. |fringe| = 1. |finished| = 0.)
(python) Launching tfullstr -> tfullstr (1 tasks) w/ 1 CPUs. 24.000000 <= MDL < 25.500000. Timeout 867.368865.
(python) Launching tfullstr -> tfullstr (1 tasks) w/ 1 CPUs. 24.000000 <= MDL < 25.500000. Timeout 867.368157.
	(ocaml: 1 CPUs. shatter: 1. |fringe| = 1. |finished| = 0.)
	(ocaml: 1 CPUs. shatter: 1. |fringe| = 1. |finished| = 0.)
(python) Launching tfullstr -> tfullstr (1 tasks) w/ 1 CPUs. 24.000000 <= MDL < 25.500000. Timeout 864.441632.
	(ocaml: 1 CPUs. shatter: 1. |fringe| = 1. |finished| = 0.)
(python) Launching tfullstr -> tfullstr (1 tasks) w/ 1 CPUs. 24.000000 <= MDL < 25.500000. Timeout 857.572710.
	(ocaml: 1 CPUs. shatter: 1. |fringe| = 1. |finished| = 0.)
(python) Launching tfullstr -> tfullstr (1 tasks) w/ 1 CPUs. 24.000000 <= MDL < 25.500000. Timeout 844.984751.
	(ocaml: 1 CPUs. shatter: 1. |fringe| = 1. |finished| = 0.)
(python) Launching tfullstr -> tfullstr (1 tasks) w/ 1 CPUs. 24.000000 <= MDL < 25.500000. Timeout 840.876822.
	(ocaml: 1 CPUs. shatter: 1. |fringe| = 1. |finished| = 0.)
(python) Launching tfullstr -> tfullstr (1 tasks) w/ 1 CPUs. 24.000000 <= MDL < 25.500000. Timeout 836.441464.
	(ocaml: 1 CPUs. shatter: 1. |fringe| = 1. |finished| = 0.)
(python) Launching tfullstr -> tfullstr (1 tasks) w/ 1 CPUs. 22.500000 <= MDL < 24.000000. Timeout 834.104494.
	(ocaml: 1 CPUs. shatter: 1. |fringe| = 1. |finished| = 0.)
(python) Launching tfullstr -> tfullstr (1 tasks) w/ 1 CPUs. 24.000000 <= MDL < 25.500000. Timeout 831.033460.
	(ocaml: 1 CPUs. shatter: 1. |fringe| = 1. |finished| = 0.)
(python) Launching tfullstr -> tfullstr (1 tasks) w/ 2 CPUs. 25.500000 <= MDL < 27.000000. Timeout 820.787546.
	(ocaml: 2 CPUs. shatter: 20. |fringe| = 44. |finished| = 0.)
(python) Launching tfullstr -> tfullstr (1 tasks) w/ 2 CPUs. 25.500000 <= MDL < 27.000000. Timeout 801.017892.
	(ocaml: 2 CPUs. shatter: 20. |fringe| = 38. |finished| = 0.)
(python) Launching tfullstr -> tfullstr (1 tasks) w/ 2 CPUs. 25.500000 <= MDL < 27.000000. Timeout 789.083510.
	(ocaml: 2 CPUs. shatter: 20. |fringe| = 43. |finished| = 0.)
(python) Launching tfullstr -> tfullstr (1 tasks) w/ 2 CPUs. 22.500000 <= MDL < 24.000000. Timeout 776.927610.
	(ocaml: 2 CPUs. shatter: 20. |fringe| = 43. |finished| = 0.)
(python) Launching tfullstr -> tfullstr (1 tasks) w/ 2 CPUs. 25.500000 <= MDL < 27.000000. Timeout 724.163256.
	(ocaml: 2 CPUs. shatter: 20. |fringe| = 43. |finished| = 0.)
(python) Launching tfullstr -> tfullstr (1 tasks) w/ 1 CPUs. 25.500000 <= MDL < 27.000000. Timeout 652.479708.
	(ocaml: 1 CPUs. shatter: 1. |fringe| = 1. |finished| = 0.)
(python) Launching tfullstr -> tfullstr (1 tasks) w/ 1 CPUs. 25.500000 <= MDL < 27.000000. Timeout 644.602994.
	(ocaml: 1 CPUs. shatter: 1. |fringe| = 1. |finished| = 0.)
(python) Launching tfullstr -> tfullstr (1 tasks) w/ 1 CPUs. 25.500000 <= MDL < 27.000000. Timeout 639.518762.
	(ocaml: 1 CPUs. shatter: 1. |fringe| = 1. |finished| = 0.)
(python) Launching tfullstr -> tfullstr (1 tasks) w/ 1 CPUs. 25.500000 <= MDL < 27.000000. Timeout 619.246346.
	(ocaml: 1 CPUs. shatter: 1. |fringe| = 1. |finished| = 0.)
(python) Launching tfullstr -> tfullstr (1 tasks) w/ 1 CPUs. 25.500000 <= MDL < 27.000000. Timeout 610.499921.
	(ocaml: 1 CPUs. shatter: 1. |fringe| = 1. |finished| = 0.)
(python) Launching tfullstr -> tfullstr (1 tasks) w/ 1 CPUs. 25.500000 <= MDL < 27.000000. Timeout 591.014953.
	(ocaml: 1 CPUs. shatter: 1. |fringe| = 1. |finished| = 0.)
(python) Launching tfullstr -> tfullstr (1 tasks) w/ 2 CPUs. 25.500000 <= MDL < 27.000000. Timeout 590.552585.
	(ocaml: 2 CPUs. shatter: 20. |fringe| = 43. |finished| = 0.)
(python) Launching tfullstr -> tfullstr (1 tasks) w/ 1 CPUs. 24.000000 <= MDL < 25.500000. Timeout 581.806602.
	(ocaml: 1 CPUs. shatter: 1. |fringe| = 1. |finished| = 0.)
(python) Launching tfullstr -> tfullstr (1 tasks) w/ 1 CPUs. 25.500000 <= MDL < 27.000000. Timeout 573.949307.
	(ocaml: 1 CPUs. shatter: 1. |fringe| = 1. |finished| = 0.)
(python) Launching tfullstr -> tfullstr (1 tasks) w/ 1 CPUs. 25.500000 <= MDL < 27.000000. Timeout 559.031900.
	(ocaml: 1 CPUs. shatter: 1. |fringe| = 1. |finished| = 0.)
(python) Launching tfullstr -> tfullstr (1 tasks) w/ 1 CPUs. 25.500000 <= MDL < 27.000000. Timeout 549.913068.
	(ocaml: 1 CPUs. shatter: 1. |fringe| = 1. |finished| = 0.)
(python) Launching tfullstr -> tfullstr (1 tasks) w/ 1 CPUs. 25.500000 <= MDL < 27.000000. Timeout 530.785023.
	(ocaml: 1 CPUs. shatter: 1. |fringe| = 1. |finished| = 0.)
(python) Launching tfullstr -> tfullstr (1 tasks) w/ 1 CPUs. 25.500000 <= MDL < 27.000000. Timeout 530.087945.
	(ocaml: 1 CPUs. shatter: 1. |fringe| = 1. |finished| = 0.)
(python) Launching tfullstr -> tfullstr (1 tasks) w/ 1 CPUs. 25.500000 <= MDL < 27.000000. Timeout 440.327718.
	(ocaml: 1 CPUs. shatter: 1. |fringe| = 1. |finished| = 0.)
(python) Launching tfullstr -> tfullstr (1 tasks) w/ 1 CPUs. 25.500000 <= MDL < 27.000000. Timeout 437.765688.
	(ocaml: 1 CPUs. shatter: 1. |fringe| = 1. |finished| = 0.)
(python) Launching tfullstr -> tfullstr (1 tasks) w/ 1 CPUs. 24.000000 <= MDL < 25.500000. Timeout 432.299037.
	(ocaml: 1 CPUs. shatter: 1. |fringe| = 1. |finished| = 0.)
(python) Launching tfullstr -> tfullstr (1 tasks) w/ 1 CPUs. 25.500000 <= MDL < 27.000000. Timeout 430.537954.
	(ocaml: 1 CPUs. shatter: 1. |fringe| = 1. |finished| = 0.)
(python) Launching tfullstr -> tfullstr (1 tasks) w/ 1 CPUs. 25.500000 <= MDL < 27.000000. Timeout 409.310078.
	(ocaml: 1 CPUs. shatter: 1. |fringe| = 1. |finished| = 0.)
(python) Launching tfullstr -> tfullstr (1 tasks) w/ 1 CPUs. 25.500000 <= MDL < 27.000000. Timeout 407.891125.
	(ocaml: 1 CPUs. shatter: 1. |fringe| = 1. |finished| = 0.)
(python) Launching tfullstr -> tfullstr (1 tasks) w/ 1 CPUs. 25.500000 <= MDL < 27.000000. Timeout 364.695503.
	(ocaml: 1 CPUs. shatter: 1. |fringe| = 1. |finished| = 0.)
(python) Launching tfullstr -> tfullstr (1 tasks) w/ 1 CPUs. 25.500000 <= MDL < 27.000000. Timeout 317.239955.
	(ocaml: 1 CPUs. shatter: 1. |fringe| = 1. |finished| = 0.)
(python) Launching tfullstr -> tfullstr (1 tasks) w/ 2 CPUs. 27.000000 <= MDL < 28.500000. Timeout 288.158384.
	(ocaml: 2 CPUs. shatter: 20. |fringe| = 38. |finished| = 0.)
(python) Launching tfullstr -> tfullstr (1 tasks) w/ 2 CPUs. 27.000000 <= MDL < 28.500000. Timeout 259.942840.
	(ocaml: 2 CPUs. shatter: 20. |fringe| = 44. |finished| = 0.)
(python) Launching tfullstr -> tfullstr (1 tasks) w/ 2 CPUs. 27.000000 <= MDL < 28.500000. Timeout 212.371235.
	(ocaml: 2 CPUs. shatter: 20. |fringe| = 43. |finished| = 0.)
(python) Launching tfullstr -> tfullstr (1 tasks) w/ 2 CPUs. 24.000000 <= MDL < 25.500000. Timeout 151.843248.
	(ocaml: 2 CPUs. shatter: 20. |fringe| = 43. |finished| = 0.)
(python) Launching tfullstr -> tfullstr (1 tasks) w/ 2 CPUs. 27.000000 <= MDL < 28.500000. Timeout 0.502042.
(python) Launching tfullstr -> tfullstr (1 tasks) w/ 11 CPUs. 25.500000 <= MDL < 27.000000. Timeout 0.506892.
	(ocaml: 2 CPUs. shatter: 20. |fringe| = 43. |finished| = 0.)
	(ocaml: 11 CPUs. shatter: 110. |fringe| = 123. |finished| = 0.)
We enumerated this many programs, for each task:
	 [62267984, 62000176, 53, 639, 115029546, 58414729, 1589, 134534646, 62292369, 120178066, 54529097, 56378940, 307, 57723607, 15300065, 52, 38583614, 37763134, 118969015, 53298052, 61866867, 56864864, 57033840, 59843242, 45581907, 145, 38131023, 54579430, 47886184, 50426071, 54093343, 120007856]
Wrote experiments_iterative/outputs/paperfaithful_init_seed111_20260507/domains/re2/dreamcoder/seed_111/dreamcoder_32/0/metrics.json
====================================
iteration: 0
amortized_synthesis : infer_programs_for_tasks
Completed in 1001.108s
====================================
============LOGGING FRONTIERS============
	 total_solved_tasks_train @ iteration 0: 6 / 491
	 total_solved_tasks_test @ iteration 0: 0 / 500
====================================
reset_task_frontiers for split: test
============LOGGING FRONTIERS============
	 total_solved_tasks_train @ iteration 0: 6 / 491
	 total_solved_tasks_test @ iteration 0: 0 / 500
====================================
============LOGGING MODEL_FN============
	iteration: 0
	experiment_block_type: model_fn
	model_type: grammar
	task_batch_sizes: ['all']
	run_every_n_iterations: 3
	task_splits: ['test']
	params: {'compute_likelihoods': True, 'compute_description_lengths': True, 'save_filename': 'test_likelihoods.json'}
	model_fn: evaluate_frontiers
task_ids test: 500 tasks: re2_test_0_if_the_word_ends_with_s_replace_that_with_m -- re2_test_499_if_there_is_consonant_replace_that_with_q_f
====================================
<original-workspace>/lilo_sec/.conda/envs/lilo/lib/python3.7/site-packages/numpy/core/fromnumeric.py:3441: RuntimeWarning: Mean of empty slice.
  out=out, **kwargs)
<original-workspace>/lilo_sec/.conda/envs/lilo/lib/python3.7/site-packages/numpy/core/_methods.py:189: RuntimeWarning: invalid value encountered in double_scalars
  ret = ret.dtype.type(ret / rcount)
EVALUATION: evaluate_frontiers : mean log likelihood of 0 programs in splits: ['test'] is: nan
EVALUATION: evaluate_frontiers : mean description length of 0 programs in splits: ['test'] is: nan
============Checkpointing frontiers to experiments_iterative/outputs/paperfaithful_init_seed111_20260507/domains/re2/dreamcoder/seed_111/dreamcoder_32/0/frontiers.json===========
============LOGGING MODEL_FN============
	iteration: 0
	experiment_block_type: model_fn
	model_type: library_learner
	task_batch_sizes: ['all']
	task_splits: ['train']
	params: {'max_arity': 3, 'iterations': 10, 'candidates_per_iteration': 1, 'include_samples': False, 'use_mdl_program': False, 'beta_reduce_programs': True, 'update_grammar': True, 'replace_existing_abstractions': True}
	model_fn: get_compressed_grammar_mdl_prior_rank
task_ids train: 491 tasks: re2_train_489_if_there_is_any_letter_consonant_replace_that_with_b -- re2_train_432_if_the_word_ends_with_vowel_any_letter_replace_that_with_h_i
====================================
Updated grammar (productions=42) with 6 new abstractions.
reset_task_frontiers for split: train
reset_samples for split: train
============LOGGING TASK_BATCHER============
Task batcher: random_shuffle_ordered_task_batcher
Initializing batcher over tasks: 
train tasks: 491
test tasks: 500
global_batch_size: 32
====================================
random_seed: 111
============LOGGING METADATA============
	iteration: 0
	human_readable: Autogenerated iterative experiment.
	experiment_id: dreamcoder_32
	encoder: clevr
	init_frontiers_every_iteration: False
	enumeration_timeout: 600
	tasks_loader: clevr
	task_language_loader: clevr_synthetic
	timestamped_experiment_id: dreamcoder_32
	init_grammar_from_checkpoint: False
	init_frontiers_from_checkpoint: False
	resume_checkpoint_directory: None
	export_with_timestamp: False
	ocaml_special_handler: clevr
	timestamp: 
	curr_iteration: 0
	global_batch_size: 32
	experiment_name: paperfaithful_init_seed111_20260507
	dsl_description_prefix: This is a domain-specific language for CLEVR: A Diagnostic Dataset for Compositional Language and Elementary Visual Reasoning.
	log_directory: experiments_iterative/logs/paperfaithful_init_seed111_20260507/domains/clevr/dreamcoder/seed_111/dreamcoder_32
	random_generator: Generator(PCG64)
	export_directory: experiments_iterative/outputs/paperfaithful_init_seed111_20260507/domains/clevr/dreamcoder/seed_111/dreamcoder_32
	recognition_train_steps: 10000
	random_seed: 111
====================================
============LOGGING FRONTIERS============
	 total_solved_tasks_train @ iteration 0: 0 / 191
	 total_solved_tasks_test @ iteration 0: 0 / 103
====================================
============LOGGING MODEL_FN============
	iteration: 0
	experiment_block_type: model_fn
	model_type: grammar
	run_every_n_iterations: 1000
	params: {'enumeration_timeout': 600, 'compute_likelihoods': True}
	task_split: train
	model_fn: infer_programs_for_tasks
	task_batch_size: global_batch_size
task_ids: 32 tasks: 5-2_transform-What if all the blue metal things became rubber things? -- 3-1_zero_hop-What number of gray rubber cubes are there?
====================================
Beginning enumeration on a total of 32 tasks with a total of 32 CPUs.
(python) Launching list(tclevrobject) -> bool (1 tasks) w/ 6 CPUs. 0.000000 <= MDL < 1.500000. Timeout 600.000000.
(python) Launching list(tclevrobject) -> int (14 tasks) w/ 6 CPUs. 0.000000 <= MDL < 1.500000. Timeout 600.000000.
(python) Launching list(tclevrobject) -> tclevrsize (1 tasks) w/ 5 CPUs. 0.000000 <= MDL < 1.500000. Timeout 600.000000.
(python) Launching list(tclevrobject) -> tclevrcolor (1 tasks) w/ 5 CPUs. 0.000000 <= MDL < 1.500000. Timeout 600.000000.
(python) Launching list(tclevrobject) -> tclevrshape (5 tasks) w/ 5 CPUs. 0.000000 <= MDL < 1.500000. Timeout 600.000000.
	(ocaml: 6 CPUs. shatter: 60. |fringe| = 0. |finished| = 0.)
(python) Launching list(tclevrobject) -> list(tclevrobject) (10 tasks) w/ 5 CPUs. 0.000000 <= MDL < 1.500000. Timeout 600.000000.
(python) Launching list(tclevrobject) -> bool (1 tasks) w/ 6 CPUs. 1.500000 <= MDL < 3.000000. Timeout 599.965845.
	(ocaml: 5 CPUs. shatter: 50. |fringe| = 0. |finished| = 0.)
	(ocaml: 5 CPUs. shatter: 50. |fringe| = 0. |finished| = 2.)
	(ocaml: 6 CPUs. shatter: 60. |fringe| = 0. |finished| = 0.)
(python) Launching list(tclevrobject) -> tclevrcolor (1 tasks) w/ 5 CPUs. 1.500000 <= MDL < 3.000000. Timeout 599.971187.
(python) Launching list(tclevrobject) -> tclevrsize (1 tasks) w/ 5 CPUs. 1.500000 <= MDL < 3.000000. Timeout 599.960649.
	(ocaml: 5 CPUs. shatter: 50. |fringe| = 0. |finished| = 0.)
	(ocaml: 6 CPUs. shatter: 60. |fringe| = 0. |finished| = 0.)
	(ocaml: 5 CPUs. shatter: 50. |fringe| = 0. |finished| = 0.)
	(ocaml: 5 CPUs. shatter: 50. |fringe| = 0. |finished| = 8.)
(python) Launching list(tclevrobject) -> tclevrshape (5 tasks) w/ 5 CPUs. 1.500000 <= MDL < 3.000000. Timeout 599.952375.
(python) Launching list(tclevrobject) -> bool (1 tasks) w/ 6 CPUs. 3.000000 <= MDL < 4.500000. Timeout 599.926744.
	(ocaml: 5 CPUs. shatter: 50. |fringe| = 0. |finished| = 0.)
(python) Launching list(tclevrobject) -> tclevrcolor (1 tasks) w/ 5 CPUs. 3.000000 <= MDL < 4.500000. Timeout 599.935747.
(python) Launching list(tclevrobject) -> int (14 tasks) w/ 6 CPUs. 1.500000 <= MDL < 3.000000. Timeout 599.916408.
	(ocaml: 6 CPUs. shatter: 60. |fringe| = 0. |finished| = 0.)
	(ocaml: 5 CPUs. shatter: 50. |fringe| = 0. |finished| = 3.)
(python) Launching list(tclevrobject) -> tclevrsize (1 tasks) w/ 5 CPUs. 3.000000 <= MDL < 4.500000. Timeout 599.914127.
(python) Launching list(tclevrobject) -> bool (1 tasks) w/ 6 CPUs. 4.500000 <= MDL < 6.000000. Timeout 599.894888.
	(ocaml: 5 CPUs. shatter: 50. |fringe| = 0. |finished| = 0.)
(python) Launching list(tclevrobject) -> tclevrshape (5 tasks) w/ 5 CPUs. 3.000000 <= MDL < 4.500000. Timeout 599.906050.
	(ocaml: 5 CPUs. shatter: 50. |fringe| = 0. |finished| = 0.)
	(ocaml: 6 CPUs. shatter: 60. |fringe| = 0. |finished| = 10.)
(python) Launching list(tclevrobject) -> list(tclevrobject) (10 tasks) w/ 5 CPUs. 1.500000 <= MDL < 3.000000. Timeout 599.902612.
	(ocaml: 6 CPUs. shatter: 60. |fringe| = 61. |finished| = 4.)
(python) Launching list(tclevrobject) -> tclevrcolor (1 tasks) w/ 5 CPUs. 4.500000 <= MDL < 6.000000. Timeout 599.885209.
	(ocaml: 5 CPUs. shatter: 50. |fringe| = 0. |finished| = 0.)
(python) Launching list(tclevrobject) -> tclevrsize (1 tasks) w/ 5 CPUs. 4.500000 <= MDL < 6.000000. Timeout 599.874528.
(python) Launching list(tclevrobject) -> bool (1 tasks) w/ 6 CPUs. 6.000000 <= MDL < 7.500000. Timeout 599.849240.
	(ocaml: 5 CPUs. shatter: 50. |fringe| = 0. |finished| = 0.)
(python) Launching list(tclevrobject) -> tclevrshape (5 tasks) w/ 5 CPUs. 4.500000 <= MDL < 6.000000. Timeout 599.860922.
	(ocaml: 5 CPUs. shatter: 50. |fringe| = 0. |finished| = 2.)
	(ocaml: 5 CPUs. shatter: 50. |fringe| = 53. |finished| = 1.)
(python) Launching list(tclevrobject) -> int (14 tasks) w/ 6 CPUs. 3.000000 <= MDL < 4.500000. Timeout 599.835008.
	(ocaml: 6 CPUs. shatter: 60. |fringe| = 61. |finished| = 0.)
(python) Launching list(tclevrobject) -> tclevrcolor (1 tasks) w/ 5 CPUs. 6.000000 <= MDL < 7.500000. Timeout 599.837230.
(python) Launching list(tclevrobject) -> tclevrsize (1 tasks) w/ 5 CPUs. 6.000000 <= MDL < 7.500000. Timeout 599.824755.
	(ocaml: 5 CPUs. shatter: 50. |fringe| = 53. |finished| = 1.)
(python) Launching list(tclevrobject) -> bool (1 tasks) w/ 6 CPUs. 7.500000 <= MDL < 9.000000. Timeout 599.804480.
	(ocaml: 5 CPUs. shatter: 50. |fringe| = 53. |finished| = 1.)
	(ocaml: 6 CPUs. shatter: 60. |fringe| = 0. |finished| = 0.)
(python) Launching list(tclevrobject) -> list(tclevrobject) (10 tasks) w/ 5 CPUs. 3.000000 <= MDL < 4.500000. Timeout 599.809692.
(python) Launching list(tclevrobject) -> tclevrshape (5 tasks) w/ 5 CPUs. 6.000000 <= MDL < 7.500000. Timeout 599.796606.
	(ocaml: 5 CPUs. shatter: 50. |fringe| = 53. |finished| = 0.)
	(ocaml: 6 CPUs. shatter: 60. |fringe| = 61. |finished| = 0.)
(python) Launching list(tclevrobject) -> tclevrcolor (1 tasks) w/ 5 CPUs. 7.500000 <= MDL < 9.000000. Timeout 599.787306.
(python) Launching list(tclevrobject) -> tclevrsize (1 tasks) w/ 5 CPUs. 7.500000 <= MDL < 9.000000. Timeout 599.766079.
	(ocaml: 5 CPUs. shatter: 50. |fringe| = 53. |finished| = 0.)
	(ocaml: 5 CPUs. shatter: 50. |fringe| = 0. |finished| = 0.)
	(ocaml: 5 CPUs. shatter: 50. |fringe| = 53. |finished| = 0.)
(python) Launching list(tclevrobject) -> int (14 tasks) w/ 6 CPUs. 4.500000 <= MDL < 6.000000. Timeout 599.745074.
(python) Launching list(tclevrobject) -> bool (1 tasks) w/ 6 CPUs. 9.000000 <= MDL < 10.500000. Timeout 599.732925.
	(ocaml: 5 CPUs. shatter: 50. |fringe| = 53. |finished| = 0.)
(python) Launching list(tclevrobject) -> tclevrshape (5 tasks) w/ 5 CPUs. 7.500000 <= MDL < 9.000000. Timeout 599.744285.
(python) Launching list(tclevrobject) -> tclevrcolor (1 tasks) w/ 5 CPUs. 9.000000 <= MDL < 10.500000. Timeout 599.734327.
	(ocaml: 6 CPUs. shatter: 60. |fringe| = 61. |finished| = 0.)
	(ocaml: 6 CPUs. shatter: 60. |fringe| = 0. |finished| = 2.)
(python) Launching list(tclevrobject) -> tclevrsize (1 tasks) w/ 5 CPUs. 9.000000 <= MDL < 10.500000. Timeout 599.717506.
(python) Launching list(tclevrobject) -> list(tclevrobject) (10 tasks) w/ 5 CPUs. 4.500000 <= MDL < 6.000000. Timeout 599.716253.
	(ocaml: 5 CPUs. shatter: 50. |fringe| = 53. |finished| = 0.)
	(ocaml: 5 CPUs. shatter: 50. |fringe| = 53. |finished| = 0.)
(python) Launching list(tclevrobject) -> bool (1 tasks) w/ 6 CPUs. 10.500000 <= MDL < 12.000000. Timeout 599.683031.
	(ocaml: 5 CPUs. shatter: 50. |fringe| = 53. |finished| = 0.)
(python) Launching list(tclevrobject) -> tclevrcolor (1 tasks) w/ 5 CPUs. 10.500000 <= MDL < 12.000000. Timeout 599.687950.
(python) Launching list(tclevrobject) -> int (14 tasks) w/ 6 CPUs. 6.000000 <= MDL < 7.500000. Timeout 599.662753.
	(ocaml: 5 CPUs. shatter: 50. |fringe| = 56. |finished| = 0.)
	(ocaml: 6 CPUs. shatter: 60. |fringe| = 61. |finished| = 0.)
(python) Launching list(tclevrobject) -> tclevrshape (5 tasks) w/ 5 CPUs. 9.000000 <= MDL < 10.500000. Timeout 599.669931.
	(ocaml: 5 CPUs. shatter: 50. |fringe| = 53. |finished| = 0.)
(python) Launching list(tclevrobject) -> tclevrsize (1 tasks) w/ 5 CPUs. 10.500000 <= MDL < 12.000000. Timeout 599.653823.
	(ocaml: 6 CPUs. shatter: 60. |fringe| = 62. |finished| = 0.)
(python) Launching list(tclevrobject) -> tclevrcolor (1 tasks) w/ 5 CPUs. 12.000000 <= MDL < 13.500000. Timeout 599.641191.
	(ocaml: 5 CPUs. shatter: 50. |fringe| = 53. |finished| = 0.)
(python) Launching list(tclevrobject) -> bool (1 tasks) w/ 6 CPUs. 12.000000 <= MDL < 13.500000. Timeout 599.617245.
	(ocaml: 5 CPUs. shatter: 50. |fringe| = 53. |finished| = 0.)
	(ocaml: 5 CPUs. shatter: 50. |fringe| = 53. |finished| = 0.)
	(ocaml: 6 CPUs. shatter: 60. |fringe| = 61. |finished| = 0.)
(python) Launching list(tclevrobject) -> list(tclevrobject) (10 tasks) w/ 5 CPUs. 6.000000 <= MDL < 7.500000. Timeout 599.605029.
(python) Launching list(tclevrobject) -> tclevrshape (5 tasks) w/ 5 CPUs. 10.500000 <= MDL < 12.000000. Timeout 599.593257.
(python) Launching list(tclevrobject) -> tclevrsize (1 tasks) w/ 5 CPUs. 12.000000 <= MDL < 13.500000. Timeout 599.574471.
(python) Launching list(tclevrobject) -> int (14 tasks) w/ 6 CPUs. 7.500000 <= MDL < 9.000000. Timeout 599.547263.
	(ocaml: 5 CPUs. shatter: 50. |fringe| = 53. |finished| = 0.)
	(ocaml: 5 CPUs. shatter: 50. |fringe| = 56. |finished| = 0.)
(python) Launching list(tclevrobject) -> tclevrcolor (1 tasks) w/ 5 CPUs. 13.500000 <= MDL < 15.000000. Timeout 599.557089.
	(ocaml: 5 CPUs. shatter: 50. |fringe| = 53. |finished| = 0.)
(python) Launching list(tclevrobject) -> bool (1 tasks) w/ 6 CPUs. 13.500000 <= MDL < 15.000000. Timeout 599.530647.
	(ocaml: 5 CPUs. shatter: 50. |fringe| = 53. |finished| = 0.)
(python) Launching list(tclevrobject) -> tclevrshape (5 tasks) w/ 5 CPUs. 12.000000 <= MDL < 13.500000. Timeout 599.521007.
	(ocaml: 6 CPUs. shatter: 60. |fringe| = 62. |finished| = 0.)
	(ocaml: 6 CPUs. shatter: 60. |fringe| = 61. |finished| = 0.)
(python) Launching list(tclevrobject) -> tclevrsize (1 tasks) w/ 5 CPUs. 13.500000 <= MDL < 15.000000. Timeout 599.506735.
(python) Launching list(tclevrobject) -> list(tclevrobject) (10 tasks) w/ 5 CPUs. 7.500000 <= MDL < 9.000000. Timeout 599.490256.
	(ocaml: 5 CPUs. shatter: 50. |fringe| = 53. |finished| = 0.)
	(ocaml: 5 CPUs. shatter: 50. |fringe| = 53. |finished| = 0.)
(python) Launching list(tclevrobject) -> tclevrcolor (1 tasks) w/ 5 CPUs. 15.000000 <= MDL < 16.500000. Timeout 599.458514.
(python) Launching list(tclevrobject) -> int (14 tasks) w/ 6 CPUs. 9.000000 <= MDL < 10.500000. Timeout 599.424015.
	(ocaml: 5 CPUs. shatter: 50. |fringe| = 56. |finished| = 0.)
(python) Launching list(tclevrobject) -> tclevrshape (5 tasks) w/ 5 CPUs. 13.500000 <= MDL < 15.000000. Timeout 599.426099.
	(ocaml: 5 CPUs. shatter: 50. |fringe| = 53. |finished| = 0.)
(python) Launching list(tclevrobject) -> bool (1 tasks) w/ 6 CPUs. 15.000000 <= MDL < 16.500000. Timeout 599.370576.
	(ocaml: 5 CPUs. shatter: 50. |fringe| = 53. |finished| = 0.)
	(ocaml: 6 CPUs. shatter: 60. |fringe| = 62. |finished| = 0.)
(python) Launching list(tclevrobject) -> list(tclevrobject) (10 tasks) w/ 5 CPUs. 9.000000 <= MDL < 10.500000. Timeout 599.366693.
(python) Launching list(tclevrobject) -> tclevrsize (1 tasks) w/ 5 CPUs. 15.000000 <= MDL < 16.500000. Timeout 599.351426.
	(ocaml: 6 CPUs. shatter: 60. |fringe| = 61. |finished| = 0.)
	(ocaml: 5 CPUs. shatter: 50. |fringe| = 53. |finished| = 0.)
	(ocaml: 5 CPUs. shatter: 50. |fringe| = 56. |finished| = 0.)
(python) Launching list(tclevrobject) -> int (14 tasks) w/ 6 CPUs. 10.500000 <= MDL < 12.000000. Timeout 599.292321.
(python) Launching list(tclevrobject) -> tclevrshape (4 tasks) w/ 5 CPUs. 15.000000 <= MDL < 16.500000. Timeout 599.258367.
	(ocaml: 6 CPUs. shatter: 60. |fringe| = 62. |finished| = 0.)
(python) Launching list(tclevrobject) -> tclevrcolor (1 tasks) w/ 5 CPUs. 16.500000 <= MDL < 18.000000. Timeout 599.233117.
(python) Launching list(tclevrobject) -> list(tclevrobject) (10 tasks) w/ 5 CPUs. 10.500000 <= MDL < 12.000000. Timeout 599.222326.
	(ocaml: 5 CPUs. shatter: 50. |fringe| = 53. |finished| = 0.)
	(ocaml: 5 CPUs. shatter: 50. |fringe| = 53. |finished| = 0.)
	(ocaml: 5 CPUs. shatter: 50. |fringe| = 56. |finished| = 0.)
(python) Launching list(tclevrobject) -> int (14 tasks) w/ 6 CPUs. 12.000000 <= MDL < 13.500000. Timeout 599.147687.
	(ocaml: 6 CPUs. shatter: 60. |fringe| = 62. |finished| = 0.)
(python) Launching list(tclevrobject) -> list(tclevrobject) (10 tasks) w/ 5 CPUs. 12.000000 <= MDL < 13.500000. Timeout 599.041386.
(python) Launching list(tclevrobject) -> int (14 tasks) w/ 6 CPUs. 13.500000 <= MDL < 15.000000. Timeout 598.990338.
	(ocaml: 5 CPUs. shatter: 50. |fringe| = 56. |finished| = 0.)
	(ocaml: 6 CPUs. shatter: 60. |fringe| = 62. |finished| = 0.)
(python) Launching list(tclevrobject) -> bool (1 tasks) w/ 6 CPUs. 16.500000 <= MDL < 18.000000. Timeout 598.797846.
(python) Launching list(tclevrobject) -> tclevrshape (4 tasks) w/ 5 CPUs. 16.500000 <= MDL < 18.000000. Timeout 598.801331.
(python) Launching list(tclevrobject) -> tclevrsize (1 tasks) w/ 5 CPUs. 16.500000 <= MDL < 18.000000. Timeout 598.784483.
	(ocaml: 6 CPUs. shatter: 60. |fringe| = 61. |finished| = 0.)
(python) Launching list(tclevrobject) -> list(tclevrobject) (10 tasks) w/ 5 CPUs. 13.500000 <= MDL < 15.000000. Timeout 598.785691.
	(ocaml: 5 CPUs. shatter: 50. |fringe| = 53. |finished| = 0.)
(python) Launching list(tclevrobject) -> int (14 tasks) w/ 6 CPUs. 15.000000 <= MDL < 16.500000. Timeout 598.753273.
	(ocaml: 5 CPUs. shatter: 50. |fringe| = 53. |finished| = 0.)
	(ocaml: 5 CPUs. shatter: 50. |fringe| = 56. |finished| = 0.)
	(ocaml: 6 CPUs. shatter: 60. |fringe| = 62. |finished| = 0.)
(python) Launching list(tclevrobject) -> int (14 tasks) w/ 6 CPUs. 16.500000 <= MDL < 18.000000. Timeout 598.412533.
	(ocaml: 6 CPUs. shatter: 60. |fringe| = 62. |finished| = 0.)
(python) Launching list(tclevrobject) -> list(tclevrobject) (10 tasks) w/ 5 CPUs. 15.000000 <= MDL < 16.500000. Timeout 598.254204.
(python) Launching list(tclevrobject) -> tclevrcolor (1 tasks) w/ 5 CPUs. 18.000000 <= MDL < 19.500000. Timeout 598.231448.
	(ocaml: 5 CPUs. shatter: 50. |fringe| = 53. |finished| = 0.)
	(ocaml: 5 CPUs. shatter: 50. |fringe| = 56. |finished| = 0.)
(python) Launching list(tclevrobject) -> int (14 tasks) w/ 6 CPUs. 18.000000 <= MDL < 19.500000. Timeout 597.555871.
	(ocaml: 6 CPUs. shatter: 60. |fringe| = 62. |finished| = 0.)
(python) Launching list(tclevrobject) -> list(tclevrobject) (10 tasks) w/ 5 CPUs. 16.500000 <= MDL < 18.000000. Timeout 596.908929.
	(ocaml: 5 CPUs. shatter: 50. |fringe| = 56. |finished| = 0.)
(python) Launching list(tclevrobject) -> tclevrshape (4 tasks) w/ 5 CPUs. 18.000000 <= MDL < 19.500000. Timeout 596.834169.
	(ocaml: 5 CPUs. shatter: 50. |fringe| = 53. |finished| = 0.)
(python) Launching list(tclevrobject) -> tclevrsize (1 tasks) w/ 11 CPUs. 18.000000 <= MDL < 19.500000. Timeout 596.123659.
	(ocaml: 11 CPUs. shatter: 110. |fringe| = 112. |finished| = 0.)
(python) Launching list(tclevrobject) -> int (14 tasks) w/ 6 CPUs. 19.500000 <= MDL < 21.000000. Timeout 594.588930.
	(ocaml: 6 CPUs. shatter: 60. |fringe| = 62. |finished| = 0.)
(python) Launching list(tclevrobject) -> tclevrcolor (1 tasks) w/ 5 CPUs. 19.500000 <= MDL < 21.000000. Timeout 593.970912.
	(ocaml: 5 CPUs. shatter: 50. |fringe| = 53. |finished| = 0.)
(python) Launching list(tclevrobject) -> list(tclevrobject) (10 tasks) w/ 5 CPUs. 18.000000 <= MDL < 19.500000. Timeout 592.309616.
	(ocaml: 5 CPUs. shatter: 50. |fringe| = 56. |finished| = 0.)
(python) Launching list(tclevrobject) -> tclevrsize (1 tasks) w/ 11 CPUs. 19.500000 <= MDL < 21.000000. Timeout 590.476110.
	(ocaml: 11 CPUs. shatter: 110. |fringe| = 112. |finished| = 0.)
(python) Launching list(tclevrobject) -> tclevrshape (4 tasks) w/ 5 CPUs. 19.500000 <= MDL < 21.000000. Timeout 587.502028.
	(ocaml: 5 CPUs. shatter: 50. |fringe| = 53. |finished| = 0.)
(python) Launching list(tclevrobject) -> int (12 tasks) w/ 6 CPUs. 21.000000 <= MDL < 22.500000. Timeout 580.945581.
	(ocaml: 6 CPUs. shatter: 60. |fringe| = 62. |finished| = 0.)
(python) Launching list(tclevrobject) -> tclevrcolor (1 tasks) w/ 5 CPUs. 21.000000 <= MDL < 22.500000. Timeout 573.997057.
	(ocaml: 5 CPUs. shatter: 50. |fringe| = 53. |finished| = 0.)
(python) Launching list(tclevrobject) -> list(tclevrobject) (10 tasks) w/ 5 CPUs. 19.500000 <= MDL < 21.000000. Timeout 572.767371.
	(ocaml: 5 CPUs. shatter: 50. |fringe| = 56. |finished| = 0.)
(python) Launching list(tclevrobject) -> tclevrsize (1 tasks) w/ 11 CPUs. 21.000000 <= MDL < 22.500000. Timeout 566.854574.
	(ocaml: 11 CPUs. shatter: 110. |fringe| = 112. |finished| = 0.)
(python) Launching list(tclevrobject) -> tclevrshape (4 tasks) w/ 5 CPUs. 21.000000 <= MDL < 22.500000. Timeout 545.080828.
	(ocaml: 5 CPUs. shatter: 50. |fringe| = 53. |finished| = 0.)
(python) Launching list(tclevrobject) -> int (12 tasks) w/ 6 CPUs. 22.500000 <= MDL < 24.000000. Timeout 523.777308.
	(ocaml: 6 CPUs. shatter: 60. |fringe| = 62. |finished| = 0.)
(python) Launching list(tclevrobject) -> tclevrcolor (1 tasks) w/ 5 CPUs. 22.500000 <= MDL < 24.000000. Timeout 489.939315.
	(ocaml: 5 CPUs. shatter: 50. |fringe| = 53. |finished| = 0.)
(python) Launching list(tclevrobject) -> list(tclevrobject) (10 tasks) w/ 5 CPUs. 21.000000 <= MDL < 22.500000. Timeout 479.411181.
	(ocaml: 5 CPUs. shatter: 50. |fringe| = 56. |finished| = 0.)
(python) Launching list(tclevrobject) -> tclevrshape (3 tasks) w/ 16 CPUs. 22.500000 <= MDL < 24.000000. Timeout 382.237618.
	(ocaml: 16 CPUs. shatter: 160. |fringe| = 161. |finished| = 0.)
(python) Launching list(tclevrobject) -> int (11 tasks) w/ 6 CPUs. 24.000000 <= MDL < 25.500000. Timeout 290.626420.
	(ocaml: 6 CPUs. shatter: 60. |fringe| = 62. |finished| = 0.)
(python) Launching list(tclevrobject) -> tclevrcolor (1 tasks) w/ 5 CPUs. 24.000000 <= MDL < 25.500000. Timeout 140.219095.
	(ocaml: 5 CPUs. shatter: 50. |fringe| = 53. |finished| = 0.)
(python) Launching list(tclevrobject) -> list(tclevrobject) (10 tasks) w/ 5 CPUs. 22.500000 <= MDL < 24.000000. Timeout 139.117108.
	(ocaml: 5 CPUs. shatter: 50. |fringe| = 56. |finished| = 0.)
(python) Launching list(tclevrobject) -> tclevrshape (3 tasks) w/ 16 CPUs. 24.000000 <= MDL < 25.500000. Timeout 118.044169.
	(ocaml: 16 CPUs. shatter: 160. |fringe| = 161. |finished| = 0.)
We enumerated this many programs, for each task:
	 [213962, 8967347, 3940300, 49041247, 6220498, 4136, 24336909, 269712, 8967347, 8967347, 8967347, 8172036, 8967347, 269712, 8967347, 24336909, 24336909, 1148116, 1148116, 1148116, 1148116, 1148116, 1148116, 1148116, 1148116, 1148116, 8967347, 8967347, 8967347, 8967347, 8967347, 1148116]
Wrote experiments_iterative/outputs/paperfaithful_init_seed111_20260507/domains/clevr/dreamcoder/seed_111/dreamcoder_32/0/metrics.json
====================================
iteration: 0
grammar : infer_programs_for_tasks
Completed in 600.396s
====================================
============LOGGING FRONTIERS============
	 total_solved_tasks_train @ iteration 0: 8 / 191
	 total_solved_tasks_test @ iteration 0: 0 / 103
====================================
============LOGGING MODEL_FN============
	iteration: 0
	experiment_block_type: model_fn
	model_type: amortized_synthesis
	params: {'recognition_train_steps': 10000}
	task_split: train
	model_fn: optimize_model_for_frontiers
	task_batch_size: all
task_ids: 191 tasks: 5-2_transform-What if all the blue metal things became rubber things? -- 18-1_single_or-What number of rubber objects are purple things or cylinders?
====================================
No pre-enumerated helmholtzFrontiers: we will sample randomly during the training loop.
Attempted frontier likelihood normalization. Initial frontiers: 8. Now: 8
(ID=0): Training a recognition model from 8 frontiers, 50% Helmholtz
Feature extractors: [['ClevrFeatureExtractor']]
(ID=0): Got 0 Helmholtz frontiers - random Helmholtz training? : True
(ID=0): Contextual? True
(ID=0): Bias optimal? True
(ID=0): Aux loss? True (n.b. we train a 'auxiliary' classifier anyway - this controls if gradients propagate back to the future extractor)
Sampling new helmholtz frontiers during training.
Sampling 500 programs from the prior on 32 CPUs...


Got 84/500 valid samples.
We now have 84 Helmholtz entries.
(ID=0):  Epoch 1 Loss 9.345971643924713
(ID=0):  		(real loss):  16.65732479095459 	(dream loss): 2.0346184968948364
(ID=0):  	vs MDL (w/o neural net) 9.707287919512599
		(real MDL):  17.111990746031154 	(dream MDL): 2.302585092994046
(ID=0):  	8 cumulative gradient steps. 15.398807 steps/sec
(ID=0):  	54-way auxiliary classification loss 0.6823599115014076
(ID=0):  Epoch 5 Loss 10.162803146988153
(ID=0):  		(real loss):  14.42951794674522 	(dream loss): 3.9268353627278256
(ID=0):  	vs MDL (w/o neural net) 13.596029844055822
		(real MDL):  19.467951174011027 	(dream MDL): 5.0139909771982145
(ID=0):  	40 cumulative gradient steps. 38.748417 steps/sec
(ID=0):  	54-way auxiliary classification loss 0.5051474962383509
(ID=0):  Epoch 10 Loss 9.409973829984665
(ID=0):  		(real loss):  7.924439256841486 	(dream loss): 11.22562719715966
(ID=0):  	vs MDL (w/o neural net) 15.1713404182913
		(real MDL):  18.27385877093653 	(dream MDL): 11.379373542836014
(ID=0):  	80 cumulative gradient steps. 48.168299 steps/sec
(ID=0):  	54-way auxiliary classification loss 0.27831592261791227
(ID=0):  Epoch 15 Loss 6.730139881372452
(ID=0):  		(real loss):  5.53329074382782 	(dream loss): 7.528039306402206
(ID=0):  	vs MDL (w/o neural net) 12.475047169063435
		(real MDL):  18.61307590693559 	(dream MDL): 8.383028010481999
(ID=0):  	120 cumulative gradient steps. 51.629680 steps/sec
(ID=0):  	54-way auxiliary classification loss 0.2232751440256834
Sampling new helmholtz frontiers during training.
Sampling 500 programs from the prior on 32 CPUs...


Got 76/500 valid samples.
We now have 76 Helmholtz entries.
(ID=0):  Epoch 20 Loss 7.949111473560333
(ID=0):  		(real loss):  5.070663247789655 	(dream loss): 9.499045133590698
(ID=0):  	vs MDL (w/o neural net) 13.207143526841758
		(real MDL):  17.809243210738853 	(dream MDL): 10.72908985089717
(ID=0):  	160 cumulative gradient steps. 49.792386 steps/sec
(ID=0):  	54-way auxiliary classification loss 0.22812696043401956
(ID=0):  Epoch 25 Loss 5.543283131718636
(ID=0):  		(real loss):  4.999536162928531 	(dream loss): 6.035244674909682
(ID=0):  	vs MDL (w/o neural net) 12.827722560521483
		(real MDL):  18.740137646162225 	(dream MDL): 7.478394625894148
(ID=0):  	200 cumulative gradient steps. 51.669873 steps/sec
(ID=0):  	54-way auxiliary classification loss 0.22025032676756381
(ID=0):  Epoch 30 Loss 6.4931625187397
(ID=0):  		(real loss):  3.757725325497714 	(dream loss): 9.83647464381324
(ID=0):  	vs MDL (w/o neural net) 14.485287859405878
		(real MDL):  17.981025715192825 	(dream MDL): 10.212719368999611
(ID=0):  	240 cumulative gradient steps. 53.893620 steps/sec
(ID=0):  	54-way auxiliary classification loss 0.22112069819122554
(ID=0):  Epoch 35 Loss 6.978926900029182
(ID=0):  		(real loss):  3.9043469958835177 	(dream loss): 9.494492276148362
(ID=0):  	vs MDL (w/o neural net) 14.15182773159203
		(real MDL):  18.703488797771506 	(dream MDL): 10.42774140471791
(ID=0):  	280 cumulative gradient steps. 55.736069 steps/sec
(ID=0):  	54-way auxiliary classification loss 0.20853183018043636
Sampling new helmholtz frontiers during training.
Sampling 500 programs from the prior on 32 CPUs...


Got 92/500 valid samples.
We now have 92 Helmholtz entries.
(ID=0):  Epoch 40 Loss 8.00030922293663
(ID=0):  		(real loss):  3.5633472442626952 	(dream loss): 10.66248641014099
(ID=0):  	vs MDL (w/o neural net) 14.510856699907928
		(real MDL):  18.665324991096256 	(dream MDL): 12.018175725194933
(ID=0):  	320 cumulative gradient steps. 53.904583 steps/sec
(ID=0):  	54-way auxiliary classification loss 0.22548133628442885
(ID=0):  Epoch 45 Loss 4.128036630153656
(ID=0):  		(real loss):  3.612733339008532 	(dream loss): 4.594263417380197
(ID=0):  	vs MDL (w/o neural net) 12.609934196938475
		(real MDL):  18.916607707670494 	(dream MDL): 6.903896258657132
(ID=0):  	360 cumulative gradient steps. 55.066077 steps/sec
(ID=0):  	54-way auxiliary classification loss 0.18341599870473146
(ID=0):  Epoch 50 Loss 5.61869952082634
(ID=0):  		(real loss):  3.3156633377075195 	(dream loss): 8.734572003869449
(ID=0):  	vs MDL (w/o neural net) 14.68527438828904
		(real MDL):  18.088291010652657 	(dream MDL): 10.081193075679437
(ID=0):  	400 cumulative gradient steps. 56.131213 steps/sec
(ID=0):  	54-way auxiliary classification loss 0.20581414699554443
(ID=0):  Epoch 55 Loss 1.8920786470174789
(ID=0):  		(real loss):  2.71817954381307 	(dream loss): 1.216177913275632
(ID=0):  	vs MDL (w/o neural net) 10.275499433496591
		(real MDL):  18.920907383124444 	(dream MDL): 3.2019838383465338
(ID=0):  	440 cumulative gradient steps. 57.108377 steps/sec
(ID=0):  	54-way auxiliary classification loss 0.1372446170076728
Sampling new helmholtz frontiers during training.
Sampling 500 programs from the prior on 32 CPUs...


Got 96/500 valid samples.
We now have 96 Helmholtz entries.
(ID=0):  Epoch 60 Loss 6.131685751676559
(ID=0):  		(real loss):  2.734195762210422 	(dream loss): 8.91145028851249
(ID=0):  	vs MDL (w/o neural net) 13.940200801835099
		(real MDL):  18.811737877621816 	(dream MDL): 9.954397739827785
(ID=0):  	480 cumulative gradient steps. 55.397087 steps/sec
(ID=0):  	54-way auxiliary classification loss 0.182939676893875
(ID=0):  Epoch 65 Loss 7.4269940733909605
(ID=0):  		(real loss):  2.821530818939209 	(dream loss): 11.195100372487849
(ID=0):  	vs MDL (w/o neural net) 15.816704517636518
		(real MDL):  19.29526260803266 	(dream MDL): 12.970611534585133
(ID=0):  	520 cumulative gradient steps. 56.595037 steps/sec
(ID=0):  	54-way auxiliary classification loss 0.22315768636763095
(ID=0):  Epoch 70 Loss 4.4410537600517275
(ID=0):  		(real loss):  2.2865186359571372 	(dream loss): 7.3560130455914665
(ID=0):  	vs MDL (w/o neural net) 14.010793891262708
		(real MDL):  18.0722432948293 	(dream MDL): 8.51589175702556
(ID=0):  	560 cumulative gradient steps. 57.440388 steps/sec
(ID=0):  	54-way auxiliary classification loss 0.1877894633449614
(ID=0):  Epoch 75 Loss 6.793778941035271
(ID=0):  		(real loss):  2.3467590967814127 	(dream loss): 9.461990847587586
(ID=0):  	vs MDL (w/o neural net) 14.11119909023759
		(real MDL):  18.26329080104237 	(dream MDL): 11.619944063754719
(ID=0):  	600 cumulative gradient steps. 57.998896 steps/sec
(ID=0):  	54-way auxiliary classification loss 0.1853547876700759
(ID=0):  Epoch 80 Loss 2.5912182837724687
(ID=0):  		(real loss):  2.2080326080322266 	(dream loss): 3.0147392938011572
(ID=0):  	vs MDL (w/o neural net) 11.820186542570573
		(real MDL):  18.504846657776607 	(dream MDL): 4.431877994184958
(ID=0):  	640 cumulative gradient steps. 58.395201 steps/sec
(ID=0):  	54-way auxiliary classification loss 0.15193309513852
Sampling new helmholtz frontiers during training.
Sampling 500 programs from the prior on 32 CPUs...


Got 69/500 valid samples.
We now have 69 Helmholtz entries.
(ID=0):  Epoch 85 Loss 5.3939531445503235
(ID=0):  		(real loss):  2.0141371174862512 	(dream loss): 8.451881930941628
(ID=0):  	vs MDL (w/o neural net) 14.063620089144464
		(real MDL):  18.6660895594084 	(dream MDL): 9.89948104461995
(ID=0):  	680 cumulative gradient steps. 57.184289 steps/sec
(ID=0):  	54-way auxiliary classification loss 0.1802471885457635
(ID=0):  Epoch 90 Loss 4.615320527553559
(ID=0):  		(real loss):  1.9879232753406872 	(dream loss): 7.826583835813734
(ID=0):  	vs MDL (w/o neural net) 14.815132237334662
		(real MDL):  18.905720758205344 	(dream MDL): 9.815524045159385
(ID=0):  	720 cumulative gradient steps. 57.348749 steps/sec
(ID=0):  	54-way auxiliary classification loss 0.17753330823034047
(ID=0):  Epoch 95 Loss 5.988360595703125
(ID=0):  		(real loss):  1.8146260434930974 	(dream loss): 11.089591715070936
(ID=0):  	vs MDL (w/o neural net) 16.271501184260853
		(real MDL):  19.15215787229077 	(dream MDL): 12.750698565557625
(ID=0):  	760 cumulative gradient steps. 57.802969 steps/sec
(ID=0):  	54-way auxiliary classification loss 0.19288774309679865
(ID=0):  Epoch 100 Loss 11.785132777690887
(ID=0):  		(real loss):  1.5180046181929738 	(dream loss): 21.07443920771281
(ID=0):  	vs MDL (w/o neural net) 21.234803577233986
		(real MDL):  19.040805602759853 	(dream MDL): 23.21984936366296
(ID=0):  	800 cumulative gradient steps. 58.357143 steps/sec
(ID=0):  	54-way auxiliary classification loss 0.21590530881658196
Sampling new helmholtz frontiers during training.
Sampling 500 programs from the prior on 32 CPUs...


Got 81/500 valid samples.
We now have 81 Helmholtz entries.
(ID=0):  Epoch 105 Loss 3.4105094403028486
(ID=0):  		(real loss):  1.3155175913935122 	(dream loss): 6.24491017706254
(ID=0):  	vs MDL (w/o neural net) 13.599878159765051
		(real MDL):  18.44788882340787 	(dream MDL): 7.04080490895419
(ID=0):  	840 cumulative gradient steps. 57.148767 steps/sec
(ID=0):  	54-way auxiliary classification loss 0.16592731280252337
(ID=0):  Epoch 110 Loss 3.2399586379528045
(ID=0):  		(real loss):  1.2920829873335988 	(dream loss): 5.002322321846371
(ID=0):  	vs MDL (w/o neural net) 12.382309700530516
		(real MDL):  18.617493855699255 	(dream MDL): 6.740952607758804
(ID=0):  	880 cumulative gradient steps. 57.514206 steps/sec
(ID=0):  	54-way auxiliary classification loss 0.15422626128420233
(ID=0):  Epoch 115 Loss 4.113209241628647
(ID=0):  		(real loss):  1.0834422478309045 	(dream loss): 9.73991937296731
(ID=0):  	vs MDL (w/o neural net) 16.56049704843687
		(real MDL):  19.27652454126099 	(dream MDL): 11.516445990334917
(ID=0):  	920 cumulative gradient steps. 57.622922 steps/sec
(ID=0):  	54-way auxiliary classification loss 0.16125149931758642
(ID=0):  Epoch 120 Loss 3.2754991114139558
(ID=0):  		(real loss):  0.9121031394371619 	(dream loss): 7.6646630593708585
(ID=0):  	vs MDL (w/o neural net) 15.279875233853398
		(real MDL):  18.51983760694049 	(dream MDL): 9.262802255263072
(ID=0):  	960 cumulative gradient steps. 57.686429 steps/sec
(ID=0):  	54-way auxiliary classification loss 0.16212611915543676
Sampling new helmholtz frontiers during training.
Sampling 500 programs from the prior on 32 CPUs...


Got 97/500 valid samples.
We now have 97 Helmholtz entries.
(ID=0):  Epoch 125 Loss 2.0654626309871675
(ID=0):  		(real loss):  0.9816416331699916 	(dream loss): 2.6490585528887234
(ID=0):  	vs MDL (w/o neural net) 9.372078280417567
		(real MDL):  18.530688490574825 	(dream MDL): 4.44051893648674
(ID=0):  	1000 cumulative gradient steps. 56.728501 steps/sec
(ID=0):  	54-way auxiliary classification loss 0.11813043616712093
(ID=0):  Epoch 130 Loss 4.551077759265899
(ID=0):  		(real loss):  0.8627958297729492 	(dream loss): 7.8880947430928545
(ID=0):  	vs MDL (w/o neural net) 13.952036053766758
		(real MDL):  18.32116680167062 	(dream MDL): 9.999012996139449
(ID=0):  	1040 cumulative gradient steps. 56.878094 steps/sec
(ID=0):  	54-way auxiliary classification loss 0.15519842868670822
(ID=0):  Epoch 135 Loss 3.3817861795425417
(ID=0):  		(real loss):  0.7172280361777857 	(dream loss): 5.792576880682082
(ID=0):  	vs MDL (w/o neural net) 12.774073001741673
		(real MDL):  18.71643633705209 	(dream MDL): 7.397649031698915
(ID=0):  	1080 cumulative gradient steps. 57.037093 steps/sec
(ID=0):  	54-way auxiliary classification loss 0.14226061021909117
(ID=0):  Epoch 140 Loss 3.083337038755417
(ID=0):  		(real loss):  0.727287541265073 	(dream loss): 6.270933417712941
(ID=0):  	vs MDL (w/o neural net) 14.043151313675462
		(real MDL):  18.771836195154787 	(dream MDL): 7.645518826968152
(ID=0):  	1120 cumulative gradient steps. 57.267949 steps/sec
(ID=0):  	54-way auxiliary classification loss 0.1620080045424402
(ID=0):  Epoch 145 Loss 3.327169418334961
(ID=0):  		(real loss):  0.734567369733538 	(dream loss): 4.72318590604342
(ID=0):  	vs MDL (w/o neural net) 10.86943363457275
		(real MDL):  19.427345184241254 	(dream MDL): 6.261327415520478
(ID=0):  	1160 cumulative gradient steps. 57.795301 steps/sec
(ID=0):  	54-way auxiliary classification loss 0.12786217192187904
Sampling new helmholtz frontiers during training.
Sampling 500 programs from the prior on 32 CPUs...


Got 94/500 valid samples.
We now have 94 Helmholtz entries.
(ID=0):  Epoch 150 Loss 2.35551061630249
(ID=0):  		(real loss):  0.6137462762685922 	(dream loss): 5.590215819222586
(ID=0):  	vs MDL (w/o neural net) 14.814608355933743
		(real MDL):  18.699955751485643 	(dream MDL): 7.598963192765939
(ID=0):  	1200 cumulative gradient steps. 56.886875 steps/sec
(ID=0):  	54-way auxiliary classification loss 0.13580536916851998
(ID=0):  Epoch 155 Loss 4.101815295219422
(ID=0):  		(real loss):  0.5695377149079975 	(dream loss): 7.297685486929757
(ID=0):  	vs MDL (w/o neural net) 13.640943852418534
		(real MDL):  18.674705588775048 	(dream MDL): 9.086587995715028
(ID=0):  	1240 cumulative gradient steps. 57.272608 steps/sec
(ID=0):  	54-way auxiliary classification loss 0.1415039774030447
(ID=0):  Epoch 160 Loss 3.2009802758693695
(ID=0):  		(real loss):  0.5006117820739746 	(dream loss): 7.251533016562462
(ID=0):  	vs MDL (w/o neural net) 14.5578815760044
		(real MDL):  18.673728841704968 	(dream MDL): 8.384110677453561
(ID=0):  	1280 cumulative gradient steps. 57.531163 steps/sec
(ID=0):  	54-way auxiliary classification loss 0.1303700209595263
(ID=0):  Epoch 165 Loss 1.158886730670929
(ID=0):  		(real loss):  0.5194209289550781 	(dream loss): 2.2246630668640135
(ID=0):  	vs MDL (w/o neural net) 13.409927314322996
		(real MDL):  18.92646146393134 	(dream MDL): 4.215703731642418
(ID=0):  	1320 cumulative gradient steps. 57.675649 steps/sec
(ID=0):  	54-way auxiliary classification loss 0.10402351189404727
(ID=0):  Epoch 170 Loss 3.515198516845703
(ID=0):  		(real loss):  0.44606676968661224 	(dream loss): 7.2663595411512585
(ID=0):  	vs MDL (w/o neural net) 14.613830725024537
		(real MDL):  18.90551828773492 	(dream MDL): 9.36843481504518
(ID=0):  	1360 cumulative gradient steps. 57.824589 steps/sec
(ID=0):  	54-way auxiliary classification loss 0.12281035482883454
Sampling new helmholtz frontiers during training.
Sampling 500 programs from the prior on 32 CPUs...


Got 89/500 valid samples.
We now have 89 Helmholtz entries.
(ID=0):  Epoch 175 Loss 3.3435737073421476
(ID=0):  		(real loss):  0.4427010796286843 	(dream loss): 6.889084696769714
(ID=0):  	vs MDL (w/o neural net) 14.44235391287224
		(real MDL):  19.550683649047475 	(dream MDL): 8.198839790880289
(ID=0):  	1400 cumulative gradient steps. 57.152625 steps/sec
(ID=0):  	54-way auxiliary classification loss 0.1182617668993771
(ID=0):  Epoch 180 Loss 2.0106586813926697
(ID=0):  		(real loss):  0.4928578596848708 	(dream loss): 4.829431635992868
(ID=0):  	vs MDL (w/o neural net) 14.845629965925273
		(real MDL):  18.993107225586797 	(dream MDL): 7.143172197982449
(ID=0):  	1440 cumulative gradient steps. 57.360270 steps/sec
(ID=0):  	54-way auxiliary classification loss 0.11013948069885374
(ID=0):  Epoch 185 Loss 5.915681862831116
(ID=0):  		(real loss):  0.4833370208740234 	(dream loss): 9.175088768005372
(ID=0):  	vs MDL (w/o neural net) 13.8819292183041
		(real MDL):  18.583796606297067 	(dream MDL): 11.060808785508321
(ID=0):  	1480 cumulative gradient steps. 57.540815 steps/sec
(ID=0):  	54-way auxiliary classification loss 0.1566347143612802
(ID=0):  Epoch 190 Loss 3.6081523418426515
(ID=0):  		(real loss):  0.43528262051669037 	(dream loss): 7.48610422346327
(ID=0):  	vs MDL (w/o neural net) 13.946592337018876
		(real MDL):  18.53312161069363 	(dream MDL): 8.340834335860842
(ID=0):  	1520 cumulative gradient steps. 57.749083 steps/sec
(ID=0):  	54-way auxiliary classification loss 0.13795626563951374
(ID=0):  Epoch 195 Loss 6.035772502422333
(ID=0):  		(real loss):  0.41959657669067385 	(dream loss): 11.651948428153991
(ID=0):  	vs MDL (w/o neural net) 14.72691316500935
		(real MDL):  18.952578037834538 	(dream MDL): 10.501248292184162
(ID=0):  	1560 cumulative gradient steps. 57.957064 steps/sec
(ID=0):  	54-way auxiliary classification loss 0.1602361025288701
Sampling new helmholtz frontiers during training.
Sampling 500 programs from the prior on 32 CPUs...


Got 113/500 valid samples.
We now have 113 Helmholtz entries.
(ID=0):  Epoch 200 Loss 4.466684013605118
(ID=0):  		(real loss):  0.53935412356728 	(dream loss): 8.019982485544114
(ID=0):  	vs MDL (w/o neural net) 13.873690072696661
		(real MDL):  18.143817648424758 	(dream MDL): 10.01024131370458
(ID=0):  	1600 cumulative gradient steps. 57.238702 steps/sec
(ID=0):  	54-way auxiliary classification loss 0.14808245804160833
(ID=0):  Epoch 205 Loss 2.222269296646118
(ID=0):  		(real loss):  0.39819681076776414 	(dream loss): 4.23834941261693
(ID=0):  	vs MDL (w/o neural net) 12.955803515294283
		(real MDL):  18.912594187959506 	(dream MDL): 6.371982245506405
(ID=0):  	1640 cumulative gradient steps. 57.529575 steps/sec
(ID=0):  	54-way auxiliary classification loss 0.09841833841055632
(ID=0):  Epoch 210 Loss 1.7382001280784607
(ID=0):  		(real loss):  0.32582585951861215 	(dream loss): 2.7821289352748706
(ID=0):  	vs MDL (w/o neural net) 10.421337050855879
		(real MDL):  18.594774805189164 	(dream MDL): 4.380100449826934
(ID=0):  	1680 cumulative gradient steps. 57.781880 steps/sec
(ID=0):  	54-way auxiliary classification loss 0.08314728662371636
(ID=0):  Epoch 215 Loss 1.002920436859131
(ID=0):  		(real loss):  0.3428030014038086 	(dream loss): 1.9930965900421143
(ID=0):  	vs MDL (w/o neural net) 13.055548945452651
		(real MDL):  19.13995888027946 	(dream MDL): 3.9289340432124478
(ID=0):  	1720 cumulative gradient steps. 57.971607 steps/sec
(ID=0):  	54-way auxiliary classification loss 0.07747857649810612
(ID=0):  Epoch 220 Loss 3.138434222340584
(ID=0):  		(real loss):  0.30062640797008167 	(dream loss): 6.606865995460087
(ID=0):  	vs MDL (w/o neural net) 13.789680688018118
		(real MDL):  18.071356167453583 	(dream MDL): 8.556521768708112
(ID=0):  	1760 cumulative gradient steps. 58.058980 steps/sec
(ID=0):  	54-way auxiliary classification loss 0.09184107813052833
(ID=0):  Epoch 225 Loss 2.269885781407356
(ID=0):  		(real loss):  0.2973432038959704 	(dream loss): 4.054567161060515
(ID=0):  	vs MDL (w/o neural net) 12.126802674705413
		(real MDL):  18.693607010138894 	(dream MDL): 6.185408275979889
(ID=0):  	1800 cumulative gradient steps. 58.325288 steps/sec
(ID=0):  	54-way auxiliary classification loss 0.09223348060622812
Sampling new helmholtz frontiers during training.
Sampling 500 programs from the prior on 32 CPUs...


Got 93/500 valid samples.
We now have 93 Helmholtz entries.
(ID=0):  Epoch 230 Loss 2.3510427236557008
(ID=0):  		(real loss):  0.2870020866394043 	(dream loss): 5.447103679180145
(ID=0):  	vs MDL (w/o neural net) 14.024900344278084
		(real MDL):  18.637573459819144 	(dream MDL): 7.105890670966501
(ID=0):  	1840 cumulative gradient steps. 57.870490 steps/sec
(ID=0):  	54-way auxiliary classification loss 0.11216216781176627
(ID=0):  Epoch 235 Loss 0.37645634412765505
(ID=0):  		(real loss):  0.25345178083939984 	(dream loss): 0.5267952548133003
(ID=0):  	vs MDL (w/o neural net) 11.442242991025989
		(real MDL):  18.72703148750443 	(dream MDL): 2.538612606441232
(ID=0):  	1880 cumulative gradient steps. 57.970253 steps/sec
(ID=0):  	54-way auxiliary classification loss 0.06314331293106079
(ID=0):  Epoch 240 Loss 3.5368298828601836
(ID=0):  		(real loss):  0.25300443172454834 	(dream loss): 5.72604685028394
(ID=0):  	vs MDL (w/o neural net) 11.735722147418462
		(real MDL):  18.503887964715418 	(dream MDL): 7.22361160255383
(ID=0):  	1920 cumulative gradient steps. 58.078327 steps/sec
(ID=0):  	54-way auxiliary classification loss 0.11337503269314766
(ID=0):  Epoch 245 Loss 3.0187164902687074
(ID=0):  		(real loss):  0.27211201985677086 	(dream loss): 4.666679172515869
(ID=0):  	vs MDL (w/o neural net) 11.03738807172359
		(real MDL):  19.042477654594332 	(dream MDL): 6.234334322001149
(ID=0):  	1960 cumulative gradient steps. 58.273252 steps/sec
(ID=0):  	54-way auxiliary classification loss 0.11066886843182147
Sampling new helmholtz frontiers during training.
Sampling 500 programs from the prior on 32 CPUs...


Got 95/500 valid samples.
We now have 95 Helmholtz entries.
(ID=0):  Epoch 250 Loss 2.6306832075119018
(ID=0):  		(real loss):  0.271600806194803 	(dream loss): 5.822382926940918
(ID=0):  	vs MDL (w/o neural net) 14.159811900809988
		(real MDL):  18.839140396490052 	(dream MDL): 7.828955700772256
(ID=0):  	2000 cumulative gradient steps. 57.604382 steps/sec
(ID=0):  	54-way auxiliary classification loss 0.10025181109085679
(ID=0):  Epoch 255 Loss 2.6337039470672607
(ID=0):  		(real loss):  0.27105185564826517 	(dream loss): 4.380012014637822
(ID=0):  	vs MDL (w/o neural net) 11.628606290201834
		(real MDL):  19.13834548281553 	(dream MDL): 6.077929495661276
(ID=0):  	2040 cumulative gradient steps. 57.796104 steps/sec
(ID=0):  	54-way auxiliary classification loss 0.0912970697041601
(ID=0):  Epoch 260 Loss 3.5184168994426726
(ID=0):  		(real loss):  0.2597359105160362 	(dream loss): 6.466747317995344
(ID=0):  	vs MDL (w/o neural net) 13.634748837194014
		(real MDL):  19.052103046470418 	(dream MDL): 8.733333124039168
(ID=0):  	2080 cumulative gradient steps. 57.936639 steps/sec
(ID=0):  	54-way auxiliary classification loss 0.10920287566259504
(ID=0):  Epoch 265 Loss 4.213973933458329
(ID=0):  		(real loss):  0.20279904415732936 	(dream loss): 7.843132166635423
(ID=0):  	vs MDL (w/o neural net) 13.842801319463831
		(real MDL):  18.024989999582143 	(dream MDL): 10.058916323166311
(ID=0):  	2120 cumulative gradient steps. 57.982263 steps/sec
(ID=0):  	54-way auxiliary classification loss 0.12353542684577405
(ID=0):  Epoch 270 Loss 7.540505528450012
(ID=0):  		(real loss):  0.3045300801595052 	(dream loss): 11.882090797424317
(ID=0):  	vs MDL (w/o neural net) 15.350949716850556
		(real MDL):  18.136503938856354 	(dream MDL): 13.679617183647071
(ID=0):  	2160 cumulative gradient steps. 58.251467 steps/sec
(ID=0):  	54-way auxiliary classification loss 0.16123333452269434
Sampling new helmholtz frontiers during training.
Sampling 500 programs from the prior on 32 CPUs...


Got 98/500 valid samples.
We now have 98 Helmholtz entries.
(ID=0):  Epoch 275 Loss 1.8295450121164323
(ID=0):  		(real loss):  0.23927647134532098 	(dream loss): 3.981084802571465
(ID=0):  	vs MDL (w/o neural net) 13.366977907359052
		(real MDL):  18.819948388994668 	(dream MDL): 5.98942960867558
(ID=0):  	2200 cumulative gradient steps. 57.758312 steps/sec
(ID=0):  	54-way auxiliary classification loss 0.09758259430527687
(ID=0):  Epoch 280 Loss 1.0207370102405549
(ID=0):  		(real loss):  0.23276229526685632 	(dream loss): 2.0868204481461468
(ID=0):  	vs MDL (w/o neural net) 12.508476374766342
		(real MDL):  18.581290517509643 	(dream MDL): 4.292316063996
(ID=0):  	2240 cumulative gradient steps. 57.890191 steps/sec
(ID=0):  	54-way auxiliary classification loss 0.07061088834889233
(ID=0):  Epoch 285 Loss 2.1936646819114687
(ID=0):  		(real loss):  0.20373008728027345 	(dream loss): 5.510222339630127
(ID=0):  	vs MDL (w/o neural net) 14.192634748193433
		(real MDL):  18.22467823656514 	(dream MDL): 7.4725622675739265
(ID=0):  	2280 cumulative gradient steps. 58.002327 steps/sec
(ID=0):  	54-way auxiliary classification loss 0.09985463549382985
(ID=0):  Epoch 290 Loss 1.4676909565925598
(ID=0):  		(real loss):  0.213203256780451 	(dream loss): 3.0009537008073597
(ID=0):  	vs MDL (w/o neural net) 12.302344887868028
		(real MDL):  18.351290790094403 	(dream MDL): 4.909188785146907
(ID=0):  	2320 cumulative gradient steps. 58.063093 steps/sec
(ID=0):  	54-way auxiliary classification loss 0.08739912211894989
(ID=0):  Epoch 295 Loss 2.026443976163864
(ID=0):  		(real loss):  0.23954264322916666 	(dream loss): 4.0014401862495825
(ID=0):  	vs MDL (w/o neural net) 12.38899096972
		(real MDL):  18.147433951971923 	(dream MDL): 6.024396094599458
(ID=0):  	2360 cumulative gradient steps. 58.079603 steps/sec
(ID=0):  	54-way auxiliary classification loss 0.10319722420535982
Sampling new helmholtz frontiers during training.
Sampling 500 programs from the prior on 32 CPUs...


Got 94/500 valid samples.
We now have 94 Helmholtz entries.
(ID=0):  Epoch 300 Loss 4.645808899402619
(ID=0):  		(real loss):  0.27253490024142796 	(dream loss): 8.223942171443593
(ID=0):  	vs MDL (w/o neural net) 14.240111136123597
		(real MDL):  19.32842505043021 	(dream MDL): 10.076945206236367
(ID=0):  	2400 cumulative gradient steps. 57.717476 steps/sec
(ID=0):  	54-way auxiliary classification loss 0.13492613355629146
(ID=0):  Epoch 305 Loss 0.6491184175014496
(ID=0):  		(real loss):  0.2107068230124081 	(dream loss): 0.9731617699498716
(ID=0):  	vs MDL (w/o neural net) 9.8672469431055
		(real MDL):  19.289112354552515 	(dream MDL): 2.903259465079448
(ID=0):  	2440 cumulative gradient steps. 57.832736 steps/sec
(ID=0):  	54-way auxiliary classification loss 0.05875343093648553
(ID=0):  Epoch 310 Loss 3.272440880537033
(ID=0):  		(real loss):  0.18968420028686522 	(dream loss): 6.355197560787201
(ID=0):  	vs MDL (w/o neural net) 13.143308122208385
		(real MDL):  18.214998666971006 	(dream MDL): 8.071617577445757
(ID=0):  	2480 cumulative gradient steps. 57.980961 steps/sec
(ID=0):  	54-way auxiliary classification loss 0.11464745556004345
(ID=0):  Epoch 315 Loss 3.964071822166443
(ID=0):  		(real loss):  0.18350101652599515 	(dream loss): 8.142597449453254
(ID=0):  	vs MDL (w/o neural net) 14.327671108638095
		(real MDL):  18.17523151837373 	(dream MDL): 10.075104339982918
(ID=0):  	2520 cumulative gradient steps. 58.115401 steps/sec
(ID=0):  	54-way auxiliary classification loss 0.0869201511144638
(ID=0):  Epoch 320 Loss 3.983009731769562
(ID=0):  		(real loss):  0.22624856775457208 	(dream loss): 8.574606710010105
(ID=0):  	vs MDL (w/o neural net) 14.248674104347256
		(real MDL):  18.82615713690777 	(dream MDL): 8.653972620106636
(ID=0):  	2560 cumulative gradient steps. 58.195801 steps/sec
(ID=0):  	54-way auxiliary classification loss 0.10764619437977671
Sampling new helmholtz frontiers during training.
Sampling 500 programs from the prior on 32 CPUs...


Got 96/500 valid samples.
We now have 96 Helmholtz entries.
(ID=0):  Epoch 325 Loss 2.665496599674225
(ID=0):  		(real loss):  0.44687170731393916 	(dream loss): 4.6728238832382925
(ID=0):  	vs MDL (w/o neural net) 11.65623115894752
		(real MDL):  18.27007071739308 	(dream MDL): 5.672281082258688
(ID=0):  	2600 cumulative gradient steps. 57.797247 steps/sec
(ID=0):  	54-way auxiliary classification loss 0.09901332007721067
(ID=0):  Epoch 330 Loss 3.955600416660309
(ID=0):  		(real loss):  0.2449184915293818 	(dream loss): 8.975934785955092
(ID=0):  	vs MDL (w/o neural net) 14.910309214076054
		(real MDL):  18.676826689188573 	(dream MDL): 9.814432630100292
(ID=0):  	2640 cumulative gradient steps. 57.849668 steps/sec
(ID=0):  	54-way auxiliary classification loss 0.114502904843539
(ID=0):  Epoch 335 Loss 0.7579193770885467
(ID=0):  		(real loss):  0.20434461321149552 	(dream loss): 1.3697651687421297
(ID=0):  	vs MDL (w/o neural net) 11.12916360766088
		(real MDL):  17.986601530303126 	(dream MDL): 3.5498901142141976
(ID=0):  	2680 cumulative gradient steps. 57.926517 steps/sec
(ID=0):  	54-way auxiliary classification loss 0.061711443867534396
(ID=0):  Epoch 340 Loss 2.167254936695099
(ID=0):  		(real loss):  0.18194315168592665 	(dream loss): 3.7916009426116943
(ID=0):  	vs MDL (w/o neural net) 11.349875718141035
		(real MDL):  18.039650592794587 	(dream MDL): 5.876423547969949
(ID=0):  	2720 cumulative gradient steps. 58.100611 steps/sec
(ID=0):  	54-way auxiliary classification loss 0.08359269434586167
Sampling new helmholtz frontiers during training.
Sampling 500 programs from the prior on 32 CPUs...


Got 98/500 valid samples.
We now have 98 Helmholtz entries.
(ID=0):  Epoch 345 Loss 6.86130627989769
(ID=0):  		(real loss):  0.21308072408040366 	(dream loss): 10.85024161338806
(ID=0):  	vs MDL (w/o neural net) 14.319533253667183
		(real MDL):  18.998904208866104 	(dream MDL): 11.511910680547826
(ID=0):  	2760 cumulative gradient steps. 57.778873 steps/sec
(ID=0):  	54-way auxiliary classification loss 0.15500282887369393
(ID=0):  Epoch 350 Loss 2.035442703962326
(ID=0):  		(real loss):  0.24747737248738608 	(dream loss): 4.717390701174736
(ID=0):  	vs MDL (w/o neural net) 14.235547382264874
		(real MDL):  18.982410035598914 	(dream MDL): 7.115253402263817
(ID=0):  	2800 cumulative gradient steps. 57.775262 steps/sec
(ID=0):  	54-way auxiliary classification loss 0.08659170144237578
(ID=0):  Epoch 355 Loss 1.8233647763729095
(ID=0):  		(real loss):  0.19409713745117188 	(dream loss): 3.452632415294647
(ID=0):  	vs MDL (w/o neural net) 11.996973038494282
		(real MDL):  18.689076774669267 	(dream MDL): 5.3048693023193065
(ID=0):  	2840 cumulative gradient steps. 57.961105 steps/sec
(ID=0):  	54-way auxiliary classification loss 0.08023994718678296
(ID=0):  Epoch 360 Loss 5.314098519086838
(ID=0):  		(real loss):  0.1713656470889137 	(dream loss): 10.998171693400332
(ID=0):  	vs MDL (w/o neural net) 16.181685793723723
		(real MDL):  19.079992246375678 	(dream MDL): 12.978294451318938
(ID=0):  	2880 cumulative gradient steps. 58.047856 steps/sec
(ID=0):  	54-way auxiliary classification loss 0.11568213542923331
(ID=0):  Epoch 365 Loss 0.6856562674045563
(ID=0):  		(real loss):  0.16013626825241817 	(dream loss): 1.266494161204288
(ID=0):  	vs MDL (w/o neural net) 11.223185162504288
		(real MDL):  18.36896153711756 	(dream MDL): 3.3252218010896244
(ID=0):  	2920 cumulative gradient steps. 58.152464 steps/sec
(ID=0):  	54-way auxiliary classification loss 0.052688850974664095
Sampling new helmholtz frontiers during training.
Sampling 500 programs from the prior on 32 CPUs...


Got 98/500 valid samples.
We now have 98 Helmholtz entries.
(ID=0):  Epoch 370 Loss 0.9362953543663025
(ID=0):  		(real loss):  0.15020513534545898 	(dream loss): 1.4603555003801982
(ID=0):  	vs MDL (w/o neural net) 9.361259039627807
		(real MDL):  17.922614895305976 	(dream MDL): 3.6536884691757034
(ID=0):  	2960 cumulative gradient steps. 57.905912 steps/sec
(ID=0):  	54-way auxiliary classification loss 0.05410162224434316
(ID=0):  Epoch 375 Loss 5.385559910535813
(ID=0):  		(real loss):  0.18047033037458146 	(dream loss): 11.138553657029805
(ID=0):  	vs MDL (w/o neural net) 15.857751396572016
		(real MDL):  18.873795140133307 	(dream MDL): 12.52422936421481
(ID=0):  	3000 cumulative gradient steps. 57.997187 steps/sec
(ID=0):  	54-way auxiliary classification loss 0.11415272960439324
(ID=0):  Epoch 380 Loss 0.8319141209125519
(ID=0):  		(real loss):  0.1722393035888672 	(dream loss): 1.5610283926913613
(ID=0):  	vs MDL (w/o neural net) 11.225842688671971
		(real MDL):  18.300097254529316 	(dream MDL): 3.4069297474612297
(ID=0):  	3040 cumulative gradient steps. 58.093049 steps/sec
(ID=0):  	54-way auxiliary classification loss 0.06043005203828215
(ID=0):  Epoch 385 Loss 2.821611261367798
(ID=0):  		(real loss):  0.1577450296153193 	(dream loss): 6.425665574915269
(ID=0):  	vs MDL (w/o neural net) 14.127155998795754
		(real MDL):  18.13640320449254 	(dream MDL): 8.702880367558933
(ID=0):  	3080 cumulative gradient steps. 58.142778 steps/sec
(ID=0):  	54-way auxiliary classification loss 0.0841284163761884
(ID=0):  Epoch 390 Loss 2.2004748225212096
(ID=0):  		(real loss):  0.177024659656343 	(dream loss): 4.436919739371852
(ID=0):  	vs MDL (w/o neural net) 12.603404090057122
		(real MDL):  18.577230198314677 	(dream MDL): 6.000754180930364
(ID=0):  	3120 cumulative gradient steps. 58.213298 steps/sec
(ID=0):  	54-way auxiliary classification loss 0.0861508232075721
(ID=0):  Epoch 395 Loss 3.0083799362182617
(ID=0):  		(real loss):  0.15899229049682617 	(dream loss): 5.857767581939697
(ID=0):  	vs MDL (w/o neural net) 13.182141241109772
		(real MDL):  18.565484827051804 	(dream MDL): 7.798797655167744
(ID=0):  	3160 cumulative gradient steps. 58.300178 steps/sec
(ID=0):  	54-way auxiliary classification loss 0.07785225352272392
Sampling new helmholtz frontiers during training.
Sampling 500 programs from the prior on 32 CPUs...


Got 87/500 valid samples.
We now have 87 Helmholtz entries.
(ID=0):  Epoch 400 Loss 5.8714129567146305
(ID=0):  		(real loss):  0.14375901222229004 	(dream loss): 9.689848919709524
(ID=0):  	vs MDL (w/o neural net) 13.322702433465315
		(real MDL):  18.659513350814017 	(dream MDL): 9.764828488566176
(ID=0):  	3200 cumulative gradient steps. 58.011227 steps/sec
(ID=0):  	54-way auxiliary classification loss 0.10516503485850989
(ID=0):  Epoch 405 Loss 1.487000447511673
(ID=0):  		(real loss):  0.24809864589146205 	(dream loss): 2.856312965091906
(ID=0):  	vs MDL (w/o neural net) 11.9500443916162
		(real MDL):  18.425345606194597 	(dream MDL): 4.793132522871658
(ID=0):  	3240 cumulative gradient steps. 58.087795 steps/sec
(ID=0):  	54-way auxiliary classification loss 0.06802655961364508
(ID=0):  Epoch 410 Loss 1.4878167420625688
(ID=0):  		(real loss):  0.214722801657284 	(dream loss): 2.428799219753431
(ID=0):  	vs MDL (w/o neural net) 10.423561225387118
		(real MDL):  18.444531974669758 	(dream MDL): 4.495017628091256
(ID=0):  	3280 cumulative gradient steps. 58.268933 steps/sec
(ID=0):  	54-way auxiliary classification loss 0.06254977220669389
(ID=0):  Epoch 415 Loss 4.360560160875321
(ID=0):  		(real loss):  0.23460778323086826 	(dream loss): 9.403390844662985
(ID=0):  	vs MDL (w/o neural net) 14.994595233981196
		(real MDL):  18.09223042080773 	(dream MDL): 11.208596672304317
(ID=0):  	3320 cumulative gradient steps. 58.311942 steps/sec
(ID=0):  	54-way auxiliary classification loss 0.11408808343112468
Sampling new helmholtz frontiers during training.
Sampling 500 programs from the prior on 32 CPUs...


Got 92/500 valid samples.
We now have 92 Helmholtz entries.
(ID=0):  Epoch 420 Loss 5.466669952869415
(ID=0):  		(real loss):  0.3318458738781157 	(dream loss): 11.142001829649272
(ID=0):  	vs MDL (w/o neural net) 16.127363875516842
		(real MDL):  18.913018411802305 	(dream MDL): 13.048482545938167
(ID=0):  	3360 cumulative gradient steps. 58.034046 steps/sec
(ID=0):  	54-way auxiliary classification loss 0.113558987993747
(ID=0):  Epoch 425 Loss 1.6637933373451232
(ID=0):  		(real loss):  0.1624296506245931 	(dream loss): 3.9158388674259186
(ID=0):  	vs MDL (w/o neural net) 13.38857220750522
		(real MDL):  18.317853129650263 	(dream MDL): 5.99465082428765
(ID=0):  	3400 cumulative gradient steps. 58.056382 steps/sec
(ID=0):  	54-way auxiliary classification loss 0.07033074330538511
(ID=0):  Epoch 430 Loss 5.923477205634117
(ID=0):  		(real loss):  0.1383753776550293 	(dream loss): 11.708579033613205
(ID=0):  	vs MDL (w/o neural net) 15.870086670253439
		(real MDL):  18.488617436975176 	(dream MDL): 13.251555903531715
(ID=0):  	3440 cumulative gradient steps. 58.130720 steps/sec
(ID=0):  	54-way auxiliary classification loss 0.15006892131641508
(ID=0):  Epoch 435 Loss 1.5886497437953948
(ID=0):  		(real loss):  0.15981663597954643 	(dream loss): 2.7576950138265435
(ID=0):  	vs MDL (w/o neural net) 11.369497443113634
		(real MDL):  19.458861796978194 	(dream MDL): 4.750926608133541
(ID=0):  	3480 cumulative gradient steps. 58.271750 steps/sec
(ID=0):  	54-way auxiliary classification loss 0.0541408444289118
Sampling new helmholtz frontiers during training.
Sampling 500 programs from the prior on 32 CPUs...


Got 96/500 valid samples.
We now have 96 Helmholtz entries.
(ID=0):  Epoch 440 Loss 3.965542894601822
(ID=0):  		(real loss):  0.13757244745890299 	(dream loss): 5.606101657663073
(ID=0):  	vs MDL (w/o neural net) 10.833792684112012
		(real MDL):  18.712167123915112 	(dream MDL): 7.457346495624971
(ID=0):  	3520 cumulative gradient steps. 58.010023 steps/sec
(ID=0):  	54-way auxiliary classification loss 0.09845332317054271
(ID=0):  Epoch 445 Loss 7.828152978420258
(ID=0):  		(real loss):  0.12961702761442764 	(dream loss): 18.243819264804614
(ID=0):  	vs MDL (w/o neural net) 18.900160194949397
		(real MDL):  18.0944250533652 	(dream MDL): 19.990272445328017
(ID=0):  	3560 cumulative gradient steps. 58.061076 steps/sec
(ID=0):  	54-way auxiliary classification loss 0.17513452316634356
(ID=0):  Epoch 450 Loss 3.546687978506088
(ID=0):  		(real loss):  0.1397775650024414 	(dream loss): 6.953598392009735
(ID=0):  	vs MDL (w/o neural net) 13.420784343385865
		(real MDL):  18.27361376512381 	(dream MDL): 8.567954921647928
(ID=0):  	3600 cumulative gradient steps. 58.132235 steps/sec
(ID=0):  	54-way auxiliary classification loss 0.10998849254101514
(ID=0):  Epoch 455 Loss 5.487751752138138
(ID=0):  		(real loss):  0.14503338462428042 	(dream loss): 10.32163979893639
(ID=0):  	vs MDL (w/o neural net) 15.36844367283241
		(real MDL):  18.789426774540733 	(dream MDL): 12.273268485572498
(ID=0):  	3640 cumulative gradient steps. 58.255461 steps/sec
(ID=0):  	54-way auxiliary classification loss 0.11878027524799109
(ID=0):  Epoch 460 Loss 1.469629806280136
(ID=0):  		(real loss):  0.131119441986084 	(dream loss): 2.8081401705741884
(ID=0):  	vs MDL (w/o neural net) 12.025721255803708
		(real MDL):  18.918062451213814 	(dream MDL): 5.133380060393604
(ID=0):  	3680 cumulative gradient steps. 58.353116 steps/sec
(ID=0):  	54-way auxiliary classification loss 0.06278108786791563
Sampling new helmholtz frontiers during training.
Sampling 500 programs from the prior on 32 CPUs...


Got 92/500 valid samples.
We now have 92 Helmholtz entries.
(ID=0):  Epoch 465 Loss 1.9648118376731873
(ID=0):  		(real loss):  0.14098870754241943 	(dream loss): 3.1806939244270325
(ID=0):  	vs MDL (w/o neural net) 10.45024214541231
		(real MDL):  18.27488164157972 	(dream MDL): 5.233815814634043
(ID=0):  	3720 cumulative gradient steps. 58.115947 steps/sec
(ID=0):  	54-way auxiliary classification loss 0.07564209988340735
(ID=0):  Epoch 470 Loss 3.081917741894722
(ID=0):  		(real loss):  0.1417710304260254 	(dream loss): 6.022064453363418
(ID=0):  	vs MDL (w/o neural net) 13.65650235249424
		(real MDL):  19.274258363234193 	(dream MDL): 8.038746341754294
(ID=0):  	3760 cumulative gradient steps. 58.230935 steps/sec
(ID=0):  	54-way auxiliary classification loss 0.10196597373578697
(ID=0):  Epoch 475 Loss 7.209150660037994
(ID=0):  		(real loss):  0.16839207543267143 	(dream loss): 12.969771320169622
(ID=0):  	vs MDL (w/o neural net) 16.43871575281279
		(real MDL):  19.328425050430205 	(dream MDL): 14.074408145671281
(ID=0):  	3800 cumulative gradient steps. 58.295948 steps/sec
(ID=0):  	54-way auxiliary classification loss 0.13568269428797067
(ID=0):  Epoch 480 Loss 1.9332807600498199
(ID=0):  		(real loss):  0.5910802417331271 	(dream loss): 3.0314448204907505
(ID=0):  	vs MDL (w/o neural net) 11.362643328078288
		(real MDL):  18.657669327639596 	(dream MDL): 5.393985692073593
(ID=0):  	3840 cumulative gradient steps. 58.358823 steps/sec
(ID=0):  	54-way auxiliary classification loss 0.07579806693829597
Sampling new helmholtz frontiers during training.
Sampling 500 programs from the prior on 32 CPUs...


Got 107/500 valid samples.
We now have 107 Helmholtz entries.
(ID=0):  Epoch 485 Loss 4.763339895009994
(ID=0):  		(real loss):  0.15830623402315028 	(dream loss): 8.167060427043749
(ID=0):  	vs MDL (w/o neural net) 13.388236955011246
		(real MDL):  18.364577949070185 	(dream MDL): 9.710071872445939
(ID=0):  	3880 cumulative gradient steps. 58.059504 steps/sec
(ID=0):  	54-way auxiliary classification loss 0.1273542694747448
(ID=0):  Epoch 490 Loss 4.958746445178986
(ID=0):  		(real loss):  0.12388375226189108 	(dream loss): 8.532340609509012
(ID=0):  	vs MDL (w/o neural net) 13.9122257273772
		(real MDL):  18.660454270856317 	(dream MDL): 10.40266549958829
(ID=0):  	3920 cumulative gradient steps. 58.146637 steps/sec
(ID=0):  	54-way auxiliary classification loss 0.10871445727534593
(ID=0):  Epoch 495 Loss 2.9076750755310057
(ID=0):  		(real loss):  0.12407474517822266 	(dream loss): 5.691275405883789
(ID=0):  	vs MDL (w/o neural net) 13.406722901646694
		(real MDL):  18.942903320977695 	(dream MDL): 7.870542482315696
(ID=0):  	3960 cumulative gradient steps. 58.250888 steps/sec
(ID=0):  	54-way auxiliary classification loss 0.06917977505363523
(ID=0):  Epoch 500 Loss 1.6638174772262573
(ID=0):  		(real loss):  0.12891032479026102 	(dream loss): 3.539815107981364
(ID=0):  	vs MDL (w/o neural net) 12.981768733517558
		(real MDL):  18.93205232839119 	(dream MDL): 5.709199895338676
(ID=0):  	4000 cumulative gradient steps. 58.321567 steps/sec
(ID=0):  	54-way auxiliary classification loss 0.06340370140969753
(ID=0):  Epoch 505 Loss 5.538071942329407
(ID=0):  		(real loss):  0.122306321796618 	(dream loss): 10.438050360906692
(ID=0):  	vs MDL (w/o neural net) 15.245784244057697
		(real MDL):  18.693841449630966 	(dream MDL): 12.126113439015208
(ID=0):  	4040 cumulative gradient steps. 58.392995 steps/sec
(ID=0):  	54-way auxiliary classification loss 0.12798671387135982
Sampling new helmholtz frontiers during training.
Sampling 500 programs from the prior on 32 CPUs...


Got 90/500 valid samples.
We now have 90 Helmholtz entries.
(ID=0):  Epoch 510 Loss 4.437445515394211
(ID=0):  		(real loss):  0.13077706557053786 	(dream loss): 6.511026620864868
(ID=0):  	vs MDL (w/o neural net) 11.929218881138222
		(real MDL):  19.26001289276094 	(dream MDL): 8.399577319986541
(ID=0):  	4080 cumulative gradient steps. 58.188956 steps/sec
(ID=0):  	54-way auxiliary classification loss 0.10583254699595272
(ID=0):  Epoch 515 Loss 0.6723714649677277
(ID=0):  		(real loss):  0.12971960979959238 	(dream loss): 1.406547504312852
(ID=0):  	vs MDL (w/o neural net) 12.226181769715566
		(real MDL):  18.542464831199116 	(dream MDL): 3.6806223335907644
(ID=0):  	4120 cumulative gradient steps. 58.263279 steps/sec
(ID=0):  	54-way auxiliary classification loss 0.05547544728033245
(ID=0):  Epoch 520 Loss 4.358661073446274
(ID=0):  		(real loss):  0.11456108093261719 	(dream loss): 7.495604546173759
(ID=0):  	vs MDL (w/o neural net) 13.428832683972928
		(real MDL):  18.35952678778578 	(dream MDL): 9.784406607241692
(ID=0):  	4160 cumulative gradient steps. 58.301883 steps/sec
(ID=0):  	54-way auxiliary classification loss 0.11327805123291909
(ID=0):  Epoch 525 Loss 4.241316378116608
(ID=0):  		(real loss):  0.12370902613589638 	(dream loss): 7.966770648956299
(ID=0):  	vs MDL (w/o neural net) 13.444938578725797
		(real MDL):  17.593793847218546 	(dream MDL): 9.691212383422833
(ID=0):  	4200 cumulative gradient steps. 58.354427 steps/sec
(ID=0):  	54-way auxiliary classification loss 0.09630388519726693
Sampling new helmholtz frontiers during training.
Sampling 500 programs from the prior on 32 CPUs...


Got 86/500 valid samples.
We now have 86 Helmholtz entries.
(ID=0):  Epoch 530 Loss 4.917959493398667
(ID=0):  		(real loss):  0.12991917928059896 	(dream loss): 7.790783681869507
(ID=0):  	vs MDL (w/o neural net) 13.12168292494574
		(real MDL):  18.563988034342962 	(dream MDL): 9.856299859307406
(ID=0):  	4240 cumulative gradient steps. 58.143171 steps/sec
(ID=0):  	54-way auxiliary classification loss 0.1254883159417659
(ID=0):  Epoch 535 Loss 1.244709950685501
(ID=0):  		(real loss):  0.12559627351306735 	(dream loss): 2.481625067560296
(ID=0):  	vs MDL (w/o neural net) 11.776662367153486
		(real MDL):  18.79794994849443 	(dream MDL): 4.016291882513495
(ID=0):  	4280 cumulative gradient steps. 58.211093 steps/sec
(ID=0):  	54-way auxiliary classification loss 0.05244412054307759
(ID=0):  Epoch 540 Loss 4.600422686338424
(ID=0):  		(real loss):  0.117431079640108 	(dream loss): 7.913938221724137
(ID=0):  	vs MDL (w/o neural net) 13.437042254990335
		(real MDL):  18.33376069488167 	(dream MDL): 9.817728625505435
(ID=0):  	4320 cumulative gradient steps. 58.284080 steps/sec
(ID=0):  	54-way auxiliary classification loss 0.10172405298799277
(ID=0):  Epoch 545 Loss 2.7084763765335085
(ID=0):  		(real loss):  0.19827672054893092 	(dream loss): 4.979609398614793
(ID=0):  	vs MDL (w/o neural net) 12.631093130171918
		(real MDL):  18.305303909705845 	(dream MDL): 7.49728337726027
(ID=0):  	4360 cumulative gradient steps. 58.315641 steps/sec
(ID=0):  	54-way auxiliary classification loss 0.06683497440535575
Sampling new helmholtz frontiers during training.
Sampling 500 programs from the prior on 32 CPUs...


Got 85/500 valid samples.
We now have 85 Helmholtz entries.
(ID=0):  Epoch 550 Loss 3.9364459723234178
(ID=0):  		(real loss):  0.13313698768615723 	(dream loss): 6.471985295414925
(ID=0):  	vs MDL (w/o neural net) 12.232921495335276
		(real MDL):  18.7735113581052 	(dream MDL): 7.87252825348866
(ID=0):  	4400 cumulative gradient steps. 58.173158 steps/sec
(ID=0):  	54-way auxiliary classification loss 0.1103867401368916
(ID=0):  Epoch 555 Loss 4.307968592643737
(ID=0):  		(real loss):  0.11735888889857701 	(dream loss): 8.939695107309442
(ID=0):  	vs MDL (w/o neural net) 14.822510394608079
		(real MDL):  18.480577300864166 	(dream MDL): 10.77938381400925
(ID=0):  	4440 cumulative gradient steps. 58.244782 steps/sec
(ID=0):  	54-way auxiliary classification loss 0.11895043104887008
(ID=0):  Epoch 560 Loss 8.434138095378875
(ID=0):  		(real loss):  0.12616337046903722 	(dream loss): 14.574815065964408
(ID=0):  	vs MDL (w/o neural net) 17.456314481605876
		(real MDL):  18.47964514897305 	(dream MDL): 16.699939640508404
(ID=0):  	4480 cumulative gradient steps. 58.337227 steps/sec
(ID=0):  	54-way auxiliary classification loss 0.1688973022857681
(ID=0):  Epoch 565 Loss 1.9402044147253037
(ID=0):  		(real loss):  0.14948511123657227 	(dream loss): 3.730923718214035
(ID=0):  	vs MDL (w/o neural net) 12.259060389247264
		(real MDL):  18.613074057104292 	(dream MDL): 5.905046721390244
(ID=0):  	4520 cumulative gradient steps. 58.424235 steps/sec
(ID=0):  	54-way auxiliary classification loss 0.0676392402034253
Sampling new helmholtz frontiers during training.
Sampling 500 programs from the prior on 32 CPUs...


Got 97/500 valid samples.
We now have 97 Helmholtz entries.
(ID=0):  Epoch 570 Loss 4.2172623634338375
(ID=0):  		(real loss):  0.12492010328504774 	(dream loss): 7.565542394464666
(ID=0):  	vs MDL (w/o neural net) 13.326628931888106
		(real MDL):  18.197994756173262 	(dream MDL): 9.340965984745706
(ID=0):  	4560 cumulative gradient steps. 58.164913 steps/sec
(ID=0):  	54-way auxiliary classification loss 0.11088120902422816
(ID=0):  Epoch 575 Loss 5.5722126960754395
(ID=0):  		(real loss):  0.219962215423584 	(dream loss): 10.924463176727295
(ID=0):  	vs MDL (w/o neural net) 16.079789573981973
		(real MDL):  18.959881794779488 	(dream MDL): 13.199697353184456
(ID=0):  	4600 cumulative gradient steps. 58.238444 steps/sec
(ID=0):  	54-way auxiliary classification loss 0.10146274366416037
(ID=0):  Epoch 580 Loss 4.417222535610199
(ID=0):  		(real loss):  0.15419058366255325 	(dream loss): 6.034234655314479
(ID=0):  	vs MDL (w/o neural net) 10.965719006659638
		(real MDL):  18.694383240534567 	(dream MDL): 8.034156711051908
(ID=0):  	4640 cumulative gradient steps. 58.347592 steps/sec
(ID=0):  	54-way auxiliary classification loss 0.11570334336720407
(ID=0):  Epoch 585 Loss 2.073143345117569
(ID=0):  		(real loss):  0.1141341073172433 	(dream loss): 4.238364081633718
(ID=0):  	vs MDL (w/o neural net) 12.694930203706662
		(real MDL):  18.136160847213954 	(dream MDL): 6.680938439830186
(ID=0):  	4680 cumulative gradient steps. 58.443788 steps/sec
(ID=0):  	54-way auxiliary classification loss 0.04684766945429146
(ID=0):  Epoch 590 Loss 2.8726246416568757
(ID=0):  		(real loss):  0.10181155957673725 	(dream loss): 5.379550763538906
(ID=0):  	vs MDL (w/o neural net) 12.518126748504093
		(real MDL):  18.124625905604336 	(dream MDL): 7.4455798920800635
(ID=0):  	4720 cumulative gradient steps. 58.538212 steps/sec
(ID=0):  	54-way auxiliary classification loss 0.07340245225932449
Sampling new helmholtz frontiers during training.
Sampling 500 programs from the prior on 32 CPUs...


Got 84/500 valid samples.
We now have 84 Helmholtz entries.
(ID=0):  Epoch 595 Loss 3.959971046447754
(ID=0):  		(real loss):  0.11267681121826172 	(dream loss): 7.807265281677246
(ID=0):  	vs MDL (w/o neural net) 14.587923294225792
		(real MDL):  18.758444580591533 	(dream MDL): 10.417402007860046
(ID=0):  	4760 cumulative gradient steps. 58.335207 steps/sec
(ID=0):  	54-way auxiliary classification loss 0.0750339965801686
(ID=0):  Epoch 600 Loss 2.3507737636566164
(ID=0):  		(real loss):  0.10504987504747179 	(dream loss): 4.1881842179731885
(ID=0):  	vs MDL (w/o neural net) 11.541330336754163
		(real MDL):  18.023449899925883 	(dream MDL): 6.237777966886395
(ID=0):  	4800 cumulative gradient steps. 58.415532 steps/sec
(ID=0):  	54-way auxiliary classification loss 0.08640588060952722
(ID=0):  Epoch 605 Loss 1.4864961683750153
(ID=0):  		(real loss):  0.11114649339155717 	(dream loss): 3.1674791044659085
(ID=0):  	vs MDL (w/o neural net) 12.766810902785249
		(real MDL):  19.075614831763684 	(dream MDL): 5.056050545144942
(ID=0):  	4840 cumulative gradient steps. 58.462968 steps/sec
(ID=0):  	54-way auxiliary classification loss 0.06315194307826459
(ID=0):  Epoch 610 Loss 2.466398853063583
(ID=0):  		(real loss):  0.10268992469424293 	(dream loss): 5.078919247577065
(ID=0):  	vs MDL (w/o neural net) 13.529662649825642
		(real MDL):  19.06284040050718 	(dream MDL): 7.4140451359144715
(ID=0):  	4880 cumulative gradient steps. 58.527126 steps/sec
(ID=0):  	54-way auxiliary classification loss 0.06647347754333169
Sampling new helmholtz frontiers during training.
Sampling 500 programs from the prior on 32 CPUs...


Got 86/500 valid samples.
We now have 86 Helmholtz entries.
(ID=0):  Epoch 615 Loss 4.079410028457642
(ID=0):  		(real loss):  0.1418557418020148 	(dream loss): 7.64195914495559
(ID=0):  	vs MDL (w/o neural net) 13.690338365900464
		(real MDL):  18.513096261325053 	(dream MDL): 9.326890746230598
(ID=0):  	4920 cumulative gradient steps. 58.293965 steps/sec
(ID=0):  	54-way auxiliary classification loss 0.09416321718599648
(ID=0):  Epoch 620 Loss 3.42214657664299
(ID=0):  		(real loss):  0.15562557038806735 	(dream loss): 7.032511899345799
(ID=0):  	vs MDL (w/o neural net) 13.938382419626553
		(real MDL):  18.441930853547184 	(dream MDL): 8.960776255819544
(ID=0):  	4960 cumulative gradient steps. 58.356265 steps/sec
(ID=0):  	54-way auxiliary classification loss 0.09388640052638948
(ID=0):  Epoch 625 Loss 3.2305731415748595
(ID=0):  		(real loss):  0.11390504837036133 	(dream loss): 6.347241234779358
(ID=0):  	vs MDL (w/o neural net) 13.496058929375513
		(real MDL):  18.904107336828684 	(dream MDL): 8.088010521922351
(ID=0):  	5000 cumulative gradient steps. 58.391864 steps/sec
(ID=0):  	54-way auxiliary classification loss 0.09393275526817887
(ID=0):  Epoch 630 Loss 5.853787338733673
(ID=0):  		(real loss):  0.1697965349469866 	(dream loss): 8.91439777154189
(ID=0):  	vs MDL (w/o neural net) 13.404541214946835
		(real MDL):  18.508842112169102 	(dream MDL): 10.656071501057918
(ID=0):  	5040 cumulative gradient steps. 58.427778 steps/sec
(ID=0):  	54-way auxiliary classification loss 0.1358872563811019
Sampling new helmholtz frontiers during training.
Sampling 500 programs from the prior on 32 CPUs...


Got 84/500 valid samples.
We now have 84 Helmholtz entries.
(ID=0):  Epoch 635 Loss 1.640084946155548
(ID=0):  		(real loss):  0.16837905883789062 	(dream loss): 4.0929280916849775
(ID=0):  	vs MDL (w/o neural net) 14.023403954947252
		(real MDL):  18.759646861038995 	(dream MDL): 6.129665778127696
(ID=0):  	5080 cumulative gradient steps. 58.134460 steps/sec
(ID=0):  	54-way auxiliary classification loss 0.058190764114260676
(ID=0):  Epoch 640 Loss 3.078798842430115
(ID=0):  		(real loss):  0.12260901927947998 	(dream loss): 5.0495920578638716
(ID=0):  	vs MDL (w/o neural net) 11.838527211889577
		(real MDL):  18.829323282176578 	(dream MDL): 7.177996498364905
(ID=0):  	5120 cumulative gradient steps. 58.264176 steps/sec
(ID=0):  	54-way auxiliary classification loss 0.06971635683439673
(ID=0):  Epoch 645 Loss 3.3565488934516905
(ID=0):  		(real loss):  0.09250392913818359 	(dream loss): 6.620593857765198
(ID=0):  	vs MDL (w/o neural net) 13.303884748460723
		(real MDL):  18.30385231045027 	(dream MDL): 8.303917186471171
(ID=0):  	5160 cumulative gradient steps. 58.304033 steps/sec
(ID=0):  	54-way auxiliary classification loss 0.07655147223267704
(ID=0):  Epoch 650 Loss 2.118302953243256
(ID=0):  		(real loss):  0.09603023529052734 	(dream loss): 5.873952286584037
(ID=0):  	vs MDL (w/o neural net) 14.872398731432957
		(real MDL):  18.37457922532574 	(dream MDL): 8.368349242774942
(ID=0):  	5200 cumulative gradient steps. 58.324875 steps/sec
(ID=0):  	54-way auxiliary classification loss 0.06998398043215275
Sampling new helmholtz frontiers during training.
Sampling 500 programs from the prior on 32 CPUs...


Got 91/500 valid samples.
We now have 91 Helmholtz entries.
(ID=0):  Epoch 655 Loss 2.1729680001735687
(ID=0):  		(real loss):  0.0932561783563523 	(dream loss): 4.471596855866282
(ID=0):  	vs MDL (w/o neural net) 12.857492157536768
		(real MDL):  18.630348729696394 	(dream MDL): 6.476966472518235
(ID=0):  	5240 cumulative gradient steps. 58.129318 steps/sec
(ID=0):  	54-way auxiliary classification loss 0.059714056691154836
(ID=0):  Epoch 660 Loss 2.423145127296448
(ID=0):  		(real loss):  0.08783073425292968 	(dream loss): 6.315335782368978
(ID=0):  	vs MDL (w/o neural net) 14.50819059819728
		(real MDL):  18.412847390626645 	(dream MDL): 8.000429277481675
(ID=0):  	5280 cumulative gradient steps. 58.154030 steps/sec
(ID=0):  	54-way auxiliary classification loss 0.07364842239767314
(ID=0):  Epoch 665 Loss 2.7529685854911805
(ID=0):  		(real loss):  0.09498225941377528 	(dream loss): 4.717567174331002
(ID=0):  	vs MDL (w/o neural net) 12.575885880511915
		(real MDL):  19.770000441366694 	(dream MDL): 7.258496857271435
(ID=0):  	5320 cumulative gradient steps. 58.259086 steps/sec
(ID=0):  	54-way auxiliary classification loss 0.06710967486724258
(ID=0):  Epoch 670 Loss 3.537626487016678
(ID=0):  		(real loss):  0.08149740431043836 	(dream loss): 6.365368463776329
(ID=0):  	vs MDL (w/o neural net) 12.608940191008609
		(real MDL):  18.369679352493122 	(dream MDL): 7.895608149794006
(ID=0):  	5360 cumulative gradient steps. 58.337106 steps/sec
(ID=0):  	54-way auxiliary classification loss 0.08214377628173679
(ID=0):  Epoch 675 Loss 3.05656920671463
(ID=0):  		(real loss):  0.07223200798034668 	(dream loss): 5.046127339204152
(ID=0):  	vs MDL (w/o neural net) 11.134737496885482
		(real MDL):  17.644452212413754 	(dream MDL): 6.794927686533302
(ID=0):  	5400 cumulative gradient steps. 58.448485 steps/sec
(ID=0):  	54-way auxiliary classification loss 0.07222724596504122
Sampling new helmholtz frontiers during training.
Sampling 500 programs from the prior on 32 CPUs...


Got 97/500 valid samples.
We now have 97 Helmholtz entries.
(ID=0):  Epoch 680 Loss 1.8311268925666808
(ID=0):  		(real loss):  0.0774357795715332 	(dream loss): 3.5848180055618286
(ID=0):  	vs MDL (w/o neural net) 12.021355867127706
		(real MDL):  18.681746820166104 	(dream MDL): 5.360964914089317
(ID=0):  	5440 cumulative gradient steps. 58.238212 steps/sec
(ID=0):  	54-way auxiliary classification loss 0.06794725947547704
(ID=0):  Epoch 685 Loss 6.563763070106506
(ID=0):  		(real loss):  0.08678754170735677 	(dream loss): 13.722525496231881
(ID=0):  	vs MDL (w/o neural net) 17.134825307601513
		(real MDL):  18.247149226735896 	(dream MDL): 15.905414660137206
(ID=0):  	5480 cumulative gradient steps. 58.237861 steps/sec
(ID=0):  	54-way auxiliary classification loss 0.12890539036598056
(ID=0):  Epoch 690 Loss 3.618034714460373
(ID=0):  		(real loss):  0.07403879165649414 	(dream loss): 7.162030637264252
(ID=0):  	vs MDL (w/o neural net) 13.571724363685272
		(real MDL):  18.08003219283432 	(dream MDL): 9.063416534536225
(ID=0):  	5520 cumulative gradient steps. 58.328996 steps/sec
(ID=0):  	54-way auxiliary classification loss 0.08134036799892783
(ID=0):  Epoch 695 Loss 6.944838267564774
(ID=0):  		(real loss):  0.10034688313802083 	(dream loss): 14.509802429299606
(ID=0):  	vs MDL (w/o neural net) 17.703295658474737
		(real MDL):  18.84233276224883 	(dream MDL): 16.444359912198117
(ID=0):  	5560 cumulative gradient steps. 58.354341 steps/sec
(ID=0):  	54-way auxiliary classification loss 0.11877710658591241
(ID=0):  Epoch 700 Loss 2.914061713218689
(ID=0):  		(real loss):  0.08949966430664062 	(dream loss): 7.621665128072103
(ID=0):  	vs MDL (w/o neural net) 15.318883697344862
		(real MDL):  18.53730953606905 	(dream MDL): 9.954840632804547
(ID=0):  	5600 cumulative gradient steps. 58.361697 steps/sec
(ID=0):  	54-way auxiliary classification loss 0.06170109652448445
Sampling new helmholtz frontiers during training.
Sampling 500 programs from the prior on 32 CPUs...


Got 105/500 valid samples.
We now have 105 Helmholtz entries.
(ID=0):  Epoch 705 Loss 3.3471736550331115
(ID=0):  		(real loss):  0.09517906188964843 	(dream loss): 8.76716464360555
(ID=0):  	vs MDL (w/o neural net) 15.829073719091316
		(real MDL):  18.67498116721415 	(dream MDL): 11.085894638886597
(ID=0):  	5640 cumulative gradient steps. 58.154301 steps/sec
(ID=0):  	54-way auxiliary classification loss 0.07221655116882175
(ID=0):  Epoch 710 Loss 2.9539703845977785
(ID=0):  		(real loss):  0.10333905901227679 	(dream loss): 6.10466816550807
(ID=0):  	vs MDL (w/o neural net) 14.210845591410628
		(real MDL):  19.82149451115957 	(dream MDL): 8.00960204853023
(ID=0):  	5680 cumulative gradient steps. 58.239650 steps/sec
(ID=0):  	54-way auxiliary classification loss 0.08212760956957936
(ID=0):  Epoch 715 Loss 3.152262020111084
(ID=0):  		(real loss):  0.08762677510579427 	(dream loss): 5.659690856933594
(ID=0):  	vs MDL (w/o neural net) 12.200305236033294
		(real MDL):  18.065163569116333 	(dream MDL): 7.401784781692627
(ID=0):  	5720 cumulative gradient steps. 58.315756 steps/sec
(ID=0):  	54-way auxiliary classification loss 0.07520490190945565
(ID=0):  Epoch 720 Loss 3.721325534582138
(ID=0):  		(real loss):  0.08219039440155029 	(dream loss): 6.147415628035863
(ID=0):  	vs MDL (w/o neural net) 12.027497311018024
		(real MDL):  17.992120930680482 	(dream MDL): 8.051081564576393
(ID=0):  	5760 cumulative gradient steps. 58.380396 steps/sec
(ID=0):  	54-way auxiliary classification loss 0.12286774041131139
(ID=0):  Epoch 725 Loss 1.3415628671646118
(ID=0):  		(real loss):  0.13250218267026154 	(dream loss): 2.977350852068733
(ID=0):  	vs MDL (w/o neural net) 12.686716586651741
		(real MDL):  18.43478469526306 	(dream MDL): 4.909918557354086
(ID=0):  	5800 cumulative gradient steps. 58.428853 steps/sec
(ID=0):  	54-way auxiliary classification loss 0.051859857561066744
(ID=0):  Epoch 730 Loss 2.519053745269775
(ID=0):  		(real loss):  0.09477828979492188 	(dream loss): 6.559512837727865
(ID=0):  	vs MDL (w/o neural net) 14.876677934312173
		(real MDL):  18.715476876134243 	(dream MDL): 8.478679697942056
(ID=0):  	5840 cumulative gradient steps. 58.464564 steps/sec
(ID=0):  	54-way auxiliary classification loss 0.08377514446619898
Sampling new helmholtz frontiers during training.
Sampling 500 programs from the prior on 32 CPUs...


Got 113/500 valid samples.
We now have 113 Helmholtz entries.
(ID=0):  Epoch 735 Loss 0.2805865406990051
(ID=0):  		(real loss):  0.08538699150085449 	(dream loss): 0.4107195734977722
(ID=0):  	vs MDL (w/o neural net) 9.165314237641574
		(real MDL):  19.016278152376866 	(dream MDL): 2.598004961151382
(ID=0):  	5880 cumulative gradient steps. 58.312929 steps/sec
(ID=0):  	54-way auxiliary classification loss 0.02933278353884816
(ID=0):  Epoch 740 Loss 3.755342298746109
(ID=0):  		(real loss):  0.08056486220586867 	(dream loss): 7.816938412816901
(ID=0):  	vs MDL (w/o neural net) 15.006545544334188
		(real MDL):  18.83189915363692 	(dream MDL): 10.778523134052223
(ID=0):  	5920 cumulative gradient steps. 58.361865 steps/sec
(ID=0):  	54-way auxiliary classification loss 0.09287619178649038
(ID=0):  Epoch 745 Loss 2.165925759077072
(ID=0):  		(real loss):  0.07365453810918898 	(dream loss): 4.478436055936311
(ID=0):  	vs MDL (w/o neural net) 12.783114332877982
		(real MDL):  18.003753376171623 	(dream MDL): 7.012934337658705
(ID=0):  	5960 cumulative gradient steps. 58.385867 steps/sec
(ID=0):  	54-way auxiliary classification loss 0.07398429329041392
(ID=0):  Epoch 750 Loss 4.940723329782486
(ID=0):  		(real loss):  0.08341285705566406 	(dream loss): 13.03624078432719
(ID=0):  	vs MDL (w/o neural net) 17.05627172306934
		(real MDL):  18.20956550927291 	(dream MDL): 15.134115412730061
(ID=0):  	6000 cumulative gradient steps. 58.405612 steps/sec
(ID=0):  	54-way auxiliary classification loss 0.094207893894054
(ID=0):  Epoch 755 Loss 5.612145382165909
(ID=0):  		(real loss):  0.08479062248678769 	(dream loss): 9.697581508885259
(ID=0):  	vs MDL (w/o neural net) 14.839685227531968
		(real MDL):  18.170429724722617 	(dream MDL): 12.377830599173663
(ID=0):  	6040 cumulative gradient steps. 58.429724 steps/sec
(ID=0):  	54-way auxiliary classification loss 0.11650238907895982
Sampling new helmholtz frontiers during training.
Sampling 500 programs from the prior on 32 CPUs...


Got 92/500 valid samples.
We now have 92 Helmholtz entries.
(ID=0):  Epoch 760 Loss 2.1648711264133453
(ID=0):  		(real loss):  0.08253373040093316 	(dream loss): 3.8686017231507734
(ID=0):  	vs MDL (w/o neural net) 11.374996746471995
		(real MDL):  18.506974630336728 	(dream MDL): 5.539742114219038
(ID=0):  	6080 cumulative gradient steps. 58.278895 steps/sec
(ID=0):  	54-way auxiliary classification loss 0.06817562759388238
(ID=0):  Epoch 765 Loss 4.740943282842636
(ID=0):  		(real loss):  0.08132783990157277 	(dream loss): 8.95678582645598
(ID=0):  	vs MDL (w/o neural net) 14.308477020363075
		(real MDL):  18.551078052186146 	(dream MDL): 10.469933229666006
(ID=0):  	6120 cumulative gradient steps. 58.324136 steps/sec
(ID=0):  	54-way auxiliary classification loss 0.09823535503819585
(ID=0):  Epoch 770 Loss 4.364342880249024
(ID=0):  		(real loss):  0.0704660415649414 	(dream loss): 7.226927439371745
(ID=0):  	vs MDL (w/o neural net) 12.808980291225975
		(real MDL):  17.703528097261266 	(dream MDL): 9.545948420535783
(ID=0):  	6160 cumulative gradient steps. 58.376788 steps/sec
(ID=0):  	54-way auxiliary classification loss 0.09222245644778013
(ID=0):  Epoch 775 Loss 2.448383092880249
(ID=0):  		(real loss):  0.0836465735184519 	(dream loss): 4.587906610398066
(ID=0):  	vs MDL (w/o neural net) 12.2219635220108
		(real MDL):  18.251113414064733 	(dream MDL): 6.767018381581046
(ID=0):  	6200 cumulative gradient steps. 58.416424 steps/sec
(ID=0):  	54-way auxiliary classification loss 0.0806399652035907
Sampling new helmholtz frontiers during training.
Sampling 500 programs from the prior on 32 CPUs...


Got 85/500 valid samples.
We now have 85 Helmholtz entries.
(ID=0):  Epoch 780 Loss 2.267743694782257
(ID=0):  		(real loss):  0.0806832994733538 	(dream loss): 4.685020973807887
(ID=0):  	vs MDL (w/o neural net) 13.036280110474243
		(real MDL):  18.881140761614564 	(dream MDL): 6.57617096974021
(ID=0):  	6240 cumulative gradient steps. 58.285880 steps/sec
(ID=0):  	54-way auxiliary classification loss 0.0688164222985506
(ID=0):  Epoch 785 Loss 3.599665379524231
(ID=0):  		(real loss):  0.06869496239556207 	(dream loss): 6.488641175356778
(ID=0):  	vs MDL (w/o neural net) 12.583779519965399
		(real MDL):  17.49601304172099 	(dream MDL): 8.564679365801737
(ID=0):  	6280 cumulative gradient steps. 58.365789 steps/sec
(ID=0):  	54-way auxiliary classification loss 0.08873878894373774
(ID=0):  Epoch 790 Loss 3.794725650548935
(ID=0):  		(real loss):  0.07342894180961278 	(dream loss): 8.829421197666841
(ID=0):  	vs MDL (w/o neural net) 15.53967979280776
		(real MDL):  18.81027454665232 	(dream MDL): 11.114757478782769
(ID=0):  	6320 cumulative gradient steps. 58.409056 steps/sec
(ID=0):  	54-way auxiliary classification loss 0.08710764155257493
(ID=0):  Epoch 795 Loss 4.964869970083237
(ID=0):  		(real loss):  0.0756262865933505 	(dream loss): 10.940612249904209
(ID=0):  	vs MDL (w/o neural net) 16.666956675662426
		(real MDL):  19.470158341687906 	(dream MDL): 13.240821306075738
(ID=0):  	6360 cumulative gradient steps. 58.443247 steps/sec
(ID=0):  	54-way auxiliary classification loss 0.08930376740172505
(ID=0):  Epoch 800 Loss 1.654453295469284
(ID=0):  		(real loss):  0.06732307434082031 	(dream loss): 4.29967033068339
(ID=0):  	vs MDL (w/o neural net) 13.959131514499784
		(real MDL):  18.487189873427035 	(dream MDL): 6.412367582954373
(ID=0):  	6400 cumulative gradient steps. 58.477209 steps/sec
(ID=0):  	54-way auxiliary classification loss 0.04987396073993296
Sampling new helmholtz frontiers during training.
Sampling 500 programs from the prior on 32 CPUs...


Got 88/500 valid samples.
We now have 88 Helmholtz entries.
(ID=0):  Epoch 805 Loss 2.1663642823696136
(ID=0):  		(real loss):  0.061955769856770836 	(dream loss): 3.888153065334667
(ID=0):  	vs MDL (w/o neural net) 11.477292043701912
		(real MDL):  18.048279471040804 	(dream MDL): 6.101029603151912
(ID=0):  	6440 cumulative gradient steps. 58.336826 steps/sec
(ID=0):  	54-way auxiliary classification loss 0.06830998638179153
(ID=0):  Epoch 810 Loss 7.247308510541916
(ID=0):  		(real loss):  0.06379137541118421 	(dream loss): 13.746681156612578
(ID=0):  	vs MDL (w/o neural net) 16.83900288770392
		(real MDL):  17.98186250815952 	(dream MDL): 15.804987040625038
(ID=0):  	6480 cumulative gradient steps. 58.383874 steps/sec
(ID=0):  	54-way auxiliary classification loss 0.11967743465211242
(ID=0):  Epoch 815 Loss 4.612255674600601
(ID=0):  		(real loss):  0.06956281661987304 	(dream loss): 9.15494853258133
(ID=0):  	vs MDL (w/o neural net) 15.335641308068308
		(real MDL):  19.128586207880534 	(dream MDL): 11.542696408256083
(ID=0):  	6520 cumulative gradient steps. 58.419466 steps/sec
(ID=0):  	54-way auxiliary classification loss 0.0861334860092029
(ID=0):  Epoch 820 Loss 0.6844463109970093
(ID=0):  		(real loss):  0.06874445865028783 	(dream loss): 1.241509891691662
(ID=0):  	vs MDL (w/o neural net) 10.427337561397437
		(real MDL):  18.528070167745376 	(dream MDL): 3.0981032985112087
(ID=0):  	6560 cumulative gradient steps. 58.468855 steps/sec
(ID=0):  	54-way auxiliary classification loss 0.03993175998330116
Sampling new helmholtz frontiers during training.
Sampling 500 programs from the prior on 32 CPUs...


Got 102/500 valid samples.
We now have 102 Helmholtz entries.
(ID=0):  Epoch 825 Loss 0.384615832567215
(ID=0):  		(real loss):  0.06970769708806818 	(dream loss): 0.7695035537083944
(ID=0):  	vs MDL (w/o neural net) 11.734196529872522
		(real MDL):  19.048530186044122 	(dream MDL): 2.7944553945516812
(ID=0):  	6600 cumulative gradient steps. 58.279200 steps/sec
(ID=0):  	54-way auxiliary classification loss 0.02621771479025483
(ID=0):  Epoch 830 Loss 4.763597053289414
(ID=0):  		(real loss):  0.07002167952688117 	(dream loss): 9.010165248598371
(ID=0):  	vs MDL (w/o neural net) 14.845051327756718
		(real MDL):  19.2786295641658 	(dream MDL): 10.83371863767231
(ID=0):  	6640 cumulative gradient steps. 58.323637 steps/sec
(ID=0):  	54-way auxiliary classification loss 0.10247223360929639
(ID=0):  Epoch 835 Loss 5.925168967247009
(ID=0):  		(real loss):  0.06991456684313323 	(dream loss): 11.222780091421944
(ID=0):  	vs MDL (w/o neural net) 16.190423276694606
		(real MDL):  19.07856284793573 	(dream MDL): 13.577344617000254
(ID=0):  	6680 cumulative gradient steps. 58.381537 steps/sec
(ID=0):  	54-way auxiliary classification loss 0.12533101153094323
(ID=0):  Epoch 840 Loss 3.5214182913303373
(ID=0):  		(real loss):  0.063262378468233 	(dream loss): 6.077446574750154
(ID=0):  	vs MDL (w/o neural net) 12.167675877952199
		(real MDL):  18.350914369683835 	(dream MDL): 7.5974561231940365
(ID=0):  	6720 cumulative gradient steps. 58.424649 steps/sec
(ID=0):  	54-way auxiliary classification loss 0.07960473606362939
(ID=0):  Epoch 845 Loss 4.160222214460373
(ID=0):  		(real loss):  0.06606186760796441 	(dream loss): 7.50998977097598
(ID=0):  	vs MDL (w/o neural net) 13.319460393353049
		(real MDL):  18.885871597484915 	(dream MDL): 8.765123953608798
(ID=0):  	6760 cumulative gradient steps. 58.469877 steps/sec
(ID=0):  	54-way auxiliary classification loss 0.09409574079327285
Sampling new helmholtz frontiers during training.
Sampling 500 programs from the prior on 32 CPUs...


Got 85/500 valid samples.
We now have 85 Helmholtz entries.
(ID=0):  Epoch 850 Loss 5.070361143350601
(ID=0):  		(real loss):  0.07642851935492621 	(dream loss): 9.15630601752888
(ID=0):  	vs MDL (w/o neural net) 14.461742505830236
		(real MDL):  18.406869944378823 	(dream MDL): 11.233910965199572
(ID=0):  	6800 cumulative gradient steps. 58.278854 steps/sec
(ID=0):  	54-way auxiliary classification loss 0.10224654416088015
(ID=0):  Epoch 855 Loss 1.479563009738922
(ID=0):  		(real loss):  0.08635087446732954 	(dream loss): 3.1823778417375355
(ID=0):  	vs MDL (w/o neural net) 12.711662270392628
		(real MDL):  18.842886032662857 	(dream MDL): 5.217944338729023
(ID=0):  	6840 cumulative gradient steps. 58.317137 steps/sec
(ID=0):  	54-way auxiliary classification loss 0.06901398762129247
(ID=0):  Epoch 860 Loss 2.5964931309223176
(ID=0):  		(real loss):  0.08383349368446752 	(dream loss): 4.869851850327992
(ID=0):  	vs MDL (w/o neural net) 12.342798853638094
		(real MDL):  18.490781801553645 	(dream MDL): 6.780338091238312
(ID=0):  	6880 cumulative gradient steps. 58.361314 steps/sec
(ID=0):  	54-way auxiliary classification loss 0.06685548778623343
(ID=0):  Epoch 865 Loss 1.9641157388687134
(ID=0):  		(real loss):  0.07911923057154606 	(dream loss): 3.669588770185198
(ID=0):  	vs MDL (w/o neural net) 12.189858045330626
		(real MDL):  19.41352623887784 	(dream MDL): 5.654158251168867
(ID=0):  	6920 cumulative gradient steps. 58.418632 steps/sec
(ID=0):  	54-way auxiliary classification loss 0.05798023864626885
Sampling new helmholtz frontiers during training.
Sampling 500 programs from the prior on 32 CPUs...


Got 82/500 valid samples.
We now have 82 Helmholtz entries.
(ID=0):  Epoch 870 Loss 7.095518487691879
(ID=0):  		(real loss):  0.061960962083604604 	(dream loss): 12.850247372280467
(ID=0):  	vs MDL (w/o neural net) 16.11121732267111
		(real MDL):  17.666965689778742 	(dream MDL): 14.838332295037596
(ID=0):  	6960 cumulative gradient steps. 58.259658 steps/sec
(ID=0):  	54-way auxiliary classification loss 0.1513255107216537
(ID=0):  Epoch 875 Loss 2.962824696302414
(ID=0):  		(real loss):  0.08001899719238281 	(dream loss): 6.149083626897712
(ID=0):  	vs MDL (w/o neural net) 13.644569186957872
		(real MDL):  18.651419107302072 	(dream MDL): 8.110682432893237
(ID=0):  	7000 cumulative gradient steps. 58.319414 steps/sec
(ID=0):  	54-way auxiliary classification loss 0.0650447983527556
(ID=0):  Epoch 880 Loss 4.304340255260468
(ID=0):  		(real loss):  0.10333049297332764 	(dream loss): 7.105013430118561
(ID=0):  	vs MDL (w/o neural net) 12.865832247405809
		(real MDL):  18.000194956527626 	(dream MDL): 9.442923774657926
(ID=0):  	7040 cumulative gradient steps. 58.397112 steps/sec
(ID=0):  	54-way auxiliary classification loss 0.10154069028794765
(ID=0):  Epoch 885 Loss 5.173855727910995
(ID=0):  		(real loss):  0.08233850652521307 	(dream loss): 11.396821220715841
(ID=0):  	vs MDL (w/o neural net) 16.803827362213873
		(real MDL):  18.957640584068695 	(dream MDL): 14.171388979946872
(ID=0):  	7080 cumulative gradient steps. 58.432744 steps/sec
(ID=0):  	54-way auxiliary classification loss 0.08596744216047228
Sampling new helmholtz frontiers during training.
Sampling 500 programs from the prior on 32 CPUs...


Got 85/500 valid samples.
We now have 85 Helmholtz entries.
(ID=0):  Epoch 890 Loss 5.083207911252975
(ID=0):  		(real loss):  0.070068359375 	(dream loss): 7.231696290629251
(ID=0):  	vs MDL (w/o neural net) 11.444290821071496
		(real MDL):  17.023750308932204 	(dream MDL): 9.053093897702619
(ID=0):  	7120 cumulative gradient steps. 58.341396 steps/sec
(ID=0):  	54-way auxiliary classification loss 0.11379980172496289
(ID=0):  Epoch 895 Loss 0.31246928572654725
(ID=0):  		(real loss):  0.0755453109741211 	(dream loss): 0.5063161741603505
(ID=0):  	vs MDL (w/o neural net) 9.67085753592718
		(real MDL):  18.282630697524564 	(dream MDL): 2.6248613128020497
(ID=0):  	7160 cumulative gradient steps. 58.405654 steps/sec
(ID=0):  	54-way auxiliary classification loss 0.03206567703746259
(ID=0):  Epoch 900 Loss 0.7000104129314423
(ID=0):  		(real loss):  0.07394107182820638 	(dream loss): 1.639114424586296
(ID=0):  	vs MDL (w/o neural net) 12.378646738555213
		(real MDL):  18.101816408401856 	(dream MDL): 3.7938922337852525
(ID=0):  	7200 cumulative gradient steps. 58.425393 steps/sec
(ID=0):  	54-way auxiliary classification loss 0.03904611705802381
(ID=0):  Epoch 905 Loss 3.935083544254303
(ID=0):  		(real loss):  0.07523085854270241 	(dream loss): 8.652681271235148
(ID=0):  	vs MDL (w/o neural net) 15.237018371930214
		(real MDL):  18.703218154722396 	(dream MDL): 11.000551970739759
(ID=0):  	7240 cumulative gradient steps. 58.475171 steps/sec
(ID=0):  	54-way auxiliary classification loss 0.10507082666736096
Sampling new helmholtz frontiers during training.
Sampling 500 programs from the prior on 32 CPUs...


Got 89/500 valid samples.
We now have 89 Helmholtz entries.
(ID=0):  Epoch 910 Loss 3.6077821254730225
(ID=0):  		(real loss):  0.06808704800075954 	(dream loss): 6.503896279768511
(ID=0):  	vs MDL (w/o neural net) 12.97976526122751
		(real MDL):  18.6498500491088 	(dream MDL): 8.340604980233742
(ID=0):  	7280 cumulative gradient steps. 58.350213 steps/sec
(ID=0):  	54-way auxiliary classification loss 0.08231398235075175
(ID=0):  Epoch 915 Loss 2.606441241502762
(ID=0):  		(real loss):  0.07849311828613281 	(dream loss): 4.474924636923748
(ID=0):  	vs MDL (w/o neural net) 12.046731871848147
		(real MDL):  18.828312361082197 	(dream MDL): 7.034259336327325
(ID=0):  	7320 cumulative gradient steps. 58.418017 steps/sec
(ID=0):  	54-way auxiliary classification loss 0.08034775929991156
(ID=0):  Epoch 920 Loss 0.7423751175403595
(ID=0):  		(real loss):  0.08413922786712646 	(dream loss): 1.1811990439891815
(ID=0):  	vs MDL (w/o neural net) 9.34738000368816
		(real MDL):  18.36121302936781 	(dream MDL): 3.338157986568396
(ID=0):  	7360 cumulative gradient steps. 58.483843 steps/sec
(ID=0):  	54-way auxiliary classification loss 0.052908843965269625
(ID=0):  Epoch 925 Loss 0.09513170719146728
(ID=0):  		(real loss):  0.07836076487665591 	(dream loss): 0.11782180561738856
(ID=0):  	vs MDL (w/o neural net) 11.35359896628508
		(real MDL):  18.043478785674107 	(dream MDL): 2.302585092994046
(ID=0):  	7400 cumulative gradient steps. 58.542056 steps/sec
(ID=0):  	54-way auxiliary classification loss 0.022845303034409882
(ID=0):  Epoch 930 Loss 0.07688663005828858
(ID=0):  		(real loss):  0.06824111938476562 	(dream loss): 0.0864421944869192
(ID=0):  	vs MDL (w/o neural net) 10.787010153608886
		(real MDL):  18.34506584417527 	(dream MDL): 2.4333696535092035
(ID=0):  	7440 cumulative gradient steps. 58.606326 steps/sec
(ID=0):  	54-way auxiliary classification loss 0.024095965723972768
Sampling new helmholtz frontiers during training.
Sampling 500 programs from the prior on 32 CPUs...


Got 93/500 valid samples.
We now have 93 Helmholtz entries.
(ID=0):  Epoch 935 Loss 5.314221537113189
(ID=0):  		(real loss):  0.06188154220581055 	(dream loss): 10.566561532020568
(ID=0):  	vs MDL (w/o neural net) 15.46857508169983
		(real MDL):  18.572316258653757 	(dream MDL): 12.364833904745904
(ID=0):  	7480 cumulative gradient steps. 58.478993 steps/sec
(ID=0):  	54-way auxiliary classification loss 0.10821779839461669
(ID=0):  Epoch 940 Loss 2.30151806473732
(ID=0):  		(real loss):  0.06807937622070312 	(dream loss): 4.534956753253937
(ID=0):  	vs MDL (w/o neural net) 12.653600974605691
		(real MDL):  18.48178600537322 	(dream MDL): 6.825415943838171
(ID=0):  	7520 cumulative gradient steps. 58.491981 steps/sec
(ID=0):  	54-way auxiliary classification loss 0.08727282488252967
(ID=0):  Epoch 945 Loss 3.2724998116493227
(ID=0):  		(real loss):  0.0718315669468471 	(dream loss): 6.810080503162585
(ID=0):  	vs MDL (w/o neural net) 14.19598647816307
		(real MDL):  18.923036748110952 	(dream MDL): 8.971351969273314
(ID=0):  	7560 cumulative gradient steps. 58.528221 steps/sec
(ID=0):  	54-way auxiliary classification loss 0.08214005408808589
(ID=0):  Epoch 950 Loss 0.8575537621974945
(ID=0):  		(real loss):  0.04902502206655649 	(dream loss): 1.2468453778160944
(ID=0):  	vs MDL (w/o neural net) 7.568280469816257
		(real MDL):  16.583207079474327 	(dream MDL): 3.227760250351267
(ID=0):  	7600 cumulative gradient steps. 58.613144 steps/sec
(ID=0):  	54-way auxiliary classification loss 0.03812168948352337
Sampling new helmholtz frontiers during training.
Sampling 500 programs from the prior on 32 CPUs...


Got 98/500 valid samples.
We now have 98 Helmholtz entries.
(ID=0):  Epoch 955 Loss 3.722264349460602
(ID=0):  		(real loss):  0.06232452392578125 	(dream loss): 7.0336384773254395
(ID=0):  	vs MDL (w/o neural net) 14.538154046374796
		(real MDL):  19.594691533744065 	(dream MDL): 9.963191557802604
(ID=0):  	7640 cumulative gradient steps. 58.473751 steps/sec
(ID=0):  	54-way auxiliary classification loss 0.05428390789311379
(ID=0):  Epoch 960 Loss 1.4529667437076568
(ID=0):  		(real loss):  0.06582959493001302 	(dream loss): 2.5878971381620928
(ID=0):  	vs MDL (w/o neural net) 11.322710559427165
		(real MDL):  19.39231855667281 	(dream MDL): 4.720304016226187
(ID=0):  	7680 cumulative gradient steps. 58.533316 steps/sec
(ID=0):  	54-way auxiliary classification loss 0.05705776761751622
(ID=0):  Epoch 965 Loss 0.0863838791847229
(ID=0):  		(real loss):  0.06470732255415483 	(dream loss): 0.11287744839986165
(ID=0):  	vs MDL (w/o neural net) 11.45619374301213
		(real MDL):  18.94550991120875 	(dream MDL): 2.3025850929940455
(ID=0):  	7720 cumulative gradient steps. 58.600601 steps/sec
(ID=0):  	54-way auxiliary classification loss 0.020595436566509306
(ID=0):  Epoch 970 Loss 3.608374458551407
(ID=0):  		(real loss):  0.05722925398084852 	(dream loss): 6.513856898654591
(ID=0):  	vs MDL (w/o neural net) 13.190154638542845
		(real MDL):  18.645555770777115 	(dream MDL): 8.726644621260261
(ID=0):  	7760 cumulative gradient steps. 58.663760 steps/sec
(ID=0):  	54-way auxiliary classification loss 0.06387281803181395
(ID=0):  Epoch 975 Loss 6.4665328621864315
(ID=0):  		(real loss):  0.05738744735717773 	(dream loss): 12.875678277015686
(ID=0):  	vs MDL (w/o neural net) 17.025793154571634
		(real MDL):  19.435632821832073 	(dream MDL): 14.615953487311197
(ID=0):  	7800 cumulative gradient steps. 58.702290 steps/sec
(ID=0):  	54-way auxiliary classification loss 0.127162081876304
Sampling new helmholtz frontiers during training.
Sampling 500 programs from the prior on 32 CPUs...


Got 100/500 valid samples.
We now have 100 Helmholtz entries.
(ID=0):  Epoch 980 Loss 0.8695761203765869
(ID=0):  		(real loss):  0.05247039794921875 	(dream loss): 1.6866818428039552
(ID=0):  	vs MDL (w/o neural net) 11.140623964386322
		(real MDL):  18.766752411588563 	(dream MDL): 3.5144955171840855
(ID=0):  	7840 cumulative gradient steps. 58.586471 steps/sec
(ID=0):  	54-way auxiliary classification loss 0.0394512023543939
(ID=0):  Epoch 985 Loss 1.3210901737213134
(ID=0):  		(real loss):  0.049638499384341034 	(dream loss): 3.0412894978242764
(ID=0):  	vs MDL (w/o neural net) 12.798691646671674
		(real MDL):  18.405864508918558 	(dream MDL): 5.212516597749423
(ID=0):  	7880 cumulative gradient steps. 58.619827 steps/sec
(ID=0):  	54-way auxiliary classification loss 0.04511589274043217
(ID=0):  Epoch 990 Loss 0.7408006668090821
(ID=0):  		(real loss):  0.05190176712839227 	(dream loss): 1.3640901474725633
(ID=0):  	vs MDL (w/o neural net) 10.856367545034022
		(real MDL):  19.2559120011816 	(dream MDL): 3.256779703757648
(ID=0):  	7920 cumulative gradient steps. 58.685725 steps/sec
(ID=0):  	54-way auxiliary classification loss 0.03381051517790183
(ID=0):  Epoch 995 Loss 0.8215265989303588
(ID=0):  		(real loss):  0.06104558308919271 	(dream loss): 1.2778152084350587
(ID=0):  	vs MDL (w/o neural net) 9.349862185265769
		(real MDL):  19.145166832572198 	(dream MDL): 3.4726793968819205
(ID=0):  	7960 cumulative gradient steps. 58.759505 steps/sec
(ID=0):  	54-way auxiliary classification loss 0.035343981254845856
Sampling new helmholtz frontiers during training.
Sampling 500 programs from the prior on 32 CPUs...


Got 91/500 valid samples.
We now have 91 Helmholtz entries.
(ID=0):  Epoch 1000 Loss 0.7853250801563263
(ID=0):  		(real loss):  0.059870243072509766 	(dream loss): 1.5107799172401428
(ID=0):  	vs MDL (w/o neural net) 11.041898068710339
		(real MDL):  18.36846370305431 	(dream MDL): 3.7153324343663727
(ID=0):  	8000 cumulative gradient steps. 58.650150 steps/sec
(ID=0):  	54-way auxiliary classification loss 0.039832863863557576
(ID=0):  Epoch 1005 Loss 2.2680483758449554
(ID=0):  		(real loss):  0.05723434448242187 	(dream loss): 5.952738428115845
(ID=0):  	vs MDL (w/o neural net) 14.462305175399937
		(real MDL):  18.542960374657795 	(dream MDL): 7.661213176636834
(ID=0):  	8040 cumulative gradient steps. 58.695434 steps/sec
(ID=0):  	54-way auxiliary classification loss 0.07223673560656607
(ID=0):  Epoch 1010 Loss 1.915770959854126
(ID=0):  		(real loss):  0.05735083187327666 	(dream loss): 3.2893858370573623
(ID=0):  	vs MDL (w/o neural net) 11.648026956494071
		(real MDL):  19.52358536791367 	(dream MDL): 5.826962043705679
(ID=0):  	8080 cumulative gradient steps. 58.744771 steps/sec
(ID=0):  	54-way auxiliary classification loss 0.04481947320746258
(ID=0):  Epoch 1015 Loss 8.196772748231888
(ID=0):  		(real loss):  0.05480003356933594 	(dream loss): 14.214752580808556
(ID=0):  	vs MDL (w/o neural net) 16.34885768890653
		(real MDL):  18.50968739911933 	(dream MDL): 14.751722685705758
(ID=0):  	8120 cumulative gradient steps. 58.803571 steps/sec
(ID=0):  	54-way auxiliary classification loss 0.14431151965400205
(ID=0):  Epoch 1020 Loss 5.087617486715317
(ID=0):  		(real loss):  0.20582355152476917 	(dream loss): 11.054254518614876
(ID=0):  	vs MDL (w/o neural net) 16.65484797999822
		(real MDL):  19.184699834842025 	(dream MDL): 13.562806824078017
(ID=0):  	8160 cumulative gradient steps. 58.826899 steps/sec
(ID=0):  	54-way auxiliary classification loss 0.11847540487069637
Sampling new helmholtz frontiers during training.
Sampling 500 programs from the prior on 32 CPUs...


Got 96/500 valid samples.
We now have 96 Helmholtz entries.
(ID=0):  Epoch 1025 Loss 3.6545420706272127
(ID=0):  		(real loss):  0.07788174947102865 	(dream loss): 5.800538263320923
(ID=0):  	vs MDL (w/o neural net) 11.453475584300786
		(real MDL):  17.458192690902994 	(dream MDL): 7.8506453203394635
(ID=0):  	8200 cumulative gradient steps. 58.743785 steps/sec
(ID=0):  	54-way auxiliary classification loss 0.0851019176421687
(ID=0):  Epoch 1030 Loss 3.9522782981395723
(ID=0):  		(real loss):  0.08659003331111027 	(dream loss): 11.131413647106715
(ID=0):  	vs MDL (w/o neural net) 17.370226369765348
		(real MDL):  19.44273294559643 	(dream MDL): 13.521285586079058
(ID=0):  	8240 cumulative gradient steps. 58.759299 steps/sec
(ID=0):  	54-way auxiliary classification loss 0.06955984309315681
(ID=0):  Epoch 1035 Loss 3.980126053094864
(ID=0):  		(real loss):  0.06895488241444463 	(dream loss): 9.271710578133078
(ID=0):  	vs MDL (w/o neural net) 15.924471744448809
		(real MDL):  18.83918655985202 	(dream MDL): 11.98103405302094
(ID=0):  	8280 cumulative gradient steps. 58.791344 steps/sec
(ID=0):  	54-way auxiliary classification loss 0.060522609145846215
(ID=0):  Epoch 1040 Loss 2.96697598695755
(ID=0):  		(real loss):  0.0708572750999814 	(dream loss): 6.167949300063284
(ID=0):  	vs MDL (w/o neural net) 14.010473752824117
		(real MDL):  19.202440892521548 	(dream MDL): 8.271983756316441
(ID=0):  	8320 cumulative gradient steps. 58.845171 steps/sec
(ID=0):  	54-way auxiliary classification loss 0.05362839612644166
(ID=0):  Epoch 1045 Loss 4.8225997388362885
(ID=0):  		(real loss):  0.07194170744522758 	(dream loss): 11.249960604835959
(ID=0):  	vs MDL (w/o neural net) 16.22390336944974
		(real MDL):  18.61672390823488 	(dream MDL): 12.986557934622791
(ID=0):  	8360 cumulative gradient steps. 58.878473 steps/sec
(ID=0):  	54-way auxiliary classification loss 0.12467023415956646
(ID=0):  Epoch 1050 Loss 0.3660301506519318
(ID=0):  		(real loss):  0.06431419372558594 	(dream loss): 0.8688900788625081
(ID=0):  	vs MDL (w/o neural net) 12.404676957990446
		(real MDL):  18.10449259759503 	(dream MDL): 2.90498422531614
(ID=0):  	8400 cumulative gradient steps. 58.895563 steps/sec
(ID=0):  	54-way auxiliary classification loss 0.028581458155531436
Sampling new helmholtz frontiers during training.
Sampling 500 programs from the prior on 32 CPUs...


Got 91/500 valid samples.
We now have 91 Helmholtz entries.
(ID=0):  Epoch 1055 Loss 1.7891972243785859
(ID=0):  		(real loss):  0.0699005126953125 	(dream loss): 4.368142291903496
(ID=0):  	vs MDL (w/o neural net) 13.706683107606803
		(real MDL):  18.3173349473588 	(dream MDL): 6.790705347978819
(ID=0):  	8440 cumulative gradient steps. 58.787103 steps/sec
(ID=0):  	54-way auxiliary classification loss 0.07167083659442142
(ID=0):  Epoch 1060 Loss 0.365090948343277
(ID=0):  		(real loss):  0.06701004505157471 	(dream loss): 0.5638115505377451
(ID=0):  	vs MDL (w/o neural net) 9.065239430765256
		(real MDL):  18.731115148440114 	(dream MDL): 2.6213222856486915
(ID=0):  	8480 cumulative gradient steps. 58.855891 steps/sec
(ID=0):  	54-way auxiliary classification loss 0.029528206936083733
(ID=0):  Epoch 1065 Loss 1.0355229079723358
(ID=0):  		(real loss):  0.06747245788574219 	(dream loss): 2.2186956803003945
(ID=0):  	vs MDL (w/o neural net) 12.117475962746736
		(real MDL):  18.450570648271558 	(dream MDL): 4.377026902660846
(ID=0):  	8520 cumulative gradient steps. 58.898755 steps/sec
(ID=0):  	54-way auxiliary classification loss 0.040942617889959364
(ID=0):  Epoch 1070 Loss 0.87414048910141
(ID=0):  		(real loss):  0.06769361950102307 	(dream loss): 1.7654765028702586
(ID=0):  	vs MDL (w/o neural net) 11.521950143017019
		(real MDL):  18.13249603573128 	(dream MDL): 4.215557314227579
(ID=0):  	8560 cumulative gradient steps. 58.949095 steps/sec
(ID=0):  	54-way auxiliary classification loss 0.043469626444857565
Sampling new helmholtz frontiers during training.
Sampling 500 programs from the prior on 32 CPUs...


Got 87/500 valid samples.
We now have 87 Helmholtz entries.
(ID=0):  Epoch 1075 Loss 2.464918303489685
(ID=0):  		(real loss):  0.07185475966509651 	(dream loss): 4.233704401099163
(ID=0):  	vs MDL (w/o neural net) 11.568076257991311
		(real MDL):  19.107266208018228 	(dream MDL): 5.995631512319246
(ID=0):  	8600 cumulative gradient steps. 58.826115 steps/sec
(ID=0):  	54-way auxiliary classification loss 0.05233499244786799
(ID=0):  Epoch 1080 Loss 2.1353522181510924
(ID=0):  		(real loss):  0.06418450673421223 	(dream loss): 3.829943982037631
(ID=0):  	vs MDL (w/o neural net) 11.53624170159886
		(real MDL):  18.344107389653303 	(dream MDL): 5.966169775008868
(ID=0):  	8640 cumulative gradient steps. 58.891204 steps/sec
(ID=0):  	54-way auxiliary classification loss 0.043349629046861085
(ID=0):  Epoch 1085 Loss 2.19278005361557
(ID=0):  		(real loss):  0.05626779444077436 	(dream loss): 3.7719412886578105
(ID=0):  	vs MDL (w/o neural net) 10.978540534306019
		(real MDL):  18.31198662304269 	(dream MDL): 5.558167338283268
(ID=0):  	8680 cumulative gradient steps. 58.925512 steps/sec
(ID=0):  	54-way auxiliary classification loss 0.05732438463019207
(ID=0):  Epoch 1090 Loss 1.6200940907001495
(ID=0):  		(real loss):  0.052805553783069954 	(dream loss): 3.535668969154358
(ID=0):  	vs MDL (w/o neural net) 12.571821479397258
		(real MDL):  18.543631569431923 	(dream MDL): 5.2729424804659955
(ID=0):  	8720 cumulative gradient steps. 58.972465 steps/sec
(ID=0):  	54-way auxiliary classification loss 0.0449837829452008
(ID=0):  Epoch 1095 Loss 2.808727961778641
(ID=0):  		(real loss):  0.0574737548828125 	(dream loss): 7.394151639938355
(ID=0):  	vs MDL (w/o neural net) 14.979170097876258
		(real MDL):  18.425895647626152 	(dream MDL): 9.234627514959763
(ID=0):  	8760 cumulative gradient steps. 59.007263 steps/sec
(ID=0):  	54-way auxiliary classification loss 0.07120144680375233
Sampling new helmholtz frontiers during training.
Sampling 500 programs from the prior on 32 CPUs...


Got 94/500 valid samples.
We now have 94 Helmholtz entries.
(ID=0):  Epoch 1100 Loss 3.2135337471961973
(ID=0):  		(real loss):  0.05001441637674967 	(dream loss): 7.958812743425369
(ID=0):  	vs MDL (w/o neural net) 15.41773875011694
		(real MDL):  18.897423314578706 	(dream MDL): 10.198211903424296
(ID=0):  	8800 cumulative gradient steps. 58.887469 steps/sec
(ID=0):  	54-way auxiliary classification loss 0.07916194348363206
(ID=0):  Epoch 1105 Loss 2.595482212305069
(ID=0):  		(real loss):  0.06393623352050781 	(dream loss): 4.885928574062529
(ID=0):  	vs MDL (w/o neural net) 12.34020834395864
		(real MDL):  18.773375431241522 	(dream MDL): 6.519723836416988
(ID=0):  	8840 cumulative gradient steps. 58.951623 steps/sec
(ID=0):  	54-way auxiliary classification loss 0.09945928825763986
(ID=0):  Epoch 1110 Loss 4.100893247127533
(ID=0):  		(real loss):  0.06732254028320313 	(dream loss): 6.521035671234131
(ID=0):  	vs MDL (w/o neural net) 11.977770390161258
		(real MDL):  18.22353080024294 	(dream MDL): 8.23031414411225
(ID=0):  	8880 cumulative gradient steps. 59.017161 steps/sec
(ID=0):  	54-way auxiliary classification loss 0.10741822895361111
(ID=0):  Epoch 1115 Loss 1.5803632259368896
(ID=0):  		(real loss):  0.0738668441772461 	(dream loss): 3.840107798576355
(ID=0):  	vs MDL (w/o neural net) 13.52618646231816
		(real MDL):  18.36330110841269 	(dream MDL): 6.27051449317637
(ID=0):  	8920 cumulative gradient steps. 59.042352 steps/sec
(ID=0):  	54-way auxiliary classification loss 0.047233695059549066
Sampling new helmholtz frontiers during training.
Sampling 500 programs from the prior on 32 CPUs...


Got 96/500 valid samples.
We now have 96 Helmholtz entries.
(ID=0):  Epoch 1120 Loss 6.322602260112762
(ID=0):  		(real loss):  0.08215166727701823 	(dream loss): 10.066872615814209
(ID=0):  	vs MDL (w/o neural net) 14.980743757355299
		(real MDL):  19.041896273369765 	(dream MDL): 12.544052247746622
(ID=0):  	8960 cumulative gradient steps. 58.955482 steps/sec
(ID=0):  	54-way auxiliary classification loss 0.13678625004831702
(ID=0):  Epoch 1125 Loss 3.013715898990631
(ID=0):  		(real loss):  0.10217423872514204 	(dream loss): 6.5722668170928955
(ID=0):  	vs MDL (w/o neural net) 14.154442930765493
		(real MDL):  18.626385002324426 	(dream MDL): 8.688735954415678
(ID=0):  	9000 cumulative gradient steps. 59.015103 steps/sec
(ID=0):  	54-way auxiliary classification loss 0.07851882770191879
(ID=0):  Epoch 1130 Loss 2.0715853035449983
(ID=0):  		(real loss):  0.06925201416015625 	(dream loss): 3.5515707783077075
(ID=0):  	vs MDL (w/o neural net) 10.97875586798325
		(real MDL):  17.70988069407696 	(dream MDL): 6.003576648696601
(ID=0):  	9040 cumulative gradient steps. 59.065916 steps/sec
(ID=0):  	54-way auxiliary classification loss 0.05587232962716371
(ID=0):  Epoch 1135 Loss 2.7769104838371277
(ID=0):  		(real loss):  0.0747824129850968 	(dream loss): 6.432730814989875
(ID=0):  	vs MDL (w/o neural net) 14.518107192664491
		(real MDL):  19.045950840241613 	(dream MDL): 8.392201081236626
(ID=0):  	9080 cumulative gradient steps. 59.108411 steps/sec
(ID=0):  	54-way auxiliary classification loss 0.0791070839157328
(ID=0):  Epoch 1140 Loss 3.760385698080063
(ID=0):  		(real loss):  0.05834197998046875 	(dream loss): 6.496678881023241
(ID=0):  	vs MDL (w/o neural net) 12.627088361705253
		(real MDL):  18.3332366536641 	(dream MDL): 8.409500493735681
(ID=0):  	9120 cumulative gradient steps. 59.155573 steps/sec
(ID=0):  	54-way auxiliary classification loss 0.10100799968931824
Sampling new helmholtz frontiers during training.
Sampling 500 programs from the prior on 32 CPUs...


Got 103/500 valid samples.
We now have 103 Helmholtz entries.
(ID=0):  Epoch 1145 Loss 4.579294866323471
(ID=0):  		(real loss):  0.06660179864792597 	(dream loss): 9.567008256912231
(ID=0):  	vs MDL (w/o neural net) 15.650012161584138
		(real MDL):  18.766072298306685 	(dream MDL): 12.205945694680274
(ID=0):  	9160 cumulative gradient steps. 59.016494 steps/sec
(ID=0):  	54-way auxiliary classification loss 0.10320527360308915
(ID=0):  Epoch 1150 Loss 4.142614370584488
(ID=0):  		(real loss):  0.19450950622558594 	(dream loss): 9.484168010599474
(ID=0):  	vs MDL (w/o neural net) 15.014669285145377
		(real MDL):  18.632957118319943 	(dream MDL): 10.119338687320953
(ID=0):  	9200 cumulative gradient steps. 59.050059 steps/sec
(ID=0):  	54-way auxiliary classification loss 0.08961238313931971
(ID=0):  Epoch 1155 Loss 5.801865875720978
(ID=0):  		(real loss):  0.13781444231669107 	(dream loss): 14.297943025827408
(ID=0):  	vs MDL (w/o neural net) 17.118397419970936
		(real MDL):  17.94001611877597 	(dream MDL): 15.88596937176338
(ID=0):  	9240 cumulative gradient steps. 59.080412 steps/sec
(ID=0):  	54-way auxiliary classification loss 0.10381129984743893
(ID=0):  Epoch 1160 Loss 1.3843109726905822
(ID=0):  		(real loss):  0.08675434278405231 	(dream loss): 3.1398287660935345
(ID=0):  	vs MDL (w/o neural net) 12.78242047545095
		(real MDL):  18.34953318521835 	(dream MDL): 5.250444456353881
(ID=0):  	9280 cumulative gradient steps. 59.116548 steps/sec
(ID=0):  	54-way auxiliary classification loss 0.048167932173237206
(ID=0):  Epoch 1165 Loss 2.721550762653351
(ID=0):  		(real loss):  0.07822397020128039 	(dream loss): 4.884272683750499
(ID=0):  	vs MDL (w/o neural net) 12.372250503813177
		(real MDL):  18.336269446187274 	(dream MDL): 7.49259864187074
(ID=0):  	9320 cumulative gradient steps. 59.158039 steps/sec
(ID=0):  	54-way auxiliary classification loss 0.07707471514586359
(ID=0):  Epoch 1170 Loss 3.048897248506546
(ID=0):  		(real loss):  0.0756216049194336 	(dream loss): 7.508810713887215
(ID=0):  	vs MDL (w/o neural net) 14.419252139892413
		(real MDL):  18.64081657715795 	(dream MDL): 8.086905483994114
(ID=0):  	9360 cumulative gradient steps. 59.177628 steps/sec
(ID=0):  	54-way auxiliary classification loss 0.07689608896616847
Sampling new helmholtz frontiers during training.
Sampling 500 programs from the prior on 32 CPUs...


Got 98/500 valid samples.
We now have 98 Helmholtz entries.
(ID=0):  Epoch 1175 Loss 5.517691308259964
(ID=0):  		(real loss):  0.19382061677820542 	(dream loss): 9.452726167181265
(ID=0):  	vs MDL (w/o neural net) 14.413739567702137
		(real MDL):  18.66268877358425 	(dream MDL): 11.273211893789268
(ID=0):  	9400 cumulative gradient steps. 59.087072 steps/sec
(ID=0):  	54-way auxiliary classification loss 0.09739261162467301
(ID=0):  Epoch 1180 Loss 3.2582705497741697
(ID=0):  		(real loss):  0.1594449823552912 	(dream loss): 7.0457240210639105
(ID=0):  	vs MDL (w/o neural net) 14.068907928541
		(real MDL):  18.523162257018626 	(dream MDL): 8.624819304846115
(ID=0):  	9440 cumulative gradient steps. 59.123649 steps/sec
(ID=0):  	54-way auxiliary classification loss 0.08006640616804361
(ID=0):  Epoch 1185 Loss 1.4662854850292206
(ID=0):  		(real loss):  0.07364875793457032 	(dream loss): 3.787346696853638
(ID=0):  	vs MDL (w/o neural net) 14.105508127315385
		(real MDL):  19.06969177064637 	(dream MDL): 5.83186872176375
(ID=0):  	9480 cumulative gradient steps. 59.163461 steps/sec
(ID=0):  	54-way auxiliary classification loss 0.04322001123800874
(ID=0):  Epoch 1190 Loss 2.0748798489570617
(ID=0):  		(real loss):  0.057489776611328126 	(dream loss): 4.092269921302796
(ID=0):  	vs MDL (w/o neural net) 12.456120140576385
		(real MDL):  18.47833030048508 	(dream MDL): 6.43390998066769
(ID=0):  	9520 cumulative gradient steps. 59.197812 steps/sec
(ID=0):  	54-way auxiliary classification loss 0.06788134993985295
(ID=0):  Epoch 1195 Loss 3.4617192149162292
(ID=0):  		(real loss):  0.06043861025855655 	(dream loss): 7.221029356906288
(ID=0):  	vs MDL (w/o neural net) 14.122514813951668
		(real MDL):  18.66920728893477 	(dream MDL): 9.0972231310756
(ID=0):  	9560 cumulative gradient steps. 59.219837 steps/sec
(ID=0):  	54-way auxiliary classification loss 0.08858213007915765
Sampling new helmholtz frontiers during training.
Sampling 500 programs from the prior on 32 CPUs...


Got 75/500 valid samples.
We now have 75 Helmholtz entries.
(ID=0):  Epoch 1200 Loss 3.254044497013092
(ID=0):  		(real loss):  0.05665372765582541 	(dream loss): 7.579926126143512
(ID=0):  	vs MDL (w/o neural net) 14.541542202862015
		(real MDL):  17.86563469162902 	(dream MDL): 10.04424060041255
(ID=0):  	9600 cumulative gradient steps. 59.124853 steps/sec
(ID=0):  	54-way auxiliary classification loss 0.07436371794901789
(ID=0):  Epoch 1205 Loss 3.6255023002624513
(ID=0):  		(real loss):  0.06117971319901316 	(dream loss): 6.8503655933198475
(ID=0):  	vs MDL (w/o neural net) 13.58020318608904
		(real MDL):  18.37805990770242 	(dream MDL): 9.239285199867405
(ID=0):  	9640 cumulative gradient steps. 59.169083 steps/sec
(ID=0):  	54-way auxiliary classification loss 0.09337381115183234
(ID=0):  Epoch 1210 Loss 5.402373850345612
(ID=0):  		(real loss):  0.07166255604137074 	(dream loss): 11.91768765449524
(ID=0):  	vs MDL (w/o neural net) 16.603752987848218
		(real MDL):  18.868474288340355 	(dream MDL): 13.835760287246718
(ID=0):  	9680 cumulative gradient steps. 59.207029 steps/sec
(ID=0):  	54-way auxiliary classification loss 0.09102697866037487
(ID=0):  Epoch 1215 Loss 5.757279968261718
(ID=0):  		(real loss):  0.06962237638585708 	(dream loss): 9.96120079703953
(ID=0):  	vs MDL (w/o neural net) 15.256925477725167
		(real MDL):  18.8329019374623 	(dream MDL): 12.613812442267292
(ID=0):  	9720 cumulative gradient steps. 59.242009 steps/sec
(ID=0):  	54-way auxiliary classification loss 0.1089911232702434
Sampling new helmholtz frontiers during training.
Sampling 500 programs from the prior on 32 CPUs...


Got 87/500 valid samples.
We now have 87 Helmholtz entries.
(ID=0):  Epoch 1220 Loss 4.8038955390453335
(ID=0):  		(real loss):  0.06729819557883522 	(dream loss): 10.593070069948832
(ID=0):  	vs MDL (w/o neural net) 15.885734870250772
		(real MDL):  18.62638500232443 	(dream MDL): 12.536051375494075
(ID=0):  	9760 cumulative gradient steps. 59.112163 steps/sec
(ID=0):  	54-way auxiliary classification loss 0.09542422231752426
(ID=0):  Epoch 1225 Loss 2.4245039880275727
(ID=0):  		(real loss):  0.061925343104771206 	(dream loss): 5.035775121889617
(ID=0):  	vs MDL (w/o neural net) 12.731094366562619
		(real MDL):  17.731932574980885 	(dream MDL): 7.203852136205595
(ID=0):  	9800 cumulative gradient steps. 59.137491 steps/sec
(ID=0):  	54-way auxiliary classification loss 0.06142022171989083
(ID=0):  Epoch 1230 Loss 1.497960513830185
(ID=0):  		(real loss):  0.06487565882065717 	(dream loss): 2.557197145793749
(ID=0):  	vs MDL (w/o neural net) 10.738684392760216
		(real MDL):  19.228222029560985 	(dream MDL): 4.46380874816835
(ID=0):  	9840 cumulative gradient steps. 59.187537 steps/sec
(ID=0):  	54-way auxiliary classification loss 0.04961926214164123
(ID=0):  Epoch 1235 Loss 4.631139171123505
(ID=0):  		(real loss):  0.06253232955932617 	(dream loss): 9.199746012687683
(ID=0):  	vs MDL (w/o neural net) 15.269223792976323
		(real MDL):  18.4730058490332 	(dream MDL): 12.065441736919453
(ID=0):  	9880 cumulative gradient steps. 59.223322 steps/sec
(ID=0):  	54-way auxiliary classification loss 0.08940155470045283
Sampling new helmholtz frontiers during training.
Sampling 500 programs from the prior on 32 CPUs...


Got 90/500 valid samples.
We now have 90 Helmholtz entries.
(ID=0):  Epoch 1240 Loss 3.750565695762634
(ID=0):  		(real loss):  0.0637047290802002 	(dream loss): 6.208473006884257
(ID=0):  	vs MDL (w/o neural net) 12.256146056951588
		(real MDL):  17.886196949236442 	(dream MDL): 8.50277879542835
(ID=0):  	9920 cumulative gradient steps. 59.159660 steps/sec
(ID=0):  	54-way auxiliary classification loss 0.08621124370256439
(ID=0):  Epoch 1245 Loss 4.325905978679657
(ID=0):  		(real loss):  0.05908355712890625 	(dream loss): 8.592728400230408
(ID=0):  	vs MDL (w/o neural net) 14.515251477636193
		(real MDL):  18.35000882985745 	(dream MDL): 10.680494125414949
(ID=0):  	9960 cumulative gradient steps. 59.197404 steps/sec
(ID=0):  	54-way auxiliary classification loss 0.07712337747216225
(ID=0):  Epoch 1250 Loss 4.806847608089447
(ID=0):  		(real loss):  0.060114019057329965 	(dream loss): 8.315302869547969
(ID=0):  	vs MDL (w/o neural net) 13.71634525759722
		(real MDL):  17.89042779535144 	(dream MDL): 10.631153816648446
(ID=0):  	10000 cumulative gradient steps. 59.231279 steps/sec
(ID=0):  	54-way auxiliary classification loss 0.095059903152287
(ID=0):   Trained recognition model in 168.94302678108215 seconds
Wrote experiments_iterative/outputs/paperfaithful_init_seed111_20260507/domains/clevr/dreamcoder/seed_111/dreamcoder_32/0/metrics.json
====================================
iteration: 0
amortized_synthesis : optimize_model_for_frontiers
Completed in 169.004s
====================================
============LOGGING MODEL_FN============
	iteration: 0
	experiment_block_type: model_fn
	model_type: amortized_synthesis
	params: {'enumeration_timeout': 600}
	task_split: train
	model_fn: infer_programs_for_tasks
	task_batch_size: global_batch_size
task_ids: 32 tasks: 5-2_transform-What if all the blue metal things became rubber things? -- 3-1_zero_hop-What number of gray rubber cubes are there?
====================================
Evaluated recognition model in 1.0 seconds
Beginning enumeration on a total of 32 tasks with a total of 32 CPUs.
(python) Launching list(tclevrobject) -> bool (1 tasks) w/ 1 CPUs. 0.000000 <= MDL < 1.500000. Timeout 600.000000.
(python) Launching list(tclevrobject) -> int (1 tasks) w/ 1 CPUs. 0.000000 <= MDL < 1.500000. Timeout 600.000000.
(python) Launching list(tclevrobject) -> tclevrsize (1 tasks) w/ 1 CPUs. 0.000000 <= MDL < 1.500000. Timeout 600.000000.
(python) Launching list(tclevrobject) -> tclevrcolor (1 tasks) w/ 1 CPUs. 0.000000 <= MDL < 1.500000. Timeout 600.000000.
(python) Launching list(tclevrobject) -> tclevrshape (1 tasks) w/ 1 CPUs. 0.000000 <= MDL < 1.500000. Timeout 600.000000.
	(ocaml: 1 CPUs. shatter: 1. |fringe| = 1. |finished| = 0.)
(python) Launching list(tclevrobject) -> tclevrshape (1 tasks) w/ 1 CPUs. 0.000000 <= MDL < 1.500000. Timeout 600.000000.
	(ocaml: 1 CPUs. shatter: 1. |fringe| = 1. |finished| = 0.)
(python) Launching list(tclevrobject) -> tclevrshape (1 tasks) w/ 1 CPUs. 0.000000 <= MDL < 1.500000. Timeout 600.000000.
	(ocaml: 1 CPUs. shatter: 1. |fringe| = 1. |finished| = 0.)
(python) Launching list(tclevrobject) -> int (1 tasks) w/ 1 CPUs. 0.000000 <= MDL < 1.500000. Timeout 600.000000.
(python) Launching list(tclevrobject) -> int (1 tasks) w/ 1 CPUs. 0.000000 <= MDL < 1.500000. Timeout 600.000000.
	(ocaml: 1 CPUs. shatter: 1. |fringe| = 1. |finished| = 0.)
	(ocaml: 1 CPUs. shatter: 1. |fringe| = 1. |finished| = 0.)
(python) Launching list(tclevrobject) -> int (1 tasks) w/ 1 CPUs. 0.000000 <= MDL < 1.500000. Timeout 600.000000.
(python) Launching list(tclevrobject) -> int (1 tasks) w/ 1 CPUs. 0.000000 <= MDL < 1.500000. Timeout 600.000000.
	(ocaml: 1 CPUs. shatter: 1. |fringe| = 1. |finished| = 0.)
	(ocaml: 1 CPUs. shatter: 1. |fringe| = 1. |finished| = 0.)
(python) Launching list(tclevrobject) -> int (1 tasks) w/ 1 CPUs. 0.000000 <= MDL < 1.500000. Timeout 600.000000.
	(ocaml: 1 CPUs. shatter: 1. |fringe| = 1. |finished| = 0.)
(python) Launching list(tclevrobject) -> int (1 tasks) w/ 1 CPUs. 0.000000 <= MDL < 1.500000. Timeout 600.000000.
(python) Launching list(tclevrobject) -> int (1 tasks) w/ 1 CPUs. 0.000000 <= MDL < 1.500000. Timeout 600.000000.
	(ocaml: 1 CPUs. shatter: 1. |fringe| = 1. |finished| = 0.)
	(ocaml: 1 CPUs. shatter: 1. |fringe| = 1. |finished| = 0.)
(python) Launching list(tclevrobject) -> int (1 tasks) w/ 1 CPUs. 0.000000 <= MDL < 1.500000. Timeout 600.000000.
	(ocaml: 1 CPUs. shatter: 1. |fringe| = 1. |finished| = 0.)
(python) Launching list(tclevrobject) -> tclevrshape (1 tasks) w/ 1 CPUs. 0.000000 <= MDL < 1.500000. Timeout 600.000000.
	(ocaml: 1 CPUs. shatter: 1. |fringe| = 1. |finished| = 0.)
(python) Launching list(tclevrobject) -> tclevrshape (1 tasks) w/ 1 CPUs. 0.000000 <= MDL < 1.500000. Timeout 600.000000.
	(ocaml: 1 CPUs. shatter: 1. |fringe| = 1. |finished| = 0.)
(python) Launching list(tclevrobject) -> list(tclevrobject) (1 tasks) w/ 1 CPUs. 0.000000 <= MDL < 1.500000. Timeout 600.000000.
	(ocaml: 1 CPUs. shatter: 1. |fringe| = 1. |finished| = 0.)
(python) Launching list(tclevrobject) -> list(tclevrobject) (1 tasks) w/ 1 CPUs. 0.000000 <= MDL < 1.500000. Timeout 600.000000.
	(ocaml: 1 CPUs. shatter: 1. |fringe| = 1. |finished| = 0.)
(python) Launching list(tclevrobject) -> list(tclevrobject) (1 tasks) w/ 1 CPUs. 0.000000 <= MDL < 1.500000. Timeout 600.000000.
	(ocaml: 1 CPUs. shatter: 1. |fringe| = 1. |finished| = 0.)
(python) Launching list(tclevrobject) -> list(tclevrobject) (1 tasks) w/ 1 CPUs. 0.000000 <= MDL < 1.500000. Timeout 600.000000.
	(ocaml: 1 CPUs. shatter: 1. |fringe| = 1. |finished| = 0.)
(python) Launching list(tclevrobject) -> list(tclevrobject) (1 tasks) w/ 1 CPUs. 0.000000 <= MDL < 1.500000. Timeout 600.000000.
	(ocaml: 1 CPUs. shatter: 1. |fringe| = 1. |finished| = 0.)
(python) Launching list(tclevrobject) -> list(tclevrobject) (1 tasks) w/ 1 CPUs. 0.000000 <= MDL < 1.500000. Timeout 600.000000.
	(ocaml: 1 CPUs. shatter: 1. |fringe| = 1. |finished| = 0.)
(python) Launching list(tclevrobject) -> list(tclevrobject) (1 tasks) w/ 1 CPUs. 0.000000 <= MDL < 1.500000. Timeout 600.000000.
(python) Launching list(tclevrobject) -> list(tclevrobject) (1 tasks) w/ 1 CPUs. 0.000000 <= MDL < 1.500000. Timeout 600.000000.
	(ocaml: 1 CPUs. shatter: 1. |fringe| = 1. |finished| = 0.)
	(ocaml: 1 CPUs. shatter: 1. |fringe| = 1. |finished| = 0.)
(python) Launching list(tclevrobject) -> list(tclevrobject) (1 tasks) w/ 1 CPUs. 0.000000 <= MDL < 1.500000. Timeout 600.000000.
	(ocaml: 1 CPUs. shatter: 1. |fringe| = 1. |finished| = 0.)
(python) Launching list(tclevrobject) -> int (1 tasks) w/ 1 CPUs. 0.000000 <= MDL < 1.500000. Timeout 600.000000.
	(ocaml: 1 CPUs. shatter: 1. |fringe| = 1. |finished| = 0.)
(python) Launching list(tclevrobject) -> int (1 tasks) w/ 1 CPUs. 0.000000 <= MDL < 1.500000. Timeout 600.000000.
	(ocaml: 1 CPUs. shatter: 1. |fringe| = 1. |finished| = 0.)
(python) Launching list(tclevrobject) -> int (1 tasks) w/ 1 CPUs. 0.000000 <= MDL < 1.500000. Timeout 600.000000.
	(ocaml: 1 CPUs. shatter: 1. |fringe| = 1. |finished| = 0.)
(python) Launching list(tclevrobject) -> int (1 tasks) w/ 1 CPUs. 0.000000 <= MDL < 1.500000. Timeout 600.000000.
	(ocaml: 1 CPUs. shatter: 1. |fringe| = 1. |finished| = 0.)
(python) Launching list(tclevrobject) -> int (1 tasks) w/ 1 CPUs. 0.000000 <= MDL < 1.500000. Timeout 600.000000.
	(ocaml: 1 CPUs. shatter: 1. |fringe| = 1. |finished| = 0.)
(python) Launching list(tclevrobject) -> list(tclevrobject) (1 tasks) w/ 1 CPUs. 0.000000 <= MDL < 1.500000. Timeout 600.000000.
	(ocaml: 1 CPUs. shatter: 1. |fringe| = 1. |finished| = 0.)
(python) Launching list(tclevrobject) -> bool (1 tasks) w/ 1 CPUs. 1.500000 <= MDL < 3.000000. Timeout 599.683947.
	(ocaml: 1 CPUs. shatter: 1. |fringe| = 1. |finished| = 0.)
(python) Launching list(tclevrobject) -> int (1 tasks) w/ 1 CPUs. 1.500000 <= MDL < 3.000000. Timeout 599.687630.
	(ocaml: 1 CPUs. shatter: 1. |fringe| = 1. |finished| = 0.)
(python) Launching list(tclevrobject) -> tclevrsize (1 tasks) w/ 1 CPUs. 1.500000 <= MDL < 3.000000. Timeout 599.685701.
(python) Launching list(tclevrobject) -> tclevrcolor (1 tasks) w/ 1 CPUs. 1.500000 <= MDL < 3.000000. Timeout 599.681801.
	(ocaml: 1 CPUs. shatter: 1. |fringe| = 1. |finished| = 0.)
(python) Launching list(tclevrobject) -> tclevrshape (1 tasks) w/ 1 CPUs. 1.500000 <= MDL < 3.000000. Timeout 599.679540.
	(ocaml: 1 CPUs. shatter: 1. |fringe| = 1. |finished| = 0.)
	(ocaml: 1 CPUs. shatter: 1. |fringe| = 1. |finished| = 0.)
(python) Launching list(tclevrobject) -> tclevrshape (1 tasks) w/ 1 CPUs. 1.500000 <= MDL < 3.000000. Timeout 599.679093.
	(ocaml: 1 CPUs. shatter: 1. |fringe| = 1. |finished| = 0.)
(python) Launching list(tclevrobject) -> tclevrshape (1 tasks) w/ 1 CPUs. 1.500000 <= MDL < 3.000000. Timeout 599.678019.
	(ocaml: 1 CPUs. shatter: 1. |fringe| = 1. |finished| = 0.)
(python) Launching list(tclevrobject) -> int (1 tasks) w/ 1 CPUs. 1.500000 <= MDL < 3.000000. Timeout 599.675754.
	(ocaml: 1 CPUs. shatter: 1. |fringe| = 1. |finished| = 0.)
(python) Launching list(tclevrobject) -> int (1 tasks) w/ 1 CPUs. 1.500000 <= MDL < 3.000000. Timeout 599.683007.
	(ocaml: 1 CPUs. shatter: 1. |fringe| = 1. |finished| = 0.)
(python) Launching list(tclevrobject) -> int (1 tasks) w/ 1 CPUs. 1.500000 <= MDL < 3.000000. Timeout 599.661730.
	(ocaml: 1 CPUs. shatter: 1. |fringe| = 1. |finished| = 0.)
(python) Launching list(tclevrobject) -> int (1 tasks) w/ 1 CPUs. 1.500000 <= MDL < 3.000000. Timeout 599.671023.
	(ocaml: 1 CPUs. shatter: 1. |fringe| = 1. |finished| = 0.)
(python) Launching list(tclevrobject) -> int (1 tasks) w/ 1 CPUs. 1.500000 <= MDL < 3.000000. Timeout 599.668623.
	(ocaml: 1 CPUs. shatter: 1. |fringe| = 1. |finished| = 0.)
(python) Launching list(tclevrobject) -> int (1 tasks) w/ 1 CPUs. 1.500000 <= MDL < 3.000000. Timeout 599.672845.
	(ocaml: 1 CPUs. shatter: 1. |fringe| = 1. |finished| = 0.)
	(ocaml: 1 CPUs. shatter: 1. |fringe| = 1. |finished| = 0.)
(python) Launching list(tclevrobject) -> int (1 tasks) w/ 1 CPUs. 1.500000 <= MDL < 3.000000. Timeout 599.669305.
(python) Launching list(tclevrobject) -> int (1 tasks) w/ 1 CPUs. 1.500000 <= MDL < 3.000000. Timeout 599.672482.
	(ocaml: 1 CPUs. shatter: 1. |fringe| = 1. |finished| = 0.)
	(ocaml: 1 CPUs. shatter: 1. |fringe| = 1. |finished| = 0.)
(python) Launching list(tclevrobject) -> tclevrshape (1 tasks) w/ 1 CPUs. 1.500000 <= MDL < 3.000000. Timeout 599.667078.
(python) Launching list(tclevrobject) -> tclevrshape (1 tasks) w/ 1 CPUs. 1.500000 <= MDL < 3.000000. Timeout 599.669814.
	(ocaml: 1 CPUs. shatter: 1. |fringe| = 1. |finished| = 0.)
	(ocaml: 1 CPUs. shatter: 1. |fringe| = 1. |finished| = 0.)
(python) Launching list(tclevrobject) -> list(tclevrobject) (1 tasks) w/ 1 CPUs. 1.500000 <= MDL < 3.000000. Timeout 599.664342.
(python) Launching list(tclevrobject) -> list(tclevrobject) (1 tasks) w/ 1 CPUs. 1.500000 <= MDL < 3.000000. Timeout 599.664970.
	(ocaml: 1 CPUs. shatter: 1. |fringe| = 1. |finished| = 0.)
	(ocaml: 1 CPUs. shatter: 1. |fringe| = 1. |finished| = 0.)
(python) Launching list(tclevrobject) -> list(tclevrobject) (1 tasks) w/ 1 CPUs. 1.500000 <= MDL < 3.000000. Timeout 599.664469.
(python) Launching list(tclevrobject) -> list(tclevrobject) (1 tasks) w/ 1 CPUs. 1.500000 <= MDL < 3.000000. Timeout 599.664370.
	(ocaml: 1 CPUs. shatter: 1. |fringe| = 1. |finished| = 0.)
(python) Launching list(tclevrobject) -> list(tclevrobject) (1 tasks) w/ 1 CPUs. 1.500000 <= MDL < 3.000000. Timeout 599.664595.
	(ocaml: 1 CPUs. shatter: 1. |fringe| = 1. |finished| = 0.)
(python) Launching list(tclevrobject) -> list(tclevrobject) (1 tasks) w/ 1 CPUs. 1.500000 <= MDL < 3.000000. Timeout 599.663992.
	(ocaml: 1 CPUs. shatter: 1. |fringe| = 1. |finished| = 0.)
(python) Launching list(tclevrobject) -> list(tclevrobject) (1 tasks) w/ 1 CPUs. 1.500000 <= MDL < 3.000000. Timeout 599.663259.
	(ocaml: 1 CPUs. shatter: 1. |fringe| = 1. |finished| = 0.)
	(ocaml: 1 CPUs. shatter: 1. |fringe| = 1. |finished| = 0.)
(python) Launching list(tclevrobject) -> list(tclevrobject) (1 tasks) w/ 1 CPUs. 1.500000 <= MDL < 3.000000. Timeout 599.660517.
(python) Launching list(tclevrobject) -> list(tclevrobject) (1 tasks) w/ 1 CPUs. 1.500000 <= MDL < 3.000000. Timeout 599.664966.
	(ocaml: 1 CPUs. shatter: 1. |fringe| = 1. |finished| = 0.)
(python) Launching list(tclevrobject) -> int (1 tasks) w/ 1 CPUs. 1.500000 <= MDL < 3.000000. Timeout 599.666039.
	(ocaml: 1 CPUs. shatter: 1. |fringe| = 1. |finished| = 0.)
(python) Launching list(tclevrobject) -> int (1 tasks) w/ 1 CPUs. 1.500000 <= MDL < 3.000000. Timeout 599.666795.
	(ocaml: 1 CPUs. shatter: 1. |fringe| = 1. |finished| = 0.)
(python) Launching list(tclevrobject) -> int (1 tasks) w/ 1 CPUs. 1.500000 <= MDL < 3.000000. Timeout 599.664769.
	(ocaml: 1 CPUs. shatter: 1. |fringe| = 1. |finished| = 0.)
(python) Launching list(tclevrobject) -> int (1 tasks) w/ 1 CPUs. 1.500000 <= MDL < 3.000000. Timeout 599.662559.
	(ocaml: 1 CPUs. shatter: 1. |fringe| = 1. |finished| = 0.)
(python) Launching list(tclevrobject) -> int (1 tasks) w/ 1 CPUs. 1.500000 <= MDL < 3.000000. Timeout 599.664750.
	(ocaml: 1 CPUs. shatter: 1. |fringe| = 1. |finished| = 0.)
(python) Launching list(tclevrobject) -> bool (1 tasks) w/ 1 CPUs. 3.000000 <= MDL < 4.500000. Timeout 599.360162.
	(ocaml: 1 CPUs. shatter: 1. |fringe| = 1. |finished| = 0.)
(python) Launching list(tclevrobject) -> list(tclevrobject) (1 tasks) w/ 1 CPUs. 1.500000 <= MDL < 3.000000. Timeout 599.653715.
	(ocaml: 1 CPUs. shatter: 1. |fringe| = 1. |finished| = 0.)
(python) Launching list(tclevrobject) -> int (1 tasks) w/ 1 CPUs. 3.000000 <= MDL < 4.500000. Timeout 599.350199.
	(ocaml: 1 CPUs. shatter: 1. |fringe| = 1. |finished| = 0.)
(python) Launching list(tclevrobject) -> tclevrsize (1 tasks) w/ 1 CPUs. 3.000000 <= MDL < 4.500000. Timeout 599.348384.
	(ocaml: 1 CPUs. shatter: 1. |fringe| = 1. |finished| = 0.)
(python) Launching list(tclevrobject) -> tclevrcolor (1 tasks) w/ 1 CPUs. 3.000000 <= MDL < 4.500000. Timeout 599.343246.
	(ocaml: 1 CPUs. shatter: 1. |fringe| = 1. |finished| = 0.)
(python) Launching list(tclevrobject) -> tclevrshape (1 tasks) w/ 1 CPUs. 3.000000 <= MDL < 4.500000. Timeout 599.338531.
	(ocaml: 1 CPUs. shatter: 1. |fringe| = 1. |finished| = 0.)
	(ocaml: 1 CPUs. shatter: 1. |fringe| = 1. |finished| = 0.)
(python) Launching list(tclevrobject) -> tclevrshape (1 tasks) w/ 1 CPUs. 3.000000 <= MDL < 4.500000. Timeout 599.336005.
(python) Launching list(tclevrobject) -> tclevrshape (1 tasks) w/ 1 CPUs. 3.000000 <= MDL < 4.500000. Timeout 599.334562.
	(ocaml: 1 CPUs. shatter: 1. |fringe| = 1. |finished| = 0.)
(python) Launching list(tclevrobject) -> int (1 tasks) w/ 1 CPUs. 3.000000 <= MDL < 4.500000. Timeout 599.335343.
	(ocaml: 1 CPUs. shatter: 1. |fringe| = 1. |finished| = 0.)
(python) Launching list(tclevrobject) -> int (1 tasks) w/ 1 CPUs. 3.000000 <= MDL < 4.500000. Timeout 599.344908.
	(ocaml: 1 CPUs. shatter: 1. |fringe| = 1. |finished| = 0.)
(python) Launching list(tclevrobject) -> int (1 tasks) w/ 1 CPUs. 3.000000 <= MDL < 4.500000. Timeout 599.326760.
	(ocaml: 1 CPUs. shatter: 1. |fringe| = 1. |finished| = 0.)
(python) Launching list(tclevrobject) -> int (1 tasks) w/ 1 CPUs. 3.000000 <= MDL < 4.500000. Timeout 599.347048.
	(ocaml: 1 CPUs. shatter: 1. |fringe| = 1. |finished| = 0.)
(python) Launching list(tclevrobject) -> int (1 tasks) w/ 1 CPUs. 3.000000 <= MDL < 4.500000. Timeout 599.325751.
	(ocaml: 1 CPUs. shatter: 1. |fringe| = 1. |finished| = 0.)
(python) Launching list(tclevrobject) -> int (1 tasks) w/ 1 CPUs. 3.000000 <= MDL < 4.500000. Timeout 599.349472.
	(ocaml: 1 CPUs. shatter: 1. |fringe| = 1. |finished| = 0.)
(python) Launching list(tclevrobject) -> int (1 tasks) w/ 1 CPUs. 3.000000 <= MDL < 4.500000. Timeout 599.329762.
	(ocaml: 1 CPUs. shatter: 1. |fringe| = 1. |finished| = 0.)
(python) Launching list(tclevrobject) -> tclevrshape (1 tasks) w/ 1 CPUs. 3.000000 <= MDL < 4.500000. Timeout 599.353267.
	(ocaml: 1 CPUs. shatter: 1. |fringe| = 1. |finished| = 0.)
(python) Launching list(tclevrobject) -> int (1 tasks) w/ 1 CPUs. 3.000000 <= MDL < 4.500000. Timeout 599.334163.
(python) Launching list(tclevrobject) -> tclevrshape (1 tasks) w/ 1 CPUs. 3.000000 <= MDL < 4.500000. Timeout 599.344864.
	(ocaml: 1 CPUs. shatter: 1. |fringe| = 1. |finished| = 0.)
	(ocaml: 1 CPUs. shatter: 1. |fringe| = 1. |finished| = 0.)
(python) Launching list(tclevrobject) -> list(tclevrobject) (1 tasks) w/ 1 CPUs. 3.000000 <= MDL < 4.500000. Timeout 599.344734.
	(ocaml: 1 CPUs. shatter: 1. |fringe| = 1. |finished| = 0.)
(python) Launching list(tclevrobject) -> list(tclevrobject) (1 tasks) w/ 1 CPUs. 3.000000 <= MDL < 4.500000. Timeout 599.346944.
	(ocaml: 1 CPUs. shatter: 1. |fringe| = 1. |finished| = 0.)
(python) Launching list(tclevrobject) -> list(tclevrobject) (1 tasks) w/ 1 CPUs. 3.000000 <= MDL < 4.500000. Timeout 599.349128.
	(ocaml: 1 CPUs. shatter: 1. |fringe| = 1. |finished| = 0.)
(python) Launching list(tclevrobject) -> list(tclevrobject) (1 tasks) w/ 1 CPUs. 3.000000 <= MDL < 4.500000. Timeout 599.348149.
(python) Launching list(tclevrobject) -> list(tclevrobject) (1 tasks) w/ 1 CPUs. 3.000000 <= MDL < 4.500000. Timeout 599.349907.
	(ocaml: 1 CPUs. shatter: 1. |fringe| = 1. |finished| = 0.)
	(ocaml: 1 CPUs. shatter: 1. |fringe| = 1. |finished| = 0.)
(python) Launching list(tclevrobject) -> list(tclevrobject) (1 tasks) w/ 1 CPUs. 3.000000 <= MDL < 4.500000. Timeout 599.349649.
	(ocaml: 1 CPUs. shatter: 1. |fringe| = 1. |finished| = 0.)
(python) Launching list(tclevrobject) -> list(tclevrobject) (1 tasks) w/ 1 CPUs. 3.000000 <= MDL < 4.500000. Timeout 599.346616.
	(ocaml: 1 CPUs. shatter: 1. |fringe| = 1. |finished| = 0.)
(python) Launching list(tclevrobject) -> list(tclevrobject) (1 tasks) w/ 1 CPUs. 3.000000 <= MDL < 4.500000. Timeout 599.341170.
	(ocaml: 1 CPUs. shatter: 1. |fringe| = 1. |finished| = 0.)
(python) Launching list(tclevrobject) -> list(tclevrobject) (1 tasks) w/ 1 CPUs. 3.000000 <= MDL < 4.500000. Timeout 599.341695.
	(ocaml: 1 CPUs. shatter: 1. |fringe| = 1. |finished| = 0.)
(python) Launching list(tclevrobject) -> int (1 tasks) w/ 1 CPUs. 3.000000 <= MDL < 4.500000. Timeout 599.342667.
	(ocaml: 1 CPUs. shatter: 1. |fringe| = 1. |finished| = 0.)
(python) Launching list(tclevrobject) -> int (1 tasks) w/ 1 CPUs. 3.000000 <= MDL < 4.500000. Timeout 599.341995.
	(ocaml: 1 CPUs. shatter: 1. |fringe| = 1. |finished| = 0.)
(python) Launching list(tclevrobject) -> int (1 tasks) w/ 1 CPUs. 3.000000 <= MDL < 4.500000. Timeout 599.341130.
	(ocaml: 1 CPUs. shatter: 1. |fringe| = 1. |finished| = 0.)
(python) Launching list(tclevrobject) -> int (1 tasks) w/ 1 CPUs. 3.000000 <= MDL < 4.500000. Timeout 599.343196.
(python) Launching list(tclevrobject) -> int (1 tasks) w/ 1 CPUs. 3.000000 <= MDL < 4.500000. Timeout 599.342721.
	(ocaml: 1 CPUs. shatter: 1. |fringe| = 1. |finished| = 0.)
	(ocaml: 1 CPUs. shatter: 1. |fringe| = 1. |finished| = 0.)
(python) Launching list(tclevrobject) -> bool (1 tasks) w/ 1 CPUs. 4.500000 <= MDL < 6.000000. Timeout 599.039990.
	(ocaml: 1 CPUs. shatter: 1. |fringe| = 1. |finished| = 0.)
(python) Launching list(tclevrobject) -> int (1 tasks) w/ 1 CPUs. 4.500000 <= MDL < 6.000000. Timeout 599.041724.
	(ocaml: 1 CPUs. shatter: 1. |fringe| = 1. |finished| = 0.)
(python) Launching list(tclevrobject) -> list(tclevrobject) (1 tasks) w/ 1 CPUs. 3.000000 <= MDL < 4.500000. Timeout 599.325377.
	(ocaml: 1 CPUs. shatter: 1. |fringe| = 1. |finished| = 0.)
(python) Launching list(tclevrobject) -> tclevrsize (1 tasks) w/ 1 CPUs. 4.500000 <= MDL < 6.000000. Timeout 599.033037.
	(ocaml: 1 CPUs. shatter: 1. |fringe| = 1. |finished| = 0.)
(python) Launching list(tclevrobject) -> tclevrcolor (1 tasks) w/ 1 CPUs. 4.500000 <= MDL < 6.000000. Timeout 599.030076.
	(ocaml: 1 CPUs. shatter: 1. |fringe| = 1. |finished| = 0.)
(python) Launching list(tclevrobject) -> tclevrshape (1 tasks) w/ 1 CPUs. 4.500000 <= MDL < 6.000000. Timeout 599.027859.
(python) Launching list(tclevrobject) -> tclevrshape (1 tasks) w/ 1 CPUs. 4.500000 <= MDL < 6.000000. Timeout 599.027489.
	(ocaml: 1 CPUs. shatter: 1. |fringe| = 1. |finished| = 0.)
	(ocaml: 1 CPUs. shatter: 1. |fringe| = 1. |finished| = 0.)
(python) Launching list(tclevrobject) -> tclevrshape (1 tasks) w/ 1 CPUs. 4.500000 <= MDL < 6.000000. Timeout 599.027119.
	(ocaml: 1 CPUs. shatter: 1. |fringe| = 1. |finished| = 0.)
(python) Launching list(tclevrobject) -> int (1 tasks) w/ 1 CPUs. 4.500000 <= MDL < 6.000000. Timeout 599.025437.
	(ocaml: 1 CPUs. shatter: 1. |fringe| = 1. |finished| = 0.)
(python) Launching list(tclevrobject) -> int (1 tasks) w/ 1 CPUs. 4.500000 <= MDL < 6.000000. Timeout 599.033358.
	(ocaml: 1 CPUs. shatter: 1. |fringe| = 1. |finished| = 0.)
(python) Launching list(tclevrobject) -> int (1 tasks) w/ 1 CPUs. 4.500000 <= MDL < 6.000000. Timeout 599.013394.
	(ocaml: 1 CPUs. shatter: 1. |fringe| = 1. |finished| = 0.)
(python) Launching list(tclevrobject) -> int (1 tasks) w/ 1 CPUs. 4.500000 <= MDL < 6.000000. Timeout 599.031811.
(python) Launching list(tclevrobject) -> int (1 tasks) w/ 1 CPUs. 4.500000 <= MDL < 6.000000. Timeout 599.013514.
	(ocaml: 1 CPUs. shatter: 1. |fringe| = 1. |finished| = 0.)
	(ocaml: 1 CPUs. shatter: 1. |fringe| = 1. |finished| = 0.)
(python) Launching list(tclevrobject) -> int (1 tasks) w/ 1 CPUs. 4.500000 <= MDL < 6.000000. Timeout 599.040079.
	(ocaml: 1 CPUs. shatter: 1. |fringe| = 1. |finished| = 0.)
(python) Launching list(tclevrobject) -> int (1 tasks) w/ 1 CPUs. 4.500000 <= MDL < 6.000000. Timeout 599.020929.
	(ocaml: 1 CPUs. shatter: 1. |fringe| = 1. |finished| = 0.)
(python) Launching list(tclevrobject) -> tclevrshape (1 tasks) w/ 1 CPUs. 4.500000 <= MDL < 6.000000. Timeout 599.040904.
	(ocaml: 1 CPUs. shatter: 1. |fringe| = 1. |finished| = 0.)
(python) Launching list(tclevrobject) -> int (1 tasks) w/ 1 CPUs. 4.500000 <= MDL < 6.000000. Timeout 599.021199.
	(ocaml: 1 CPUs. shatter: 1. |fringe| = 1. |finished| = 0.)
(python) Launching list(tclevrobject) -> tclevrshape (1 tasks) w/ 1 CPUs. 4.500000 <= MDL < 6.000000. Timeout 599.029751.
	(ocaml: 1 CPUs. shatter: 1. |fringe| = 1. |finished| = 0.)
(python) Launching list(tclevrobject) -> list(tclevrobject) (1 tasks) w/ 1 CPUs. 4.500000 <= MDL < 6.000000. Timeout 599.028574.
	(ocaml: 1 CPUs. shatter: 1. |fringe| = 1. |finished| = 0.)
(python) Launching list(tclevrobject) -> list(tclevrobject) (1 tasks) w/ 1 CPUs. 4.500000 <= MDL < 6.000000. Timeout 599.027154.
	(ocaml: 1 CPUs. shatter: 1. |fringe| = 1. |finished| = 0.)
(python) Launching list(tclevrobject) -> list(tclevrobject) (1 tasks) w/ 1 CPUs. 4.500000 <= MDL < 6.000000. Timeout 599.030081.
	(ocaml: 1 CPUs. shatter: 1. |fringe| = 1. |finished| = 0.)
	(ocaml: 1 CPUs. shatter: 1. |fringe| = 1. |finished| = 0.)
(python) Launching list(tclevrobject) -> list(tclevrobject) (1 tasks) w/ 1 CPUs. 4.500000 <= MDL < 6.000000. Timeout 599.030384.
(python) Launching list(tclevrobject) -> list(tclevrobject) (1 tasks) w/ 1 CPUs. 4.500000 <= MDL < 6.000000. Timeout 599.028903.
	(ocaml: 1 CPUs. shatter: 1. |fringe| = 1. |finished| = 0.)
(python) Launching list(tclevrobject) -> list(tclevrobject) (1 tasks) w/ 1 CPUs. 4.500000 <= MDL < 6.000000. Timeout 599.029723.
	(ocaml: 1 CPUs. shatter: 1. |fringe| = 1. |finished| = 0.)
(python) Launching list(tclevrobject) -> list(tclevrobject) (1 tasks) w/ 1 CPUs. 4.500000 <= MDL < 6.000000. Timeout 599.025950.
	(ocaml: 1 CPUs. shatter: 1. |fringe| = 1. |finished| = 0.)
(python) Launching list(tclevrobject) -> list(tclevrobject) (1 tasks) w/ 1 CPUs. 4.500000 <= MDL < 6.000000. Timeout 599.024172.
	(ocaml: 1 CPUs. shatter: 1. |fringe| = 1. |finished| = 0.)
(python) Launching list(tclevrobject) -> list(tclevrobject) (1 tasks) w/ 1 CPUs. 4.500000 <= MDL < 6.000000. Timeout 599.025687.
	(ocaml: 1 CPUs. shatter: 1. |fringe| = 1. |finished| = 0.)
(python) Launching list(tclevrobject) -> int (1 tasks) w/ 1 CPUs. 4.500000 <= MDL < 6.000000. Timeout 599.024504.
	(ocaml: 1 CPUs. shatter: 1. |fringe| = 1. |finished| = 0.)
(python) Launching list(tclevrobject) -> int (1 tasks) w/ 1 CPUs. 4.500000 <= MDL < 6.000000. Timeout 599.022800.
	(ocaml: 1 CPUs. shatter: 1. |fringe| = 1. |finished| = 0.)
(python) Launching list(tclevrobject) -> int (1 tasks) w/ 1 CPUs. 4.500000 <= MDL < 6.000000. Timeout 599.022601.
	(ocaml: 1 CPUs. shatter: 1. |fringe| = 1. |finished| = 0.)
(python) Launching list(tclevrobject) -> int (1 tasks) w/ 1 CPUs. 4.500000 <= MDL < 6.000000. Timeout 599.021780.
	(ocaml: 1 CPUs. shatter: 1. |fringe| = 1. |finished| = 0.)
(python) Launching list(tclevrobject) -> int (1 tasks) w/ 1 CPUs. 4.500000 <= MDL < 6.000000. Timeout 599.022888.
	(ocaml: 1 CPUs. shatter: 1. |fringe| = 1. |finished| = 0.)
(python) Launching list(tclevrobject) -> bool (1 tasks) w/ 1 CPUs. 6.000000 <= MDL < 7.500000. Timeout 598.716158.
	(ocaml: 1 CPUs. shatter: 1. |fringe| = 1. |finished| = 0.)
(python) Launching list(tclevrobject) -> int (1 tasks) w/ 1 CPUs. 6.000000 <= MDL < 7.500000. Timeout 598.717618.
	(ocaml: 1 CPUs. shatter: 1. |fringe| = 1. |finished| = 0.)
	(ocaml: 1 CPUs. shatter: 1. |fringe| = 1. |finished| = 0.)
(python) Launching list(tclevrobject) -> list(tclevrobject) (1 tasks) w/ 1 CPUs. 4.500000 <= MDL < 6.000000. Timeout 599.000118.
(python) Launching list(tclevrobject) -> tclevrsize (1 tasks) w/ 1 CPUs. 6.000000 <= MDL < 7.500000. Timeout 598.707642.
	(ocaml: 1 CPUs. shatter: 1. |fringe| = 1. |finished| = 0.)
(python) Launching list(tclevrobject) -> tclevrcolor (1 tasks) w/ 1 CPUs. 6.000000 <= MDL < 7.500000. Timeout 598.705036.
	(ocaml: 1 CPUs. shatter: 1. |fringe| = 1. |finished| = 0.)
(python) Launching list(tclevrobject) -> tclevrshape (1 tasks) w/ 1 CPUs. 6.000000 <= MDL < 7.500000. Timeout 598.701440.
	(ocaml: 1 CPUs. shatter: 1. |fringe| = 1. |finished| = 0.)
(python) Launching list(tclevrobject) -> tclevrshape (1 tasks) w/ 1 CPUs. 6.000000 <= MDL < 7.500000. Timeout 598.702236.
	(ocaml: 1 CPUs. shatter: 1. |fringe| = 1. |finished| = 0.)
(python) Launching list(tclevrobject) -> tclevrshape (1 tasks) w/ 1 CPUs. 6.000000 <= MDL < 7.500000. Timeout 598.702598.
	(ocaml: 1 CPUs. shatter: 1. |fringe| = 1. |finished| = 0.)
(python) Launching list(tclevrobject) -> int (1 tasks) w/ 1 CPUs. 6.000000 <= MDL < 7.500000. Timeout 598.702352.
	(ocaml: 1 CPUs. shatter: 1. |fringe| = 1. |finished| = 0.)
(python) Launching list(tclevrobject) -> int (1 tasks) w/ 1 CPUs. 6.000000 <= MDL < 7.500000. Timeout 598.711041.
	(ocaml: 1 CPUs. shatter: 1. |fringe| = 1. |finished| = 0.)
(python) Launching list(tclevrobject) -> int (1 tasks) w/ 1 CPUs. 6.000000 <= MDL < 7.500000. Timeout 598.688523.
	(ocaml: 1 CPUs. shatter: 1. |fringe| = 1. |finished| = 0.)
(python) Launching list(tclevrobject) -> int (1 tasks) w/ 1 CPUs. 6.000000 <= MDL < 7.500000. Timeout 598.709631.
	(ocaml: 1 CPUs. shatter: 1. |fringe| = 1. |finished| = 0.)
(python) Launching list(tclevrobject) -> int (1 tasks) w/ 1 CPUs. 6.000000 <= MDL < 7.500000. Timeout 598.689328.
	(ocaml: 1 CPUs. shatter: 1. |fringe| = 1. |finished| = 0.)
(python) Launching list(tclevrobject) -> int (1 tasks) w/ 1 CPUs. 6.000000 <= MDL < 7.500000. Timeout 598.713681.
	(ocaml: 1 CPUs. shatter: 1. |fringe| = 1. |finished| = 0.)
(python) Launching list(tclevrobject) -> int (1 tasks) w/ 1 CPUs. 6.000000 <= MDL < 7.500000. Timeout 598.692393.
	(ocaml: 1 CPUs. shatter: 1. |fringe| = 1. |finished| = 0.)
(python) Launching list(tclevrobject) -> tclevrshape (1 tasks) w/ 1 CPUs. 6.000000 <= MDL < 7.500000. Timeout 598.717352.
	(ocaml: 1 CPUs. shatter: 1. |fringe| = 1. |finished| = 0.)
	(ocaml: 1 CPUs. shatter: 1. |fringe| = 1. |finished| = 0.)
(python) Launching list(tclevrobject) -> tclevrshape (1 tasks) w/ 1 CPUs. 6.000000 <= MDL < 7.500000. Timeout 598.715839.
(python) Launching list(tclevrobject) -> int (1 tasks) w/ 1 CPUs. 6.000000 <= MDL < 7.500000. Timeout 598.685140.
(python) Launching list(tclevrobject) -> list(tclevrobject) (1 tasks) w/ 1 CPUs. 6.000000 <= MDL < 7.500000. Timeout 598.702751.
	(ocaml: 1 CPUs. shatter: 1. |fringe| = 1. |finished| = 0.)
	(ocaml: 1 CPUs. shatter: 1. |fringe| = 1. |finished| = 0.)
(python) Launching list(tclevrobject) -> list(tclevrobject) (1 tasks) w/ 1 CPUs. 6.000000 <= MDL < 7.500000. Timeout 598.703051.
(python) Launching list(tclevrobject) -> list(tclevrobject) (1 tasks) w/ 1 CPUs. 6.000000 <= MDL < 7.500000. Timeout 598.707023.
	(ocaml: 1 CPUs. shatter: 1. |fringe| = 1. |finished| = 0.)
	(ocaml: 1 CPUs. shatter: 1. |fringe| = 1. |finished| = 0.)
(python) Launching list(tclevrobject) -> list(tclevrobject) (1 tasks) w/ 1 CPUs. 6.000000 <= MDL < 7.500000. Timeout 598.706744.
	(ocaml: 1 CPUs. shatter: 1. |fringe| = 1. |finished| = 0.)
(python) Launching list(tclevrobject) -> list(tclevrobject) (1 tasks) w/ 1 CPUs. 6.000000 <= MDL < 7.500000. Timeout 598.705190.
	(ocaml: 1 CPUs. shatter: 1. |fringe| = 1. |finished| = 0.)
(python) Launching list(tclevrobject) -> list(tclevrobject) (1 tasks) w/ 1 CPUs. 6.000000 <= MDL < 7.500000. Timeout 598.706087.
	(ocaml: 1 CPUs. shatter: 1. |fringe| = 1. |finished| = 0.)
(python) Launching list(tclevrobject) -> list(tclevrobject) (1 tasks) w/ 1 CPUs. 6.000000 <= MDL < 7.500000. Timeout 598.707683.
(python) Launching list(tclevrobject) -> list(tclevrobject) (1 tasks) w/ 1 CPUs. 6.000000 <= MDL < 7.500000. Timeout 598.701449.
	(ocaml: 1 CPUs. shatter: 1. |fringe| = 1. |finished| = 0.)
	(ocaml: 1 CPUs. shatter: 1. |fringe| = 1. |finished| = 0.)
(python) Launching list(tclevrobject) -> list(tclevrobject) (1 tasks) w/ 1 CPUs. 6.000000 <= MDL < 7.500000. Timeout 598.698400.
	(ocaml: 1 CPUs. shatter: 1. |fringe| = 1. |finished| = 0.)
(python) Launching list(tclevrobject) -> int (1 tasks) w/ 1 CPUs. 6.000000 <= MDL < 7.500000. Timeout 598.696350.
	(ocaml: 1 CPUs. shatter: 1. |fringe| = 1. |finished| = 0.)
(python) Launching list(tclevrobject) -> int (1 tasks) w/ 1 CPUs. 6.000000 <= MDL < 7.500000. Timeout 598.694247.
	(ocaml: 1 CPUs. shatter: 1. |fringe| = 1. |finished| = 0.)
(python) Launching list(tclevrobject) -> int (1 tasks) w/ 1 CPUs. 6.000000 <= MDL < 7.500000. Timeout 598.703625.
	(ocaml: 1 CPUs. shatter: 1. |fringe| = 1. |finished| = 0.)
(python) Launching list(tclevrobject) -> int (1 tasks) w/ 1 CPUs. 6.000000 <= MDL < 7.500000. Timeout 598.687358.
(python) Launching list(tclevrobject) -> int (1 tasks) w/ 1 CPUs. 6.000000 <= MDL < 7.500000. Timeout 598.699804.
	(ocaml: 1 CPUs. shatter: 1. |fringe| = 1. |finished| = 0.)
	(ocaml: 1 CPUs. shatter: 1. |fringe| = 1. |finished| = 0.)
(python) Launching list(tclevrobject) -> bool (1 tasks) w/ 1 CPUs. 7.500000 <= MDL < 9.000000. Timeout 598.393118.
	(ocaml: 1 CPUs. shatter: 1. |fringe| = 1. |finished| = 0.)
(python) Launching list(tclevrobject) -> int (1 tasks) w/ 1 CPUs. 7.500000 <= MDL < 9.000000. Timeout 598.397568.
	(ocaml: 1 CPUs. shatter: 1. |fringe| = 1. |finished| = 0.)
	(ocaml: 1 CPUs. shatter: 1. |fringe| = 1. |finished| = 0.)
(python) Launching list(tclevrobject) -> list(tclevrobject) (1 tasks) w/ 1 CPUs. 6.000000 <= MDL < 7.500000. Timeout 598.678629.
(python) Launching list(tclevrobject) -> tclevrsize (1 tasks) w/ 1 CPUs. 7.500000 <= MDL < 9.000000. Timeout 598.385029.
	(ocaml: 1 CPUs. shatter: 1. |fringe| = 1. |finished| = 0.)
(python) Launching list(tclevrobject) -> tclevrcolor (1 tasks) w/ 1 CPUs. 7.500000 <= MDL < 9.000000. Timeout 598.379140.
	(ocaml: 1 CPUs. shatter: 1. |fringe| = 1. |finished| = 0.)
(python) Launching list(tclevrobject) -> tclevrshape (1 tasks) w/ 1 CPUs. 7.500000 <= MDL < 9.000000. Timeout 598.374941.
	(ocaml: 1 CPUs. shatter: 1. |fringe| = 1. |finished| = 0.)
(python) Launching list(tclevrobject) -> tclevrshape (1 tasks) w/ 1 CPUs. 7.500000 <= MDL < 9.000000. Timeout 598.376479.
	(ocaml: 1 CPUs. shatter: 1. |fringe| = 1. |finished| = 0.)
(python) Launching list(tclevrobject) -> tclevrshape (1 tasks) w/ 1 CPUs. 7.500000 <= MDL < 9.000000. Timeout 598.377525.
	(ocaml: 1 CPUs. shatter: 1. |fringe| = 1. |finished| = 0.)
(python) Launching list(tclevrobject) -> int (1 tasks) w/ 1 CPUs. 7.500000 <= MDL < 9.000000. Timeout 598.375030.
	(ocaml: 1 CPUs. shatter: 1. |fringe| = 1. |finished| = 0.)
(python) Launching list(tclevrobject) -> int (1 tasks) w/ 1 CPUs. 7.500000 <= MDL < 9.000000. Timeout 598.388255.
(python) Launching list(tclevrobject) -> int (1 tasks) w/ 1 CPUs. 7.500000 <= MDL < 9.000000. Timeout 598.370284.
	(ocaml: 1 CPUs. shatter: 1. |fringe| = 1. |finished| = 0.)
	(ocaml: 1 CPUs. shatter: 1. |fringe| = 1. |finished| = 0.)
(python) Launching list(tclevrobject) -> int (1 tasks) w/ 1 CPUs. 7.500000 <= MDL < 9.000000. Timeout 598.389300.
(python) Launching list(tclevrobject) -> int (1 tasks) w/ 1 CPUs. 7.500000 <= MDL < 9.000000. Timeout 598.365508.
	(ocaml: 1 CPUs. shatter: 1. |fringe| = 1. |finished| = 0.)
	(ocaml: 1 CPUs. shatter: 1. |fringe| = 1. |finished| = 0.)
(python) Launching list(tclevrobject) -> int (1 tasks) w/ 1 CPUs. 7.500000 <= MDL < 9.000000. Timeout 598.382048.
	(ocaml: 1 CPUs. shatter: 1. |fringe| = 1. |finished| = 0.)
(python) Launching list(tclevrobject) -> int (1 tasks) w/ 1 CPUs. 7.500000 <= MDL < 9.000000. Timeout 598.380215.
	(ocaml: 1 CPUs. shatter: 1. |fringe| = 1. |finished| = 0.)
(python) Launching list(tclevrobject) -> tclevrshape (1 tasks) w/ 1 CPUs. 7.500000 <= MDL < 9.000000. Timeout 598.390295.
	(ocaml: 1 CPUs. shatter: 1. |fringe| = 1. |finished| = 0.)
(python) Launching list(tclevrobject) -> tclevrshape (1 tasks) w/ 1 CPUs. 7.500000 <= MDL < 9.000000. Timeout 598.391826.
	(ocaml: 1 CPUs. shatter: 1. |fringe| = 1. |finished| = 0.)
(python) Launching list(tclevrobject) -> int (1 tasks) w/ 1 CPUs. 7.500000 <= MDL < 9.000000. Timeout 598.359774.
	(ocaml: 1 CPUs. shatter: 1. |fringe| = 1. |finished| = 0.)
(python) Launching list(tclevrobject) -> list(tclevrobject) (1 tasks) w/ 1 CPUs. 7.500000 <= MDL < 9.000000. Timeout 598.380379.
	(ocaml: 1 CPUs. shatter: 1. |fringe| = 1. |finished| = 0.)
(python) Launching list(tclevrobject) -> list(tclevrobject) (1 tasks) w/ 1 CPUs. 7.500000 <= MDL < 9.000000. Timeout 598.379544.
	(ocaml: 1 CPUs. shatter: 1. |fringe| = 1. |finished| = 0.)
(python) Launching list(tclevrobject) -> list(tclevrobject) (1 tasks) w/ 1 CPUs. 7.500000 <= MDL < 9.000000. Timeout 598.380392.
	(ocaml: 1 CPUs. shatter: 1. |fringe| = 1. |finished| = 0.)
	(ocaml: 1 CPUs. shatter: 1. |fringe| = 1. |finished| = 0.)
(python) Launching list(tclevrobject) -> list(tclevrobject) (1 tasks) w/ 1 CPUs. 7.500000 <= MDL < 9.000000. Timeout 598.378000.
(python) Launching list(tclevrobject) -> list(tclevrobject) (1 tasks) w/ 1 CPUs. 7.500000 <= MDL < 9.000000. Timeout 598.378665.
	(ocaml: 1 CPUs. shatter: 1. |fringe| = 1. |finished| = 0.)
(python) Launching list(tclevrobject) -> list(tclevrobject) (1 tasks) w/ 1 CPUs. 7.500000 <= MDL < 9.000000. Timeout 598.379277.
	(ocaml: 1 CPUs. shatter: 1. |fringe| = 1. |finished| = 0.)
(python) Launching list(tclevrobject) -> list(tclevrobject) (1 tasks) w/ 1 CPUs. 7.500000 <= MDL < 9.000000. Timeout 598.377000.
	(ocaml: 1 CPUs. shatter: 1. |fringe| = 1. |finished| = 0.)
(python) Launching list(tclevrobject) -> list(tclevrobject) (1 tasks) w/ 1 CPUs. 7.500000 <= MDL < 9.000000. Timeout 598.373765.
	(ocaml: 1 CPUs. shatter: 1. |fringe| = 1. |finished| = 0.)
(python) Launching list(tclevrobject) -> int (1 tasks) w/ 1 CPUs. 7.500000 <= MDL < 9.000000. Timeout 598.381937.
	(ocaml: 1 CPUs. shatter: 1. |fringe| = 1. |finished| = 0.)
(python) Launching list(tclevrobject) -> list(tclevrobject) (1 tasks) w/ 1 CPUs. 7.500000 <= MDL < 9.000000. Timeout 598.360619.
	(ocaml: 1 CPUs. shatter: 1. |fringe| = 1. |finished| = 0.)
(python) Launching list(tclevrobject) -> int (1 tasks) w/ 1 CPUs. 7.500000 <= MDL < 9.000000. Timeout 598.371609.
	(ocaml: 1 CPUs. shatter: 1. |fringe| = 1. |finished| = 0.)
(python) Launching list(tclevrobject) -> int (1 tasks) w/ 1 CPUs. 7.500000 <= MDL < 9.000000. Timeout 598.372514.
	(ocaml: 1 CPUs. shatter: 1. |fringe| = 1. |finished| = 0.)
(python) Launching list(tclevrobject) -> int (1 tasks) w/ 1 CPUs. 7.500000 <= MDL < 9.000000. Timeout 598.374985.
	(ocaml: 1 CPUs. shatter: 1. |fringe| = 1. |finished| = 0.)
(python) Launching list(tclevrobject) -> int (1 tasks) w/ 1 CPUs. 7.500000 <= MDL < 9.000000. Timeout 598.373269.
	(ocaml: 1 CPUs. shatter: 1. |fringe| = 1. |finished| = 0.)
(python) Launching list(tclevrobject) -> int (1 tasks) w/ 2 CPUs. 9.000000 <= MDL < 10.500000. Timeout 598.079859.
	(ocaml: 1 CPUs. shatter: 1. |fringe| = 1. |finished| = 0.)
(python) Launching list(tclevrobject) -> tclevrcolor (1 tasks) w/ 3 CPUs. 9.000000 <= MDL < 10.500000. Timeout 598.084150.
	(ocaml: 1 CPUs. shatter: 1. |fringe| = 1. |finished| = 0.)
(python) Launching list(tclevrobject) -> tclevrshape (1 tasks) w/ 2 CPUs. 9.000000 <= MDL < 10.500000. Timeout 598.090133.
	(ocaml: 1 CPUs. shatter: 1. |fringe| = 1. |finished| = 0.)
(python) Launching list(tclevrobject) -> tclevrshape (1 tasks) w/ 1 CPUs. 9.000000 <= MDL < 10.500000. Timeout 598.091894.
	(ocaml: 1 CPUs. shatter: 1. |fringe| = 1. |finished| = 0.)
(python) Launching list(tclevrobject) -> int (1 tasks) w/ 2 CPUs. 9.000000 <= MDL < 10.500000. Timeout 598.106520.
	(ocaml: 2 CPUs. shatter: 20. |fringe| = 22. |finished| = 0.)
(python) Launching list(tclevrobject) -> int (1 tasks) w/ 1 CPUs. 9.000000 <= MDL < 10.500000. Timeout 598.085582.
	(ocaml: 3 CPUs. shatter: 30. |fringe| = 38. |finished| = 0.)
(python) Launching list(tclevrobject) -> int (1 tasks) w/ 2 CPUs. 9.000000 <= MDL < 10.500000. Timeout 598.090222.
	(ocaml: 2 CPUs. shatter: 20. |fringe| = 24. |finished| = 3.)
(python) Launching list(tclevrobject) -> int (1 tasks) w/ 1 CPUs. 9.000000 <= MDL < 10.500000. Timeout 598.102695.
	(ocaml: 1 CPUs. shatter: 1. |fringe| = 1. |finished| = 0.)
(python) Launching list(tclevrobject) -> tclevrshape (1 tasks) w/ 2 CPUs. 9.000000 <= MDL < 10.500000. Timeout 598.119381.
	(ocaml: 2 CPUs. shatter: 20. |fringe| = 21. |finished| = 1.)
(python) Launching list(tclevrobject) -> tclevrshape (1 tasks) w/ 1 CPUs. 9.000000 <= MDL < 10.500000. Timeout 598.118266.
	(ocaml: 1 CPUs. shatter: 1. |fringe| = 1. |finished| = 0.)
(python) Launching list(tclevrobject) -> int (1 tasks) w/ 1 CPUs. 9.000000 <= MDL < 10.500000. Timeout 598.090157.
	(ocaml: 2 CPUs. shatter: 20. |fringe| = 24. |finished| = 0.)
(python) Launching list(tclevrobject) -> list(tclevrobject) (1 tasks) w/ 1 CPUs. 9.000000 <= MDL < 10.500000. Timeout 598.106819.
	(ocaml: 1 CPUs. shatter: 1. |fringe| = 1. |finished| = 0.)
(python) Launching list(tclevrobject) -> list(tclevrobject) (1 tasks) w/ 1 CPUs. 9.000000 <= MDL < 10.500000. Timeout 598.105427.
	(ocaml: 2 CPUs. shatter: 20. |fringe| = 24. |finished| = 0.)
(python) Launching list(tclevrobject) -> list(tclevrobject) (1 tasks) w/ 1 CPUs. 9.000000 <= MDL < 10.500000. Timeout 598.106774.
	(ocaml: 1 CPUs. shatter: 1. |fringe| = 1. |finished| = 0.)
(python) Launching list(tclevrobject) -> list(tclevrobject) (1 tasks) w/ 1 CPUs. 9.000000 <= MDL < 10.500000. Timeout 598.104939.
	(ocaml: 1 CPUs. shatter: 1. |fringe| = 1. |finished| = 0.)
(python) Launching list(tclevrobject) -> list(tclevrobject) (1 tasks) w/ 1 CPUs. 9.000000 <= MDL < 10.500000. Timeout 598.104869.
	(ocaml: 1 CPUs. shatter: 1. |fringe| = 1. |finished| = 0.)
(python) Launching list(tclevrobject) -> list(tclevrobject) (1 tasks) w/ 1 CPUs. 9.000000 <= MDL < 10.500000. Timeout 598.105886.
	(ocaml: 1 CPUs. shatter: 1. |fringe| = 1. |finished| = 0.)
(python) Launching list(tclevrobject) -> list(tclevrobject) (1 tasks) w/ 1 CPUs. 9.000000 <= MDL < 10.500000. Timeout 598.104400.
	(ocaml: 1 CPUs. shatter: 1. |fringe| = 1. |finished| = 0.)
(python) Launching list(tclevrobject) -> list(tclevrobject) (1 tasks) w/ 1 CPUs. 9.000000 <= MDL < 10.500000. Timeout 598.100399.
	(ocaml: 1 CPUs. shatter: 1. |fringe| = 1. |finished| = 0.)
(python) Launching list(tclevrobject) -> int (1 tasks) w/ 1 CPUs. 9.000000 <= MDL < 10.500000. Timeout 598.110640.
	(ocaml: 1 CPUs. shatter: 1. |fringe| = 1. |finished| = 0.)
(python) Launching list(tclevrobject) -> list(tclevrobject) (1 tasks) w/ 1 CPUs. 9.000000 <= MDL < 10.500000. Timeout 598.087061.
	(ocaml: 1 CPUs. shatter: 1. |fringe| = 1. |finished| = 0.)
(python) Launching list(tclevrobject) -> int (1 tasks) w/ 1 CPUs. 9.000000 <= MDL < 10.500000. Timeout 598.095592.
	(ocaml: 1 CPUs. shatter: 1. |fringe| = 1. |finished| = 0.)
(python) Launching list(tclevrobject) -> int (1 tasks) w/ 1 CPUs. 9.000000 <= MDL < 10.500000. Timeout 598.095067.
	(ocaml: 1 CPUs. shatter: 1. |fringe| = 1. |finished| = 0.)
(python) Launching list(tclevrobject) -> int (1 tasks) w/ 1 CPUs. 9.000000 <= MDL < 10.500000. Timeout 598.093226.
	(ocaml: 1 CPUs. shatter: 1. |fringe| = 1. |finished| = 0.)
(python) Launching list(tclevrobject) -> int (1 tasks) w/ 1 CPUs. 9.000000 <= MDL < 10.500000. Timeout 598.092014.
	(ocaml: 1 CPUs. shatter: 1. |fringe| = 1. |finished| = 0.)
(python) Launching list(tclevrobject) -> int (1 tasks) w/ 2 CPUs. 10.500000 <= MDL < 12.000000. Timeout 597.798303.
	(ocaml: 1 CPUs. shatter: 1. |fringe| = 1. |finished| = 0.)
(python) Launching list(tclevrobject) -> tclevrcolor (1 tasks) w/ 3 CPUs. 10.500000 <= MDL < 12.000000. Timeout 597.803463.
	(ocaml: 1 CPUs. shatter: 1. |fringe| = 1. |finished| = 0.)
(python) Launching list(tclevrobject) -> tclevrshape (1 tasks) w/ 3 CPUs. 10.500000 <= MDL < 12.000000. Timeout 597.816084.
	(ocaml: 1 CPUs. shatter: 1. |fringe| = 1. |finished| = 0.)
(python) Launching list(tclevrobject) -> int (1 tasks) w/ 2 CPUs. 10.500000 <= MDL < 12.000000. Timeout 597.831211.
	(ocaml: 1 CPUs. shatter: 1. |fringe| = 1. |finished| = 0.)
(python) Launching list(tclevrobject) -> int (1 tasks) w/ 1 CPUs. 10.500000 <= MDL < 12.000000. Timeout 597.807204.
	(ocaml: 2 CPUs. shatter: 20. |fringe| = 22. |finished| = 0.)
(python) Launching list(tclevrobject) -> int (1 tasks) w/ 1 CPUs. 10.500000 <= MDL < 12.000000. Timeout 597.837272.
	(ocaml: 3 CPUs. shatter: 30. |fringe| = 38. |finished| = 0.)
(python) Launching list(tclevrobject) -> int (1 tasks) w/ 2 CPUs. 10.500000 <= MDL < 12.000000. Timeout 597.799971.
	(ocaml: 3 CPUs. shatter: 30. |fringe| = 33. |finished| = 0.)
(python) Launching list(tclevrobject) -> tclevrshape (1 tasks) w/ 1 CPUs. 10.500000 <= MDL < 12.000000. Timeout 597.850825.
	(ocaml: 2 CPUs. shatter: 20. |fringe| = 22. |finished| = 0.)
(python) Launching list(tclevrobject) -> tclevrshape (1 tasks) w/ 2 CPUs. 10.500000 <= MDL < 12.000000. Timeout 597.825602.
	(ocaml: 1 CPUs. shatter: 1. |fringe| = 1. |finished| = 0.)
(python) Launching list(tclevrobject) -> int (1 tasks) w/ 1 CPUs. 10.500000 <= MDL < 12.000000. Timeout 597.802769.
	(ocaml: 1 CPUs. shatter: 1. |fringe| = 1. |finished| = 0.)
(python) Launching list(tclevrobject) -> list(tclevrobject) (1 tasks) w/ 1 CPUs. 10.500000 <= MDL < 12.000000. Timeout 597.820070.
	(ocaml: 2 CPUs. shatter: 20. |fringe| = 24. |finished| = 0.)
(python) Launching list(tclevrobject) -> list(tclevrobject) (1 tasks) w/ 1 CPUs. 10.500000 <= MDL < 12.000000. Timeout 597.823027.
	(ocaml: 1 CPUs. shatter: 1. |fringe| = 1. |finished| = 0.)
(python) Launching list(tclevrobject) -> list(tclevrobject) (1 tasks) w/ 1 CPUs. 10.500000 <= MDL < 12.000000. Timeout 597.822914.
	(ocaml: 2 CPUs. shatter: 20. |fringe| = 24. |finished| = 0.)
(python) Launching list(tclevrobject) -> list(tclevrobject) (1 tasks) w/ 1 CPUs. 10.500000 <= MDL < 12.000000. Timeout 597.822290.
(python) Launching list(tclevrobject) -> list(tclevrobject) (1 tasks) w/ 1 CPUs. 10.500000 <= MDL < 12.000000. Timeout 597.821230.
	(ocaml: 1 CPUs. shatter: 1. |fringe| = 1. |finished| = 0.)
	(ocaml: 1 CPUs. shatter: 1. |fringe| = 1. |finished| = 0.)
(python) Launching list(tclevrobject) -> list(tclevrobject) (1 tasks) w/ 1 CPUs. 10.500000 <= MDL < 12.000000. Timeout 597.819300.
	(ocaml: 1 CPUs. shatter: 1. |fringe| = 1. |finished| = 0.)
(python) Launching list(tclevrobject) -> list(tclevrobject) (1 tasks) w/ 1 CPUs. 10.500000 <= MDL < 12.000000. Timeout 597.819572.
	(ocaml: 1 CPUs. shatter: 1. |fringe| = 1. |finished| = 0.)
(python) Launching list(tclevrobject) -> list(tclevrobject) (1 tasks) w/ 1 CPUs. 10.500000 <= MDL < 12.000000. Timeout 597.813050.
	(ocaml: 1 CPUs. shatter: 1. |fringe| = 1. |finished| = 0.)
(python) Launching list(tclevrobject) -> int (1 tasks) w/ 1 CPUs. 10.500000 <= MDL < 12.000000. Timeout 597.823175.
	(ocaml: 1 CPUs. shatter: 1. |fringe| = 1. |finished| = 0.)
(python) Launching list(tclevrobject) -> list(tclevrobject) (1 tasks) w/ 1 CPUs. 10.500000 <= MDL < 12.000000. Timeout 597.803306.
	(ocaml: 1 CPUs. shatter: 1. |fringe| = 1. |finished| = 0.)
(python) Launching list(tclevrobject) -> int (1 tasks) w/ 1 CPUs. 10.500000 <= MDL < 12.000000. Timeout 597.811175.
	(ocaml: 1 CPUs. shatter: 1. |fringe| = 1. |finished| = 0.)
(python) Launching list(tclevrobject) -> int (1 tasks) w/ 1 CPUs. 10.500000 <= MDL < 12.000000. Timeout 597.812408.
(python) Launching list(tclevrobject) -> int (1 tasks) w/ 1 CPUs. 10.500000 <= MDL < 12.000000. Timeout 597.809968.
	(ocaml: 1 CPUs. shatter: 1. |fringe| = 1. |finished| = 0.)
	(ocaml: 1 CPUs. shatter: 1. |fringe| = 1. |finished| = 0.)
(python) Launching list(tclevrobject) -> int (1 tasks) w/ 1 CPUs. 10.500000 <= MDL < 12.000000. Timeout 597.808653.
(python) Launching list(tclevrobject) -> tclevrshape (1 tasks) w/ 3 CPUs. 12.000000 <= MDL < 13.500000. Timeout 597.559427.
	(ocaml: 1 CPUs. shatter: 1. |fringe| = 1. |finished| = 0.)
	(ocaml: 1 CPUs. shatter: 1. |fringe| = 1. |finished| = 0.)
(python) Launching list(tclevrobject) -> int (1 tasks) w/ 2 CPUs. 12.000000 <= MDL < 13.500000. Timeout 597.506954.
	(ocaml: 1 CPUs. shatter: 1. |fringe| = 1. |finished| = 0.)
(python) Launching list(tclevrobject) -> tclevrcolor (1 tasks) w/ 3 CPUs. 12.000000 <= MDL < 13.500000. Timeout 597.513446.
	(ocaml: 1 CPUs. shatter: 1. |fringe| = 1. |finished| = 0.)
(python) Launching list(tclevrobject) -> int (1 tasks) w/ 2 CPUs. 12.000000 <= MDL < 13.500000. Timeout 597.556991.
	(ocaml: 1 CPUs. shatter: 1. |fringe| = 1. |finished| = 0.)
(python) Launching list(tclevrobject) -> int (1 tasks) w/ 1 CPUs. 12.000000 <= MDL < 13.500000. Timeout 597.535403.
	(ocaml: 3 CPUs. shatter: 30. |fringe| = 33. |finished| = 0.)
(python) Launching list(tclevrobject) -> int (1 tasks) w/ 1 CPUs. 12.000000 <= MDL < 13.500000. Timeout 597.567014.
	(ocaml: 2 CPUs. shatter: 20. |fringe| = 22. |finished| = 0.)
(python) Launching list(tclevrobject) -> tclevrshape (1 tasks) w/ 1 CPUs. 12.000000 <= MDL < 13.500000. Timeout 597.592536.
	(ocaml: 3 CPUs. shatter: 30. |fringe| = 38. |finished| = 0.)
(python) Launching list(tclevrobject) -> int (1 tasks) w/ 2 CPUs. 12.000000 <= MDL < 13.500000. Timeout 597.513111.
	(ocaml: 2 CPUs. shatter: 20. |fringe| = 22. |finished| = 0.)
(python) Launching list(tclevrobject) -> tclevrshape (1 tasks) w/ 2 CPUs. 12.000000 <= MDL < 13.500000. Timeout 597.558402.
	(ocaml: 1 CPUs. shatter: 1. |fringe| = 1. |finished| = 0.)
(python) Launching list(tclevrobject) -> int (1 tasks) w/ 1 CPUs. 12.000000 <= MDL < 13.500000. Timeout 597.534310.
	(ocaml: 1 CPUs. shatter: 1. |fringe| = 1. |finished| = 0.)
(python) Launching list(tclevrobject) -> list(tclevrobject) (1 tasks) w/ 1 CPUs. 12.000000 <= MDL < 13.500000. Timeout 597.543878.
(python) Launching list(tclevrobject) -> list(tclevrobject) (1 tasks) w/ 1 CPUs. 12.000000 <= MDL < 13.500000. Timeout 597.543203.
	(ocaml: 2 CPUs. shatter: 20. |fringe| = 24. |finished| = 0.)
	(ocaml: 1 CPUs. shatter: 1. |fringe| = 1. |finished| = 0.)
(python) Launching list(tclevrobject) -> list(tclevrobject) (1 tasks) w/ 1 CPUs. 12.000000 <= MDL < 13.500000. Timeout 597.540392.
	(ocaml: 2 CPUs. shatter: 20. |fringe| = 24. |finished| = 0.)
(python) Launching list(tclevrobject) -> list(tclevrobject) (1 tasks) w/ 1 CPUs. 12.000000 <= MDL < 13.500000. Timeout 597.537639.
	(ocaml: 1 CPUs. shatter: 1. |fringe| = 1. |finished| = 0.)
	(ocaml: 1 CPUs. shatter: 1. |fringe| = 1. |finished| = 0.)
(python) Launching list(tclevrobject) -> list(tclevrobject) (1 tasks) w/ 1 CPUs. 12.000000 <= MDL < 13.500000. Timeout 597.535891.
(python) Launching list(tclevrobject) -> list(tclevrobject) (1 tasks) w/ 1 CPUs. 12.000000 <= MDL < 13.500000. Timeout 597.543460.
	(ocaml: 1 CPUs. shatter: 1. |fringe| = 1. |finished| = 0.)
(python) Launching list(tclevrobject) -> list(tclevrobject) (1 tasks) w/ 1 CPUs. 12.000000 <= MDL < 13.500000. Timeout 597.521433.
	(ocaml: 1 CPUs. shatter: 1. |fringe| = 1. |finished| = 0.)
(python) Launching list(tclevrobject) -> int (1 tasks) w/ 1 CPUs. 12.000000 <= MDL < 13.500000. Timeout 597.545748.
	(ocaml: 1 CPUs. shatter: 1. |fringe| = 1. |finished| = 0.)
(python) Launching list(tclevrobject) -> list(tclevrobject) (1 tasks) w/ 1 CPUs. 12.000000 <= MDL < 13.500000. Timeout 597.514615.
	(ocaml: 1 CPUs. shatter: 1. |fringe| = 1. |finished| = 0.)
(python) Launching list(tclevrobject) -> list(tclevrobject) (1 tasks) w/ 1 CPUs. 12.000000 <= MDL < 13.500000. Timeout 597.512534.
	(ocaml: 1 CPUs. shatter: 1. |fringe| = 1. |finished| = 0.)
(python) Launching list(tclevrobject) -> int (1 tasks) w/ 1 CPUs. 12.000000 <= MDL < 13.500000. Timeout 597.535610.
	(ocaml: 1 CPUs. shatter: 1. |fringe| = 1. |finished| = 0.)
	(ocaml: 1 CPUs. shatter: 1. |fringe| = 1. |finished| = 0.)
(python) Launching list(tclevrobject) -> int (1 tasks) w/ 1 CPUs. 12.000000 <= MDL < 13.500000. Timeout 597.513904.
(python) Launching list(tclevrobject) -> int (1 tasks) w/ 1 CPUs. 12.000000 <= MDL < 13.500000. Timeout 597.523434.
	(ocaml: 1 CPUs. shatter: 1. |fringe| = 1. |finished| = 0.)
(python) Launching list(tclevrobject) -> int (1 tasks) w/ 1 CPUs. 12.000000 <= MDL < 13.500000. Timeout 597.520720.
(python) Launching list(tclevrobject) -> tclevrshape (1 tasks) w/ 3 CPUs. 13.500000 <= MDL < 15.000000. Timeout 597.271646.
	(ocaml: 1 CPUs. shatter: 1. |fringe| = 1. |finished| = 0.)
(python) Launching list(tclevrobject) -> int (1 tasks) w/ 1 CPUs. 13.500000 <= MDL < 15.000000. Timeout 597.276224.
	(ocaml: 1 CPUs. shatter: 1. |fringe| = 1. |finished| = 0.)
	(ocaml: 1 CPUs. shatter: 1. |fringe| = 1. |finished| = 0.)
(python) Launching list(tclevrobject) -> int (1 tasks) w/ 2 CPUs. 13.500000 <= MDL < 15.000000. Timeout 597.278418.
(python) Launching list(tclevrobject) -> int (1 tasks) w/ 1 CPUs. 13.500000 <= MDL < 15.000000. Timeout 597.304490.
	(ocaml: 1 CPUs. shatter: 1. |fringe| = 1. |finished| = 0.)
	(ocaml: 1 CPUs. shatter: 1. |fringe| = 1. |finished| = 0.)
(python) Launching list(tclevrobject) -> tclevrcolor (1 tasks) w/ 3 CPUs. 13.500000 <= MDL < 15.000000. Timeout 597.207061.
(python) Launching list(tclevrobject) -> int (1 tasks) w/ 2 CPUs. 13.500000 <= MDL < 15.000000. Timeout 597.177299.
	(ocaml: 3 CPUs. shatter: 30. |fringe| = 33. |finished| = 0.)
(python) Launching list(tclevrobject) -> tclevrshape (1 tasks) w/ 1 CPUs. 13.500000 <= MDL < 15.000000. Timeout 597.305991.
	(ocaml: 2 CPUs. shatter: 20. |fringe| = 22. |finished| = 0.)
	(ocaml: 1 CPUs. shatter: 1. |fringe| = 1. |finished| = 0.)
(python) Launching list(tclevrobject) -> int (1 tasks) w/ 1 CPUs. 13.500000 <= MDL < 15.000000. Timeout 597.273271.
	(ocaml: 1 CPUs. shatter: 1. |fringe| = 1. |finished| = 0.)
(python) Launching list(tclevrobject) -> tclevrshape (1 tasks) w/ 2 CPUs. 13.500000 <= MDL < 15.000000. Timeout 597.269414.
	(ocaml: 3 CPUs. shatter: 30. |fringe| = 38. |finished| = 0.)
(python) Launching list(tclevrobject) -> list(tclevrobject) (1 tasks) w/ 1 CPUs. 13.500000 <= MDL < 15.000000. Timeout 597.271706.
	(ocaml: 2 CPUs. shatter: 20. |fringe| = 22. |finished| = 0.)
(python) Launching list(tclevrobject) -> int (1 tasks) w/ 2 CPUs. 13.500000 <= MDL < 15.000000. Timeout 597.182585.
	(ocaml: 1 CPUs. shatter: 1. |fringe| = 1. |finished| = 0.)
	(ocaml: 1 CPUs. shatter: 1. |fringe| = 1. |finished| = 0.)
(python) Launching list(tclevrobject) -> list(tclevrobject) (1 tasks) w/ 1 CPUs. 13.500000 <= MDL < 15.000000. Timeout 597.254308.
(python) Launching list(tclevrobject) -> list(tclevrobject) (1 tasks) w/ 1 CPUs. 13.500000 <= MDL < 15.000000. Timeout 597.258439.
	(ocaml: 2 CPUs. shatter: 20. |fringe| = 24. |finished| = 0.)
(python) Launching list(tclevrobject) -> int (1 tasks) w/ 1 CPUs. 13.500000 <= MDL < 15.000000. Timeout 597.307443.
(python) Launching list(tclevrobject) -> list(tclevrobject) (1 tasks) w/ 1 CPUs. 13.500000 <= MDL < 15.000000. Timeout 597.244278.
	(ocaml: 2 CPUs. shatter: 20. |fringe| = 24. |finished| = 0.)
	(ocaml: 1 CPUs. shatter: 1. |fringe| = 1. |finished| = 0.)
(python) Launching list(tclevrobject) -> list(tclevrobject) (1 tasks) w/ 1 CPUs. 13.500000 <= MDL < 15.000000. Timeout 597.253165.
	(ocaml: 1 CPUs. shatter: 1. |fringe| = 1. |finished| = 0.)
(python) Launching list(tclevrobject) -> list(tclevrobject) (1 tasks) w/ 1 CPUs. 13.500000 <= MDL < 15.000000. Timeout 597.198592.
	(ocaml: 1 CPUs. shatter: 1. |fringe| = 1. |finished| = 0.)
(python) Launching list(tclevrobject) -> list(tclevrobject) (1 tasks) w/ 1 CPUs. 13.500000 <= MDL < 15.000000. Timeout 597.231906.
(python) Launching list(tclevrobject) -> int (1 tasks) w/ 1 CPUs. 13.500000 <= MDL < 15.000000. Timeout 597.287384.
	(ocaml: 1 CPUs. shatter: 1. |fringe| = 1. |finished| = 0.)
	(ocaml: 1 CPUs. shatter: 1. |fringe| = 1. |finished| = 0.)
(python) Launching list(tclevrobject) -> int (1 tasks) w/ 1 CPUs. 13.500000 <= MDL < 15.000000. Timeout 597.260967.
(python) Launching list(tclevrobject) -> list(tclevrobject) (1 tasks) w/ 1 CPUs. 13.500000 <= MDL < 15.000000. Timeout 597.213999.
(python) Launching list(tclevrobject) -> int (1 tasks) w/ 1 CPUs. 13.500000 <= MDL < 15.000000. Timeout 597.240052.
	(ocaml: 1 CPUs. shatter: 1. |fringe| = 1. |finished| = 0.)
	(ocaml: 1 CPUs. shatter: 1. |fringe| = 1. |finished| = 0.)
(python) Launching list(tclevrobject) -> int (1 tasks) w/ 1 CPUs. 13.500000 <= MDL < 15.000000. Timeout 597.206040.
	(ocaml: 1 CPUs. shatter: 1. |fringe| = 1. |finished| = 0.)
	(ocaml: 1 CPUs. shatter: 1. |fringe| = 1. |finished| = 0.)
(python) Launching list(tclevrobject) -> tclevrshape (1 tasks) w/ 3 CPUs. 15.000000 <= MDL < 16.500000. Timeout 596.982441.
	(ocaml: 1 CPUs. shatter: 1. |fringe| = 1. |finished| = 0.)
(python) Launching list(tclevrobject) -> list(tclevrobject) (1 tasks) w/ 1 CPUs. 13.500000 <= MDL < 15.000000. Timeout 597.130606.
	(ocaml: 1 CPUs. shatter: 1. |fringe| = 1. |finished| = 0.)
(python) Launching list(tclevrobject) -> int (1 tasks) w/ 1 CPUs. 15.000000 <= MDL < 16.500000. Timeout 596.972034.
	(ocaml: 1 CPUs. shatter: 1. |fringe| = 1. |finished| = 0.)
(python) Launching list(tclevrobject) -> int (1 tasks) w/ 1 CPUs. 15.000000 <= MDL < 16.500000. Timeout 596.997100.
(python) Launching list(tclevrobject) -> int (1 tasks) w/ 2 CPUs. 15.000000 <= MDL < 16.500000. Timeout 596.949855.
	(ocaml: 1 CPUs. shatter: 1. |fringe| = 1. |finished| = 0.)
	(ocaml: 1 CPUs. shatter: 1. |fringe| = 1. |finished| = 0.)
	(ocaml: 3 CPUs. shatter: 30. |fringe| = 33. |finished| = 0.)
(python) Launching list(tclevrobject) -> tclevrshape (1 tasks) w/ 1 CPUs. 15.000000 <= MDL < 16.500000. Timeout 597.004088.
	(ocaml: 1 CPUs. shatter: 1. |fringe| = 1. |finished| = 0.)
(python) Launching list(tclevrobject) -> int (1 tasks) w/ 1 CPUs. 15.000000 <= MDL < 16.500000. Timeout 596.964023.
(python) Launching list(tclevrobject) -> tclevrshape (1 tasks) w/ 2 CPUs. 15.000000 <= MDL < 16.500000. Timeout 596.950923.
	(ocaml: 1 CPUs. shatter: 1. |fringe| = 1. |finished| = 0.)
(python) Launching list(tclevrobject) -> tclevrcolor (1 tasks) w/ 3 CPUs. 15.000000 <= MDL < 16.500000. Timeout 596.817693.
	(ocaml: 2 CPUs. shatter: 20. |fringe| = 22. |finished| = 0.)
	(ocaml: 1 CPUs. shatter: 1. |fringe| = 1. |finished| = 0.)
(python) Launching list(tclevrobject) -> int (1 tasks) w/ 1 CPUs. 15.000000 <= MDL < 16.500000. Timeout 597.020173.
(python) Launching list(tclevrobject) -> int (1 tasks) w/ 1 CPUs. 15.000000 <= MDL < 16.500000. Timeout 597.046036.
(python) Launching list(tclevrobject) -> list(tclevrobject) (1 tasks) w/ 1 CPUs. 15.000000 <= MDL < 16.500000. Timeout 596.901776.
	(ocaml: 2 CPUs. shatter: 20. |fringe| = 24. |finished| = 0.)
	(ocaml: 1 CPUs. shatter: 1. |fringe| = 1. |finished| = 0.)
(python) Launching list(tclevrobject) -> list(tclevrobject) (1 tasks) w/ 1 CPUs. 15.000000 <= MDL < 16.500000. Timeout 596.899971.
(python) Launching list(tclevrobject) -> list(tclevrobject) (1 tasks) w/ 1 CPUs. 15.000000 <= MDL < 16.500000. Timeout 596.909185.
	(ocaml: 3 CPUs. shatter: 30. |fringe| = 38. |finished| = 0.)
	(ocaml: 1 CPUs. shatter: 1. |fringe| = 1. |finished| = 0.)
(python) Launching list(tclevrobject) -> list(tclevrobject) (1 tasks) w/ 1 CPUs. 15.000000 <= MDL < 16.500000. Timeout 596.906695.
	(ocaml: 1 CPUs. shatter: 1. |fringe| = 1. |finished| = 0.)
(python) Launching list(tclevrobject) -> int (1 tasks) w/ 2 CPUs. 15.000000 <= MDL < 16.500000. Timeout 596.764201.
(python) Launching list(tclevrobject) -> int (1 tasks) w/ 1 CPUs. 15.000000 <= MDL < 16.500000. Timeout 596.936557.
	(ocaml: 1 CPUs. shatter: 1. |fringe| = 1. |finished| = 0.)
	(ocaml: 1 CPUs. shatter: 1. |fringe| = 1. |finished| = 0.)
(python) Launching list(tclevrobject) -> int (1 tasks) w/ 2 CPUs. 15.000000 <= MDL < 16.500000. Timeout 596.657574.
	(ocaml: 1 CPUs. shatter: 1. |fringe| = 1. |finished| = 0.)
(python) Launching list(tclevrobject) -> list(tclevrobject) (1 tasks) w/ 1 CPUs. 15.000000 <= MDL < 16.500000. Timeout 596.857745.
	(ocaml: 1 CPUs. shatter: 1. |fringe| = 1. |finished| = 0.)
(python) Launching list(tclevrobject) -> tclevrshape (1 tasks) w/ 3 CPUs. 16.500000 <= MDL < 18.000000. Timeout 596.674942.
(python) Launching list(tclevrobject) -> tclevrshape (1 tasks) w/ 1 CPUs. 16.500000 <= MDL < 18.000000. Timeout 596.762766.
	(ocaml: 2 CPUs. shatter: 20. |fringe| = 24. |finished| = 0.)
(python) Launching list(tclevrobject) -> int (1 tasks) w/ 1 CPUs. 16.500000 <= MDL < 18.000000. Timeout 596.708359.
	(ocaml: 1 CPUs. shatter: 1. |fringe| = 1. |finished| = 0.)
	(ocaml: 2 CPUs. shatter: 20. |fringe| = 22. |finished| = 0.)
(python) Launching list(tclevrobject) -> list(tclevrobject) (1 tasks) w/ 1 CPUs. 15.000000 <= MDL < 16.500000. Timeout 596.798477.
	(ocaml: 1 CPUs. shatter: 1. |fringe| = 1. |finished| = 0.)
	(ocaml: 3 CPUs. shatter: 30. |fringe| = 33. |finished| = 0.)
(python) Launching list(tclevrobject) -> list(tclevrobject) (1 tasks) w/ 1 CPUs. 15.000000 <= MDL < 16.500000. Timeout 596.786918.
	(ocaml: 1 CPUs. shatter: 1. |fringe| = 1. |finished| = 0.)
(python) Launching list(tclevrobject) -> int (1 tasks) w/ 1 CPUs. 15.000000 <= MDL < 16.500000. Timeout 596.807399.
	(ocaml: 1 CPUs. shatter: 1. |fringe| = 1. |finished| = 0.)
(python) Launching list(tclevrobject) -> int (1 tasks) w/ 2 CPUs. 16.500000 <= MDL < 18.000000. Timeout 596.579232.
	(ocaml: 1 CPUs. shatter: 1. |fringe| = 1. |finished| = 0.)
(python) Launching list(tclevrobject) -> list(tclevrobject) (1 tasks) w/ 1 CPUs. 15.000000 <= MDL < 16.500000. Timeout 596.655948.
(python) Launching list(tclevrobject) -> int (1 tasks) w/ 1 CPUs. 16.500000 <= MDL < 18.000000. Timeout 596.746292.
	(ocaml: 1 CPUs. shatter: 1. |fringe| = 1. |finished| = 0.)
	(ocaml: 1 CPUs. shatter: 1. |fringe| = 1. |finished| = 0.)
(python) Launching list(tclevrobject) -> int (1 tasks) w/ 1 CPUs. 16.500000 <= MDL < 18.000000. Timeout 596.503302.
(python) Launching list(tclevrobject) -> int (1 tasks) w/ 1 CPUs. 15.000000 <= MDL < 16.500000. Timeout 596.678429.
	(ocaml: 2 CPUs. shatter: 20. |fringe| = 22. |finished| = 0.)
(python) Launching list(tclevrobject) -> int (1 tasks) w/ 1 CPUs. 16.500000 <= MDL < 18.000000. Timeout 596.529699.
	(ocaml: 1 CPUs. shatter: 1. |fringe| = 1. |finished| = 0.)
(python) Launching list(tclevrobject) -> int (1 tasks) w/ 1 CPUs. 16.500000 <= MDL < 18.000000. Timeout 596.628180.
	(ocaml: 1 CPUs. shatter: 1. |fringe| = 1. |finished| = 0.)
	(ocaml: 1 CPUs. shatter: 1. |fringe| = 1. |finished| = 0.)
(python) Launching list(tclevrobject) -> tclevrshape (1 tasks) w/ 2 CPUs. 16.500000 <= MDL < 18.000000. Timeout 596.489038.
	(ocaml: 1 CPUs. shatter: 1. |fringe| = 1. |finished| = 0.)
	(ocaml: 1 CPUs. shatter: 1. |fringe| = 1. |finished| = 0.)
	(ocaml: 1 CPUs. shatter: 1. |fringe| = 1. |finished| = 0.)
(python) Launching list(tclevrobject) -> tclevrshape (1 tasks) w/ 1 CPUs. 18.000000 <= MDL < 19.500000. Timeout 596.398492.
	(ocaml: 2 CPUs. shatter: 20. |fringe| = 24. |finished| = 0.)
(python) Launching list(tclevrobject) -> list(tclevrobject) (1 tasks) w/ 1 CPUs. 15.000000 <= MDL < 16.500000. Timeout 596.346875.
	(ocaml: 1 CPUs. shatter: 1. |fringe| = 1. |finished| = 0.)
	(ocaml: 1 CPUs. shatter: 1. |fringe| = 1. |finished| = 0.)
(python) Launching list(tclevrobject) -> int (1 tasks) w/ 1 CPUs. 18.000000 <= MDL < 19.500000. Timeout 596.125053.
(python) Launching list(tclevrobject) -> tclevrshape (1 tasks) w/ 3 CPUs. 18.000000 <= MDL < 19.500000. Timeout 596.043087.
	(ocaml: 1 CPUs. shatter: 1. |fringe| = 1. |finished| = 0.)
(python) Launching list(tclevrobject) -> int (1 tasks) w/ 1 CPUs. 18.000000 <= MDL < 19.500000. Timeout 596.191500.
	(ocaml: 3 CPUs. shatter: 30. |fringe| = 33. |finished| = 0.)
(python) Launching list(tclevrobject) -> int (1 tasks) w/ 1 CPUs. 16.500000 <= MDL < 18.000000. Timeout 596.146588.
(python) Launching list(tclevrobject) -> int (1 tasks) w/ 2 CPUs. 18.000000 <= MDL < 19.500000. Timeout 595.869303.
	(ocaml: 1 CPUs. shatter: 1. |fringe| = 1. |finished| = 0.)
(python) Launching list(tclevrobject) -> tclevrcolor (1 tasks) w/ 3 CPUs. 16.500000 <= MDL < 18.000000. Timeout 595.791220.
	(ocaml: 1 CPUs. shatter: 1. |fringe| = 1. |finished| = 0.)
	(ocaml: 2 CPUs. shatter: 20. |fringe| = 22. |finished| = 0.)
	(ocaml: 3 CPUs. shatter: 30. |fringe| = 38. |finished| = 0.)
(python) Launching list(tclevrobject) -> list(tclevrobject) (1 tasks) w/ 1 CPUs. 16.500000 <= MDL < 18.000000. Timeout 595.813481.
(python) Launching list(tclevrobject) -> list(tclevrobject) (1 tasks) w/ 1 CPUs. 16.500000 <= MDL < 18.000000. Timeout 595.810121.
	(ocaml: 1 CPUs. shatter: 1. |fringe| = 1. |finished| = 0.)
(python) Launching list(tclevrobject) -> list(tclevrobject) (1 tasks) w/ 1 CPUs. 16.500000 <= MDL < 18.000000. Timeout 595.707679.
	(ocaml: 1 CPUs. shatter: 1. |fringe| = 1. |finished| = 0.)
(python) Launching list(tclevrobject) -> int (1 tasks) w/ 1 CPUs. 16.500000 <= MDL < 18.000000. Timeout 595.712981.
	(ocaml: 1 CPUs. shatter: 1. |fringe| = 1. |finished| = 0.)
(python) Launching list(tclevrobject) -> int (1 tasks) w/ 1 CPUs. 18.000000 <= MDL < 19.500000. Timeout 595.451533.
	(ocaml: 1 CPUs. shatter: 1. |fringe| = 1. |finished| = 0.)
(python) Launching list(tclevrobject) -> int (1 tasks) w/ 1 CPUs. 18.000000 <= MDL < 19.500000. Timeout 595.363027.
(python) Launching list(tclevrobject) -> int (1 tasks) w/ 1 CPUs. 18.000000 <= MDL < 19.500000. Timeout 595.518488.
(python) Launching list(tclevrobject) -> list(tclevrobject) (1 tasks) w/ 1 CPUs. 16.500000 <= MDL < 18.000000. Timeout 595.413738.
(python) Launching list(tclevrobject) -> int (1 tasks) w/ 2 CPUs. 16.500000 <= MDL < 18.000000. Timeout 595.317620.
	(ocaml: 1 CPUs. shatter: 1. |fringe| = 1. |finished| = 0.)
(python) Launching list(tclevrobject) -> list(tclevrobject) (1 tasks) w/ 1 CPUs. 16.500000 <= MDL < 18.000000. Timeout 595.372358.
	(ocaml: 1 CPUs. shatter: 1. |fringe| = 1. |finished| = 0.)
(python) Launching list(tclevrobject) -> list(tclevrobject) (1 tasks) w/ 1 CPUs. 16.500000 <= MDL < 18.000000. Timeout 595.414053.
(python) Launching list(tclevrobject) -> tclevrshape (1 tasks) w/ 1 CPUs. 19.500000 <= MDL < 21.000000. Timeout 595.307408.
	(ocaml: 1 CPUs. shatter: 1. |fringe| = 1. |finished| = 0.)
	(ocaml: 2 CPUs. shatter: 20. |fringe| = 24. |finished| = 0.)
	(ocaml: 1 CPUs. shatter: 1. |fringe| = 1. |finished| = 0.)
	(ocaml: 1 CPUs. shatter: 1. |fringe| = 1. |finished| = 0.)
	(ocaml: 1 CPUs. shatter: 1. |fringe| = 1. |finished| = 0.)
	(ocaml: 1 CPUs. shatter: 1. |fringe| = 1. |finished| = 0.)
(python) Launching list(tclevrobject) -> list(tclevrobject) (1 tasks) w/ 1 CPUs. 16.500000 <= MDL < 18.000000. Timeout 595.250142.
	(ocaml: 1 CPUs. shatter: 1. |fringe| = 1. |finished| = 0.)
(python) Launching list(tclevrobject) -> int (1 tasks) w/ 2 CPUs. 16.500000 <= MDL < 18.000000. Timeout 594.867791.
(python) Launching list(tclevrobject) -> tclevrshape (1 tasks) w/ 2 CPUs. 18.000000 <= MDL < 19.500000. Timeout 594.978933.
	(ocaml: 2 CPUs. shatter: 20. |fringe| = 22. |finished| = 0.)
	(ocaml: 2 CPUs. shatter: 20. |fringe| = 24. |finished| = 0.)
(python) Launching list(tclevrobject) -> list(tclevrobject) (1 tasks) w/ 1 CPUs. 16.500000 <= MDL < 18.000000. Timeout 594.353266.
	(ocaml: 1 CPUs. shatter: 1. |fringe| = 1. |finished| = 0.)
(python) Launching list(tclevrobject) -> int (1 tasks) w/ 1 CPUs. 16.500000 <= MDL < 18.000000. Timeout 594.299405.
(python) Launching list(tclevrobject) -> int (1 tasks) w/ 1 CPUs. 19.500000 <= MDL < 21.000000. Timeout 594.291466.
	(ocaml: 1 CPUs. shatter: 1. |fringe| = 1. |finished| = 0.)
	(ocaml: 1 CPUs. shatter: 1. |fringe| = 1. |finished| = 0.)
(python) Launching list(tclevrobject) -> tclevrshape (1 tasks) w/ 3 CPUs. 19.500000 <= MDL < 21.000000. Timeout 593.923694.
	(ocaml: 3 CPUs. shatter: 30. |fringe| = 33. |finished| = 0.)
(python) Launching list(tclevrobject) -> int (1 tasks) w/ 1 CPUs. 19.500000 <= MDL < 21.000000. Timeout 593.721049.
	(ocaml: 1 CPUs. shatter: 1. |fringe| = 1. |finished| = 0.)
(python) Launching list(tclevrobject) -> int (1 tasks) w/ 2 CPUs. 19.500000 <= MDL < 21.000000. Timeout 593.414006.
	(ocaml: 2 CPUs. shatter: 20. |fringe| = 22. |finished| = 0.)
(python) Launching list(tclevrobject) -> int (1 tasks) w/ 1 CPUs. 18.000000 <= MDL < 19.500000. Timeout 593.125534.
	(ocaml: 1 CPUs. shatter: 1. |fringe| = 1. |finished| = 0.)
(python) Launching list(tclevrobject) -> list(tclevrobject) (1 tasks) w/ 1 CPUs. 16.500000 <= MDL < 18.000000. Timeout 592.732411.
	(ocaml: 1 CPUs. shatter: 1. |fringe| = 1. |finished| = 0.)
(python) Launching list(tclevrobject) -> tclevrcolor (1 tasks) w/ 3 CPUs. 18.000000 <= MDL < 19.500000. Timeout 591.788488.
	(ocaml: 3 CPUs. shatter: 30. |fringe| = 38. |finished| = 0.)
(python) Launching list(tclevrobject) -> int (1 tasks) w/ 1 CPUs. 19.500000 <= MDL < 21.000000. Timeout 591.716269.
	(ocaml: 1 CPUs. shatter: 1. |fringe| = 1. |finished| = 0.)
(python) Launching list(tclevrobject) -> int (1 tasks) w/ 1 CPUs. 19.500000 <= MDL < 21.000000. Timeout 591.615942.
(python) Launching list(tclevrobject) -> list(tclevrobject) (1 tasks) w/ 1 CPUs. 18.000000 <= MDL < 19.500000. Timeout 591.530851.
(python) Launching list(tclevrobject) -> int (1 tasks) w/ 1 CPUs. 19.500000 <= MDL < 21.000000. Timeout 591.306209.
	(ocaml: 1 CPUs. shatter: 1. |fringe| = 1. |finished| = 0.)
	(ocaml: 1 CPUs. shatter: 1. |fringe| = 1. |finished| = 0.)
	(ocaml: 1 CPUs. shatter: 1. |fringe| = 1. |finished| = 0.)
(python) Launching list(tclevrobject) -> tclevrshape (1 tasks) w/ 1 CPUs. 21.000000 <= MDL < 22.500000. Timeout 591.023429.
	(ocaml: 1 CPUs. shatter: 1. |fringe| = 1. |finished| = 0.)
(python) Launching list(tclevrobject) -> int (1 tasks) w/ 1 CPUs. 18.000000 <= MDL < 19.500000. Timeout 590.847613.
	(ocaml: 1 CPUs. shatter: 1. |fringe| = 1. |finished| = 0.)
(python) Launching list(tclevrobject) -> list(tclevrobject) (1 tasks) w/ 1 CPUs. 18.000000 <= MDL < 19.500000. Timeout 590.410537.
	(ocaml: 1 CPUs. shatter: 1. |fringe| = 1. |finished| = 0.)
(python) Launching list(tclevrobject) -> tclevrshape (1 tasks) w/ 2 CPUs. 19.500000 <= MDL < 21.000000. Timeout 590.082407.
	(ocaml: 2 CPUs. shatter: 20. |fringe| = 24. |finished| = 0.)
(python) Launching list(tclevrobject) -> list(tclevrobject) (1 tasks) w/ 1 CPUs. 18.000000 <= MDL < 19.500000. Timeout 589.897408.
	(ocaml: 1 CPUs. shatter: 1. |fringe| = 1. |finished| = 0.)
(python) Launching list(tclevrobject) -> int (1 tasks) w/ 2 CPUs. 18.000000 <= MDL < 19.500000. Timeout 589.576211.
	(ocaml: 2 CPUs. shatter: 20. |fringe| = 24. |finished| = 0.)
(python) Launching list(tclevrobject) -> list(tclevrobject) (1 tasks) w/ 1 CPUs. 18.000000 <= MDL < 19.500000. Timeout 589.434916.
	(ocaml: 1 CPUs. shatter: 1. |fringe| = 1. |finished| = 0.)
(python) Launching list(tclevrobject) -> list(tclevrobject) (1 tasks) w/ 1 CPUs. 18.000000 <= MDL < 19.500000. Timeout 588.739603.
	(ocaml: 1 CPUs. shatter: 1. |fringe| = 1. |finished| = 0.)
(python) Launching list(tclevrobject) -> list(tclevrobject) (1 tasks) w/ 1 CPUs. 18.000000 <= MDL < 19.500000. Timeout 588.580203.
	(ocaml: 1 CPUs. shatter: 1. |fringe| = 1. |finished| = 0.)
(python) Launching list(tclevrobject) -> int (1 tasks) w/ 1 CPUs. 21.000000 <= MDL < 22.500000. Timeout 588.413970.
	(ocaml: 1 CPUs. shatter: 1. |fringe| = 1. |finished| = 0.)
(python) Launching list(tclevrobject) -> int (1 tasks) w/ 2 CPUs. 18.000000 <= MDL < 19.500000. Timeout 587.253455.
	(ocaml: 2 CPUs. shatter: 20. |fringe| = 22. |finished| = 0.)
(python) Launching list(tclevrobject) -> list(tclevrobject) (1 tasks) w/ 1 CPUs. 18.000000 <= MDL < 19.500000. Timeout 587.232046.
	(ocaml: 1 CPUs. shatter: 1. |fringe| = 1. |finished| = 0.)
(python) Launching list(tclevrobject) -> int (1 tasks) w/ 1 CPUs. 18.000000 <= MDL < 19.500000. Timeout 586.884750.
(python) Launching list(tclevrobject) -> int (1 tasks) w/ 1 CPUs. 21.000000 <= MDL < 22.500000. Timeout 586.651360.
	(ocaml: 1 CPUs. shatter: 1. |fringe| = 1. |finished| = 0.)
	(ocaml: 1 CPUs. shatter: 1. |fringe| = 1. |finished| = 0.)
(python) Launching list(tclevrobject) -> int (1 tasks) w/ 2 CPUs. 21.000000 <= MDL < 22.500000. Timeout 585.225607.
	(ocaml: 2 CPUs. shatter: 20. |fringe| = 22. |finished| = 0.)
(python) Launching list(tclevrobject) -> int (1 tasks) w/ 4 CPUs. 19.500000 <= MDL < 21.000000. Timeout 583.798542.
	(ocaml: 4 CPUs. shatter: 40. |fringe| = 41. |finished| = 0.)
(python) Launching list(tclevrobject) -> list(tclevrobject) (1 tasks) w/ 1 CPUs. 18.000000 <= MDL < 19.500000. Timeout 581.988021.
	(ocaml: 1 CPUs. shatter: 1. |fringe| = 1. |finished| = 0.)
(python) Launching list(tclevrobject) -> int (1 tasks) w/ 1 CPUs. 21.000000 <= MDL < 22.500000. Timeout 579.185931.
	(ocaml: 1 CPUs. shatter: 1. |fringe| = 1. |finished| = 0.)
(python) Launching list(tclevrobject) -> int (1 tasks) w/ 5 CPUs. 21.000000 <= MDL < 22.500000. Timeout 576.804819.
	(ocaml: 5 CPUs. shatter: 50. |fringe| = 53. |finished| = 0.)
(python) Launching list(tclevrobject) -> tclevrshape (1 tasks) w/ 1 CPUs. 22.500000 <= MDL < 24.000000. Timeout 575.267723.
	(ocaml: 1 CPUs. shatter: 1. |fringe| = 1. |finished| = 0.)
(python) Launching list(tclevrobject) -> list(tclevrobject) (1 tasks) w/ 1 CPUs. 18.000000 <= MDL < 19.500000. Timeout 574.190100.
	(ocaml: 1 CPUs. shatter: 1. |fringe| = 1. |finished| = 0.)
(python) Launching list(tclevrobject) -> int (1 tasks) w/ 3 CPUs. 19.500000 <= MDL < 21.000000. Timeout 571.371869.
	(ocaml: 3 CPUs. shatter: 30. |fringe| = 34. |finished| = 0.)
(python) Launching list(tclevrobject) -> list(tclevrobject) (1 tasks) w/ 1 CPUs. 19.500000 <= MDL < 21.000000. Timeout 569.656685.
(python) Launching list(tclevrobject) -> int (1 tasks) w/ 1 CPUs. 22.500000 <= MDL < 24.000000. Timeout 569.675327.
	(ocaml: 1 CPUs. shatter: 1. |fringe| = 1. |finished| = 0.)
	(ocaml: 1 CPUs. shatter: 1. |fringe| = 1. |finished| = 0.)
(python) Launching list(tclevrobject) -> list(tclevrobject) (1 tasks) w/ 1 CPUs. 19.500000 <= MDL < 21.000000. Timeout 569.003487.
	(ocaml: 1 CPUs. shatter: 1. |fringe| = 1. |finished| = 0.)
(python) Launching list(tclevrobject) -> list(tclevrobject) (1 tasks) w/ 1 CPUs. 19.500000 <= MDL < 21.000000. Timeout 568.129062.
	(ocaml: 1 CPUs. shatter: 1. |fringe| = 1. |finished| = 0.)
(python) Launching list(tclevrobject) -> int (1 tasks) w/ 2 CPUs. 19.500000 <= MDL < 21.000000. Timeout 567.898266.
	(ocaml: 2 CPUs. shatter: 20. |fringe| = 24. |finished| = 0.)
(python) Launching list(tclevrobject) -> int (1 tasks) w/ 5 CPUs. 22.500000 <= MDL < 24.000000. Timeout 566.160989.
	(ocaml: 5 CPUs. shatter: 50. |fringe| = 53. |finished| = 0.)
(python) Launching list(tclevrobject) -> list(tclevrobject) (1 tasks) w/ 1 CPUs. 19.500000 <= MDL < 21.000000. Timeout 564.736762.
	(ocaml: 1 CPUs. shatter: 1. |fringe| = 1. |finished| = 0.)
(python) Launching list(tclevrobject) -> int (1 tasks) w/ 4 CPUs. 21.000000 <= MDL < 22.500000. Timeout 564.499935.
	(ocaml: 4 CPUs. shatter: 40. |fringe| = 41. |finished| = 0.)
(python) Launching list(tclevrobject) -> list(tclevrobject) (1 tasks) w/ 1 CPUs. 19.500000 <= MDL < 21.000000. Timeout 562.984854.
	(ocaml: 1 CPUs. shatter: 1. |fringe| = 1. |finished| = 0.)
(python) Launching list(tclevrobject) -> int (1 tasks) w/ 1 CPUs. 22.500000 <= MDL < 24.000000. Timeout 562.305187.
	(ocaml: 1 CPUs. shatter: 1. |fringe| = 1. |finished| = 0.)
(python) Launching list(tclevrobject) -> list(tclevrobject) (1 tasks) w/ 1 CPUs. 19.500000 <= MDL < 21.000000. Timeout 559.488882.
	(ocaml: 1 CPUs. shatter: 1. |fringe| = 1. |finished| = 0.)
(python) Launching list(tclevrobject) -> list(tclevrobject) (1 tasks) w/ 1 CPUs. 19.500000 <= MDL < 21.000000. Timeout 556.275754.
	(ocaml: 1 CPUs. shatter: 1. |fringe| = 1. |finished| = 0.)
(python) Launching list(tclevrobject) -> int (1 tasks) w/ 1 CPUs. 19.500000 <= MDL < 21.000000. Timeout 556.021011.
	(ocaml: 1 CPUs. shatter: 1. |fringe| = 1. |finished| = 0.)
(python) Launching list(tclevrobject) -> int (1 tasks) w/ 2 CPUs. 19.500000 <= MDL < 21.000000. Timeout 555.427081.
	(ocaml: 2 CPUs. shatter: 20. |fringe| = 22. |finished| = 0.)
(python) Launching list(tclevrobject) -> int (1 tasks) w/ 2 CPUs. 22.500000 <= MDL < 24.000000. Timeout 552.775756.
	(ocaml: 2 CPUs. shatter: 20. |fringe| = 22. |finished| = 0.)
(python) Launching list(tclevrobject) -> int (1 tasks) w/ 3 CPUs. 21.000000 <= MDL < 22.500000. Timeout 547.123560.
	(ocaml: 3 CPUs. shatter: 30. |fringe| = 34. |finished| = 0.)
(python) Launching list(tclevrobject) -> tclevrshape (1 tasks) w/ 1 CPUs. 24.000000 <= MDL < 25.500000. Timeout 531.928807.
	(ocaml: 1 CPUs. shatter: 1. |fringe| = 1. |finished| = 0.)
(python) Launching list(tclevrobject) -> list(tclevrobject) (1 tasks) w/ 1 CPUs. 19.500000 <= MDL < 21.000000. Timeout 530.846884.
	(ocaml: 1 CPUs. shatter: 1. |fringe| = 1. |finished| = 0.)
(python) Launching list(tclevrobject) -> int (1 tasks) w/ 5 CPUs. 24.000000 <= MDL < 25.500000. Timeout 521.265411.
	(ocaml: 5 CPUs. shatter: 50. |fringe| = 53. |finished| = 0.)
(python) Launching list(tclevrobject) -> int (1 tasks) w/ 1 CPUs. 22.500000 <= MDL < 24.000000. Timeout 518.788986.
	(ocaml: 1 CPUs. shatter: 1. |fringe| = 1. |finished| = 0.)
(python) Launching list(tclevrobject) -> list(tclevrobject) (1 tasks) w/ 1 CPUs. 19.500000 <= MDL < 21.000000. Timeout 511.599448.
	(ocaml: 1 CPUs. shatter: 1. |fringe| = 1. |finished| = 0.)
(python) Launching list(tclevrobject) -> int (1 tasks) w/ 1 CPUs. 24.000000 <= MDL < 25.500000. Timeout 504.880350.
	(ocaml: 1 CPUs. shatter: 1. |fringe| = 1. |finished| = 0.)
(python) Launching list(tclevrobject) -> int (1 tasks) w/ 4 CPUs. 22.500000 <= MDL < 24.000000. Timeout 490.533636.
	(ocaml: 4 CPUs. shatter: 40. |fringe| = 41. |finished| = 0.)
(python) Launching list(tclevrobject) -> int (1 tasks) w/ 2 CPUs. 21.000000 <= MDL < 22.500000. Timeout 480.079760.
	(ocaml: 2 CPUs. shatter: 20. |fringe| = 24. |finished| = 0.)
(python) Launching list(tclevrobject) -> list(tclevrobject) (1 tasks) w/ 1 CPUs. 21.000000 <= MDL < 22.500000. Timeout 473.105128.
	(ocaml: 1 CPUs. shatter: 1. |fringe| = 1. |finished| = 0.)
(python) Launching list(tclevrobject) -> list(tclevrobject) (1 tasks) w/ 1 CPUs. 21.000000 <= MDL < 22.500000. Timeout 472.923509.
	(ocaml: 1 CPUs. shatter: 1. |fringe| = 1. |finished| = 0.)
(python) Launching list(tclevrobject) -> list(tclevrobject) (1 tasks) w/ 1 CPUs. 21.000000 <= MDL < 22.500000. Timeout 462.076182.
	(ocaml: 1 CPUs. shatter: 1. |fringe| = 1. |finished| = 0.)
(python) Launching list(tclevrobject) -> int (1 tasks) w/ 3 CPUs. 22.500000 <= MDL < 24.000000. Timeout 454.414780.
	(ocaml: 3 CPUs. shatter: 30. |fringe| = 34. |finished| = 0.)
(python) Launching list(tclevrobject) -> list(tclevrobject) (1 tasks) w/ 1 CPUs. 21.000000 <= MDL < 22.500000. Timeout 453.892069.
	(ocaml: 1 CPUs. shatter: 1. |fringe| = 1. |finished| = 0.)
(python) Launching list(tclevrobject) -> list(tclevrobject) (1 tasks) w/ 1 CPUs. 21.000000 <= MDL < 22.500000. Timeout 451.335538.
	(ocaml: 1 CPUs. shatter: 1. |fringe| = 1. |finished| = 0.)
(python) Launching list(tclevrobject) -> int (1 tasks) w/ 1 CPUs. 24.000000 <= MDL < 25.500000. Timeout 446.968667.
	(ocaml: 1 CPUs. shatter: 1. |fringe| = 1. |finished| = 0.)
(python) Launching list(tclevrobject) -> list(tclevrobject) (1 tasks) w/ 3 CPUs. 21.000000 <= MDL < 22.500000. Timeout 437.495178.
	(ocaml: 3 CPUs. shatter: 30. |fringe| = 35. |finished| = 0.)
(python) Launching list(tclevrobject) -> list(tclevrobject) (1 tasks) w/ 1 CPUs. 21.000000 <= MDL < 22.500000. Timeout 436.844205.
	(ocaml: 1 CPUs. shatter: 1. |fringe| = 1. |finished| = 0.)
(python) Launching list(tclevrobject) -> int (1 tasks) w/ 3 CPUs. 21.000000 <= MDL < 22.500000. Timeout 396.830854.
	(ocaml: 3 CPUs. shatter: 30. |fringe| = 35. |finished| = 0.)
(python) Launching list(tclevrobject) -> tclevrshape (1 tasks) w/ 1 CPUs. 25.500000 <= MDL < 27.000000. Timeout 340.958313.
	(ocaml: 1 CPUs. shatter: 1. |fringe| = 1. |finished| = 0.)
(python) Launching list(tclevrobject) -> int (1 tasks) w/ 5 CPUs. 25.500000 <= MDL < 27.000000. Timeout 338.013138.
	(ocaml: 5 CPUs. shatter: 50. |fringe| = 53. |finished| = 0.)
(python) Launching list(tclevrobject) -> list(tclevrobject) (1 tasks) w/ 1 CPUs. 21.000000 <= MDL < 22.500000. Timeout 318.041220.
	(ocaml: 1 CPUs. shatter: 1. |fringe| = 1. |finished| = 0.)
(python) Launching list(tclevrobject) -> int (1 tasks) w/ 1 CPUs. 24.000000 <= MDL < 25.500000. Timeout 312.414338.
	(ocaml: 1 CPUs. shatter: 1. |fringe| = 1. |finished| = 0.)
(python) Launching list(tclevrobject) -> list(tclevrobject) (1 tasks) w/ 3 CPUs. 22.500000 <= MDL < 24.000000. Timeout 291.547168.
	(ocaml: 3 CPUs. shatter: 30. |fringe| = 35. |finished| = 0.)
(python) Launching list(tclevrobject) -> list(tclevrobject) (1 tasks) w/ 1 CPUs. 21.000000 <= MDL < 22.500000. Timeout 252.588304.
	(ocaml: 1 CPUs. shatter: 1. |fringe| = 1. |finished| = 0.)
(python) Launching list(tclevrobject) -> int (1 tasks) w/ 1 CPUs. 25.500000 <= MDL < 27.000000. Timeout 246.649762.
	(ocaml: 1 CPUs. shatter: 1. |fringe| = 1. |finished| = 0.)
(python) Launching list(tclevrobject) -> int (1 tasks) w/ 3 CPUs. 22.500000 <= MDL < 24.000000. Timeout 213.795650.
	(ocaml: 3 CPUs. shatter: 30. |fringe| = 35. |finished| = 0.)
(python) Launching list(tclevrobject) -> int (1 tasks) w/ 4 CPUs. 24.000000 <= MDL < 25.500000. Timeout 205.408129.
	(ocaml: 4 CPUs. shatter: 40. |fringe| = 41. |finished| = 0.)
(python) Launching list(tclevrobject) -> int (1 tasks) w/ 2 CPUs. 22.500000 <= MDL < 24.000000. Timeout 116.677015.
	(ocaml: 2 CPUs. shatter: 20. |fringe| = 24. |finished| = 0.)
(python) Launching list(tclevrobject) -> list(tclevrobject) (1 tasks) w/ 1 CPUs. 22.500000 <= MDL < 24.000000. Timeout 101.562231.
	(ocaml: 1 CPUs. shatter: 1. |fringe| = 1. |finished| = 0.)
(python) Launching list(tclevrobject) -> list(tclevrobject) (1 tasks) w/ 1 CPUs. 22.500000 <= MDL < 24.000000. Timeout 92.416250.
	(ocaml: 1 CPUs. shatter: 1. |fringe| = 1. |finished| = 0.)
(python) Launching list(tclevrobject) -> int (1 tasks) w/ 1 CPUs. 25.500000 <= MDL < 27.000000. Timeout 74.818807.
	(ocaml: 1 CPUs. shatter: 1. |fringe| = 1. |finished| = 0.)
(python) Launching list(tclevrobject) -> int (1 tasks) w/ 3 CPUs. 24.000000 <= MDL < 25.500000. Timeout 56.333944.
	(ocaml: 3 CPUs. shatter: 30. |fringe| = 34. |finished| = 0.)
(python) Launching list(tclevrobject) -> list(tclevrobject) (1 tasks) w/ 1 CPUs. 22.500000 <= MDL < 24.000000. Timeout 6.134906.
	(ocaml: 1 CPUs. shatter: 1. |fringe| = 1. |finished| = 0.)
We enumerated this many programs, for each task:
	 [57, 8690183, 50, 2954047, 48, 50, 900072, 45, 16835487, 10217615, 80977471, 31, 29026294, 43, 1003073, 2814013, 24301148, 10166539, 8878536, 15865068, 8585951, 8305185, 11413635, 8059066, 20177187, 9428367, 120520805, 76554482, 72514174, 44318424, 27382952, 30]
Wrote experiments_iterative/outputs/paperfaithful_init_seed111_20260507/domains/clevr/dreamcoder/seed_111/dreamcoder_32/0/metrics.json
====================================
iteration: 0
amortized_synthesis : infer_programs_for_tasks
Completed in 602.000s
====================================
============LOGGING FRONTIERS============
	 total_solved_tasks_train @ iteration 0: 14 / 191
	 total_solved_tasks_test @ iteration 0: 0 / 103
====================================
reset_task_frontiers for split: test
============LOGGING FRONTIERS============
	 total_solved_tasks_train @ iteration 0: 14 / 191
	 total_solved_tasks_test @ iteration 0: 0 / 103
====================================
============LOGGING MODEL_FN============
	iteration: 0
	experiment_block_type: model_fn
	model_type: grammar
	task_batch_sizes: ['all']
	run_every_n_iterations: 3
	task_splits: ['test']
	params: {'compute_likelihoods': True, 'compute_description_lengths': True, 'save_filename': 'test_likelihoods.json'}
	model_fn: evaluate_frontiers
task_ids test: 103 tasks: 0-1_compare_integer-Are there fewer small spheres than cyan cubes? -- 9-2_transform-If all of the large yellow cubes became small, how many large things would there be?
====================================
<original-workspace>/lilo_sec/.conda/envs/lilo/lib/python3.7/site-packages/numpy/core/fromnumeric.py:3441: RuntimeWarning: Mean of empty slice.
  out=out, **kwargs)
<original-workspace>/lilo_sec/.conda/envs/lilo/lib/python3.7/site-packages/numpy/core/_methods.py:189: RuntimeWarning: invalid value encountered in double_scalars
  ret = ret.dtype.type(ret / rcount)
EVALUATION: evaluate_frontiers : mean log likelihood of 0 programs in splits: ['test'] is: nan
EVALUATION: evaluate_frontiers : mean description length of 0 programs in splits: ['test'] is: nan
============Checkpointing frontiers to experiments_iterative/outputs/paperfaithful_init_seed111_20260507/domains/clevr/dreamcoder/seed_111/dreamcoder_32/0/frontiers.json===========
============LOGGING MODEL_FN============
	iteration: 0
	experiment_block_type: model_fn
	model_type: library_learner
	task_batch_sizes: ['all']
	task_splits: ['train']
	params: {'max_arity': 3, 'iterations': 10, 'candidates_per_iteration': 1, 'include_samples': False, 'use_mdl_program': False, 'beta_reduce_programs': True, 'update_grammar': True, 'replace_existing_abstractions': True}
	model_fn: get_compressed_grammar_mdl_prior_rank
task_ids train: 191 tasks: 5-2_transform-What if all the blue metal things became rubber things? -- 18-1_single_or-What number of rubber objects are purple things or cylinders?
====================================
Updated grammar (productions=54) with 10 new abstractions.
reset_task_frontiers for split: train
reset_samples for split: train
Loaded 8 CLEVR question classes: dict_keys(['1_compare_integer', '1_one_hop', '1_same_relate_restricted', '1_single_or', '1_zero_hop', '2_localization', '2_remove', '2_transform'])
Loading dataset 1_compare_integer: train: found 6 tasks.
Loading dataset 1_compare_integer: val: found 4 tasks.
Loading dataset 1_one_hop: train: found 30 tasks.
Loading dataset 1_one_hop: val: found 10 tasks.
Loading dataset 1_single_or: train: found 25 tasks.
Loading dataset 1_single_or: val: found 10 tasks.
Loading dataset 1_zero_hop: train: found 30 tasks.
Loading dataset 1_zero_hop: val: found 30 tasks.
Loading dataset 2_localization: train: found 58 tasks.
Loading dataset 2_localization: val: found 30 tasks.
Loading dataset 2_remove: train: found 23 tasks.
Loading dataset 2_remove: val: found 9 tasks.
Loading dataset 2_transform: train: found 22 tasks.
Loading dataset 2_transform: val: found 10 tasks.
Loaded a total of 194 training tasks and 103 testing tasks for curriculum datasets: [] and main datasest: ['2_localization', '2_remove', '2_transform', '1_zero_hop', '1_single_or', '1_one_hop', '1_compare_integer']
Loaded 8 CLEVR question classes: dict_keys(['1_compare_integer', '1_one_hop', '1_same_relate_restricted', '1_single_or', '1_zero_hop', '2_localization', '2_remove', '2_transform'])
Excluding task: 18-2_transform-If all of the small blue cubes became small, how many small things would there be?
Excluding task: 19-2_transform-If all of the small spheres became small, how many small things would there be?
Excluding task: 21-2_transform-If all of the large brown rubber things became large, how many large things would there be?
Loaded 8 CLEVR question classes: dict_keys(['1_compare_integer', '1_one_hop', '1_same_relate_restricted', '1_single_or', '1_zero_hop', '2_localization', '2_remove', '2_transform'])
Loading dataset 1_compare_integer: train: found 6 tasks.
Loading dataset 1_compare_integer: val: found 4 tasks.
Loading dataset 1_one_hop: train: found 30 tasks.
Loading dataset 1_one_hop: val: found 10 tasks.
Loading dataset 1_single_or: train: found 25 tasks.
Loading dataset 1_single_or: val: found 10 tasks.
Loading dataset 1_zero_hop: train: found 30 tasks.
Loading dataset 1_zero_hop: val: found 30 tasks.
Loading dataset 2_localization: train: found 58 tasks.
Loading dataset 2_localization: val: found 30 tasks.
Loading dataset 2_remove: train: found 23 tasks.
Loading dataset 2_remove: val: found 9 tasks.
Loading dataset 2_transform: train: found 22 tasks.
Loading dataset 2_transform: val: found 10 tasks.
Loaded a total of 194 training tasks and 103 testing tasks for curriculum datasets: [] and main datasest: ['2_localization', '2_remove', '2_transform', '1_zero_hop', '1_single_or', '1_one_hop', '1_compare_integer']
Loaded 8 CLEVR question classes: dict_keys(['1_compare_integer', '1_one_hop', '1_same_relate_restricted', '1_single_or', '1_zero_hop', '2_localization', '2_remove', '2_transform'])
Found language for 2/2 tasks
Found vocabularies of n=[59] for train and n=[62] for test.
============LOGGING TASK_BATCHER============
Task batcher: random_shuffle_ordered_task_batcher
Initializing batcher over tasks: 
train tasks: 191
test tasks: 103
global_batch_size: 32
====================================
random_seed: 111
============LOGGING METADATA============
	iteration: 0
	human_readable: Autogenerated iterative experiment.
	experiment_id: dreamcoder_32
	encoder: LOGO
	init_frontiers_every_iteration: False
	enumeration_timeout: 1800
	tasks_loader: compositional_graphics_200
	task_language_loader: compositional_graphics_200_synthetic
	timestamped_experiment_id: dreamcoder_32
	init_grammar_from_checkpoint: False
	init_frontiers_from_checkpoint: False
	resume_checkpoint_directory: None
	export_with_timestamp: False
	ocaml_special_handler: LOGO
	timestamp: 
	curr_iteration: 0
	global_batch_size: 32
	experiment_name: paperfaithful_init_seed111_20260507
	dsl_description_prefix: This is a domain-specific language for Logo turtle graphics.
	log_directory: experiments_iterative/logs/paperfaithful_init_seed111_20260507/domains/logo/dreamcoder/seed_111/dreamcoder_32
	random_generator: Generator(PCG64)
	export_directory: experiments_iterative/outputs/paperfaithful_init_seed111_20260507/domains/logo/dreamcoder/seed_111/dreamcoder_32
	recognition_train_steps: 10000
	random_seed: 111
====================================
============LOGGING FRONTIERS============
	 total_solved_tasks_train @ iteration 0: 0 / 199
	 total_solved_tasks_test @ iteration 0: 0 / 111
====================================
============LOGGING MODEL_FN============
	iteration: 0
	experiment_block_type: model_fn
	model_type: grammar
	run_every_n_iterations: 1000
	params: {'enumeration_timeout': 1800, 'compute_likelihoods': True}
	task_split: train
	model_fn: infer_programs_for_tasks
	task_batch_size: global_batch_size
task_ids: 32 tasks: 5 sided snowflake with a medium semicircle and a small semicircle as arms -- a big semicircle
====================================
Beginning enumeration on a total of 32 tasks with a total of 32 CPUs.
Disabling parallelism on the Python side because we only have one job.
If you are using ocaml, there could still be parallelism.
(python) Launching turtle -> turtle (32 tasks) w/ 32 CPUs. 0.000000 <= MDL < 1.500000. Timeout 1800.000000.
	(ocaml: 32 CPUs. shatter: 320. |fringe| = 0. |finished| = 0.)
(python) Launching turtle -> turtle (32 tasks) w/ 32 CPUs. 1.500000 <= MDL < 3.000000. Timeout 1799.643031.
	(ocaml: 32 CPUs. shatter: 320. |fringe| = 0. |finished| = 1.)
(python) Launching turtle -> turtle (32 tasks) w/ 32 CPUs. 3.000000 <= MDL < 4.500000. Timeout 1799.276855.
	(ocaml: 32 CPUs. shatter: 320. |fringe| = 0. |finished| = 0.)
(python) Launching turtle -> turtle (32 tasks) w/ 32 CPUs. 4.500000 <= MDL < 6.000000. Timeout 1798.910244.
	(ocaml: 32 CPUs. shatter: 320. |fringe| = 0. |finished| = 2.)
(python) Launching turtle -> turtle (32 tasks) w/ 32 CPUs. 6.000000 <= MDL < 7.500000. Timeout 1798.539267.
	(ocaml: 32 CPUs. shatter: 320. |fringe| = 320. |finished| = 0.)
(python) Launching turtle -> turtle (32 tasks) w/ 32 CPUs. 7.500000 <= MDL < 9.000000. Timeout 1798.004222.
	(ocaml: 32 CPUs. shatter: 320. |fringe| = 320. |finished| = 0.)
(python) Launching turtle -> turtle (32 tasks) w/ 32 CPUs. 9.000000 <= MDL < 10.500000. Timeout 1797.572305.
	(ocaml: 32 CPUs. shatter: 320. |fringe| = 320. |finished| = 0.)
(python) Launching turtle -> turtle (32 tasks) w/ 32 CPUs. 10.500000 <= MDL < 12.000000. Timeout 1797.138599.
	(ocaml: 32 CPUs. shatter: 320. |fringe| = 320. |finished| = 0.)
(python) Launching turtle -> turtle (32 tasks) w/ 32 CPUs. 12.000000 <= MDL < 13.500000. Timeout 1796.703332.
	(ocaml: 32 CPUs. shatter: 320. |fringe| = 320. |finished| = 0.)
(python) Launching turtle -> turtle (30 tasks) w/ 32 CPUs. 13.500000 <= MDL < 15.000000. Timeout 1796.261356.
	(ocaml: 32 CPUs. shatter: 320. |fringe| = 320. |finished| = 0.)
(python) Launching turtle -> turtle (30 tasks) w/ 32 CPUs. 15.000000 <= MDL < 16.500000. Timeout 1795.790413.
	(ocaml: 32 CPUs. shatter: 320. |fringe| = 320. |finished| = 0.)
(python) Launching turtle -> turtle (30 tasks) w/ 32 CPUs. 16.500000 <= MDL < 18.000000. Timeout 1795.102991.
	(ocaml: 32 CPUs. shatter: 320. |fringe| = 320. |finished| = 0.)
(python) Launching turtle -> turtle (29 tasks) w/ 32 CPUs. 18.000000 <= MDL < 19.500000. Timeout 1793.913357.
	(ocaml: 32 CPUs. shatter: 320. |fringe| = 320. |finished| = 0.)
(python) Launching turtle -> turtle (29 tasks) w/ 32 CPUs. 19.500000 <= MDL < 21.000000. Timeout 1788.282998.
	(ocaml: 32 CPUs. shatter: 320. |fringe| = 320. |finished| = 0.)
(python) Launching turtle -> turtle (27 tasks) w/ 32 CPUs. 21.000000 <= MDL < 22.500000. Timeout 1769.782221.
	(ocaml: 32 CPUs. shatter: 320. |fringe| = 320. |finished| = 0.)
(python) Launching turtle -> turtle (27 tasks) w/ 32 CPUs. 22.500000 <= MDL < 24.000000. Timeout 1697.975721.
	(ocaml: 32 CPUs. shatter: 320. |fringe| = 320. |finished| = 0.)
(python) Launching turtle -> turtle (27 tasks) w/ 32 CPUs. 24.000000 <= MDL < 25.500000. Timeout 1309.860483.
	(ocaml: 32 CPUs. shatter: 320. |fringe| = 320. |finished| = 0.)
We enumerated this many programs, for each task:
	 [99654, 161406490, 161406490, 161406490, 161406490, 161406490, 161406490, 161406490, 161406490, 161406490, 1657, 161406490, 161406490, 161406490, 2725528, 161406490, 161406490, 2725528, 161406490, 161406490, 161406490, 161406490, 161406490, 161406490, 161406490, 161406490, 1657, 161406490, 161406490, 161406490, 161406490, 161406490]
Wrote experiments_iterative/outputs/paperfaithful_init_seed111_20260507/domains/logo/dreamcoder/seed_111/dreamcoder_32/0/metrics.json
====================================
iteration: 0
grammar : infer_programs_for_tasks
Completed in 1799.772s
====================================
============LOGGING FRONTIERS============
	 total_solved_tasks_train @ iteration 0: 7 / 199
	 total_solved_tasks_test @ iteration 0: 0 / 111
====================================
============LOGGING MODEL_FN============
	iteration: 0
	experiment_block_type: model_fn
	model_type: amortized_synthesis
	params: {'recognition_train_steps': 10000}
	task_split: train
	model_fn: optimize_model_for_frontiers
	task_batch_size: all
task_ids: 200 tasks: 5 sided snowflake with a medium semicircle and a small semicircle as arms -- 6 sided snowflake with a short space and a short line and a short space and a medium semicircle as arms
====================================
No pre-enumerated helmholtzFrontiers: we will sample randomly during the training loop.
Attempted frontier likelihood normalization. Initial frontiers: 7. Now: 7
(ID=0): Training a recognition model from 7 frontiers, 50% Helmholtz
Feature extractors: [['LogoFeatureCNN']]
(ID=0): Got 0 Helmholtz frontiers - random Helmholtz training? : True
(ID=0): Contextual? True
(ID=0): Bias optimal? True
(ID=0): Aux loss? True (n.b. we train a 'auxiliary' classifier anyway - this controls if gradients propagate back to the future extractor)
Sampling new helmholtz frontiers during training.
Sampling 500 programs from the prior on 32 CPUs...


Got 226/500 valid samples.
We now have 226 Helmholtz entries.
(ID=0):  Epoch 1 Loss 41.34371212550572
(ID=0):  		(real loss):  18.627739906311035 	(dream loss): 50.430101013183595
(ID=0):  	vs MDL (w/o neural net) 41.555734288541416
		(real MDL):  18.599485813612205 	(dream MDL): 50.73823367851308
(ID=0):  	7 cumulative gradient steps. 0.823803 steps/sec
(ID=0):  	27-way auxiliary classification loss 0.6960390635899135
(ID=0):  Epoch 10 Loss 42.593936413053484
(ID=0):  		(real loss):  13.581882600431088 	(dream loss): 64.35297677252028
(ID=0):  	vs MDL (w/o neural net) 44.97601523700361
		(real MDL):  16.380886341874703 	(dream MDL): 66.42236190835028
(ID=0):  	70 cumulative gradient steps. 7.710423 steps/sec
(ID=0):  	27-way auxiliary classification loss 0.6333358623678722
(ID=0):  Epoch 20 Loss 34.44294349125453
(ID=0):  		(real loss):  11.49267465640337 	(dream loss): 63.315862348002774
(ID=0):  	vs MDL (w/o neural net) 38.97207095971155
		(real MDL):  17.47071069962459 	(dream MDL): 66.02216935143385
(ID=0):  	140 cumulative gradient steps. 14.452750 steps/sec
(ID=0):  	27-way auxiliary classification loss 0.563810248885836
(ID=0):  Epoch 30 Loss 38.994691371917725
(ID=0):  		(real loss):  10.515343070030212 	(dream loss): 62.97730046824405
(ID=0):  	vs MDL (w/o neural net) 43.2097427929387
		(real MDL):  16.707584499101138 	(dream MDL): 65.52734977722294
(ID=0):  	210 cumulative gradient steps. 20.369843 steps/sec
(ID=0):  	27-way auxiliary classification loss 0.58229147536414
(ID=0):  Epoch 40 Loss 41.93718596867153
(ID=0):  		(real loss):  9.526322428385416 	(dream loss): 66.24533362388611
(ID=0):  	vs MDL (w/o neural net) 46.777132470419325
		(real MDL):  16.464980299478682 	(dream MDL): 69.5112465986248
(ID=0):  	280 cumulative gradient steps. 25.573857 steps/sec
(ID=0):  	27-way auxiliary classification loss 0.5760339317577226
(ID=0):  Epoch 50 Loss 33.14352554593768
(ID=0):  		(real loss):  9.051451879389147 	(dream loss): 55.89715067545573
(ID=0):  	vs MDL (w/o neural net) 38.834881221744446
		(real MDL):  17.065451099919194 	(dream MDL): 59.39489855902382
(ID=0):  	350 cumulative gradient steps. 30.255658 steps/sec
(ID=0):  	27-way auxiliary classification loss 0.5354289129376412
(ID=0):  Epoch 60 Loss 43.493224314280916
(ID=0):  		(real loss):  8.210742040113969 	(dream loss): 74.96138418042982
(ID=0):  	vs MDL (w/o neural net) 49.63194572404321
		(real MDL):  17.125663984828147 	(dream MDL): 78.62403484280257
(ID=0):  	420 cumulative gradient steps. 34.372103 steps/sec
(ID=0):  	27-way auxiliary classification loss 0.5424671732953616
Sampling new helmholtz frontiers during training.
Sampling 500 programs from the prior on 32 CPUs...


Got 244/500 valid samples.
We now have 244 Helmholtz entries.
(ID=0):  Epoch 70 Loss 27.412572131838118
(ID=0):  		(real loss):  6.9179242014884945 	(dream loss): 54.73876937230428
(ID=0):  	vs MDL (w/o neural net) 34.06265561470692
		(real MDL):  16.435005944439272 	(dream MDL): 57.56618850839711
(ID=0):  	490 cumulative gradient steps. 22.224400 steps/sec
(ID=0):  	27-way auxiliary classification loss 0.49400193733828407
(ID=0):  Epoch 80 Loss 38.54611973762512
(ID=0):  		(real loss):  6.566169323459748 	(dream loss): 63.96608032324375
(ID=0):  	vs MDL (w/o neural net) 44.89345443130184
		(real MDL):  16.710189189119884 	(dream MDL): 67.29553705970288
(ID=0):  	560 cumulative gradient steps. 24.758722 steps/sec
(ID=0):  	27-way auxiliary classification loss 0.5108593741697924
(ID=0):  Epoch 90 Loss 33.46013080051967
(ID=0):  		(real loss):  5.96796590089798 	(dream loss): 56.61142755809583
(ID=0):  	vs MDL (w/o neural net) 40.898617229017006
		(real MDL):  17.41399243799956 	(dream MDL): 60.675143368821196
(ID=0):  	630 cumulative gradient steps. 27.214190 steps/sec
(ID=0):  	27-way auxiliary classification loss 0.46596043519675734
(ID=0):  Epoch 100 Loss 42.12539623805455
(ID=0):  		(real loss):  5.612548051057039 	(dream loss): 65.05206835547159
(ID=0):  	vs MDL (w/o neural net) 48.60284871179665
		(real MDL):  16.336279327644657 	(dream MDL): 68.863252743706
(ID=0):  	700 cumulative gradient steps. 29.526722 steps/sec
(ID=0):  	27-way auxiliary classification loss 0.5292808589924659
(ID=0):  Epoch 110 Loss 36.663464757374356
(ID=0):  		(real loss):  5.787641821680842 	(dream loss): 71.28181168527314
(ID=0):  	vs MDL (w/o neural net) 43.58254636060097
		(real MDL):  17.048791096209914 	(dream MDL): 73.33251438431215
(ID=0):  	770 cumulative gradient steps. 31.765167 steps/sec
(ID=0):  	27-way auxiliary classification loss 0.5293416065829141
(ID=0):  Epoch 120 Loss 34.735276331220355
(ID=0):  		(real loss):  5.706034711889319 	(dream loss): 67.28321390440969
(ID=0):  	vs MDL (w/o neural net) 42.817283402773754
		(real MDL):  17.863188319582488 	(dream MDL): 70.79611728392761
(ID=0):  	840 cumulative gradient steps. 33.904488 steps/sec
(ID=0):  	27-way auxiliary classification loss 0.4424017946634974
Sampling new helmholtz frontiers during training.
Sampling 500 programs from the prior on 32 CPUs...


Got 233/500 valid samples.
We now have 233 Helmholtz entries.
(ID=0):  Epoch 130 Loss 33.75699923379081
(ID=0):  		(real loss):  4.455574367985581 	(dream loss): 59.89070249248196
(ID=0):  	vs MDL (w/o neural net) 41.47948157094574
		(real MDL):  16.875083258013603 	(dream MDL): 63.42394493112848
(ID=0):  	910 cumulative gradient steps. 26.317606 steps/sec
(ID=0):  	27-way auxiliary classification loss 0.44161428975473555
(ID=0):  Epoch 140 Loss 39.57225257328579
(ID=0):  		(real loss):  4.670260531561715 	(dream loss): 62.8402472677685
(ID=0):  	vs MDL (w/o neural net) 46.92044768641982
		(real MDL):  16.811010022755152 	(dream MDL): 66.99340612886292
(ID=0):  	980 cumulative gradient steps. 27.886567 steps/sec
(ID=0):  	27-way auxiliary classification loss 0.46902192583573715
(ID=0):  Epoch 150 Loss 34.26859252112252
(ID=0):  		(real loss):  3.8982998062582577 	(dream loss): 62.95164675182767
(ID=0):  	vs MDL (w/o neural net) 42.934093673468425
		(real MDL):  16.40431410986027 	(dream MDL): 67.98999659465392
(ID=0):  	1050 cumulative gradient steps. 29.436486 steps/sec
(ID=0):  	27-way auxiliary classification loss 0.4131650373738791
(ID=0):  Epoch 160 Loss 28.866450084958757
(ID=0):  		(real loss):  2.83351076566256 	(dream loss): 61.61756729310559
(ID=0):  	vs MDL (w/o neural net) 37.76788347897669
		(real MDL):  15.62855339153325 	(dream MDL): 65.62058907285714
(ID=0):  	1120 cumulative gradient steps. 30.954432 steps/sec
(ID=0):  	27-way auxiliary classification loss 0.3414442746367838
(ID=0):  Epoch 170 Loss 30.944507510321483
(ID=0):  		(real loss):  2.459090477380997 	(dream loss): 66.78099990660145
(ID=0):  	vs MDL (w/o neural net) 39.683270436755905
		(real MDL):  16.017410757556664 	(dream MDL): 69.45644874284527
(ID=0):  	1190 cumulative gradient steps. 32.424849 steps/sec
(ID=0):  	27-way auxiliary classification loss 0.38332632673638206
(ID=0):  Epoch 180 Loss 32.191086060660226
(ID=0):  		(real loss):  3.5495914158068205 	(dream loss): 66.20286095142365
(ID=0):  	vs MDL (w/o neural net) 40.60981422725293
		(real MDL):  16.239506187327898 	(dream MDL): 69.54955502466395
(ID=0):  	1260 cumulative gradient steps. 33.851397 steps/sec
(ID=0):  	27-way auxiliary classification loss 0.3754907836472349
(ID=0):  Epoch 190 Loss 40.94934500285557
(ID=0):  		(real loss):  3.119677196849476 	(dream loss): 74.68931899199615
(ID=0):  	vs MDL (w/o neural net) 50.319603582558784
		(real MDL):  16.700392131453174 	(dream MDL): 80.30430568759891
(ID=0):  	1330 cumulative gradient steps. 35.210217 steps/sec
(ID=0):  	27-way auxiliary classification loss 0.37872826865807707
Sampling new helmholtz frontiers during training.
Sampling 500 programs from the prior on 32 CPUs...


Got 243/500 valid samples.
We now have 243 Helmholtz entries.
(ID=0):  Epoch 200 Loss 30.867493173054285
(ID=0):  		(real loss):  2.997403743939522 	(dream loss): 65.92986374516641
(ID=0):  	vs MDL (w/o neural net) 39.83923474169119
		(real MDL):  16.519491549716374 	(dream MDL): 69.17697617675626
(ID=0):  	1400 cumulative gradient steps. 29.338670 steps/sec
(ID=0):  	27-way auxiliary classification loss 0.42669909430800806
(ID=0):  Epoch 210 Loss 35.00457210540772
(ID=0):  		(real loss):  3.1483623504638674 	(dream loss): 66.86078186035157
(ID=0):  	vs MDL (w/o neural net) 43.87317363367247
		(real MDL):  17.06788770934221 	(dream MDL): 70.67845955800271
(ID=0):  	1470 cumulative gradient steps. 30.451203 steps/sec
(ID=0):  	27-way auxiliary classification loss 0.3827422795817256
(ID=0):  Epoch 220 Loss 40.563699177333284
(ID=0):  		(real loss):  2.477637799580892 	(dream loss): 69.12824521064758
(ID=0):  	vs MDL (w/o neural net) 49.02681639220486
		(real MDL):  17.529802280856373 	(dream MDL): 72.6495769757162
(ID=0):  	1540 cumulative gradient steps. 31.543518 steps/sec
(ID=0):  	27-way auxiliary classification loss 0.4272853097213166
(ID=0):  Epoch 230 Loss 27.88593454360962
(ID=0):  		(real loss):  1.9256490468978882 	(dream loss): 62.49964853922526
(ID=0):  	vs MDL (w/o neural net) 38.24500147299347
		(real MDL):  16.451829556270333 	(dream MDL): 67.30256402862432
(ID=0):  	1610 cumulative gradient steps. 32.633062 steps/sec
(ID=0):  	27-way auxiliary classification loss 0.3116295315192214
(ID=0):  Epoch 240 Loss 30.251957389286588
(ID=0):  		(real loss):  2.240065602695241 	(dream loss): 56.70763296551175
(ID=0):  	vs MDL (w/o neural net) 39.48882493707375
		(real MDL):  17.363527549139768 	(dream MDL): 60.38493913678916
(ID=0):  	1680 cumulative gradient steps. 33.695755 steps/sec
(ID=0):  	27-way auxiliary classification loss 0.35274906466448946
(ID=0):  Epoch 250 Loss 34.33658394132342
(ID=0):  		(real loss):  2.6772476246482446 	(dream loss): 71.93204581737518
(ID=0):  	vs MDL (w/o neural net) 44.32431674905673
		(real MDL):  17.17712746354526 	(dream MDL): 76.56160402560158
(ID=0):  	1750 cumulative gradient steps. 34.728105 steps/sec
(ID=0):  	27-way auxiliary classification loss 0.3526733445269721
(ID=0):  Epoch 260 Loss 18.88778386797224
(ID=0):  		(real loss):  2.029569625854492 	(dream loss): 64.13877999155144
(ID=0):  	vs MDL (w/o neural net) 30.846596392864875
		(real MDL):  16.76940280014158 	(dream MDL): 68.63274761543795
(ID=0):  	1820 cumulative gradient steps. 35.768694 steps/sec
(ID=0):  	27-way auxiliary classification loss 0.19449635690710107
(ID=0):  Epoch 270 Loss 32.16149514062064
(ID=0):  		(real loss):  2.3736380440848213 	(dream loss): 61.94935223715646
(ID=0):  	vs MDL (w/o neural net) 41.52374858039116
		(real MDL):  16.364256507194483 	(dream MDL): 66.68324065358784
(ID=0):  	1890 cumulative gradient steps. 36.762644 steps/sec
(ID=0):  	27-way auxiliary classification loss 0.34992695853247174
Sampling new helmholtz frontiers during training.
Sampling 500 programs from the prior on 32 CPUs...


Got 234/500 valid samples.
We now have 234 Helmholtz entries.
(ID=0):  Epoch 280 Loss 38.789145558221
(ID=0):  		(real loss):  2.6933879534403484 	(dream loss): 65.86096376180649
(ID=0):  	vs MDL (w/o neural net) 46.04648608511126
		(real MDL):  16.04204422564904 	(dream MDL): 68.54981747970793
(ID=0):  	1960 cumulative gradient steps. 31.998725 steps/sec
(ID=0):  	27-way auxiliary classification loss 0.4304170560790226
(ID=0):  Epoch 290 Loss 32.235675021580285
(ID=0):  		(real loss):  1.9971572875976562 	(dream loss): 62.47419275556292
(ID=0):  	vs MDL (w/o neural net) 41.35941441019725
		(real MDL):  16.8916976780844 	(dream MDL): 65.82713114231011
(ID=0):  	2030 cumulative gradient steps. 32.846199 steps/sec
(ID=0):  	27-way auxiliary classification loss 0.3517678656216179
(ID=0):  Epoch 300 Loss 37.3101852280753
(ID=0):  		(real loss):  2.694268989562988 	(dream loss): 63.27212240695953
(ID=0):  	vs MDL (w/o neural net) 45.75019231408968
		(real MDL):  16.686467729242615 	(dream MDL): 67.54798575272494
(ID=0):  	2100 cumulative gradient steps. 33.683761 steps/sec
(ID=0):  	27-way auxiliary classification loss 0.39178401632899684
(ID=0):  Epoch 310 Loss 35.508666719709126
(ID=0):  		(real loss):  3.4104376146870274 	(dream loss): 61.02264370062412
(ID=0):  	vs MDL (w/o neural net) 43.21553122141064
		(real MDL):  17.807614046662646 	(dream MDL): 63.41156795005645
(ID=0):  	2170 cumulative gradient steps. 34.515596 steps/sec
(ID=0):  	27-way auxiliary classification loss 0.41922166917606124
(ID=0):  Epoch 320 Loss 33.465074798039026
(ID=0):  		(real loss):  2.7821328163146974 	(dream loss): 56.47728128433228
(ID=0):  	vs MDL (w/o neural net) 41.434163047763725
		(real MDL):  16.21216960138523 	(dream MDL): 60.350658132547586
(ID=0):  	2240 cumulative gradient steps. 35.332735 steps/sec
(ID=0):  	27-way auxiliary classification loss 0.41089827425395403
(ID=0):  Epoch 330 Loss 40.44575343132019
(ID=0):  		(real loss):  2.4943090597788493 	(dream loss): 68.9093367099762
(ID=0):  	vs MDL (w/o neural net) 49.32006429741588
		(real MDL):  17.429005509172352 	(dream MDL): 73.23835838859853
(ID=0):  	2310 cumulative gradient steps. 36.122450 steps/sec
(ID=0):  	27-way auxiliary classification loss 0.4107438571950687
Sampling new helmholtz frontiers during training.
Sampling 500 programs from the prior on 32 CPUs...


Got 234/500 valid samples.
We now have 234 Helmholtz entries.
(ID=0):  Epoch 340 Loss 29.197363008771624
(ID=0):  		(real loss):  2.6490724507500145 	(dream loss): 54.27074853579203
(ID=0):  	vs MDL (w/o neural net) 38.43573969271548
		(real MDL):  17.118299893949125 	(dream MDL): 58.568877280439274
(ID=0):  	2380 cumulative gradient steps. 32.248873 steps/sec
(ID=0):  	27-way auxiliary classification loss 0.3380599065750305
(ID=0):  Epoch 350 Loss 33.9566138948713
(ID=0):  		(real loss):  2.532191821507045 	(dream loss): 65.38103596823557
(ID=0):  	vs MDL (w/o neural net) 42.50942181293321
		(real MDL):  16.314445481910376 	(dream MDL): 68.70439814395606
(ID=0):  	2450 cumulative gradient steps. 32.950593 steps/sec
(ID=0):  	27-way auxiliary classification loss 0.36502785078981625
(ID=0):  Epoch 360 Loss 29.448417581830707
(ID=0):  		(real loss):  2.2065905493658944 	(dream loss): 59.99228425459428
(ID=0):  	vs MDL (w/o neural net) 39.148460321781876
		(real MDL):  17.406397196066454 	(dream MDL): 63.52592503849309
(ID=0):  	2520 cumulative gradient steps. 33.657529 steps/sec
(ID=0):  	27-way auxiliary classification loss 0.3331617316896362
(ID=0):  Epoch 370 Loss 35.276175062997
(ID=0):  		(real loss):  2.368877649307251 	(dream loss): 70.11919585396262
(ID=0):  	vs MDL (w/o neural net) 44.783536292896954
		(real MDL):  16.492603066347176 	(dream MDL): 74.73864206218495
(ID=0):  	2590 cumulative gradient steps. 34.346127 steps/sec
(ID=0):  	27-way auxiliary classification loss 0.3434295187438173
(ID=0):  Epoch 380 Loss 27.428387001582553
(ID=0):  		(real loss):  1.9762069225311278 	(dream loss): 61.36462710698446
(ID=0):  	vs MDL (w/o neural net) 37.14181472350827
		(real MDL):  16.919660399936305 	(dream MDL): 64.10468715493758
(ID=0):  	2660 cumulative gradient steps. 35.036345 steps/sec
(ID=0):  	27-way auxiliary classification loss 0.3088228695493724
(ID=0):  Epoch 390 Loss 22.231353432791575
(ID=0):  		(real loss):  1.3356383397028997 	(dream loss): 48.519511130548295
(ID=0):  	vs MDL (w/o neural net) 31.837524218742704
		(real MDL):  15.523763828136884 	(dream MDL): 52.361287290795204
(ID=0):  	2730 cumulative gradient steps. 35.723168 steps/sec
(ID=0):  	27-way auxiliary classification loss 0.28251339882179827
(ID=0):  Epoch 400 Loss 34.23397432735988
(ID=0):  		(real loss):  1.638060052054269 	(dream loss): 66.82988860266549
(ID=0):  	vs MDL (w/o neural net) 43.47809503944642
		(real MDL):  17.085462691687876 	(dream MDL): 69.87072738720495
(ID=0):  	2800 cumulative gradient steps. 36.383844 steps/sec
(ID=0):  	27-way auxiliary classification loss 0.3371498864144087
Sampling new helmholtz frontiers during training.
Sampling 500 programs from the prior on 32 CPUs...


Got 241/500 valid samples.
We now have 241 Helmholtz entries.
(ID=0):  Epoch 410 Loss 36.04140802110945
(ID=0):  		(real loss):  1.8133555948734283 	(dream loss): 64.86503111688714
(ID=0):  	vs MDL (w/o neural net) 45.61033315536011
		(real MDL):  16.516919517441288 	(dream MDL): 70.1100499030812
(ID=0):  	2870 cumulative gradient steps. 33.036013 steps/sec
(ID=0):  	27-way auxiliary classification loss 0.36464951818675867
(ID=0):  Epoch 420 Loss 42.66238902636937
(ID=0):  		(real loss):  3.6360011429622254 	(dream loss): 70.26641948048662
(ID=0):  	vs MDL (w/o neural net) 50.132075218679546
		(real MDL):  16.19351215690659 	(dream MDL): 74.13740031115309
(ID=0):  	2940 cumulative gradient steps. 33.614885 steps/sec
(ID=0):  	27-way auxiliary classification loss 0.4589392719191632
(ID=0):  Epoch 430 Loss 24.843352351869857
(ID=0):  		(real loss):  2.1791964353517046 	(dream loss): 60.938119181880246
(ID=0):  	vs MDL (w/o neural net) 33.81094638910318
		(real MDL):  15.926698115428769 	(dream MDL): 62.29326771384387
(ID=0):  	3010 cumulative gradient steps. 34.212658 steps/sec
(ID=0):  	27-way auxiliary classification loss 0.3236436863579521
(ID=0):  Epoch 440 Loss 33.92258817808969
(ID=0):  		(real loss):  1.6761116640908378 	(dream loss): 55.420239187422254
(ID=0):  	vs MDL (w/o neural net) 41.770864092072046
		(real MDL):  14.898856566461703 	(dream MDL): 59.685535775812255
(ID=0):  	3080 cumulative gradient steps. 34.791643 steps/sec
(ID=0):  	27-way auxiliary classification loss 0.3944456066071455
(ID=0):  Epoch 450 Loss 27.293084335327148
(ID=0):  		(real loss):  1.671282536274678 	(dream loss): 56.02055907971931
(ID=0):  	vs MDL (w/o neural net) 37.45834346509077
		(real MDL):  16.862609428635064 	(dream MDL): 60.550530112025925
(ID=0):  	3150 cumulative gradient steps. 35.374529 steps/sec
(ID=0):  	27-way auxiliary classification loss 0.2942580772996215
(ID=0):  Epoch 460 Loss 30.84335366657802
(ID=0):  		(real loss):  1.8988385844875026 	(dream loss): 63.29629481922496
(ID=0):  	vs MDL (w/o neural net) 41.52496542657545
		(real MDL):  17.431707829558125 	(dream MDL): 68.5386178838373
(ID=0):  	3220 cumulative gradient steps. 35.944667 steps/sec
(ID=0):  	27-way auxiliary classification loss 0.29909574780613185
Sampling new helmholtz frontiers during training.
Sampling 500 programs from the prior on 32 CPUs...


Got 222/500 valid samples.
We now have 222 Helmholtz entries.
(ID=0):  Epoch 470 Loss 31.744003534317017
(ID=0):  		(real loss):  1.170518326036858 	(dream loss): 59.01224709845878
(ID=0):  	vs MDL (w/o neural net) 40.77602135845515
		(real MDL):  15.853202401051465 	(dream MDL): 63.00448150965301
(ID=0):  	3290 cumulative gradient steps. 33.080690 steps/sec
(ID=0):  	27-way auxiliary classification loss 0.3389137776003086
(ID=0):  Epoch 480 Loss 27.965234184265135
(ID=0):  		(real loss):  2.02337636445698 	(dream loss): 58.77119034528732
(ID=0):  	vs MDL (w/o neural net) 37.3264838017572
		(real MDL):  16.16898304721907 	(dream MDL): 62.451015947771204
(ID=0):  	3360 cumulative gradient steps. 33.600642 steps/sec
(ID=0):  	27-way auxiliary classification loss 0.31382335420431834
(ID=0):  Epoch 490 Loss 27.56688508987427
(ID=0):  		(real loss):  2.0781110763549804 	(dream loss): 61.55191710789998
(ID=0):  	vs MDL (w/o neural net) 38.021064255581166
		(real MDL):  17.144361149447114 	(dream MDL): 65.85666839709319
(ID=0):  	3430 cumulative gradient steps. 34.123611 steps/sec
(ID=0):  	27-way auxiliary classification loss 0.2839437192106353
(ID=0):  Epoch 500 Loss 27.14520243235997
(ID=0):  		(real loss):  1.4496385786268446 	(dream loss): 73.39721736907958
(ID=0):  	vs MDL (w/o neural net) 39.01283314353148
		(real MDL):  16.462862236197825 	(dream MDL): 79.602780776732
(ID=0):  	3500 cumulative gradient steps. 34.640131 steps/sec
(ID=0):  	27-way auxiliary classification loss 0.22430548591406219
(ID=0):  Epoch 510 Loss 34.36885177067348
(ID=0):  		(real loss):  1.730506181716919 	(dream loss): 61.85377437190006
(ID=0):  	vs MDL (w/o neural net) 43.52401688823569
		(real MDL):  16.029970005817216 	(dream MDL): 66.6768984734302
(ID=0):  	3570 cumulative gradient steps. 35.146434 steps/sec
(ID=0):  	27-way auxiliary classification loss 0.37089644077433537
(ID=0):  Epoch 520 Loss 30.730600077765327
(ID=0):  		(real loss):  2.0239676299848055 	(dream loss): 64.8197261095047
(ID=0):  	vs MDL (w/o neural net) 40.38457334695015
		(real MDL):  16.327937118568475 	(dream MDL): 68.95182886815337
(ID=0):  	3640 cumulative gradient steps. 35.649471 steps/sec
(ID=0):  	27-way auxiliary classification loss 0.3199767783882895
(ID=0):  Epoch 530 Loss 40.02047442027501
(ID=0):  		(real loss):  1.8945495784282684 	(dream loss): 72.12651639235646
(ID=0):  	vs MDL (w/o neural net) 49.52107621523484
		(real MDL):  17.082957409443424 	(dream MDL): 76.83738678853288
(ID=0):  	3710 cumulative gradient steps. 36.136601 steps/sec
(ID=0):  	27-way auxiliary classification loss 0.3502293818696801
Sampling new helmholtz frontiers during training.
Sampling 500 programs from the prior on 32 CPUs...


Got 207/500 valid samples.
We now have 207 Helmholtz entries.
(ID=0):  Epoch 540 Loss 29.462699903760637
(ID=0):  		(real loss):  1.3069674462983103 	(dream loss): 54.57456939284866
(ID=0):  	vs MDL (w/o neural net) 38.23049516660401
		(real MDL):  15.251029625035102 	(dream MDL): 58.72569416313843
(ID=0):  	3780 cumulative gradient steps. 33.667864 steps/sec
(ID=0):  	27-way auxiliary classification loss 0.33709538796517463
(ID=0):  Epoch 550 Loss 35.84113773618426
(ID=0):  		(real loss):  2.067309502632387 	(dream loss): 62.68700120387933
(ID=0):  	vs MDL (w/o neural net) 44.98648812437131
		(real MDL):  16.788135329706538 	(dream MDL): 67.40056342269462
(ID=0):  	3850 cumulative gradient steps. 34.120840 steps/sec
(ID=0):  	27-way auxiliary classification loss 0.3563795945939741
(ID=0):  Epoch 560 Loss 27.088780839102608
(ID=0):  		(real loss):  2.408903799558941 	(dream loss): 56.396134823560715
(ID=0):  	vs MDL (w/o neural net) 36.205593656942106
		(real MDL):  16.68980480374812 	(dream MDL): 59.38059292010999
(ID=0):  	3920 cumulative gradient steps. 34.584007 steps/sec
(ID=0):  	27-way auxiliary classification loss 0.34321278271132283
(ID=0):  Epoch 570 Loss 28.145152718680247
(ID=0):  		(real loss):  1.8798104030330007 	(dream loss): 65.27891254425049
(ID=0):  	vs MDL (w/o neural net) 38.691127575061145
		(real MDL):  17.13500568436376 	(dream MDL): 69.16702404121949
(ID=0):  	3990 cumulative gradient steps. 35.043312 steps/sec
(ID=0):  	27-way auxiliary classification loss 0.28486379770661835
(ID=0):  Epoch 580 Loss 33.59401523045131
(ID=0):  		(real loss):  2.3189881112840443 	(dream loss): 66.70874982721665
(ID=0):  	vs MDL (w/o neural net) 43.17128382676599
		(real MDL):  17.003068663847664 	(dream MDL): 70.87880576397363
(ID=0):  	4060 cumulative gradient steps. 35.492366 steps/sec
(ID=0):  	27-way auxiliary classification loss 0.3467093967599794
(ID=0):  Epoch 590 Loss 36.32774316923959
(ID=0):  		(real loss):  2.931130075454712 	(dream loss): 61.37520298957825
(ID=0):  	vs MDL (w/o neural net) 44.28798065284393
		(real MDL):  15.92571167962966 	(dream MDL): 65.5596823827546
(ID=0):  	4130 cumulative gradient steps. 35.936370 steps/sec
(ID=0):  	27-way auxiliary classification loss 0.39235497952571935
Sampling new helmholtz frontiers during training.
Sampling 500 programs from the prior on 32 CPUs...


Got 249/500 valid samples.
We now have 249 Helmholtz entries.
(ID=0):  Epoch 600 Loss 35.43998629706247
(ID=0):  		(real loss):  1.6874869167804718 	(dream loss): 63.86314366993151
(ID=0):  	vs MDL (w/o neural net) 44.88068410617892
		(real MDL):  15.950645638259031 	(dream MDL): 69.24282176337461
(ID=0):  	4200 cumulative gradient steps. 33.706307 steps/sec
(ID=0):  	27-way auxiliary classification loss 0.34760458160058727
(ID=0):  Epoch 610 Loss 27.342814145769392
(ID=0):  		(real loss):  1.917633005090662 	(dream loss): 55.84983542471221
(ID=0):  	vs MDL (w/o neural net) 37.75733665293716
		(real MDL):  17.288294706958197 	(dream MDL): 60.70747459236815
(ID=0):  	4270 cumulative gradient steps. 34.118379 steps/sec
(ID=0):  	27-way auxiliary classification loss 0.2924271729076281
(ID=0):  Epoch 620 Loss 27.116331618172783
(ID=0):  		(real loss):  1.7491382696689703 	(dream loss): 59.029897443709835
(ID=0):  	vs MDL (w/o neural net) 37.74527962628832
		(real MDL):  17.034021659534005 	(dream MDL): 63.801378358656656
(ID=0):  	4340 cumulative gradient steps. 34.534090 steps/sec
(ID=0):  	27-way auxiliary classification loss 0.274989005766942
(ID=0):  Epoch 630 Loss 26.082626247406004
(ID=0):  		(real loss):  1.402324779613598 	(dream loss): 53.75447940826416
(ID=0):  	vs MDL (w/o neural net) 36.87618195086895
		(real MDL):  17.72400770351774 	(dream MDL): 58.34983186456572
(ID=0):  	4410 cumulative gradient steps. 34.947960 steps/sec
(ID=0):  	27-way auxiliary classification loss 0.29595234694092404
(ID=0):  Epoch 640 Loss 30.36658855165754
(ID=0):  		(real loss):  1.923110008239746 	(dream loss): 57.22987384266324
(ID=0):  	vs MDL (w/o neural net) 40.09690638176082
		(real MDL):  17.28448546343684 	(dream MDL): 61.64197058240011
(ID=0):  	4480 cumulative gradient steps. 35.354687 steps/sec
(ID=0):  	27-way auxiliary classification loss 0.3307093626486936
(ID=0):  Epoch 650 Loss 36.39818924495152
(ID=0):  		(real loss):  3.0168204307556152 	(dream loss): 58.65243512108212
(ID=0):  	vs MDL (w/o neural net) 44.452444499783816
		(real MDL):  15.919454154476886 	(dream MDL): 63.47443806332175
(ID=0):  	4550 cumulative gradient steps. 35.752725 steps/sec
(ID=0):  	27-way auxiliary classification loss 0.40571029904697625
(ID=0):  Epoch 660 Loss 34.110928194863455
(ID=0):  		(real loss):  3.081653118133545 	(dream loss): 57.38288450241089
(ID=0):  	vs MDL (w/o neural net) 42.632683921201725
		(real MDL):  16.616887405531653 	(dream MDL): 62.14453130795425
(ID=0):  	4620 cumulative gradient steps. 36.147808 steps/sec
(ID=0):  	27-way auxiliary classification loss 0.3904780302196741
Sampling new helmholtz frontiers during training.
Sampling 500 programs from the prior on 32 CPUs...


Got 233/500 valid samples.
We now have 233 Helmholtz entries.
(ID=0):  Epoch 670 Loss 23.353310353415353
(ID=0):  		(real loss):  1.721947376544659 	(dream loss): 50.566960550123646
(ID=0):  	vs MDL (w/o neural net) 33.35177048300967
		(real MDL):  16.26708004819873 	(dream MDL): 54.84541328809442
(ID=0):  	4690 cumulative gradient steps. 34.083748 steps/sec
(ID=0):  	27-way auxiliary classification loss 0.31700278457387215
(ID=0):  Epoch 680 Loss 34.840537091663904
(ID=0):  		(real loss):  2.0850660439693565 	(dream loss): 64.05487613420229
(ID=0):  	vs MDL (w/o neural net) 43.7200135197322
		(real MDL):  16.409845125907637 	(dream MDL): 68.07773127638652
(ID=0):  	4760 cumulative gradient steps. 34.456180 steps/sec
(ID=0):  	27-way auxiliary classification loss 0.3783175860016075
(ID=0):  Epoch 690 Loss 32.90879569734846
(ID=0):  		(real loss):  3.0388097286224367 	(dream loss): 55.311285173892976
(ID=0):  	vs MDL (w/o neural net) 41.37840785940947
		(real MDL):  17.9457358262235 	(dream MDL): 58.952911884298956
(ID=0):  	4830 cumulative gradient steps. 34.835125 steps/sec
(ID=0):  	27-way auxiliary classification loss 0.4097767115621537
(ID=0):  Epoch 700 Loss 32.08169024331229
(ID=0):  		(real loss):  1.5841811124016256 	(dream loss): 60.884893311394585
(ID=0):  	vs MDL (w/o neural net) 41.5879056899565
		(real MDL):  16.550135131352672 	(dream MDL): 65.23468899530457
(ID=0):  	4900 cumulative gradient steps. 35.210067 steps/sec
(ID=0):  	27-way auxiliary classification loss 0.3436405883977646
(ID=0):  Epoch 710 Loss 32.90219359397888
(ID=0):  		(real loss):  1.7743456874574934 	(dream loss): 53.654092198326474
(ID=0):  	vs MDL (w/o neural net) 40.58887305164085
		(real MDL):  15.572239898922863 	(dream MDL): 57.26662848678616
(ID=0):  	4970 cumulative gradient steps. 35.581080 steps/sec
(ID=0):  	27-way auxiliary classification loss 0.41441477238466695
(ID=0):  Epoch 720 Loss 37.63372314316886
(ID=0):  		(real loss):  2.9332116718949943 	(dream loss): 62.177987354557686
(ID=0):  	vs MDL (w/o neural net) 46.37328418603839
		(real MDL):  17.014787847207433 	(dream MDL): 67.13904988911392
(ID=0):  	5040 cumulative gradient steps. 35.945863 steps/sec
(ID=0):  	27-way auxiliary classification loss 0.392745598808064
Sampling new helmholtz frontiers during training.
Sampling 500 programs from the prior on 32 CPUs...


Got 248/500 valid samples.
We now have 248 Helmholtz entries.
(ID=0):  Epoch 730 Loss 28.649697753361295
(ID=0):  		(real loss):  1.7332283900334284 	(dream loss): 62.51235275883828
(ID=0):  	vs MDL (w/o neural net) 39.28865690993197
		(real MDL):  18.0627767876607 	(dream MDL): 65.99218351537007
(ID=0):  	5110 cumulative gradient steps. 34.050467 steps/sec
(ID=0):  	27-way auxiliary classification loss 0.30395412962368157
(ID=0):  Epoch 740 Loss 37.59429155077253
(ID=0):  		(real loss):  4.121999365942819 	(dream loss): 59.90915300732567
(ID=0):  	vs MDL (w/o neural net) 44.80289076436626
		(real MDL):  16.79176014772899 	(dream MDL): 63.47697784212445
(ID=0):  	5180 cumulative gradient steps. 34.387176 steps/sec
(ID=0):  	27-way auxiliary classification loss 0.45353506989777087
(ID=0):  Epoch 750 Loss 27.63225725718907
(ID=0):  		(real loss):  1.9627839297783085 	(dream loss): 63.92358161663187
(ID=0):  	vs MDL (w/o neural net) 38.344212195524854
		(real MDL):  16.647063011655234 	(dream MDL): 69.01949207616813
(ID=0):  	5250 cumulative gradient steps. 34.733139 steps/sec
(ID=0):  	27-way auxiliary classification loss 0.2864044701306349
(ID=0):  Epoch 760 Loss 35.28809362820217
(ID=0):  		(real loss):  1.0732572419302804 	(dream loss): 58.09798455238342
(ID=0):  	vs MDL (w/o neural net) 44.63538127430771
		(real MDL):  16.76103280637806 	(dream MDL): 63.218280252927464
(ID=0):  	5320 cumulative gradient steps. 35.070891 steps/sec
(ID=0):  	27-way auxiliary classification loss 0.3573347773594183
(ID=0):  Epoch 770 Loss 32.50212341036115
(ID=0):  		(real loss):  1.457896413029851 	(dream loss): 67.30928701342958
(ID=0):  	vs MDL (w/o neural net) 43.0315608890456
		(real MDL):  17.022035243473002 	(dream MDL): 72.19375630983913
(ID=0):  	5390 cumulative gradient steps. 35.408711 steps/sec
(ID=0):  	27-way auxiliary classification loss 0.30209860606243766
(ID=0):  Epoch 780 Loss 29.250403690338135
(ID=0):  		(real loss):  1.3544534867809666 	(dream loss): 51.42410769829383
(ID=0):  	vs MDL (w/o neural net) 38.544420382731204
		(real MDL):  16.283996429891044 	(dream MDL): 56.238603524732355
(ID=0):  	5460 cumulative gradient steps. 35.746543 steps/sec
(ID=0):  	27-way auxiliary classification loss 0.3433368079197992
(ID=0):  Epoch 790 Loss 29.240847396850587
(ID=0):  		(real loss):  1.3258475226324957 	(dream loss): 60.53948361945875
(ID=0):  	vs MDL (w/o neural net) 39.32842938893559
		(real MDL):  16.436194373329176 	(dream MDL): 64.99548077007007
(ID=0):  	5530 cumulative gradient steps. 36.081687 steps/sec
(ID=0):  	27-way auxiliary classification loss 0.2972349479861025
Sampling new helmholtz frontiers during training.
Sampling 500 programs from the prior on 32 CPUs...


Got 219/500 valid samples.
We now have 219 Helmholtz entries.
(ID=0):  Epoch 800 Loss 27.766557965959823
(ID=0):  		(real loss):  1.4646420001983642 	(dream loss): 62.83577925364177
(ID=0):  	vs MDL (w/o neural net) 38.69931785235062
		(real MDL):  16.781940154928584 	(dream MDL): 67.92248811558002
(ID=0):  	5600 cumulative gradient steps. 34.351172 steps/sec
(ID=0):  	27-way auxiliary classification loss 0.26592976522266065
(ID=0):  Epoch 810 Loss 36.99739234788077
(ID=0):  		(real loss):  1.8298048655192056 	(dream loss): 63.373082959651946
(ID=0):  	vs MDL (w/o neural net) 47.034801552396544
		(real MDL):  18.721669110156565 	(dream MDL): 68.26965088407653
(ID=0):  	5670 cumulative gradient steps. 34.656875 steps/sec
(ID=0):  	27-way auxiliary classification loss 0.349531003590008
(ID=0):  Epoch 820 Loss 30.007433237348284
(ID=0):  		(real loss):  1.617843680911594 	(dream loss): 60.06699865004595
(ID=0):  	vs MDL (w/o neural net) 40.22444808129698
		(real MDL):  17.271518082302343 	(dream MDL): 64.5275504331736
(ID=0):  	5740 cumulative gradient steps. 34.964015 steps/sec
(ID=0):  	27-way auxiliary classification loss 0.308833235216194
(ID=0):  Epoch 830 Loss 37.260378571919034
(ID=0):  		(real loss):  2.300539216687602 	(dream loss): 65.04896882864145
(ID=0):  	vs MDL (w/o neural net) 46.04780093694215
		(real MDL):  16.85484370237528 	(dream MDL): 69.25245925159787
(ID=0):  	5810 cumulative gradient steps. 35.263891 steps/sec
(ID=0):  	27-way auxiliary classification loss 0.38438921649108776
(ID=0):  Epoch 840 Loss 33.49452877044678
(ID=0):  		(real loss):  1.592272036003344 	(dream loss): 61.94789288495038
(ID=0):  	vs MDL (w/o neural net) 43.76752527142459
		(real MDL):  16.96486745342823 	(dream MDL): 67.67259846044836
(ID=0):  	5880 cumulative gradient steps. 35.563345 steps/sec
(ID=0):  	27-way auxiliary classification loss 0.3144050294196599
(ID=0):  Epoch 850 Loss 28.38682313646589
(ID=0):  		(real loss):  1.2774815308420282 	(dream loss): 60.579166293144226
(ID=0):  	vs MDL (w/o neural net) 39.74901307505944
		(real MDL):  17.350464379381418 	(dream MDL): 66.34728965117708
(ID=0):  	5950 cumulative gradient steps. 35.863511 steps/sec
(ID=0):  	27-way auxiliary classification loss 0.26842195670739916
Sampling new helmholtz frontiers during training.
Sampling 500 programs from the prior on 32 CPUs...


Got 242/500 valid samples.
We now have 242 Helmholtz entries.
(ID=0):  Epoch 860 Loss 26.42452827862331
(ID=0):  		(real loss):  1.033092009715545 	(dream loss): 58.36859326208791
(ID=0):  	vs MDL (w/o neural net) 37.23691981577803
		(real MDL):  16.555953519661255 	(dream MDL): 63.25490967218301
(ID=0):  	6020 cumulative gradient steps. 34.203302 steps/sec
(ID=0):  	27-way auxiliary classification loss 0.2696915618996302
(ID=0):  Epoch 870 Loss 33.761758068629675
(ID=0):  		(real loss):  1.4088281525505915 	(dream loss): 68.017801509184
(ID=0):  	vs MDL (w/o neural net) 44.37022692540488
		(real MDL):  17.513953794112815 	(dream MDL): 72.80628082912587
(ID=0):  	6090 cumulative gradient steps. 34.492376 steps/sec
(ID=0):  	27-way auxiliary classification loss 0.3184918122736105
(ID=0):  Epoch 880 Loss 29.544107968466623
(ID=0):  		(real loss):  1.5973978315080914 	(dream loss): 57.490818105425156
(ID=0):  	vs MDL (w/o neural net) 39.223820401335345
		(real MDL):  16.55998084341515 	(dream MDL): 61.88765995925553
(ID=0):  	6160 cumulative gradient steps. 34.787511 steps/sec
(ID=0):  	27-way auxiliary classification loss 0.3227161999650499
(ID=0):  Epoch 890 Loss 37.2746476990836
(ID=0):  		(real loss):  1.3919373512268067 	(dream loss): 64.1866804599762
(ID=0):  	vs MDL (w/o neural net) 47.38889165010312
		(real MDL):  17.934520085002795 	(dream MDL): 69.47967032392836
(ID=0):  	6230 cumulative gradient steps. 35.075218 steps/sec
(ID=0):  	27-way auxiliary classification loss 0.35108244787302934
(ID=0):  Epoch 900 Loss 34.69637994766235
(ID=0):  		(real loss):  1.4859469153664329 	(dream loss): 64.31649589538574
(ID=0):  	vs MDL (w/o neural net) 43.80812521221039
		(real MDL):  16.39166266522368 	(dream MDL): 68.26064586222556
(ID=0):  	6300 cumulative gradient steps. 35.362681 steps/sec
(ID=0):  	27-way auxiliary classification loss 0.3642494330748117
(ID=0):  Epoch 910 Loss 32.52249340329851
(ID=0):  		(real loss):  2.3464619053734674 	(dream loss): 64.4735855775721
(ID=0):  	vs MDL (w/o neural net) 42.35022212405563
		(real MDL):  17.461716614442057 	(dream MDL): 68.70275736952883
(ID=0):  	6370 cumulative gradient steps. 35.650353 steps/sec
(ID=0):  	27-way auxiliary classification loss 0.3408382949552366
(ID=0):  Epoch 920 Loss 29.588856642586844
(ID=0):  		(real loss):  1.1415874832554866 	(dream loss): 63.36998876929283
(ID=0):  	vs MDL (w/o neural net) 38.90909473699354
		(real MDL):  15.26686423303272 	(dream MDL): 66.98424346044699
(ID=0):  	6440 cumulative gradient steps. 35.937754 steps/sec
(ID=0):  	27-way auxiliary classification loss 0.30031105098148275
Sampling new helmholtz frontiers during training.
Sampling 500 programs from the prior on 32 CPUs...


Got 244/500 valid samples.
We now have 244 Helmholtz entries.
(ID=0):  Epoch 930 Loss 39.18834424700056
(ID=0):  		(real loss):  0.9261982991145208 	(dream loss): 61.79779412529685
(ID=0):  	vs MDL (w/o neural net) 48.30774198932214
		(real MDL):  16.45979144951159 	(dream MDL): 67.12698549011925
(ID=0):  	6510 cumulative gradient steps. 34.422872 steps/sec
(ID=0):  	27-way auxiliary classification loss 0.36832386229320296
(ID=0):  Epoch 940 Loss 30.605757774625506
(ID=0):  		(real loss):  1.004244327545166 	(dream loss): 61.948536718592926
(ID=0):  	vs MDL (w/o neural net) 41.27709076161237
		(real MDL):  16.43673412662597 	(dream MDL): 67.5786448457156
(ID=0):  	6580 cumulative gradient steps. 34.693193 steps/sec
(ID=0):  	27-way auxiliary classification loss 0.28472455692743615
(ID=0):  Epoch 950 Loss 43.08263442175729
(ID=0):  		(real loss):  1.5118703842163086 	(dream loss): 62.135901272296906
(ID=0):  	vs MDL (w/o neural net) 51.18551691913117
		(real MDL):  16.789996045521836 	(dream MDL): 66.95013065286876
(ID=0):  	6650 cumulative gradient steps. 34.961254 steps/sec
(ID=0):  	27-way auxiliary classification loss 0.4048706958003874
(ID=0):  Epoch 960 Loss 33.593931021009176
(ID=0):  		(real loss):  1.1942788459159233 	(dream loss): 69.9208137627804
(ID=0):  	vs MDL (w/o neural net) 44.2024483785162
		(real MDL):  16.25310724126546 	(dream MDL): 75.53958844149429
(ID=0):  	6720 cumulative gradient steps. 35.231952 steps/sec
(ID=0):  	27-way auxiliary classification loss 0.2992893752475668
(ID=0):  Epoch 970 Loss 29.895685631888252
(ID=0):  		(real loss):  1.620860400952791 	(dream loss): 63.472040593624115
(ID=0):  	vs MDL (w/o neural net) 39.5781724440237
		(real MDL):  17.10288065074502 	(dream MDL): 66.26758144854216
(ID=0):  	6790 cumulative gradient steps. 35.504122 steps/sec
(ID=0):  	27-way auxiliary classification loss 0.3154918902636772
(ID=0):  Epoch 980 Loss 33.427251189095635
(ID=0):  		(real loss):  1.2946632703145344 	(dream loss): 67.44999133839326
(ID=0):  	vs MDL (w/o neural net) 44.000911225441584
		(real MDL):  16.543145115411328 	(dream MDL): 73.07384004782655
(ID=0):  	6860 cumulative gradient steps. 35.771463 steps/sec
(ID=0):  	27-way auxiliary classification loss 0.30160412318738444
Sampling new helmholtz frontiers during training.
Sampling 500 programs from the prior on 32 CPUs...


Got 219/500 valid samples.
We now have 219 Helmholtz entries.
(ID=0):  Epoch 990 Loss 39.31099783352443
(ID=0):  		(real loss):  1.8258742888768513 	(dream loss): 58.868453595949255
(ID=0):  	vs MDL (w/o neural net) 47.45567503931394
		(real MDL):  18.047680635965268 	(dream MDL): 62.798976467147995
(ID=0):  	6930 cumulative gradient steps. 34.373621 steps/sec
(ID=0):  	27-way auxiliary classification loss 0.4297490320151805
(ID=0):  Epoch 1000 Loss 33.6504424231393
(ID=0):  		(real loss):  1.4776030949183874 	(dream loss): 65.82328175136021
(ID=0):  	vs MDL (w/o neural net) 43.64635641763392
		(real MDL):  16.234050416291943 	(dream MDL): 71.05866241897586
(ID=0):  	7000 cumulative gradient steps. 34.624451 steps/sec
(ID=0):  	27-way auxiliary classification loss 0.317893659697646
(ID=0):  Epoch 1010 Loss 37.03123801095145
(ID=0):  		(real loss):  1.262920767068863 	(dream loss): 67.15192621632626
(ID=0):  	vs MDL (w/o neural net) 46.80752885638061
		(real MDL):  16.091015685155316 	(dream MDL): 72.6740662637282
(ID=0):  	7070 cumulative gradient steps. 34.875994 steps/sec
(ID=0):  	27-way auxiliary classification loss 0.335862147743215
(ID=0):  Epoch 1020 Loss 34.946799060276575
(ID=0):  		(real loss):  1.1819034699470765 	(dream loss): 61.78556222182054
(ID=0):  	vs MDL (w/o neural net) 44.28733412773433
		(real MDL):  16.346767725021863 	(dream MDL): 66.49650229399296
(ID=0):  	7140 cumulative gradient steps. 35.128120 steps/sec
(ID=0):  	27-way auxiliary classification loss 0.3324210075927632
(ID=0):  Epoch 1030 Loss 34.38293307168143
(ID=0):  		(real loss):  1.5326071789390163 	(dream loss): 73.39269506931305
(ID=0):  	vs MDL (w/o neural net) 45.559524946396806
		(real MDL):  16.56274391592438 	(dream MDL): 79.9932024200828
(ID=0):  	7210 cumulative gradient steps. 35.378236 steps/sec
(ID=0):  	27-way auxiliary classification loss 0.27876044635860514
(ID=0):  Epoch 1040 Loss 25.535581602369035
(ID=0):  		(real loss):  1.4901678185713918 	(dream loss): 54.08951047062874
(ID=0):  	vs MDL (w/o neural net) 35.9056475288653
		(real MDL):  16.924611601104033 	(dream MDL): 58.4456276930818
(ID=0):  	7280 cumulative gradient steps. 35.632022 steps/sec
(ID=0):  	27-way auxiliary classification loss 0.2935314257704054
Sampling new helmholtz frontiers during training.
Sampling 500 programs from the prior on 32 CPUs...


Got 249/500 valid samples.
We now have 249 Helmholtz entries.
(ID=0):  Epoch 1050 Loss 41.20618975503104
(ID=0):  		(real loss):  1.3786222751323993 	(dream loss): 64.74066144769841
(ID=0):  	vs MDL (w/o neural net) 49.59451716248204
		(real MDL):  16.108822889371755 	(dream MDL): 69.3815183238654
(ID=0):  	7350 cumulative gradient steps. 34.321457 steps/sec
(ID=0):  	27-way auxiliary classification loss 0.40882190200084423
(ID=0):  Epoch 1060 Loss 34.15675948687962
(ID=0):  		(real loss):  2.296242907643318 	(dream loss): 60.98666818518387
(ID=0):  	vs MDL (w/o neural net) 43.268726038555606
		(real MDL):  16.562320616523557 	(dream MDL): 65.75833060447732
(ID=0):  	7420 cumulative gradient steps. 34.554561 steps/sec
(ID=0):  	27-way auxiliary classification loss 0.35112605284500337
(ID=0):  Epoch 1070 Loss 28.71999739238194
(ID=0):  		(real loss):  2.010200528537526 	(dream loss): 53.94591665267944
(ID=0):  	vs MDL (w/o neural net) 38.20722862413537
		(real MDL):  17.34329085347005 	(dream MDL): 57.912058740874805
(ID=0):  	7490 cumulative gradient steps. 34.795768 steps/sec
(ID=0):  	27-way auxiliary classification loss 0.35445134255902044
(ID=0):  Epoch 1080 Loss 29.76072119304112
(ID=0):  		(real loss):  1.5981916036361303 	(dream loss): 65.19100035390547
(ID=0):  	vs MDL (w/o neural net) 40.23405581934899
		(real MDL):  16.578207805496902 	(dream MDL): 69.99463880451775
(ID=0):  	7560 cumulative gradient steps. 35.036676 steps/sec
(ID=0):  	27-way auxiliary classification loss 0.3075455048454127
(ID=0):  Epoch 1090 Loss 33.05779284068516
(ID=0):  		(real loss):  1.2591231851016773 	(dream loss): 63.08986973762512
(ID=0):  	vs MDL (w/o neural net) 42.920078310038
		(real MDL):  16.27027842804882 	(dream MDL): 68.08933375413889
(ID=0):  	7630 cumulative gradient steps. 35.274258 steps/sec
(ID=0):  	27-way auxiliary classification loss 0.33550786171773717
(ID=0):  Epoch 1100 Loss 37.65393934249878
(ID=0):  		(real loss):  3.6240953763326007 	(dream loss): 63.176322317123415
(ID=0):  	vs MDL (w/o neural net) 46.18858396329172
		(real MDL):  16.822945881316688 	(dream MDL): 68.21281252477296
(ID=0):  	7700 cumulative gradient steps. 35.509452 steps/sec
(ID=0):  	27-way auxiliary classification loss 0.41068009603768585
(ID=0):  Epoch 1110 Loss 32.14128600529262
(ID=0):  		(real loss):  1.9165434539318085 	(dream loss): 57.593700785385934
(ID=0):  	vs MDL (w/o neural net) 41.524655829547186
		(real MDL):  17.51481829470681 	(dream MDL): 61.743466385202225
(ID=0):  	7770 cumulative gradient steps. 35.745451 steps/sec
(ID=0):  	27-way auxiliary classification loss 0.36102364400950526
Sampling new helmholtz frontiers during training.
Sampling 500 programs from the prior on 32 CPUs...


Got 214/500 valid samples.
We now have 214 Helmholtz entries.
(ID=0):  Epoch 1120 Loss 30.657528373173307
(ID=0):  		(real loss):  2.3204781214396157 	(dream loss): 60.66146393383251
(ID=0):  	vs MDL (w/o neural net) 40.19285400943773
		(real MDL):  16.863532930190722 	(dream MDL): 64.89448809334631
(ID=0):  	7840 cumulative gradient steps. 34.548554 steps/sec
(ID=0):  	27-way auxiliary classification loss 0.36380233408251245
(ID=0):  Epoch 1130 Loss 34.155762972150534
(ID=0):  		(real loss):  1.8586117029190063 	(dream loss): 61.35336404097708
(ID=0):  	vs MDL (w/o neural net) 43.41125727492191
		(real MDL):  16.237850458401027 	(dream MDL): 66.29412617304475
(ID=0):  	7910 cumulative gradient steps. 34.771404 steps/sec
(ID=0):  	27-way auxiliary classification loss 0.35009295589157513
(ID=0):  Epoch 1140 Loss 28.044771357945034
(ID=0):  		(real loss):  1.7435089013515375 	(dream loss): 61.133456383982015
(ID=0):  	vs MDL (w/o neural net) 38.50402631459126
		(real MDL):  16.816992514425603 	(dream MDL): 65.78771399867061
(ID=0):  	7980 cumulative gradient steps. 34.999595 steps/sec
(ID=0):  	27-way auxiliary classification loss 0.2983909391665033
(ID=0):  Epoch 1150 Loss 34.39243619101388
(ID=0):  		(real loss):  1.5825666145042137 	(dream loss): 54.99398220417111
(ID=0):  	vs MDL (w/o neural net) 42.85113460035716
		(real MDL):  16.5597127765896 	(dream MDL): 59.35970179202518
(ID=0):  	8050 cumulative gradient steps. 35.223704 steps/sec
(ID=0):  	27-way auxiliary classification loss 0.3877054578973912
(ID=0):  Epoch 1160 Loss 26.90916543688093
(ID=0):  		(real loss):  1.4038370644173972 	(dream loss): 62.968422791053506
(ID=0):  	vs MDL (w/o neural net) 38.94297850243354
		(real MDL):  18.018839374329474 	(dream MDL): 68.5253820973393
(ID=0):  	8120 cumulative gradient steps. 35.449662 steps/sec
(ID=0):  	27-way auxiliary classification loss 0.26150312273696596
(ID=0):  Epoch 1170 Loss 31.849338000161307
(ID=0):  		(real loss):  2.055590208838968 	(dream loss): 59.98787758085463
(ID=0):  	vs MDL (w/o neural net) 41.79099923506846
		(real MDL):  17.645306948940913 	(dream MDL): 64.59526417196668
(ID=0):  	8190 cumulative gradient steps. 35.672454 steps/sec
(ID=0):  	27-way auxiliary classification loss 0.3295196563304801
Sampling new helmholtz frontiers during training.
Sampling 500 programs from the prior on 32 CPUs...


Got 253/500 valid samples.
We now have 253 Helmholtz entries.
(ID=0):  Epoch 1180 Loss 32.16951934269496
(ID=0):  		(real loss):  1.3500662446022034 	(dream loss): 58.122743004246765
(ID=0):  	vs MDL (w/o neural net) 41.59866455847664
		(real MDL):  15.501569282071678 	(dream MDL): 63.57516584387029
(ID=0):  	8260 cumulative gradient steps. 34.527570 steps/sec
(ID=0):  	27-way auxiliary classification loss 0.3262144786122787
(ID=0):  Epoch 1190 Loss 27.635833045414515
(ID=0):  		(real loss):  1.4383261998494465 	(dream loss): 55.37436970542459
(ID=0):  	vs MDL (w/o neural net) 37.49246881698915
		(real MDL):  15.929779539757314 	(dream MDL): 60.32355158111698
(ID=0):  	8330 cumulative gradient steps. 34.741279 steps/sec
(ID=0):  	27-way auxiliary classification loss 0.2955532933152946
(ID=0):  Epoch 1200 Loss 34.05054288591657
(ID=0):  		(real loss):  1.470613181591034 	(dream loss): 61.48627316324335
(ID=0):  	vs MDL (w/o neural net) 43.90372184900454
		(real MDL):  17.046991275939128 	(dream MDL): 66.51991601579647
(ID=0):  	8400 cumulative gradient steps. 34.955626 steps/sec
(ID=0):  	27-way auxiliary classification loss 0.3267992289936436
(ID=0):  Epoch 1210 Loss 25.292114857264927
(ID=0):  		(real loss):  1.4751842410065408 	(dream loss): 63.222782135009766
(ID=0):  	vs MDL (w/o neural net) 37.20757596651026
		(real MDL):  17.47454229305582 	(dream MDL): 68.634259224234
(ID=0):  	8470 cumulative gradient steps. 35.172428 steps/sec
(ID=0):  	27-way auxiliary classification loss 0.23789616458650145
(ID=0):  Epoch 1220 Loss 36.50167067391532
(ID=0):  		(real loss):  1.0768481223813948 	(dream loss): 64.65986295846793
(ID=0):  	vs MDL (w/o neural net) 45.97650043455536
		(real MDL):  16.091118042489768 	(dream MDL): 69.73154797696644
(ID=0):  	8540 cumulative gradient steps. 35.383198 steps/sec
(ID=0):  	27-way auxiliary classification loss 0.32122672025912574
(ID=0):  Epoch 1230 Loss 32.34824627467564
(ID=0):  		(real loss):  1.6903603582671194 	(dream loss): 59.691766146067025
(ID=0):  	vs MDL (w/o neural net) 41.46674708524811
		(real MDL):  16.94262596327429 	(dream MDL): 63.339611869711256
(ID=0):  	8610 cumulative gradient steps. 35.594983 steps/sec
(ID=0):  	27-way auxiliary classification loss 0.3685323921098773
(ID=0):  Epoch 1240 Loss 28.993232004983085
(ID=0):  		(real loss):  1.2944673488014622 	(dream loss): 61.88551503419876
(ID=0):  	vs MDL (w/o neural net) 38.95335189250019
		(real MDL):  16.26646723704873 	(dream MDL): 65.8940274208488
(ID=0):  	8680 cumulative gradient steps. 35.806631 steps/sec
(ID=0):  	27-way auxiliary classification loss 0.3169389514310751
(ID=0):  Epoch 1250 Loss 29.674626323154996
(ID=0):  		(real loss):  1.2117141617669 	(dream loss): 59.811827435212976
(ID=0):  	vs MDL (w/o neural net) 39.64799955164506
		(real MDL):  16.474119930694993 	(dream MDL): 64.18504856206279
(ID=0):  	8750 cumulative gradient steps. 36.017365 steps/sec
(ID=0):  	27-way auxiliary classification loss 0.30177858202202645
Sampling new helmholtz frontiers during training.
Sampling 500 programs from the prior on 32 CPUs...


Got 248/500 valid samples.
We now have 248 Helmholtz entries.
(ID=0):  Epoch 1260 Loss 35.069595963614326
(ID=0):  		(real loss):  1.4255934534846126 	(dream loss): 72.7916593840628
(ID=0):  	vs MDL (w/o neural net) 45.7256629654185
		(real MDL):  16.584877027668227 	(dream MDL): 78.39866538047187
(ID=0):  	8820 cumulative gradient steps. 34.879519 steps/sec
(ID=0):  	27-way auxiliary classification loss 0.28948224535062245
(ID=0):  Epoch 1270 Loss 34.23490339006696
(ID=0):  		(real loss):  1.101303700038365 	(dream loss): 67.36850308009556
(ID=0):  	vs MDL (w/o neural net) 45.05483421163183
		(real MDL):  17.240897934793786 	(dream MDL): 72.86877048846986
(ID=0):  	8890 cumulative gradient steps. 35.077478 steps/sec
(ID=0):  	27-way auxiliary classification loss 0.30914013650201794
(ID=0):  Epoch 1280 Loss 37.122335706438335
(ID=0):  		(real loss):  1.2394053595406669 	(dream loss): 61.04428927103678
(ID=0):  	vs MDL (w/o neural net) 46.92375742506132
		(real MDL):  17.304990269085962 	(dream MDL): 66.66960219571155
(ID=0):  	8960 cumulative gradient steps. 35.276713 steps/sec
(ID=0):  	27-way auxiliary classification loss 0.35602918948446
(ID=0):  Epoch 1290 Loss 25.796212782178607
(ID=0):  		(real loss):  1.407415536733774 	(dream loss): 56.47889318773824
(ID=0):  	vs MDL (w/o neural net) 35.70102372610048
		(real MDL):  16.03084391963884 	(dream MDL): 60.44737896648771
(ID=0):  	9030 cumulative gradient steps. 35.480714 steps/sec
(ID=0):  	27-way auxiliary classification loss 0.2786509473442233
(ID=0):  Epoch 1300 Loss 41.28773495810373
(ID=0):  		(real loss):  1.7362555397881403 	(dream loss): 66.12238482541817
(ID=0):  	vs MDL (w/o neural net) 50.851772814644136
		(real MDL):  17.660575804644868 	(dream MDL): 71.69275698371342
(ID=0):  	9100 cumulative gradient steps. 35.677352 steps/sec
(ID=0):  	27-way auxiliary classification loss 0.3701143900664257
(ID=0):  Epoch 1310 Loss 29.804419803619385
(ID=0):  		(real loss):  3.106857119379817 	(dream loss): 59.7380506920092
(ID=0):  	vs MDL (w/o neural net) 39.32654010024404
		(real MDL):  16.805784755909205 	(dream MDL): 64.57708397116492
(ID=0):  	9170 cumulative gradient steps. 35.878480 steps/sec
(ID=0):  	27-way auxiliary classification loss 0.33752139842877765
(ID=0):  Epoch 1320 Loss 27.179456397465298
(ID=0):  		(real loss):  2.215771577297113 	(dream loss): 58.58538246154785
(ID=0):  	vs MDL (w/o neural net) 37.00270841204851
		(real MDL):  17.16821043557312 	(dream MDL): 61.95578651148532
(ID=0):  	9240 cumulative gradient steps. 36.079679 steps/sec
(ID=0):  	27-way auxiliary classification loss 0.324908447861422
Sampling new helmholtz frontiers during training.
Sampling 500 programs from the prior on 32 CPUs...


Got 237/500 valid samples.
We now have 237 Helmholtz entries.
(ID=0):  Epoch 1330 Loss 26.476214858463834
(ID=0):  		(real loss):  1.7938560625401938 	(dream loss): 61.37196350097656
(ID=0):  	vs MDL (w/o neural net) 36.989408551299
		(real MDL):  16.47530399137774 	(dream MDL): 65.99210810153252
(ID=0):  	9310 cumulative gradient steps. 35.015848 steps/sec
(ID=0):  	27-way auxiliary classification loss 0.3047791668366699
(ID=0):  Epoch 1340 Loss 37.861307689121794
(ID=0):  		(real loss):  1.2869080225626628 	(dream loss): 65.29210743904113
(ID=0):  	vs MDL (w/o neural net) 47.05244828595847
		(real MDL):  16.12309201023951 	(dream MDL): 70.24946549274766
(ID=0):  	9380 cumulative gradient steps. 35.203834 steps/sec
(ID=0):  	27-way auxiliary classification loss 0.38745556785220936
(ID=0):  Epoch 1350 Loss 38.97179523195539
(ID=0):  		(real loss):  1.9830108324686686 	(dream loss): 66.71338353157043
(ID=0):  	vs MDL (w/o neural net) 48.19463968478632
		(real MDL):  16.066906483779523 	(dream MDL): 72.29043958554138
(ID=0):  	9450 cumulative gradient steps. 35.394354 steps/sec
(ID=0):  	27-way auxiliary classification loss 0.3751382549492908
(ID=0):  Epoch 1360 Loss 28.83275111062186
(ID=0):  		(real loss):  1.7091640101538763 	(dream loss): 57.55184333464678
(ID=0):  	vs MDL (w/o neural net) 38.115865980611204
		(real MDL):  16.05827369179039 	(dream MDL): 61.470963698186175
(ID=0):  	9520 cumulative gradient steps. 35.588371 steps/sec
(ID=0):  	27-way auxiliary classification loss 0.3284913915425672
(ID=0):  Epoch 1370 Loss 33.179798344203405
(ID=0):  		(real loss):  1.5270638602120536 	(dream loss): 64.83253282819476
(ID=0):  	vs MDL (w/o neural net) 43.55090041313509
		(real MDL):  17.293980326189658 	(dream MDL): 69.80782050008055
(ID=0):  	9590 cumulative gradient steps. 35.779715 steps/sec
(ID=0):  	27-way auxiliary classification loss 0.3118078576201307
(ID=0):  Epoch 1380 Loss 37.77699527740479
(ID=0):  		(real loss):  2.149777465396457 	(dream loss): 60.14757390354955
(ID=0):  	vs MDL (w/o neural net) 46.492621991141846
		(real MDL):  17.17818489903337 	(dream MDL): 64.8993615606053
(ID=0):  	9660 cumulative gradient steps. 35.968433 steps/sec
(ID=0):  	27-way auxiliary classification loss 0.3911036601423153
Sampling new helmholtz frontiers during training.
Sampling 500 programs from the prior on 32 CPUs...


Got 239/500 valid samples.
We now have 239 Helmholtz entries.
(ID=0):  Epoch 1390 Loss 32.20511063167027
(ID=0):  		(real loss):  1.1861506953383938 	(dream loss): 59.87066949380411
(ID=0):  	vs MDL (w/o neural net) 41.871190773145045
		(real MDL):  15.568105986258036 	(dream MDL): 65.33069882631453
(ID=0):  	9730 cumulative gradient steps. 34.944891 steps/sec
(ID=0):  	27-way auxiliary classification loss 0.3168478211670715
(ID=0):  Epoch 1400 Loss 36.08904982975551
(ID=0):  		(real loss):  1.4807598360123173 	(dream loss): 63.59820341452574
(ID=0):  	vs MDL (w/o neural net) 46.36367033154289
		(real MDL):  17.576024613934244 	(dream MDL): 69.24615795323179
(ID=0):  	9800 cumulative gradient steps. 35.125483 steps/sec
(ID=0):  	27-way auxiliary classification loss 0.32049140793387776
(ID=0):  Epoch 1410 Loss 34.52235373769488
(ID=0):  		(real loss):  2.1067563747537545 	(dream loss): 57.45045918953128
(ID=0):  	vs MDL (w/o neural net) 42.648244965076024
		(real MDL):  16.29752427969131 	(dream MDL): 61.286559596201805
(ID=0):  	9870 cumulative gradient steps. 35.309247 steps/sec
(ID=0):  	27-way auxiliary classification loss 0.3899871871025035
(ID=0):  Epoch 1420 Loss 40.09054079736982
(ID=0):  		(real loss):  1.8134434620539348 	(dream loss): 60.06120027666507
(ID=0):  	vs MDL (w/o neural net) 48.51379974511381
		(real MDL):  17.209026511601717 	(dream MDL): 64.84672491042444
(ID=0):  	9940 cumulative gradient steps. 35.490098 steps/sec
(ID=0):  	27-way auxiliary classification loss 0.4246197886365865
(ID=0):   Trained recognition model in 280.55493211746216 seconds
Wrote experiments_iterative/outputs/paperfaithful_init_seed111_20260507/domains/logo/dreamcoder/seed_111/dreamcoder_32/0/metrics.json
====================================
iteration: 0
amortized_synthesis : optimize_model_for_frontiers
Completed in 280.583s
====================================
============LOGGING MODEL_FN============
	iteration: 0
	experiment_block_type: model_fn
	model_type: amortized_synthesis
	params: {'enumeration_timeout': 1800}
	task_split: train
	model_fn: infer_programs_for_tasks
	task_batch_size: global_batch_size
task_ids: 32 tasks: 5 sided snowflake with a medium semicircle and a small semicircle as arms -- a big semicircle
====================================
Evaluated recognition model in 0.4 seconds
Beginning enumeration on a total of 32 tasks with a total of 32 CPUs.
(python) Launching turtle -> turtle (1 tasks) w/ 1 CPUs. 0.000000 <= MDL < 1.500000. Timeout 1800.000000.
(python) Launching turtle -> turtle (1 tasks) w/ 1 CPUs. 0.000000 <= MDL < 1.500000. Timeout 1800.000000.
(python) Launching turtle -> turtle (1 tasks) w/ 1 CPUs. 0.000000 <= MDL < 1.500000. Timeout 1800.000000.
(python) Launching turtle -> turtle (1 tasks) w/ 1 CPUs. 0.000000 <= MDL < 1.500000. Timeout 1800.000000.
(python) Launching turtle -> turtle (1 tasks) w/ 1 CPUs. 0.000000 <= MDL < 1.500000. Timeout 1800.000000.
	(ocaml: 1 CPUs. shatter: 1. |fringe| = 1. |finished| = 0.)
(python) Launching turtle -> turtle (1 tasks) w/ 1 CPUs. 0.000000 <= MDL < 1.500000. Timeout 1800.000000.
	(ocaml: 1 CPUs. shatter: 1. |fringe| = 1. |finished| = 0.)
(python) Launching turtle -> turtle (1 tasks) w/ 1 CPUs. 0.000000 <= MDL < 1.500000. Timeout 1800.000000.
	(ocaml: 1 CPUs. shatter: 1. |fringe| = 1. |finished| = 0.)
(python) Launching turtle -> turtle (1 tasks) w/ 1 CPUs. 0.000000 <= MDL < 1.500000. Timeout 1800.000000.
	(ocaml: 1 CPUs. shatter: 1. |fringe| = 1. |finished| = 0.)
	(ocaml: 1 CPUs. shatter: 1. |fringe| = 1. |finished| = 0.)
(python) Launching turtle -> turtle (1 tasks) w/ 1 CPUs. 0.000000 <= MDL < 1.500000. Timeout 1800.000000.
	(ocaml: 1 CPUs. shatter: 1. |fringe| = 1. |finished| = 0.)
(python) Launching turtle -> turtle (1 tasks) w/ 1 CPUs. 0.000000 <= MDL < 1.500000. Timeout 1800.000000.
(python) Launching turtle -> turtle (1 tasks) w/ 1 CPUs. 0.000000 <= MDL < 1.500000. Timeout 1800.000000.
	(ocaml: 1 CPUs. shatter: 1. |fringe| = 1. |finished| = 0.)
	(ocaml: 1 CPUs. shatter: 1. |fringe| = 1. |finished| = 0.)
(python) Launching turtle -> turtle (1 tasks) w/ 1 CPUs. 0.000000 <= MDL < 1.500000. Timeout 1800.000000.
	(ocaml: 1 CPUs. shatter: 1. |fringe| = 1. |finished| = 0.)
(python) Launching turtle -> turtle (1 tasks) w/ 1 CPUs. 0.000000 <= MDL < 1.500000. Timeout 1800.000000.
	(ocaml: 1 CPUs. shatter: 1. |fringe| = 1. |finished| = 0.)
(python) Launching turtle -> turtle (1 tasks) w/ 1 CPUs. 0.000000 <= MDL < 1.500000. Timeout 1800.000000.
	(ocaml: 1 CPUs. shatter: 1. |fringe| = 1. |finished| = 0.)
(python) Launching turtle -> turtle (1 tasks) w/ 1 CPUs. 0.000000 <= MDL < 1.500000. Timeout 1800.000000.
	(ocaml: 1 CPUs. shatter: 1. |fringe| = 1. |finished| = 0.)
(python) Launching turtle -> turtle (1 tasks) w/ 1 CPUs. 0.000000 <= MDL < 1.500000. Timeout 1800.000000.
	(ocaml: 1 CPUs. shatter: 1. |fringe| = 1. |finished| = 0.)
(python) Launching turtle -> turtle (1 tasks) w/ 1 CPUs. 0.000000 <= MDL < 1.500000. Timeout 1800.000000.
	(ocaml: 1 CPUs. shatter: 1. |fringe| = 1. |finished| = 0.)
(python) Launching turtle -> turtle (1 tasks) w/ 1 CPUs. 0.000000 <= MDL < 1.500000. Timeout 1800.000000.
	(ocaml: 1 CPUs. shatter: 1. |fringe| = 1. |finished| = 0.)
(python) Launching turtle -> turtle (1 tasks) w/ 1 CPUs. 0.000000 <= MDL < 1.500000. Timeout 1800.000000.
	(ocaml: 1 CPUs. shatter: 1. |fringe| = 1. |finished| = 0.)
(python) Launching turtle -> turtle (1 tasks) w/ 1 CPUs. 0.000000 <= MDL < 1.500000. Timeout 1800.000000.
	(ocaml: 1 CPUs. shatter: 1. |fringe| = 1. |finished| = 0.)
(python) Launching turtle -> turtle (1 tasks) w/ 1 CPUs. 0.000000 <= MDL < 1.500000. Timeout 1800.000000.
	(ocaml: 1 CPUs. shatter: 1. |fringe| = 1. |finished| = 0.)
(python) Launching turtle -> turtle (1 tasks) w/ 1 CPUs. 0.000000 <= MDL < 1.500000. Timeout 1800.000000.
	(ocaml: 1 CPUs. shatter: 1. |fringe| = 1. |finished| = 0.)
(python) Launching turtle -> turtle (1 tasks) w/ 1 CPUs. 0.000000 <= MDL < 1.500000. Timeout 1800.000000.
	(ocaml: 1 CPUs. shatter: 1. |fringe| = 1. |finished| = 0.)
(python) Launching turtle -> turtle (1 tasks) w/ 1 CPUs. 0.000000 <= MDL < 1.500000. Timeout 1800.000000.
	(ocaml: 1 CPUs. shatter: 1. |fringe| = 1. |finished| = 0.)
(python) Launching turtle -> turtle (1 tasks) w/ 1 CPUs. 0.000000 <= MDL < 1.500000. Timeout 1800.000000.
	(ocaml: 1 CPUs. shatter: 1. |fringe| = 1. |finished| = 0.)
(python) Launching turtle -> turtle (1 tasks) w/ 1 CPUs. 0.000000 <= MDL < 1.500000. Timeout 1800.000000.
	(ocaml: 1 CPUs. shatter: 1. |fringe| = 1. |finished| = 0.)
(python) Launching turtle -> turtle (1 tasks) w/ 1 CPUs. 0.000000 <= MDL < 1.500000. Timeout 1800.000000.
	(ocaml: 1 CPUs. shatter: 1. |fringe| = 1. |finished| = 0.)
(python) Launching turtle -> turtle (1 tasks) w/ 1 CPUs. 0.000000 <= MDL < 1.500000. Timeout 1800.000000.
	(ocaml: 1 CPUs. shatter: 1. |fringe| = 1. |finished| = 0.)
(python) Launching turtle -> turtle (1 tasks) w/ 1 CPUs. 0.000000 <= MDL < 1.500000. Timeout 1800.000000.
	(ocaml: 1 CPUs. shatter: 1. |fringe| = 1. |finished| = 0.)
(python) Launching turtle -> turtle (1 tasks) w/ 1 CPUs. 0.000000 <= MDL < 1.500000. Timeout 1800.000000.
	(ocaml: 1 CPUs. shatter: 1. |fringe| = 1. |finished| = 0.)
(python) Launching turtle -> turtle (1 tasks) w/ 1 CPUs. 0.000000 <= MDL < 1.500000. Timeout 1800.000000.
	(ocaml: 1 CPUs. shatter: 1. |fringe| = 1. |finished| = 0.)
(python) Launching turtle -> turtle (1 tasks) w/ 1 CPUs. 0.000000 <= MDL < 1.500000. Timeout 1800.000000.
	(ocaml: 1 CPUs. shatter: 1. |fringe| = 1. |finished| = 0.)
(python) Launching turtle -> turtle (1 tasks) w/ 1 CPUs. 1.500000 <= MDL < 3.000000. Timeout 1799.461137.
	(ocaml: 1 CPUs. shatter: 1. |fringe| = 1. |finished| = 0.)
(python) Launching turtle -> turtle (1 tasks) w/ 1 CPUs. 1.500000 <= MDL < 3.000000. Timeout 1799.463028.
	(ocaml: 1 CPUs. shatter: 1. |fringe| = 1. |finished| = 0.)
(python) Launching turtle -> turtle (1 tasks) w/ 1 CPUs. 1.500000 <= MDL < 3.000000. Timeout 1799.456025.
	(ocaml: 1 CPUs. shatter: 1. |fringe| = 1. |finished| = 0.)
(python) Launching turtle -> turtle (1 tasks) w/ 1 CPUs. 1.500000 <= MDL < 3.000000. Timeout 1799.458118.
	(ocaml: 1 CPUs. shatter: 1. |fringe| = 1. |finished| = 0.)
(python) Launching turtle -> turtle (1 tasks) w/ 1 CPUs. 1.500000 <= MDL < 3.000000. Timeout 1799.428544.
	(ocaml: 1 CPUs. shatter: 1. |fringe| = 1. |finished| = 0.)
(python) Launching turtle -> turtle (1 tasks) w/ 1 CPUs. 1.500000 <= MDL < 3.000000. Timeout 1799.432540.
	(ocaml: 1 CPUs. shatter: 1. |fringe| = 1. |finished| = 0.)
(python) Launching turtle -> turtle (1 tasks) w/ 1 CPUs. 1.500000 <= MDL < 3.000000. Timeout 1799.427526.
	(ocaml: 1 CPUs. shatter: 1. |fringe| = 1. |finished| = 0.)
(python) Launching turtle -> turtle (1 tasks) w/ 1 CPUs. 1.500000 <= MDL < 3.000000. Timeout 1799.425426.
	(ocaml: 1 CPUs. shatter: 1. |fringe| = 1. |finished| = 0.)
(python) Launching turtle -> turtle (1 tasks) w/ 1 CPUs. 1.500000 <= MDL < 3.000000. Timeout 1799.422543.
	(ocaml: 1 CPUs. shatter: 1. |fringe| = 1. |finished| = 0.)
(python) Launching turtle -> turtle (1 tasks) w/ 1 CPUs. 1.500000 <= MDL < 3.000000. Timeout 1799.413728.
	(ocaml: 1 CPUs. shatter: 1. |fringe| = 1. |finished| = 0.)
(python) Launching turtle -> turtle (1 tasks) w/ 1 CPUs. 1.500000 <= MDL < 3.000000. Timeout 1799.409742.
	(ocaml: 1 CPUs. shatter: 1. |fringe| = 1. |finished| = 0.)
(python) Launching turtle -> turtle (1 tasks) w/ 1 CPUs. 1.500000 <= MDL < 3.000000. Timeout 1799.410630.
	(ocaml: 1 CPUs. shatter: 1. |fringe| = 1. |finished| = 0.)
(python) Launching turtle -> turtle (1 tasks) w/ 1 CPUs. 1.500000 <= MDL < 3.000000. Timeout 1799.408993.
	(ocaml: 1 CPUs. shatter: 1. |fringe| = 1. |finished| = 0.)
(python) Launching turtle -> turtle (1 tasks) w/ 1 CPUs. 1.500000 <= MDL < 3.000000. Timeout 1799.404852.
	(ocaml: 1 CPUs. shatter: 1. |fringe| = 1. |finished| = 0.)
(python) Launching turtle -> turtle (1 tasks) w/ 1 CPUs. 1.500000 <= MDL < 3.000000. Timeout 1799.402833.
	(ocaml: 1 CPUs. shatter: 1. |fringe| = 1. |finished| = 0.)
(python) Launching turtle -> turtle (1 tasks) w/ 1 CPUs. 1.500000 <= MDL < 3.000000. Timeout 1799.400325.
	(ocaml: 1 CPUs. shatter: 1. |fringe| = 1. |finished| = 0.)
(python) Launching turtle -> turtle (1 tasks) w/ 1 CPUs. 1.500000 <= MDL < 3.000000. Timeout 1799.400151.
	(ocaml: 1 CPUs. shatter: 1. |fringe| = 1. |finished| = 0.)
(python) Launching turtle -> turtle (1 tasks) w/ 1 CPUs. 1.500000 <= MDL < 3.000000. Timeout 1799.399093.
	(ocaml: 1 CPUs. shatter: 1. |fringe| = 1. |finished| = 0.)
(python) Launching turtle -> turtle (1 tasks) w/ 1 CPUs. 1.500000 <= MDL < 3.000000. Timeout 1799.398990.
	(ocaml: 1 CPUs. shatter: 1. |fringe| = 1. |finished| = 0.)
(python) Launching turtle -> turtle (1 tasks) w/ 1 CPUs. 1.500000 <= MDL < 3.000000. Timeout 1799.396660.
	(ocaml: 1 CPUs. shatter: 1. |fringe| = 1. |finished| = 0.)
(python) Launching turtle -> turtle (1 tasks) w/ 1 CPUs. 1.500000 <= MDL < 3.000000. Timeout 1799.396907.
	(ocaml: 1 CPUs. shatter: 1. |fringe| = 1. |finished| = 0.)
(python) Launching turtle -> turtle (1 tasks) w/ 1 CPUs. 1.500000 <= MDL < 3.000000. Timeout 1799.393229.
	(ocaml: 1 CPUs. shatter: 1. |fringe| = 1. |finished| = 0.)
(python) Launching turtle -> turtle (1 tasks) w/ 1 CPUs. 1.500000 <= MDL < 3.000000. Timeout 1799.394665.
	(ocaml: 1 CPUs. shatter: 1. |fringe| = 1. |finished| = 0.)
(python) Launching turtle -> turtle (1 tasks) w/ 1 CPUs. 1.500000 <= MDL < 3.000000. Timeout 1799.395376.
	(ocaml: 1 CPUs. shatter: 1. |fringe| = 1. |finished| = 0.)
(python) Launching turtle -> turtle (1 tasks) w/ 1 CPUs. 1.500000 <= MDL < 3.000000. Timeout 1799.392942.
	(ocaml: 1 CPUs. shatter: 1. |fringe| = 1. |finished| = 0.)
(python) Launching turtle -> turtle (1 tasks) w/ 1 CPUs. 1.500000 <= MDL < 3.000000. Timeout 1799.390919.
	(ocaml: 1 CPUs. shatter: 1. |fringe| = 1. |finished| = 0.)
(python) Launching turtle -> turtle (1 tasks) w/ 1 CPUs. 1.500000 <= MDL < 3.000000. Timeout 1799.389842.
	(ocaml: 1 CPUs. shatter: 1. |fringe| = 1. |finished| = 0.)
(python) Launching turtle -> turtle (1 tasks) w/ 1 CPUs. 1.500000 <= MDL < 3.000000. Timeout 1799.389324.
	(ocaml: 1 CPUs. shatter: 1. |fringe| = 1. |finished| = 0.)
(python) Launching turtle -> turtle (1 tasks) w/ 1 CPUs. 1.500000 <= MDL < 3.000000. Timeout 1799.387703.
	(ocaml: 1 CPUs. shatter: 1. |fringe| = 1. |finished| = 0.)
(python) Launching turtle -> turtle (1 tasks) w/ 1 CPUs. 1.500000 <= MDL < 3.000000. Timeout 1799.385725.
	(ocaml: 1 CPUs. shatter: 1. |fringe| = 1. |finished| = 0.)
(python) Launching turtle -> turtle (1 tasks) w/ 1 CPUs. 1.500000 <= MDL < 3.000000. Timeout 1799.384575.
	(ocaml: 1 CPUs. shatter: 1. |fringe| = 1. |finished| = 0.)
(python) Launching turtle -> turtle (1 tasks) w/ 1 CPUs. 1.500000 <= MDL < 3.000000. Timeout 1799.386453.
	(ocaml: 1 CPUs. shatter: 1. |fringe| = 1. |finished| = 0.)
(python) Launching turtle -> turtle (1 tasks) w/ 1 CPUs. 3.000000 <= MDL < 4.500000. Timeout 1798.845499.
	(ocaml: 1 CPUs. shatter: 1. |fringe| = 1. |finished| = 0.)
(python) Launching turtle -> turtle (1 tasks) w/ 1 CPUs. 3.000000 <= MDL < 4.500000. Timeout 1798.845258.
	(ocaml: 1 CPUs. shatter: 1. |fringe| = 1. |finished| = 0.)
(python) Launching turtle -> turtle (1 tasks) w/ 1 CPUs. 3.000000 <= MDL < 4.500000. Timeout 1798.838458.
	(ocaml: 1 CPUs. shatter: 1. |fringe| = 1. |finished| = 0.)
(python) Launching turtle -> turtle (1 tasks) w/ 1 CPUs. 3.000000 <= MDL < 4.500000. Timeout 1798.837907.
	(ocaml: 1 CPUs. shatter: 1. |fringe| = 1. |finished| = 0.)
(python) Launching turtle -> turtle (1 tasks) w/ 1 CPUs. 3.000000 <= MDL < 4.500000. Timeout 1798.808120.
	(ocaml: 1 CPUs. shatter: 1. |fringe| = 1. |finished| = 0.)
(python) Launching turtle -> turtle (1 tasks) w/ 1 CPUs. 3.000000 <= MDL < 4.500000. Timeout 1798.816122.
	(ocaml: 1 CPUs. shatter: 1. |fringe| = 1. |finished| = 0.)
(python) Launching turtle -> turtle (1 tasks) w/ 1 CPUs. 3.000000 <= MDL < 4.500000. Timeout 1798.812206.
	(ocaml: 1 CPUs. shatter: 1. |fringe| = 1. |finished| = 0.)
(python) Launching turtle -> turtle (1 tasks) w/ 1 CPUs. 3.000000 <= MDL < 4.500000. Timeout 1798.810153.
	(ocaml: 1 CPUs. shatter: 1. |fringe| = 1. |finished| = 0.)
(python) Launching turtle -> turtle (1 tasks) w/ 1 CPUs. 3.000000 <= MDL < 4.500000. Timeout 1798.806981.
	(ocaml: 1 CPUs. shatter: 1. |fringe| = 1. |finished| = 0.)
(python) Launching turtle -> turtle (1 tasks) w/ 1 CPUs. 3.000000 <= MDL < 4.500000. Timeout 1798.800661.
	(ocaml: 1 CPUs. shatter: 1. |fringe| = 1. |finished| = 0.)
(python) Launching turtle -> turtle (1 tasks) w/ 1 CPUs. 3.000000 <= MDL < 4.500000. Timeout 1798.794661.
	(ocaml: 1 CPUs. shatter: 1. |fringe| = 1. |finished| = 0.)
(python) Launching turtle -> turtle (1 tasks) w/ 1 CPUs. 3.000000 <= MDL < 4.500000. Timeout 1798.793843.
	(ocaml: 1 CPUs. shatter: 1. |fringe| = 1. |finished| = 0.)
(python) Launching turtle -> turtle (1 tasks) w/ 1 CPUs. 3.000000 <= MDL < 4.500000. Timeout 1798.792371.
	(ocaml: 1 CPUs. shatter: 1. |fringe| = 1. |finished| = 0.)
(python) Launching turtle -> turtle (1 tasks) w/ 1 CPUs. 3.000000 <= MDL < 4.500000. Timeout 1798.791282.
	(ocaml: 1 CPUs. shatter: 1. |fringe| = 1. |finished| = 0.)
(python) Launching turtle -> turtle (1 tasks) w/ 1 CPUs. 3.000000 <= MDL < 4.500000. Timeout 1798.791471.
	(ocaml: 1 CPUs. shatter: 1. |fringe| = 1. |finished| = 0.)
(python) Launching turtle -> turtle (1 tasks) w/ 1 CPUs. 3.000000 <= MDL < 4.500000. Timeout 1798.794749.
	(ocaml: 1 CPUs. shatter: 1. |fringe| = 1. |finished| = 0.)
(python) Launching turtle -> turtle (1 tasks) w/ 1 CPUs. 3.000000 <= MDL < 4.500000. Timeout 1798.799268.
	(ocaml: 1 CPUs. shatter: 1. |fringe| = 1. |finished| = 0.)
(python) Launching turtle -> turtle (1 tasks) w/ 1 CPUs. 3.000000 <= MDL < 4.500000. Timeout 1798.802867.
	(ocaml: 1 CPUs. shatter: 1. |fringe| = 1. |finished| = 0.)
	(ocaml: 1 CPUs. shatter: 1. |fringe| = 1. |finished| = 0.)
(python) Launching turtle -> turtle (1 tasks) w/ 1 CPUs. 3.000000 <= MDL < 4.500000. Timeout 1798.807273.
(python) Launching turtle -> turtle (1 tasks) w/ 1 CPUs. 3.000000 <= MDL < 4.500000. Timeout 1798.810776.
	(ocaml: 1 CPUs. shatter: 1. |fringe| = 1. |finished| = 0.)
	(ocaml: 1 CPUs. shatter: 1. |fringe| = 1. |finished| = 0.)
(python) Launching turtle -> turtle (1 tasks) w/ 1 CPUs. 3.000000 <= MDL < 4.500000. Timeout 1798.815698.
(python) Launching turtle -> turtle (1 tasks) w/ 1 CPUs. 3.000000 <= MDL < 4.500000. Timeout 1798.813047.
	(ocaml: 1 CPUs. shatter: 1. |fringe| = 1. |finished| = 0.)
(python) Launching turtle -> turtle (1 tasks) w/ 1 CPUs. 3.000000 <= MDL < 4.500000. Timeout 1798.814078.
	(ocaml: 1 CPUs. shatter: 1. |fringe| = 1. |finished| = 0.)
(python) Launching turtle -> turtle (1 tasks) w/ 1 CPUs. 3.000000 <= MDL < 4.500000. Timeout 1798.813564.
	(ocaml: 1 CPUs. shatter: 1. |fringe| = 1. |finished| = 0.)
(python) Launching turtle -> turtle (1 tasks) w/ 1 CPUs. 3.000000 <= MDL < 4.500000. Timeout 1798.811867.
	(ocaml: 1 CPUs. shatter: 1. |fringe| = 1. |finished| = 0.)
(python) Launching turtle -> turtle (1 tasks) w/ 1 CPUs. 3.000000 <= MDL < 4.500000. Timeout 1798.810075.
	(ocaml: 1 CPUs. shatter: 1. |fringe| = 1. |finished| = 0.)
(python) Launching turtle -> turtle (1 tasks) w/ 1 CPUs. 3.000000 <= MDL < 4.500000. Timeout 1798.808490.
	(ocaml: 1 CPUs. shatter: 1. |fringe| = 1. |finished| = 0.)
(python) Launching turtle -> turtle (1 tasks) w/ 1 CPUs. 3.000000 <= MDL < 4.500000. Timeout 1798.807178.
	(ocaml: 1 CPUs. shatter: 1. |fringe| = 1. |finished| = 0.)
(python) Launching turtle -> turtle (1 tasks) w/ 1 CPUs. 3.000000 <= MDL < 4.500000. Timeout 1798.807674.
	(ocaml: 1 CPUs. shatter: 1. |fringe| = 1. |finished| = 0.)
(python) Launching turtle -> turtle (1 tasks) w/ 1 CPUs. 3.000000 <= MDL < 4.500000. Timeout 1798.806464.
	(ocaml: 1 CPUs. shatter: 1. |fringe| = 1. |finished| = 0.)
(python) Launching turtle -> turtle (1 tasks) w/ 1 CPUs. 3.000000 <= MDL < 4.500000. Timeout 1798.804992.
	(ocaml: 1 CPUs. shatter: 1. |fringe| = 1. |finished| = 0.)
(python) Launching turtle -> turtle (1 tasks) w/ 1 CPUs. 3.000000 <= MDL < 4.500000. Timeout 1798.808894.
	(ocaml: 1 CPUs. shatter: 1. |fringe| = 1. |finished| = 0.)
(python) Launching turtle -> turtle (1 tasks) w/ 1 CPUs. 4.500000 <= MDL < 6.000000. Timeout 1798.267058.
	(ocaml: 1 CPUs. shatter: 1. |fringe| = 1. |finished| = 0.)
(python) Launching turtle -> turtle (1 tasks) w/ 1 CPUs. 4.500000 <= MDL < 6.000000. Timeout 1798.266780.
	(ocaml: 1 CPUs. shatter: 1. |fringe| = 1. |finished| = 0.)
(python) Launching turtle -> turtle (1 tasks) w/ 1 CPUs. 4.500000 <= MDL < 6.000000. Timeout 1798.260786.
	(ocaml: 1 CPUs. shatter: 1. |fringe| = 1. |finished| = 0.)
(python) Launching turtle -> turtle (1 tasks) w/ 1 CPUs. 4.500000 <= MDL < 6.000000. Timeout 1798.260678.
	(ocaml: 1 CPUs. shatter: 1. |fringe| = 1. |finished| = 0.)
(python) Launching turtle -> turtle (1 tasks) w/ 1 CPUs. 4.500000 <= MDL < 6.000000. Timeout 1798.231934.
	(ocaml: 1 CPUs. shatter: 1. |fringe| = 1. |finished| = 0.)
(python) Launching turtle -> turtle (1 tasks) w/ 1 CPUs. 4.500000 <= MDL < 6.000000. Timeout 1798.236972.
	(ocaml: 1 CPUs. shatter: 1. |fringe| = 1. |finished| = 0.)
(python) Launching turtle -> turtle (1 tasks) w/ 1 CPUs. 4.500000 <= MDL < 6.000000. Timeout 1798.231956.
	(ocaml: 1 CPUs. shatter: 1. |fringe| = 1. |finished| = 0.)
(python) Launching turtle -> turtle (1 tasks) w/ 1 CPUs. 4.500000 <= MDL < 6.000000. Timeout 1798.232417.
	(ocaml: 1 CPUs. shatter: 1. |fringe| = 1. |finished| = 0.)
(python) Launching turtle -> turtle (1 tasks) w/ 1 CPUs. 4.500000 <= MDL < 6.000000. Timeout 1798.230348.
	(ocaml: 1 CPUs. shatter: 1. |fringe| = 1. |finished| = 0.)
(python) Launching turtle -> turtle (1 tasks) w/ 1 CPUs. 4.500000 <= MDL < 6.000000. Timeout 1798.223417.
	(ocaml: 1 CPUs. shatter: 1. |fringe| = 1. |finished| = 0.)
(python) Launching turtle -> turtle (1 tasks) w/ 1 CPUs. 4.500000 <= MDL < 6.000000. Timeout 1798.217151.
	(ocaml: 1 CPUs. shatter: 1. |fringe| = 1. |finished| = 0.)
(python) Launching turtle -> turtle (1 tasks) w/ 1 CPUs. 4.500000 <= MDL < 6.000000. Timeout 1798.216843.
	(ocaml: 1 CPUs. shatter: 1. |fringe| = 1. |finished| = 0.)
(python) Launching turtle -> turtle (1 tasks) w/ 1 CPUs. 4.500000 <= MDL < 6.000000. Timeout 1798.216118.
	(ocaml: 1 CPUs. shatter: 1. |fringe| = 1. |finished| = 0.)
(python) Launching turtle -> turtle (1 tasks) w/ 1 CPUs. 4.500000 <= MDL < 6.000000. Timeout 1798.214021.
	(ocaml: 1 CPUs. shatter: 1. |fringe| = 1. |finished| = 0.)
(python) Launching turtle -> turtle (1 tasks) w/ 1 CPUs. 4.500000 <= MDL < 6.000000. Timeout 1798.214754.
	(ocaml: 1 CPUs. shatter: 1. |fringe| = 1. |finished| = 0.)
(python) Launching turtle -> turtle (1 tasks) w/ 1 CPUs. 4.500000 <= MDL < 6.000000. Timeout 1798.213234.
	(ocaml: 1 CPUs. shatter: 1. |fringe| = 1. |finished| = 0.)
(python) Launching turtle -> turtle (1 tasks) w/ 1 CPUs. 4.500000 <= MDL < 6.000000. Timeout 1798.212836.
	(ocaml: 1 CPUs. shatter: 1. |fringe| = 1. |finished| = 0.)
(python) Launching turtle -> turtle (1 tasks) w/ 1 CPUs. 4.500000 <= MDL < 6.000000. Timeout 1798.211971.
	(ocaml: 1 CPUs. shatter: 1. |fringe| = 1. |finished| = 0.)
(python) Launching turtle -> turtle (1 tasks) w/ 1 CPUs. 4.500000 <= MDL < 6.000000. Timeout 1798.208965.
	(ocaml: 1 CPUs. shatter: 1. |fringe| = 1. |finished| = 0.)
(python) Launching turtle -> turtle (1 tasks) w/ 1 CPUs. 4.500000 <= MDL < 6.000000. Timeout 1798.206724.
	(ocaml: 1 CPUs. shatter: 1. |fringe| = 1. |finished| = 0.)
(python) Launching turtle -> turtle (1 tasks) w/ 1 CPUs. 4.500000 <= MDL < 6.000000. Timeout 1798.209344.
	(ocaml: 1 CPUs. shatter: 1. |fringe| = 1. |finished| = 0.)
(python) Launching turtle -> turtle (1 tasks) w/ 1 CPUs. 4.500000 <= MDL < 6.000000. Timeout 1798.204540.
	(ocaml: 1 CPUs. shatter: 1. |fringe| = 1. |finished| = 0.)
	(ocaml: 1 CPUs. shatter: 1. |fringe| = 1. |finished| = 0.)
(python) Launching turtle -> turtle (1 tasks) w/ 1 CPUs. 4.500000 <= MDL < 6.000000. Timeout 1798.210546.
(python) Launching turtle -> turtle (1 tasks) w/ 1 CPUs. 4.500000 <= MDL < 6.000000. Timeout 1798.215617.
	(ocaml: 1 CPUs. shatter: 1. |fringe| = 1. |finished| = 0.)
(python) Launching turtle -> turtle (1 tasks) w/ 1 CPUs. 4.500000 <= MDL < 6.000000. Timeout 1798.218726.
	(ocaml: 1 CPUs. shatter: 1. |fringe| = 1. |finished| = 0.)
(python) Launching turtle -> turtle (1 tasks) w/ 1 CPUs. 4.500000 <= MDL < 6.000000. Timeout 1798.219259.
	(ocaml: 1 CPUs. shatter: 1. |fringe| = 1. |finished| = 0.)
	(ocaml: 1 CPUs. shatter: 1. |fringe| = 1. |finished| = 0.)
(python) Launching turtle -> turtle (1 tasks) w/ 1 CPUs. 4.500000 <= MDL < 6.000000. Timeout 1798.223317.
(python) Launching turtle -> turtle (1 tasks) w/ 1 CPUs. 4.500000 <= MDL < 6.000000. Timeout 1798.225780.
(python) Launching turtle -> turtle (1 tasks) w/ 1 CPUs. 4.500000 <= MDL < 6.000000. Timeout 1798.231418.
	(ocaml: 1 CPUs. shatter: 1. |fringe| = 1. |finished| = 0.)
	(ocaml: 1 CPUs. shatter: 1. |fringe| = 1. |finished| = 0.)
(python) Launching turtle -> turtle (1 tasks) w/ 1 CPUs. 4.500000 <= MDL < 6.000000. Timeout 1798.240520.
(python) Launching turtle -> turtle (1 tasks) w/ 1 CPUs. 4.500000 <= MDL < 6.000000. Timeout 1798.244399.
	(ocaml: 1 CPUs. shatter: 1. |fringe| = 1. |finished| = 0.)
	(ocaml: 1 CPUs. shatter: 1. |fringe| = 1. |finished| = 0.)
(python) Launching turtle -> turtle (1 tasks) w/ 1 CPUs. 4.500000 <= MDL < 6.000000. Timeout 1798.248947.
	(ocaml: 1 CPUs. shatter: 1. |fringe| = 1. |finished| = 0.)
(python) Launching turtle -> turtle (1 tasks) w/ 2 CPUs. 6.000000 <= MDL < 7.500000. Timeout 1797.728405.
	(ocaml: 1 CPUs. shatter: 1. |fringe| = 1. |finished| = 0.)
(python) Launching turtle -> turtle (1 tasks) w/ 1 CPUs. 6.000000 <= MDL < 7.500000. Timeout 1797.725303.
(python) Launching turtle -> turtle (1 tasks) w/ 1 CPUs. 6.000000 <= MDL < 7.500000. Timeout 1797.725256.
	(ocaml: 1 CPUs. shatter: 1. |fringe| = 1. |finished| = 0.)
	(ocaml: 1 CPUs. shatter: 1. |fringe| = 1. |finished| = 0.)
(python) Launching turtle -> turtle (1 tasks) w/ 1 CPUs. 6.000000 <= MDL < 7.500000. Timeout 1797.694504.
	(ocaml: 2 CPUs. shatter: 10. |fringe| = 14. |finished| = 0.)
(python) Launching turtle -> turtle (1 tasks) w/ 1 CPUs. 6.000000 <= MDL < 7.500000. Timeout 1797.698176.
	(ocaml: 1 CPUs. shatter: 1. |fringe| = 1. |finished| = 0.)
(python) Launching turtle -> turtle (1 tasks) w/ 1 CPUs. 6.000000 <= MDL < 7.500000. Timeout 1797.694504.
	(ocaml: 1 CPUs. shatter: 1. |fringe| = 1. |finished| = 0.)
(python) Launching turtle -> turtle (1 tasks) w/ 1 CPUs. 6.000000 <= MDL < 7.500000. Timeout 1797.696455.
	(ocaml: 1 CPUs. shatter: 1. |fringe| = 1. |finished| = 0.)
(python) Launching turtle -> turtle (1 tasks) w/ 1 CPUs. 6.000000 <= MDL < 7.500000. Timeout 1797.694850.
	(ocaml: 1 CPUs. shatter: 1. |fringe| = 1. |finished| = 0.)
(python) Launching turtle -> turtle (1 tasks) w/ 1 CPUs. 6.000000 <= MDL < 7.500000. Timeout 1797.685128.
	(ocaml: 1 CPUs. shatter: 1. |fringe| = 1. |finished| = 0.)
(python) Launching turtle -> turtle (1 tasks) w/ 2 CPUs. 6.000000 <= MDL < 7.500000. Timeout 1797.699362.
	(ocaml: 1 CPUs. shatter: 1. |fringe| = 1. |finished| = 0.)
(python) Launching turtle -> turtle (1 tasks) w/ 1 CPUs. 6.000000 <= MDL < 7.500000. Timeout 1797.702351.
	(ocaml: 1 CPUs. shatter: 1. |fringe| = 1. |finished| = 0.)
(python) Launching turtle -> turtle (1 tasks) w/ 1 CPUs. 6.000000 <= MDL < 7.500000. Timeout 1797.699752.
	(ocaml: 1 CPUs. shatter: 1. |fringe| = 1. |finished| = 0.)
	(ocaml: 2 CPUs. shatter: 10. |fringe| = 18. |finished| = 1.)
(python) Launching turtle -> turtle (1 tasks) w/ 1 CPUs. 6.000000 <= MDL < 7.500000. Timeout 1797.705061.
(python) Launching turtle -> turtle (1 tasks) w/ 1 CPUs. 6.000000 <= MDL < 7.500000. Timeout 1797.706353.
(python) Launching turtle -> turtle (1 tasks) w/ 1 CPUs. 6.000000 <= MDL < 7.500000. Timeout 1797.707252.
	(ocaml: 1 CPUs. shatter: 1. |fringe| = 1. |finished| = 0.)
	(ocaml: 1 CPUs. shatter: 1. |fringe| = 1. |finished| = 0.)
(python) Launching turtle -> turtle (1 tasks) w/ 1 CPUs. 6.000000 <= MDL < 7.500000. Timeout 1797.706606.
	(ocaml: 1 CPUs. shatter: 1. |fringe| = 1. |finished| = 0.)
(python) Launching turtle -> turtle (1 tasks) w/ 1 CPUs. 6.000000 <= MDL < 7.500000. Timeout 1797.703559.
	(ocaml: 1 CPUs. shatter: 1. |fringe| = 1. |finished| = 0.)
(python) Launching turtle -> turtle (1 tasks) w/ 1 CPUs. 6.000000 <= MDL < 7.500000. Timeout 1797.701917.
	(ocaml: 1 CPUs. shatter: 1. |fringe| = 1. |finished| = 0.)
(python) Launching turtle -> turtle (1 tasks) w/ 1 CPUs. 6.000000 <= MDL < 7.500000. Timeout 1797.702637.
	(ocaml: 1 CPUs. shatter: 1. |fringe| = 1. |finished| = 0.)
(python) Launching turtle -> turtle (1 tasks) w/ 1 CPUs. 6.000000 <= MDL < 7.500000. Timeout 1797.698997.
	(ocaml: 1 CPUs. shatter: 1. |fringe| = 1. |finished| = 0.)
(python) Launching turtle -> turtle (1 tasks) w/ 1 CPUs. 6.000000 <= MDL < 7.500000. Timeout 1797.698094.
	(ocaml: 1 CPUs. shatter: 1. |fringe| = 1. |finished| = 0.)
(python) Launching turtle -> turtle (1 tasks) w/ 1 CPUs. 6.000000 <= MDL < 7.500000. Timeout 1797.697781.
	(ocaml: 1 CPUs. shatter: 1. |fringe| = 1. |finished| = 0.)
(python) Launching turtle -> turtle (1 tasks) w/ 1 CPUs. 6.000000 <= MDL < 7.500000. Timeout 1797.694428.
	(ocaml: 1 CPUs. shatter: 1. |fringe| = 1. |finished| = 0.)
(python) Launching turtle -> turtle (1 tasks) w/ 1 CPUs. 6.000000 <= MDL < 7.500000. Timeout 1797.695056.
	(ocaml: 1 CPUs. shatter: 1. |fringe| = 1. |finished| = 0.)
(python) Launching turtle -> turtle (1 tasks) w/ 1 CPUs. 6.000000 <= MDL < 7.500000. Timeout 1797.698789.
	(ocaml: 1 CPUs. shatter: 1. |fringe| = 1. |finished| = 0.)
(python) Launching turtle -> turtle (1 tasks) w/ 1 CPUs. 6.000000 <= MDL < 7.500000. Timeout 1797.701805.
(python) Launching turtle -> turtle (1 tasks) w/ 1 CPUs. 6.000000 <= MDL < 7.500000. Timeout 1797.706300.
	(ocaml: 1 CPUs. shatter: 1. |fringe| = 1. |finished| = 0.)
	(ocaml: 1 CPUs. shatter: 1. |fringe| = 1. |finished| = 0.)
(python) Launching turtle -> turtle (1 tasks) w/ 1 CPUs. 6.000000 <= MDL < 7.500000. Timeout 1797.710714.
(python) Launching turtle -> turtle (1 tasks) w/ 1 CPUs. 6.000000 <= MDL < 7.500000. Timeout 1797.732765.
	(ocaml: 1 CPUs. shatter: 1. |fringe| = 1. |finished| = 0.)
(python) Launching turtle -> turtle (1 tasks) w/ 3 CPUs. 7.500000 <= MDL < 9.000000. Timeout 1797.207882.
	(ocaml: 1 CPUs. shatter: 1. |fringe| = 1. |finished| = 0.)
	(ocaml: 1 CPUs. shatter: 1. |fringe| = 1. |finished| = 0.)
(python) Launching turtle -> turtle (1 tasks) w/ 1 CPUs. 7.500000 <= MDL < 9.000000. Timeout 1797.203867.
	(ocaml: 1 CPUs. shatter: 1. |fringe| = 1. |finished| = 0.)
(python) Launching turtle -> turtle (1 tasks) w/ 2 CPUs. 7.500000 <= MDL < 9.000000. Timeout 1797.194962.
	(ocaml: 1 CPUs. shatter: 1. |fringe| = 1. |finished| = 0.)
	(ocaml: 3 CPUs. shatter: 15. |fringe| = 18. |finished| = 0.)
(python) Launching turtle -> turtle (1 tasks) w/ 1 CPUs. 7.500000 <= MDL < 9.000000. Timeout 1797.205379.
(python) Launching turtle -> turtle (1 tasks) w/ 1 CPUs. 7.500000 <= MDL < 9.000000. Timeout 1797.202389.
	(ocaml: 1 CPUs. shatter: 1. |fringe| = 1. |finished| = 0.)
(python) Launching turtle -> turtle (1 tasks) w/ 1 CPUs. 7.500000 <= MDL < 9.000000. Timeout 1797.206296.
	(ocaml: 2 CPUs. shatter: 10. |fringe| = 14. |finished| = 0.)
(python) Launching turtle -> turtle (1 tasks) w/ 1 CPUs. 7.500000 <= MDL < 9.000000. Timeout 1797.207045.
	(ocaml: 1 CPUs. shatter: 1. |fringe| = 1. |finished| = 0.)
(python) Launching turtle -> turtle (1 tasks) w/ 1 CPUs. 7.500000 <= MDL < 9.000000. Timeout 1797.204630.
	(ocaml: 1 CPUs. shatter: 1. |fringe| = 1. |finished| = 0.)
(python) Launching turtle -> turtle (1 tasks) w/ 2 CPUs. 7.500000 <= MDL < 9.000000. Timeout 1797.220363.
	(ocaml: 1 CPUs. shatter: 1. |fringe| = 1. |finished| = 0.)
(python) Launching turtle -> turtle (1 tasks) w/ 1 CPUs. 7.500000 <= MDL < 9.000000. Timeout 1797.225839.
	(ocaml: 1 CPUs. shatter: 1. |fringe| = 1. |finished| = 0.)
(python) Launching turtle -> turtle (1 tasks) w/ 1 CPUs. 7.500000 <= MDL < 9.000000. Timeout 1797.226893.
	(ocaml: 1 CPUs. shatter: 1. |fringe| = 1. |finished| = 0.)
(python) Launching turtle -> turtle (1 tasks) w/ 1 CPUs. 7.500000 <= MDL < 9.000000. Timeout 1797.226219.
	(ocaml: 2 CPUs. shatter: 10. |fringe| = 18. |finished| = 0.)
(python) Launching turtle -> turtle (1 tasks) w/ 1 CPUs. 7.500000 <= MDL < 9.000000. Timeout 1797.224752.
	(ocaml: 1 CPUs. shatter: 1. |fringe| = 1. |finished| = 0.)
(python) Launching turtle -> turtle (1 tasks) w/ 1 CPUs. 7.500000 <= MDL < 9.000000. Timeout 1797.225034.
	(ocaml: 1 CPUs. shatter: 1. |fringe| = 1. |finished| = 0.)
(python) Launching turtle -> turtle (1 tasks) w/ 2 CPUs. 7.500000 <= MDL < 9.000000. Timeout 1797.240652.
	(ocaml: 1 CPUs. shatter: 1. |fringe| = 1. |finished| = 0.)
(python) Launching turtle -> turtle (1 tasks) w/ 1 CPUs. 7.500000 <= MDL < 9.000000. Timeout 1797.240091.
	(ocaml: 1 CPUs. shatter: 1. |fringe| = 1. |finished| = 0.)
(python) Launching turtle -> turtle (1 tasks) w/ 1 CPUs. 7.500000 <= MDL < 9.000000. Timeout 1797.239793.
	(ocaml: 1 CPUs. shatter: 1. |fringe| = 1. |finished| = 0.)
(python) Launching turtle -> turtle (1 tasks) w/ 1 CPUs. 7.500000 <= MDL < 9.000000. Timeout 1797.235101.
	(ocaml: 2 CPUs. shatter: 10. |fringe| = 12. |finished| = 0.)
(python) Launching turtle -> turtle (1 tasks) w/ 1 CPUs. 7.500000 <= MDL < 9.000000. Timeout 1797.235223.
	(ocaml: 1 CPUs. shatter: 1. |fringe| = 1. |finished| = 0.)
(python) Launching turtle -> turtle (1 tasks) w/ 1 CPUs. 7.500000 <= MDL < 9.000000. Timeout 1797.234148.
	(ocaml: 1 CPUs. shatter: 1. |fringe| = 1. |finished| = 0.)
(python) Launching turtle -> turtle (1 tasks) w/ 1 CPUs. 7.500000 <= MDL < 9.000000. Timeout 1797.251086.
	(ocaml: 1 CPUs. shatter: 1. |fringe| = 1. |finished| = 0.)
	(ocaml: 1 CPUs. shatter: 1. |fringe| = 1. |finished| = 0.)
(python) Launching turtle -> turtle (1 tasks) w/ 1 CPUs. 7.500000 <= MDL < 9.000000. Timeout 1797.219967.
(python) Launching turtle -> turtle (1 tasks) w/ 2 CPUs. 7.500000 <= MDL < 9.000000. Timeout 1797.273359.
	(ocaml: 1 CPUs. shatter: 1. |fringe| = 1. |finished| = 0.)
(python) Launching turtle -> turtle (1 tasks) w/ 1 CPUs. 7.500000 <= MDL < 9.000000. Timeout 1797.237730.
	(ocaml: 1 CPUs. shatter: 1. |fringe| = 1. |finished| = 0.)
(python) Launching turtle -> turtle (1 tasks) w/ 1 CPUs. 7.500000 <= MDL < 9.000000. Timeout 1797.256256.
	(ocaml: 1 CPUs. shatter: 1. |fringe| = 1. |finished| = 0.)
(python) Launching turtle -> turtle (1 tasks) w/ 1 CPUs. 7.500000 <= MDL < 9.000000. Timeout 1797.277581.
	(ocaml: 2 CPUs. shatter: 10. |fringe| = 12. |finished| = 0.)
(python) Launching turtle -> turtle (1 tasks) w/ 3 CPUs. 9.000000 <= MDL < 10.500000. Timeout 1796.752950.
	(ocaml: 1 CPUs. shatter: 1. |fringe| = 1. |finished| = 0.)
(python) Launching turtle -> turtle (1 tasks) w/ 1 CPUs. 9.000000 <= MDL < 10.500000. Timeout 1796.747032.
	(ocaml: 1 CPUs. shatter: 1. |fringe| = 1. |finished| = 0.)
(python) Launching turtle -> turtle (1 tasks) w/ 2 CPUs. 9.000000 <= MDL < 10.500000. Timeout 1796.734272.
	(ocaml: 1 CPUs. shatter: 1. |fringe| = 1. |finished| = 0.)
(python) Launching turtle -> turtle (1 tasks) w/ 1 CPUs. 9.000000 <= MDL < 10.500000. Timeout 1796.738875.
	(ocaml: 3 CPUs. shatter: 15. |fringe| = 18. |finished| = 0.)
(python) Launching turtle -> turtle (1 tasks) w/ 1 CPUs. 9.000000 <= MDL < 10.500000. Timeout 1796.733326.
	(ocaml: 1 CPUs. shatter: 1. |fringe| = 1. |finished| = 0.)
(python) Launching turtle -> turtle (1 tasks) w/ 1 CPUs. 9.000000 <= MDL < 10.500000. Timeout 1796.733702.
	(ocaml: 2 CPUs. shatter: 10. |fringe| = 14. |finished| = 0.)
(python) Launching turtle -> turtle (1 tasks) w/ 1 CPUs. 9.000000 <= MDL < 10.500000. Timeout 1796.731302.
	(ocaml: 1 CPUs. shatter: 1. |fringe| = 1. |finished| = 0.)
(python) Launching turtle -> turtle (1 tasks) w/ 1 CPUs. 9.000000 <= MDL < 10.500000. Timeout 1796.723634.
	(ocaml: 1 CPUs. shatter: 1. |fringe| = 1. |finished| = 0.)
(python) Launching turtle -> turtle (1 tasks) w/ 2 CPUs. 9.000000 <= MDL < 10.500000. Timeout 1796.736807.
	(ocaml: 1 CPUs. shatter: 1. |fringe| = 1. |finished| = 0.)
(python) Launching turtle -> turtle (1 tasks) w/ 1 CPUs. 9.000000 <= MDL < 10.500000. Timeout 1796.735199.
	(ocaml: 1 CPUs. shatter: 1. |fringe| = 1. |finished| = 0.)
(python) Launching turtle -> turtle (1 tasks) w/ 1 CPUs. 9.000000 <= MDL < 10.500000. Timeout 1796.731104.
	(ocaml: 1 CPUs. shatter: 1. |fringe| = 1. |finished| = 0.)
(python) Launching turtle -> turtle (1 tasks) w/ 2 CPUs. 9.000000 <= MDL < 10.500000. Timeout 1796.746356.
	(ocaml: 2 CPUs. shatter: 10. |fringe| = 18. |finished| = 0.)
(python) Launching turtle -> turtle (1 tasks) w/ 1 CPUs. 9.000000 <= MDL < 10.500000. Timeout 1796.750760.
	(ocaml: 1 CPUs. shatter: 1. |fringe| = 1. |finished| = 0.)
(python) Launching turtle -> turtle (1 tasks) w/ 2 CPUs. 9.000000 <= MDL < 10.500000. Timeout 1796.770276.
(python) Launching turtle -> turtle (1 tasks) w/ 1 CPUs. 9.000000 <= MDL < 10.500000. Timeout 1796.774920.
	(ocaml: 1 CPUs. shatter: 1. |fringe| = 1. |finished| = 0.)
	(ocaml: 2 CPUs. shatter: 10. |fringe| = 12. |finished| = 0.)
(python) Launching turtle -> turtle (1 tasks) w/ 1 CPUs. 9.000000 <= MDL < 10.500000. Timeout 1796.775287.
(python) Launching turtle -> turtle (1 tasks) w/ 1 CPUs. 9.000000 <= MDL < 10.500000. Timeout 1796.770652.
	(ocaml: 1 CPUs. shatter: 1. |fringe| = 1. |finished| = 0.)
	(ocaml: 2 CPUs. shatter: 10. |fringe| = 12. |finished| = 0.)
(python) Launching turtle -> turtle (1 tasks) w/ 1 CPUs. 9.000000 <= MDL < 10.500000. Timeout 1796.775110.
(python) Launching turtle -> turtle (1 tasks) w/ 1 CPUs. 9.000000 <= MDL < 10.500000. Timeout 1796.773532.
	(ocaml: 1 CPUs. shatter: 1. |fringe| = 1. |finished| = 0.)
	(ocaml: 1 CPUs. shatter: 1. |fringe| = 1. |finished| = 0.)
(python) Launching turtle -> turtle (1 tasks) w/ 1 CPUs. 9.000000 <= MDL < 10.500000. Timeout 1796.790674.
	(ocaml: 1 CPUs. shatter: 1. |fringe| = 1. |finished| = 0.)
(python) Launching turtle -> turtle (1 tasks) w/ 1 CPUs. 9.000000 <= MDL < 10.500000. Timeout 1796.755164.
	(ocaml: 1 CPUs. shatter: 1. |fringe| = 1. |finished| = 0.)
(python) Launching turtle -> turtle (1 tasks) w/ 2 CPUs. 9.000000 <= MDL < 10.500000. Timeout 1796.813308.
(python) Launching turtle -> turtle (1 tasks) w/ 1 CPUs. 9.000000 <= MDL < 10.500000. Timeout 1796.781293.
	(ocaml: 1 CPUs. shatter: 1. |fringe| = 1. |finished| = 0.)
	(ocaml: 1 CPUs. shatter: 1. |fringe| = 1. |finished| = 0.)
(python) Launching turtle -> turtle (1 tasks) w/ 1 CPUs. 9.000000 <= MDL < 10.500000. Timeout 1796.806958.
(python) Launching turtle -> turtle (1 tasks) w/ 1 CPUs. 9.000000 <= MDL < 10.500000. Timeout 1796.830929.
	(ocaml: 1 CPUs. shatter: 1. |fringe| = 1. |finished| = 0.)
(python) Launching turtle -> turtle (1 tasks) w/ 3 CPUs. 10.500000 <= MDL < 12.000000. Timeout 1796.314713.
	(ocaml: 2 CPUs. shatter: 10. |fringe| = 12. |finished| = 0.)
(python) Launching turtle -> turtle (1 tasks) w/ 1 CPUs. 10.500000 <= MDL < 12.000000. Timeout 1796.309069.
	(ocaml: 1 CPUs. shatter: 1. |fringe| = 1. |finished| = 0.)
	(ocaml: 1 CPUs. shatter: 1. |fringe| = 1. |finished| = 0.)
(python) Launching turtle -> turtle (1 tasks) w/ 2 CPUs. 10.500000 <= MDL < 12.000000. Timeout 1796.298922.
	(ocaml: 1 CPUs. shatter: 1. |fringe| = 1. |finished| = 0.)
(python) Launching turtle -> turtle (1 tasks) w/ 1 CPUs. 10.500000 <= MDL < 12.000000. Timeout 1796.305768.
	(ocaml: 1 CPUs. shatter: 1. |fringe| = 1. |finished| = 0.)
	(ocaml: 3 CPUs. shatter: 15. |fringe| = 18. |finished| = 0.)
(python) Launching turtle -> turtle (1 tasks) w/ 1 CPUs. 10.500000 <= MDL < 12.000000. Timeout 1796.303598.
(python) Launching turtle -> turtle (1 tasks) w/ 1 CPUs. 10.500000 <= MDL < 12.000000. Timeout 1796.302047.
	(ocaml: 2 CPUs. shatter: 10. |fringe| = 14. |finished| = 0.)
(python) Launching turtle -> turtle (1 tasks) w/ 1 CPUs. 10.500000 <= MDL < 12.000000. Timeout 1796.298777.
	(ocaml: 1 CPUs. shatter: 1. |fringe| = 1. |finished| = 0.)
(python) Launching turtle -> turtle (1 tasks) w/ 1 CPUs. 10.500000 <= MDL < 12.000000. Timeout 1796.292064.
	(ocaml: 1 CPUs. shatter: 1. |fringe| = 1. |finished| = 0.)
(python) Launching turtle -> turtle (1 tasks) w/ 2 CPUs. 10.500000 <= MDL < 12.000000. Timeout 1796.303994.
	(ocaml: 1 CPUs. shatter: 1. |fringe| = 1. |finished| = 0.)
(python) Launching turtle -> turtle (1 tasks) w/ 1 CPUs. 10.500000 <= MDL < 12.000000. Timeout 1796.303620.
	(ocaml: 1 CPUs. shatter: 1. |fringe| = 1. |finished| = 0.)
(python) Launching turtle -> turtle (1 tasks) w/ 1 CPUs. 10.500000 <= MDL < 12.000000. Timeout 1796.301656.
	(ocaml: 1 CPUs. shatter: 1. |fringe| = 1. |finished| = 0.)
	(ocaml: 2 CPUs. shatter: 10. |fringe| = 18. |finished| = 0.)
(python) Launching turtle -> turtle (1 tasks) w/ 2 CPUs. 10.500000 <= MDL < 12.000000. Timeout 1796.320398.
(python) Launching turtle -> turtle (1 tasks) w/ 1 CPUs. 10.500000 <= MDL < 12.000000. Timeout 1796.319709.
	(ocaml: 1 CPUs. shatter: 1. |fringe| = 1. |finished| = 0.)
	(ocaml: 1 CPUs. shatter: 1. |fringe| = 1. |finished| = 0.)
(python) Launching turtle -> turtle (1 tasks) w/ 2 CPUs. 10.500000 <= MDL < 12.000000. Timeout 1796.336982.
(python) Launching turtle -> turtle (1 tasks) w/ 1 CPUs. 10.500000 <= MDL < 12.000000. Timeout 1796.357694.
	(ocaml: 2 CPUs. shatter: 10. |fringe| = 12. |finished| = 0.)
(python) Launching turtle -> turtle (1 tasks) w/ 1 CPUs. 10.500000 <= MDL < 12.000000. Timeout 1796.321604.
	(ocaml: 1 CPUs. shatter: 1. |fringe| = 1. |finished| = 0.)
(python) Launching turtle -> turtle (1 tasks) w/ 1 CPUs. 10.500000 <= MDL < 12.000000. Timeout 1796.335857.
	(ocaml: 2 CPUs. shatter: 10. |fringe| = 12. |finished| = 0.)
(python) Launching turtle -> turtle (1 tasks) w/ 1 CPUs. 10.500000 <= MDL < 12.000000. Timeout 1796.335653.
	(ocaml: 1 CPUs. shatter: 1. |fringe| = 1. |finished| = 0.)
(python) Launching turtle -> turtle (1 tasks) w/ 1 CPUs. 10.500000 <= MDL < 12.000000. Timeout 1796.373239.
	(ocaml: 1 CPUs. shatter: 1. |fringe| = 1. |finished| = 0.)
(python) Launching turtle -> turtle (1 tasks) w/ 1 CPUs. 10.500000 <= MDL < 12.000000. Timeout 1796.317062.
	(ocaml: 1 CPUs. shatter: 1. |fringe| = 1. |finished| = 0.)
(python) Launching turtle -> turtle (1 tasks) w/ 1 CPUs. 10.500000 <= MDL < 12.000000. Timeout 1796.315528.
	(ocaml: 1 CPUs. shatter: 1. |fringe| = 1. |finished| = 0.)
(python) Launching turtle -> turtle (1 tasks) w/ 2 CPUs. 10.500000 <= MDL < 12.000000. Timeout 1796.369831.
	(ocaml: 1 CPUs. shatter: 1. |fringe| = 1. |finished| = 0.)
(python) Launching turtle -> turtle (1 tasks) w/ 1 CPUs. 10.500000 <= MDL < 12.000000. Timeout 1796.333164.
	(ocaml: 1 CPUs. shatter: 1. |fringe| = 1. |finished| = 0.)
(python) Launching turtle -> turtle (1 tasks) w/ 1 CPUs. 10.500000 <= MDL < 12.000000. Timeout 1796.350688.
	(ocaml: 1 CPUs. shatter: 1. |fringe| = 1. |finished| = 0.)
(python) Launching turtle -> turtle (1 tasks) w/ 1 CPUs. 10.500000 <= MDL < 12.000000. Timeout 1796.370373.
	(ocaml: 2 CPUs. shatter: 10. |fringe| = 12. |finished| = 0.)
(python) Launching turtle -> turtle (1 tasks) w/ 3 CPUs. 12.000000 <= MDL < 13.500000. Timeout 1795.850718.
(python) Launching turtle -> turtle (1 tasks) w/ 1 CPUs. 12.000000 <= MDL < 13.500000. Timeout 1795.855640.
	(ocaml: 1 CPUs. shatter: 1. |fringe| = 1. |finished| = 0.)
(python) Launching turtle -> turtle (1 tasks) w/ 2 CPUs. 12.000000 <= MDL < 13.500000. Timeout 1795.846171.
	(ocaml: 1 CPUs. shatter: 1. |fringe| = 1. |finished| = 0.)
(python) Launching turtle -> turtle (1 tasks) w/ 1 CPUs. 12.000000 <= MDL < 13.500000. Timeout 1795.852670.
	(ocaml: 3 CPUs. shatter: 15. |fringe| = 18. |finished| = 0.)
	(ocaml: 1 CPUs. shatter: 1. |fringe| = 1. |finished| = 0.)
(python) Launching turtle -> turtle (1 tasks) w/ 1 CPUs. 12.000000 <= MDL < 13.500000. Timeout 1795.845988.
	(ocaml: 1 CPUs. shatter: 1. |fringe| = 1. |finished| = 0.)
(python) Launching turtle -> turtle (1 tasks) w/ 1 CPUs. 12.000000 <= MDL < 13.500000. Timeout 1795.860978.
	(ocaml: 2 CPUs. shatter: 10. |fringe| = 14. |finished| = 0.)
(python) Launching turtle -> turtle (1 tasks) w/ 1 CPUs. 12.000000 <= MDL < 13.500000. Timeout 1795.822840.
	(ocaml: 1 CPUs. shatter: 1. |fringe| = 1. |finished| = 0.)
(python) Launching turtle -> turtle (1 tasks) w/ 1 CPUs. 12.000000 <= MDL < 13.500000. Timeout 1795.832295.
	(ocaml: 1 CPUs. shatter: 1. |fringe| = 1. |finished| = 0.)
(python) Launching turtle -> turtle (1 tasks) w/ 2 CPUs. 12.000000 <= MDL < 13.500000. Timeout 1795.844410.
	(ocaml: 1 CPUs. shatter: 1. |fringe| = 1. |finished| = 0.)
(python) Launching turtle -> turtle (1 tasks) w/ 1 CPUs. 12.000000 <= MDL < 13.500000. Timeout 1795.843214.
	(ocaml: 1 CPUs. shatter: 1. |fringe| = 1. |finished| = 0.)
(python) Launching turtle -> turtle (1 tasks) w/ 1 CPUs. 12.000000 <= MDL < 13.500000. Timeout 1795.843445.
	(ocaml: 1 CPUs. shatter: 1. |fringe| = 1. |finished| = 0.)
(python) Launching turtle -> turtle (1 tasks) w/ 2 CPUs. 12.000000 <= MDL < 13.500000. Timeout 1795.855919.
	(ocaml: 2 CPUs. shatter: 10. |fringe| = 18. |finished| = 0.)
	(ocaml: 1 CPUs. shatter: 1. |fringe| = 1. |finished| = 0.)
(python) Launching turtle -> turtle (1 tasks) w/ 1 CPUs. 12.000000 <= MDL < 13.500000. Timeout 1795.860582.
(python) Launching turtle -> turtle (1 tasks) w/ 2 CPUs. 12.000000 <= MDL < 13.500000. Timeout 1795.877211.
(python) Launching turtle -> turtle (1 tasks) w/ 1 CPUs. 12.000000 <= MDL < 13.500000. Timeout 1795.896137.
	(ocaml: 1 CPUs. shatter: 1. |fringe| = 1. |finished| = 0.)
(python) Launching turtle -> turtle (1 tasks) w/ 1 CPUs. 12.000000 <= MDL < 13.500000. Timeout 1795.857090.
	(ocaml: 2 CPUs. shatter: 10. |fringe| = 12. |finished| = 0.)
(python) Launching turtle -> turtle (1 tasks) w/ 1 CPUs. 12.000000 <= MDL < 13.500000. Timeout 1795.873871.
	(ocaml: 1 CPUs. shatter: 1. |fringe| = 1. |finished| = 0.)
	(ocaml: 2 CPUs. shatter: 10. |fringe| = 12. |finished| = 0.)
(python) Launching turtle -> turtle (1 tasks) w/ 1 CPUs. 12.000000 <= MDL < 13.500000. Timeout 1795.875201.
	(ocaml: 1 CPUs. shatter: 1. |fringe| = 1. |finished| = 0.)
(python) Launching turtle -> turtle (1 tasks) w/ 1 CPUs. 12.000000 <= MDL < 13.500000. Timeout 1795.910826.
	(ocaml: 1 CPUs. shatter: 1. |fringe| = 1. |finished| = 0.)
(python) Launching turtle -> turtle (1 tasks) w/ 1 CPUs. 12.000000 <= MDL < 13.500000. Timeout 1795.853861.
	(ocaml: 1 CPUs. shatter: 1. |fringe| = 1. |finished| = 0.)
(python) Launching turtle -> turtle (1 tasks) w/ 1 CPUs. 12.000000 <= MDL < 13.500000. Timeout 1795.851177.
	(ocaml: 1 CPUs. shatter: 1. |fringe| = 1. |finished| = 0.)
(python) Launching turtle -> turtle (1 tasks) w/ 2 CPUs. 12.000000 <= MDL < 13.500000. Timeout 1795.907928.
	(ocaml: 1 CPUs. shatter: 1. |fringe| = 1. |finished| = 0.)
(python) Launching turtle -> turtle (1 tasks) w/ 1 CPUs. 12.000000 <= MDL < 13.500000. Timeout 1795.872514.
(python) Launching turtle -> turtle (1 tasks) w/ 1 CPUs. 12.000000 <= MDL < 13.500000. Timeout 1795.929995.
	(ocaml: 1 CPUs. shatter: 1. |fringe| = 1. |finished| = 0.)
	(ocaml: 1 CPUs. shatter: 1. |fringe| = 1. |finished| = 0.)
(python) Launching turtle -> turtle (1 tasks) w/ 1 CPUs. 12.000000 <= MDL < 13.500000. Timeout 1795.874201.
(python) Launching turtle -> turtle (1 tasks) w/ 3 CPUs. 13.500000 <= MDL < 15.000000. Timeout 1795.394446.
	(ocaml: 2 CPUs. shatter: 10. |fringe| = 12. |finished| = 0.)
	(ocaml: 1 CPUs. shatter: 1. |fringe| = 1. |finished| = 0.)
(python) Launching turtle -> turtle (1 tasks) w/ 2 CPUs. 13.500000 <= MDL < 15.000000. Timeout 1795.392704.
	(ocaml: 1 CPUs. shatter: 1. |fringe| = 1. |finished| = 0.)
(python) Launching turtle -> turtle (1 tasks) w/ 1 CPUs. 13.500000 <= MDL < 15.000000. Timeout 1795.369777.
(python) Launching turtle -> turtle (1 tasks) w/ 1 CPUs. 13.500000 <= MDL < 15.000000. Timeout 1795.386304.
	(ocaml: 1 CPUs. shatter: 1. |fringe| = 1. |finished| = 0.)
(python) Launching turtle -> turtle (1 tasks) w/ 1 CPUs. 13.500000 <= MDL < 15.000000. Timeout 1795.382054.
	(ocaml: 3 CPUs. shatter: 15. |fringe| = 18. |finished| = 0.)
(python) Launching turtle -> turtle (1 tasks) w/ 2 CPUs. 13.500000 <= MDL < 15.000000. Timeout 1795.433711.
	(ocaml: 1 CPUs. shatter: 1. |fringe| = 1. |finished| = 0.)
	(ocaml: 2 CPUs. shatter: 10. |fringe| = 14. |finished| = 0.)
	(ocaml: 1 CPUs. shatter: 1. |fringe| = 1. |finished| = 0.)
(python) Launching turtle -> turtle (1 tasks) w/ 1 CPUs. 13.500000 <= MDL < 15.000000. Timeout 1795.358824.
	(ocaml: 1 CPUs. shatter: 1. |fringe| = 1. |finished| = 0.)
(python) Launching turtle -> turtle (1 tasks) w/ 1 CPUs. 13.500000 <= MDL < 15.000000. Timeout 1795.348365.
(python) Launching turtle -> turtle (1 tasks) w/ 2 CPUs. 13.500000 <= MDL < 15.000000. Timeout 1795.424138.
	(ocaml: 2 CPUs. shatter: 10. |fringe| = 18. |finished| = 0.)
	(ocaml: 1 CPUs. shatter: 1. |fringe| = 1. |finished| = 0.)
(python) Launching turtle -> turtle (1 tasks) w/ 1 CPUs. 13.500000 <= MDL < 15.000000. Timeout 1795.264316.
(python) Launching turtle -> turtle (1 tasks) w/ 1 CPUs. 13.500000 <= MDL < 15.000000. Timeout 1795.341687.
	(ocaml: 1 CPUs. shatter: 1. |fringe| = 1. |finished| = 0.)
(python) Launching turtle -> turtle (1 tasks) w/ 2 CPUs. 13.500000 <= MDL < 15.000000. Timeout 1795.410927.
	(ocaml: 2 CPUs. shatter: 10. |fringe| = 12. |finished| = 0.)
(python) Launching turtle -> turtle (1 tasks) w/ 1 CPUs. 13.500000 <= MDL < 15.000000. Timeout 1795.283762.
	(ocaml: 1 CPUs. shatter: 1. |fringe| = 1. |finished| = 0.)
(python) Launching turtle -> turtle (1 tasks) w/ 1 CPUs. 13.500000 <= MDL < 15.000000. Timeout 1795.329335.
	(ocaml: 1 CPUs. shatter: 1. |fringe| = 1. |finished| = 0.)
(python) Launching turtle -> turtle (1 tasks) w/ 1 CPUs. 13.500000 <= MDL < 15.000000. Timeout 1795.376593.
	(ocaml: 2 CPUs. shatter: 10. |fringe| = 12. |finished| = 0.)
(python) Launching turtle -> turtle (1 tasks) w/ 1 CPUs. 13.500000 <= MDL < 15.000000. Timeout 1795.333670.
	(ocaml: 1 CPUs. shatter: 1. |fringe| = 1. |finished| = 0.)
(python) Launching turtle -> turtle (1 tasks) w/ 1 CPUs. 13.500000 <= MDL < 15.000000. Timeout 1795.365605.
	(ocaml: 1 CPUs. shatter: 1. |fringe| = 1. |finished| = 0.)
(python) Launching turtle -> turtle (1 tasks) w/ 1 CPUs. 13.500000 <= MDL < 15.000000. Timeout 1795.323063.
(python) Launching turtle -> turtle (1 tasks) w/ 2 CPUs. 13.500000 <= MDL < 15.000000. Timeout 1795.428452.
	(ocaml: 1 CPUs. shatter: 1. |fringe| = 1. |finished| = 0.)
(python) Launching turtle -> turtle (1 tasks) w/ 1 CPUs. 13.500000 <= MDL < 15.000000. Timeout 1795.350375.
	(ocaml: 1 CPUs. shatter: 1. |fringe| = 1. |finished| = 0.)
	(ocaml: 1 CPUs. shatter: 1. |fringe| = 1. |finished| = 0.)
(python) Launching turtle -> turtle (1 tasks) w/ 1 CPUs. 13.500000 <= MDL < 15.000000. Timeout 1795.296291.
	(ocaml: 1 CPUs. shatter: 1. |fringe| = 1. |finished| = 0.)
(python) Launching turtle -> turtle (1 tasks) w/ 1 CPUs. 13.500000 <= MDL < 15.000000. Timeout 1795.290904.
(python) Launching turtle -> turtle (1 tasks) w/ 1 CPUs. 13.500000 <= MDL < 15.000000. Timeout 1795.325990.
	(ocaml: 2 CPUs. shatter: 10. |fringe| = 12. |finished| = 0.)
(python) Launching turtle -> turtle (1 tasks) w/ 1 CPUs. 13.500000 <= MDL < 15.000000. Timeout 1795.376422.
	(ocaml: 1 CPUs. shatter: 1. |fringe| = 1. |finished| = 0.)
(python) Launching turtle -> turtle (1 tasks) w/ 1 CPUs. 13.500000 <= MDL < 15.000000. Timeout 1795.306990.
	(ocaml: 1 CPUs. shatter: 1. |fringe| = 1. |finished| = 0.)
	(ocaml: 1 CPUs. shatter: 1. |fringe| = 1. |finished| = 0.)
(python) Launching turtle -> turtle (1 tasks) w/ 3 CPUs. 15.000000 <= MDL < 16.500000. Timeout 1794.806282.
	(ocaml: 1 CPUs. shatter: 1. |fringe| = 1. |finished| = 0.)
(python) Launching turtle -> turtle (1 tasks) w/ 2 CPUs. 15.000000 <= MDL < 16.500000. Timeout 1794.800485.
	(ocaml: 1 CPUs. shatter: 1. |fringe| = 1. |finished| = 0.)
	(ocaml: 1 CPUs. shatter: 1. |fringe| = 1. |finished| = 0.)
(python) Launching turtle -> turtle (1 tasks) w/ 2 CPUs. 15.000000 <= MDL < 16.500000. Timeout 1794.851940.
	(ocaml: 3 CPUs. shatter: 15. |fringe| = 18. |finished| = 0.)
	(ocaml: 2 CPUs. shatter: 10. |fringe| = 14. |finished| = 0.)
	(ocaml: 2 CPUs. shatter: 10. |fringe| = 18. |finished| = 0.)
(python) Launching turtle -> turtle (1 tasks) w/ 2 CPUs. 15.000000 <= MDL < 16.500000. Timeout 1794.795237.
(python) Launching turtle -> turtle (1 tasks) w/ 2 CPUs. 15.000000 <= MDL < 16.500000. Timeout 1794.776713.
	(ocaml: 2 CPUs. shatter: 10. |fringe| = 12. |finished| = 0.)
(python) Launching turtle -> turtle (1 tasks) w/ 1 CPUs. 15.000000 <= MDL < 16.500000. Timeout 1794.475043.
	(ocaml: 2 CPUs. shatter: 10. |fringe| = 12. |finished| = 0.)
(python) Launching turtle -> turtle (1 tasks) w/ 1 CPUs. 15.000000 <= MDL < 16.500000. Timeout 1794.424241.
	(ocaml: 1 CPUs. shatter: 1. |fringe| = 1. |finished| = 0.)
(python) Launching turtle -> turtle (1 tasks) w/ 2 CPUs. 15.000000 <= MDL < 16.500000. Timeout 1794.782876.
(python) Launching turtle -> turtle (1 tasks) w/ 1 CPUs. 15.000000 <= MDL < 16.500000. Timeout 1794.347852.
(python) Launching turtle -> turtle (1 tasks) w/ 1 CPUs. 15.000000 <= MDL < 16.500000. Timeout 1794.354905.
	(ocaml: 1 CPUs. shatter: 1. |fringe| = 1. |finished| = 0.)
	(ocaml: 2 CPUs. shatter: 10. |fringe| = 12. |finished| = 0.)
(python) Launching turtle -> turtle (1 tasks) w/ 1 CPUs. 15.000000 <= MDL < 16.500000. Timeout 1794.327047.
	(ocaml: 1 CPUs. shatter: 1. |fringe| = 1. |finished| = 0.)
	(ocaml: 1 CPUs. shatter: 1. |fringe| = 1. |finished| = 0.)
	(ocaml: 1 CPUs. shatter: 1. |fringe| = 1. |finished| = 0.)
(python) Launching turtle -> turtle (1 tasks) w/ 1 CPUs. 15.000000 <= MDL < 16.500000. Timeout 1794.339030.
(python) Launching turtle -> turtle (1 tasks) w/ 1 CPUs. 15.000000 <= MDL < 16.500000. Timeout 1794.169544.
(python) Launching turtle -> turtle (1 tasks) w/ 1 CPUs. 15.000000 <= MDL < 16.500000. Timeout 1794.060995.
(python) Launching turtle -> turtle (1 tasks) w/ 1 CPUs. 15.000000 <= MDL < 16.500000. Timeout 1794.123688.
	(ocaml: 1 CPUs. shatter: 1. |fringe| = 1. |finished| = 0.)
(python) Launching turtle -> turtle (1 tasks) w/ 1 CPUs. 15.000000 <= MDL < 16.500000. Timeout 1794.221939.
(python) Launching turtle -> turtle (1 tasks) w/ 1 CPUs. 15.000000 <= MDL < 16.500000. Timeout 1794.125197.
	(ocaml: 1 CPUs. shatter: 1. |fringe| = 1. |finished| = 0.)
(python) Launching turtle -> turtle (1 tasks) w/ 1 CPUs. 15.000000 <= MDL < 16.500000. Timeout 1794.247875.
	(ocaml: 1 CPUs. shatter: 1. |fringe| = 1. |finished| = 0.)
	(ocaml: 1 CPUs. shatter: 1. |fringe| = 1. |finished| = 0.)
(python) Launching turtle -> turtle (1 tasks) w/ 1 CPUs. 15.000000 <= MDL < 16.500000. Timeout 1794.155526.
(python) Launching turtle -> turtle (1 tasks) w/ 1 CPUs. 15.000000 <= MDL < 16.500000. Timeout 1794.104531.
	(ocaml: 1 CPUs. shatter: 1. |fringe| = 1. |finished| = 0.)
	(ocaml: 1 CPUs. shatter: 1. |fringe| = 1. |finished| = 0.)
	(ocaml: 1 CPUs. shatter: 1. |fringe| = 1. |finished| = 0.)
	(ocaml: 1 CPUs. shatter: 1. |fringe| = 1. |finished| = 0.)
(python) Launching turtle -> turtle (1 tasks) w/ 1 CPUs. 15.000000 <= MDL < 16.500000. Timeout 1794.074642.
	(ocaml: 1 CPUs. shatter: 1. |fringe| = 1. |finished| = 0.)
(python) Launching turtle -> turtle (1 tasks) w/ 1 CPUs. 15.000000 <= MDL < 16.500000. Timeout 1794.152781.
(python) Launching turtle -> turtle (1 tasks) w/ 1 CPUs. 15.000000 <= MDL < 16.500000. Timeout 1793.918385.
	(ocaml: 1 CPUs. shatter: 1. |fringe| = 1. |finished| = 0.)
	(ocaml: 1 CPUs. shatter: 1. |fringe| = 1. |finished| = 0.)
(python) Launching turtle -> turtle (1 tasks) w/ 1 CPUs. 15.000000 <= MDL < 16.500000. Timeout 1793.889506.
	(ocaml: 1 CPUs. shatter: 1. |fringe| = 1. |finished| = 0.)
	(ocaml: 1 CPUs. shatter: 1. |fringe| = 1. |finished| = 0.)
(python) Launching turtle -> turtle (1 tasks) w/ 1 CPUs. 15.000000 <= MDL < 16.500000. Timeout 1793.753145.
	(ocaml: 1 CPUs. shatter: 1. |fringe| = 1. |finished| = 0.)
(python) Launching turtle -> turtle (1 tasks) w/ 3 CPUs. 16.500000 <= MDL < 18.000000. Timeout 1793.113569.
	(ocaml: 3 CPUs. shatter: 15. |fringe| = 18. |finished| = 0.)
(python) Launching turtle -> turtle (1 tasks) w/ 2 CPUs. 16.500000 <= MDL < 18.000000. Timeout 1792.414965.
	(ocaml: 2 CPUs. shatter: 10. |fringe| = 14. |finished| = 0.)
(python) Launching turtle -> turtle (1 tasks) w/ 2 CPUs. 16.500000 <= MDL < 18.000000. Timeout 1792.289267.
(python) Launching turtle -> turtle (1 tasks) w/ 2 CPUs. 16.500000 <= MDL < 18.000000. Timeout 1792.383246.
	(ocaml: 2 CPUs. shatter: 10. |fringe| = 18. |finished| = 0.)
	(ocaml: 2 CPUs. shatter: 10. |fringe| = 12. |finished| = 0.)
(python) Launching turtle -> turtle (1 tasks) w/ 2 CPUs. 16.500000 <= MDL < 18.000000. Timeout 1792.161576.
(python) Launching turtle -> turtle (1 tasks) w/ 2 CPUs. 16.500000 <= MDL < 18.000000. Timeout 1792.312951.
	(ocaml: 2 CPUs. shatter: 10. |fringe| = 12. |finished| = 0.)
	(ocaml: 2 CPUs. shatter: 10. |fringe| = 12. |finished| = 0.)
(python) Launching turtle -> turtle (1 tasks) w/ 1 CPUs. 16.500000 <= MDL < 18.000000. Timeout 1790.349347.
(python) Launching turtle -> turtle (1 tasks) w/ 1 CPUs. 16.500000 <= MDL < 18.000000. Timeout 1790.363530.
	(ocaml: 1 CPUs. shatter: 1. |fringe| = 1. |finished| = 0.)
(python) Launching turtle -> turtle (1 tasks) w/ 1 CPUs. 16.500000 <= MDL < 18.000000. Timeout 1789.996775.
	(ocaml: 1 CPUs. shatter: 1. |fringe| = 1. |finished| = 0.)
	(ocaml: 1 CPUs. shatter: 1. |fringe| = 1. |finished| = 0.)
(python) Launching turtle -> turtle (1 tasks) w/ 1 CPUs. 16.500000 <= MDL < 18.000000. Timeout 1789.772365.
(python) Launching turtle -> turtle (1 tasks) w/ 1 CPUs. 16.500000 <= MDL < 18.000000. Timeout 1789.972552.
	(ocaml: 1 CPUs. shatter: 1. |fringe| = 1. |finished| = 0.)
	(ocaml: 1 CPUs. shatter: 1. |fringe| = 1. |finished| = 0.)
(python) Launching turtle -> turtle (1 tasks) w/ 1 CPUs. 16.500000 <= MDL < 18.000000. Timeout 1789.891436.
(python) Launching turtle -> turtle (1 tasks) w/ 1 CPUs. 16.500000 <= MDL < 18.000000. Timeout 1789.756366.
(python) Launching turtle -> turtle (1 tasks) w/ 1 CPUs. 16.500000 <= MDL < 18.000000. Timeout 1789.558262.
	(ocaml: 1 CPUs. shatter: 1. |fringe| = 1. |finished| = 0.)
(python) Launching turtle -> turtle (1 tasks) w/ 1 CPUs. 16.500000 <= MDL < 18.000000. Timeout 1789.870122.
	(ocaml: 1 CPUs. shatter: 1. |fringe| = 1. |finished| = 0.)
	(ocaml: 1 CPUs. shatter: 1. |fringe| = 1. |finished| = 0.)
	(ocaml: 1 CPUs. shatter: 1. |fringe| = 1. |finished| = 0.)
(python) Launching turtle -> turtle (1 tasks) w/ 1 CPUs. 16.500000 <= MDL < 18.000000. Timeout 1789.057347.
(python) Launching turtle -> turtle (1 tasks) w/ 1 CPUs. 16.500000 <= MDL < 18.000000. Timeout 1788.976287.
	(ocaml: 1 CPUs. shatter: 1. |fringe| = 1. |finished| = 0.)
	(ocaml: 1 CPUs. shatter: 1. |fringe| = 1. |finished| = 0.)
(python) Launching turtle -> turtle (1 tasks) w/ 1 CPUs. 16.500000 <= MDL < 18.000000. Timeout 1788.925838.
(python) Launching turtle -> turtle (1 tasks) w/ 1 CPUs. 16.500000 <= MDL < 18.000000. Timeout 1788.821022.
	(ocaml: 1 CPUs. shatter: 1. |fringe| = 1. |finished| = 0.)
	(ocaml: 1 CPUs. shatter: 1. |fringe| = 1. |finished| = 0.)
(python) Launching turtle -> turtle (1 tasks) w/ 1 CPUs. 16.500000 <= MDL < 18.000000. Timeout 1788.881690.
(python) Launching turtle -> turtle (1 tasks) w/ 1 CPUs. 16.500000 <= MDL < 18.000000. Timeout 1788.755858.
	(ocaml: 1 CPUs. shatter: 1. |fringe| = 1. |finished| = 0.)
	(ocaml: 1 CPUs. shatter: 1. |fringe| = 1. |finished| = 0.)
(python) Launching turtle -> turtle (1 tasks) w/ 1 CPUs. 16.500000 <= MDL < 18.000000. Timeout 1788.070528.
(python) Launching turtle -> turtle (1 tasks) w/ 1 CPUs. 16.500000 <= MDL < 18.000000. Timeout 1788.308562.
	(ocaml: 1 CPUs. shatter: 1. |fringe| = 1. |finished| = 0.)
	(ocaml: 1 CPUs. shatter: 1. |fringe| = 1. |finished| = 0.)
(python) Launching turtle -> turtle (1 tasks) w/ 1 CPUs. 16.500000 <= MDL < 18.000000. Timeout 1788.188955.
	(ocaml: 1 CPUs. shatter: 1. |fringe| = 1. |finished| = 0.)
(python) Launching turtle -> turtle (1 tasks) w/ 1 CPUs. 16.500000 <= MDL < 18.000000. Timeout 1786.228822.
(python) Launching turtle -> turtle (1 tasks) w/ 3 CPUs. 18.000000 <= MDL < 19.500000. Timeout 1785.640106.
	(ocaml: 1 CPUs. shatter: 1. |fringe| = 1. |finished| = 0.)
	(ocaml: 3 CPUs. shatter: 15. |fringe| = 18. |finished| = 0.)
(python) Launching turtle -> turtle (1 tasks) w/ 2 CPUs. 18.000000 <= MDL < 19.500000. Timeout 1782.106831.
	(ocaml: 2 CPUs. shatter: 10. |fringe| = 14. |finished| = 0.)
(python) Launching turtle -> turtle (1 tasks) w/ 2 CPUs. 18.000000 <= MDL < 19.500000. Timeout 1782.341385.
	(ocaml: 2 CPUs. shatter: 10. |fringe| = 12. |finished| = 0.)
(python) Launching turtle -> turtle (1 tasks) w/ 2 CPUs. 18.000000 <= MDL < 19.500000. Timeout 1781.564030.
(python) Launching turtle -> turtle (1 tasks) w/ 2 CPUs. 18.000000 <= MDL < 19.500000. Timeout 1781.611231.
	(ocaml: 2 CPUs. shatter: 10. |fringe| = 18. |finished| = 0.)
	(ocaml: 2 CPUs. shatter: 10. |fringe| = 12. |finished| = 0.)
(python) Launching turtle -> turtle (1 tasks) w/ 2 CPUs. 18.000000 <= MDL < 19.500000. Timeout 1781.136692.
	(ocaml: 2 CPUs. shatter: 10. |fringe| = 12. |finished| = 0.)
(python) Launching turtle -> turtle (1 tasks) w/ 1 CPUs. 18.000000 <= MDL < 19.500000. Timeout 1773.337153.
	(ocaml: 1 CPUs. shatter: 1. |fringe| = 1. |finished| = 0.)
(python) Launching turtle -> turtle (1 tasks) w/ 1 CPUs. 18.000000 <= MDL < 19.500000. Timeout 1771.929188.
	(ocaml: 1 CPUs. shatter: 1. |fringe| = 1. |finished| = 0.)
(python) Launching turtle -> turtle (1 tasks) w/ 1 CPUs. 18.000000 <= MDL < 19.500000. Timeout 1770.089255.
	(ocaml: 1 CPUs. shatter: 1. |fringe| = 1. |finished| = 0.)
(python) Launching turtle -> turtle (1 tasks) w/ 1 CPUs. 18.000000 <= MDL < 19.500000. Timeout 1769.861393.
	(ocaml: 1 CPUs. shatter: 1. |fringe| = 1. |finished| = 0.)
(python) Launching turtle -> turtle (1 tasks) w/ 1 CPUs. 18.000000 <= MDL < 19.500000. Timeout 1769.437095.
(python) Launching turtle -> turtle (1 tasks) w/ 1 CPUs. 18.000000 <= MDL < 19.500000. Timeout 1769.726020.
	(ocaml: 1 CPUs. shatter: 1. |fringe| = 1. |finished| = 0.)
(python) Launching turtle -> turtle (1 tasks) w/ 1 CPUs. 18.000000 <= MDL < 19.500000. Timeout 1769.306959.
	(ocaml: 1 CPUs. shatter: 1. |fringe| = 1. |finished| = 0.)
	(ocaml: 1 CPUs. shatter: 1. |fringe| = 1. |finished| = 0.)
(python) Launching turtle -> turtle (1 tasks) w/ 1 CPUs. 18.000000 <= MDL < 19.500000. Timeout 1768.527692.
(python) Launching turtle -> turtle (1 tasks) w/ 1 CPUs. 18.000000 <= MDL < 19.500000. Timeout 1768.352652.
	(ocaml: 1 CPUs. shatter: 1. |fringe| = 1. |finished| = 0.)
	(ocaml: 1 CPUs. shatter: 1. |fringe| = 1. |finished| = 0.)
(python) Launching turtle -> turtle (1 tasks) w/ 1 CPUs. 18.000000 <= MDL < 19.500000. Timeout 1767.601822.
	(ocaml: 1 CPUs. shatter: 1. |fringe| = 1. |finished| = 0.)
(python) Launching turtle -> turtle (1 tasks) w/ 1 CPUs. 18.000000 <= MDL < 19.500000. Timeout 1767.302741.
	(ocaml: 1 CPUs. shatter: 1. |fringe| = 1. |finished| = 0.)
(python) Launching turtle -> turtle (1 tasks) w/ 1 CPUs. 18.000000 <= MDL < 19.500000. Timeout 1766.166468.
	(ocaml: 1 CPUs. shatter: 1. |fringe| = 1. |finished| = 0.)
(python) Launching turtle -> turtle (1 tasks) w/ 1 CPUs. 18.000000 <= MDL < 19.500000. Timeout 1765.678496.
	(ocaml: 1 CPUs. shatter: 1. |fringe| = 1. |finished| = 0.)
(python) Launching turtle -> turtle (1 tasks) w/ 1 CPUs. 18.000000 <= MDL < 19.500000. Timeout 1765.058015.
	(ocaml: 1 CPUs. shatter: 1. |fringe| = 1. |finished| = 0.)
(python) Launching turtle -> turtle (1 tasks) w/ 1 CPUs. 18.000000 <= MDL < 19.500000. Timeout 1764.496724.
	(ocaml: 1 CPUs. shatter: 1. |fringe| = 1. |finished| = 0.)
(python) Launching turtle -> turtle (1 tasks) w/ 1 CPUs. 18.000000 <= MDL < 19.500000. Timeout 1764.184419.
	(ocaml: 1 CPUs. shatter: 1. |fringe| = 1. |finished| = 0.)
(python) Launching turtle -> turtle (1 tasks) w/ 1 CPUs. 18.000000 <= MDL < 19.500000. Timeout 1763.273549.
	(ocaml: 1 CPUs. shatter: 1. |fringe| = 1. |finished| = 0.)
(python) Launching turtle -> turtle (1 tasks) w/ 1 CPUs. 18.000000 <= MDL < 19.500000. Timeout 1760.285744.
	(ocaml: 1 CPUs. shatter: 1. |fringe| = 1. |finished| = 0.)
(python) Launching turtle -> turtle (1 tasks) w/ 1 CPUs. 18.000000 <= MDL < 19.500000. Timeout 1755.299335.
	(ocaml: 1 CPUs. shatter: 1. |fringe| = 1. |finished| = 0.)
(python) Launching turtle -> turtle (1 tasks) w/ 3 CPUs. 19.500000 <= MDL < 21.000000. Timeout 1751.136630.
	(ocaml: 3 CPUs. shatter: 15. |fringe| = 18. |finished| = 0.)
(python) Launching turtle -> turtle (1 tasks) w/ 2 CPUs. 19.500000 <= MDL < 21.000000. Timeout 1743.947204.
	(ocaml: 2 CPUs. shatter: 10. |fringe| = 12. |finished| = 0.)
(python) Launching turtle -> turtle (1 tasks) w/ 2 CPUs. 19.500000 <= MDL < 21.000000. Timeout 1738.805130.
	(ocaml: 2 CPUs. shatter: 10. |fringe| = 18. |finished| = 0.)
(python) Launching turtle -> turtle (1 tasks) w/ 2 CPUs. 19.500000 <= MDL < 21.000000. Timeout 1735.169016.
	(ocaml: 2 CPUs. shatter: 10. |fringe| = 14. |finished| = 0.)
(python) Launching turtle -> turtle (1 tasks) w/ 2 CPUs. 19.500000 <= MDL < 21.000000. Timeout 1734.484722.
	(ocaml: 2 CPUs. shatter: 10. |fringe| = 12. |finished| = 0.)
(python) Launching turtle -> turtle (1 tasks) w/ 2 CPUs. 19.500000 <= MDL < 21.000000. Timeout 1728.679351.
	(ocaml: 2 CPUs. shatter: 10. |fringe| = 12. |finished| = 0.)
(python) Launching turtle -> turtle (1 tasks) w/ 1 CPUs. 19.500000 <= MDL < 21.000000. Timeout 1703.384197.
	(ocaml: 1 CPUs. shatter: 1. |fringe| = 1. |finished| = 0.)
(python) Launching turtle -> turtle (1 tasks) w/ 1 CPUs. 19.500000 <= MDL < 21.000000. Timeout 1693.137516.
	(ocaml: 1 CPUs. shatter: 1. |fringe| = 1. |finished| = 0.)
(python) Launching turtle -> turtle (1 tasks) w/ 1 CPUs. 19.500000 <= MDL < 21.000000. Timeout 1689.687778.
	(ocaml: 1 CPUs. shatter: 1. |fringe| = 1. |finished| = 0.)
(python) Launching turtle -> turtle (1 tasks) w/ 1 CPUs. 19.500000 <= MDL < 21.000000. Timeout 1682.739884.
	(ocaml: 1 CPUs. shatter: 1. |fringe| = 1. |finished| = 0.)
(python) Launching turtle -> turtle (1 tasks) w/ 1 CPUs. 19.500000 <= MDL < 21.000000. Timeout 1682.015702.
	(ocaml: 1 CPUs. shatter: 1. |fringe| = 1. |finished| = 0.)
(python) Launching turtle -> turtle (1 tasks) w/ 1 CPUs. 19.500000 <= MDL < 21.000000. Timeout 1680.782088.
	(ocaml: 1 CPUs. shatter: 1. |fringe| = 1. |finished| = 0.)
(python) Launching turtle -> turtle (1 tasks) w/ 1 CPUs. 19.500000 <= MDL < 21.000000. Timeout 1680.493483.
	(ocaml: 1 CPUs. shatter: 1. |fringe| = 1. |finished| = 0.)
(python) Launching turtle -> turtle (1 tasks) w/ 1 CPUs. 19.500000 <= MDL < 21.000000. Timeout 1677.872754.
	(ocaml: 1 CPUs. shatter: 1. |fringe| = 1. |finished| = 0.)
(python) Launching turtle -> turtle (1 tasks) w/ 1 CPUs. 19.500000 <= MDL < 21.000000. Timeout 1674.595792.
	(ocaml: 1 CPUs. shatter: 1. |fringe| = 1. |finished| = 0.)
(python) Launching turtle -> turtle (1 tasks) w/ 1 CPUs. 19.500000 <= MDL < 21.000000. Timeout 1674.760455.
	(ocaml: 1 CPUs. shatter: 1. |fringe| = 1. |finished| = 0.)
(python) Launching turtle -> turtle (1 tasks) w/ 1 CPUs. 19.500000 <= MDL < 21.000000. Timeout 1673.773880.
	(ocaml: 1 CPUs. shatter: 1. |fringe| = 1. |finished| = 0.)
(python) Launching turtle -> turtle (1 tasks) w/ 1 CPUs. 19.500000 <= MDL < 21.000000. Timeout 1672.588315.
	(ocaml: 1 CPUs. shatter: 1. |fringe| = 1. |finished| = 0.)
(python) Launching turtle -> turtle (1 tasks) w/ 1 CPUs. 19.500000 <= MDL < 21.000000. Timeout 1661.170594.
	(ocaml: 1 CPUs. shatter: 1. |fringe| = 1. |finished| = 0.)
(python) Launching turtle -> turtle (1 tasks) w/ 1 CPUs. 19.500000 <= MDL < 21.000000. Timeout 1659.545653.
(python) Launching turtle -> turtle (1 tasks) w/ 1 CPUs. 19.500000 <= MDL < 21.000000. Timeout 1659.713438.
	(ocaml: 1 CPUs. shatter: 1. |fringe| = 1. |finished| = 0.)
	(ocaml: 1 CPUs. shatter: 1. |fringe| = 1. |finished| = 0.)
(python) Launching turtle -> turtle (1 tasks) w/ 1 CPUs. 19.500000 <= MDL < 21.000000. Timeout 1652.272816.
	(ocaml: 1 CPUs. shatter: 1. |fringe| = 1. |finished| = 0.)
(python) Launching turtle -> turtle (1 tasks) w/ 1 CPUs. 19.500000 <= MDL < 21.000000. Timeout 1649.149321.
	(ocaml: 1 CPUs. shatter: 1. |fringe| = 1. |finished| = 0.)
Fatal error: out of memory
response:
b''
error:
None
ERROR in enumeration, returning empty frontiers for this batch of tasks.
(python) Launching turtle -> turtle (1 tasks) w/ 1 CPUs. 19.500000 <= MDL < 21.000000. Timeout 1638.372938.
	(ocaml: 1 CPUs. shatter: 1. |fringe| = 1. |finished| = 0.)
Fatal error: out of memory
response:
b''
error:
None
ERROR in enumeration, returning empty frontiers for this batch of tasks.
(python) Launching turtle -> turtle (1 tasks) w/ 1 CPUs. 19.500000 <= MDL < 21.000000. Timeout 1623.139108.
	(ocaml: 1 CPUs. shatter: 1. |fringe| = 1. |finished| = 0.)
(python) Launching turtle -> turtle (1 tasks) w/ 3 CPUs. 21.000000 <= MDL < 22.500000. Timeout 1615.894662.
	(ocaml: 3 CPUs. shatter: 15. |fringe| = 18. |finished| = 0.)
(python) Launching turtle -> turtle (1 tasks) w/ 2 CPUs. 21.000000 <= MDL < 22.500000. Timeout 1567.564429.
	(ocaml: 2 CPUs. shatter: 10. |fringe| = 12. |finished| = 0.)
(python) Launching turtle -> turtle (1 tasks) w/ 2 CPUs. 21.000000 <= MDL < 22.500000. Timeout 1540.693533.
	(ocaml: 2 CPUs. shatter: 10. |fringe| = 14. |finished| = 0.)
(python) Launching turtle -> turtle (1 tasks) w/ 2 CPUs. 21.000000 <= MDL < 22.500000. Timeout 1536.804850.
	(ocaml: 2 CPUs. shatter: 10. |fringe| = 18. |finished| = 0.)
(python) Launching turtle -> turtle (1 tasks) w/ 2 CPUs. 21.000000 <= MDL < 22.500000. Timeout 1524.933768.
	(ocaml: 2 CPUs. shatter: 10. |fringe| = 12. |finished| = 0.)
(python) Launching turtle -> turtle (1 tasks) w/ 2 CPUs. 21.000000 <= MDL < 22.500000. Timeout 1519.115836.
	(ocaml: 2 CPUs. shatter: 10. |fringe| = 12. |finished| = 0.)
Fatal error: out of memory
response:
b''
error:
None
ERROR in enumeration, returning empty frontiers for this batch of tasks.
(python) Launching turtle -> turtle (1 tasks) w/ 1 CPUs. 21.000000 <= MDL < 22.500000. Timeout 1485.761631.
	(ocaml: 1 CPUs. shatter: 1. |fringe| = 1. |finished| = 0.)
Fatal error: out of memory
response:
b''
error:
None
ERROR in enumeration, returning empty frontiers for this batch of tasks.
(python) Launching turtle -> turtle (1 tasks) w/ 1 CPUs. 21.000000 <= MDL < 22.500000. Timeout 1409.753543.
	(ocaml: 1 CPUs. shatter: 1. |fringe| = 1. |finished| = 0.)
(python) Launching turtle -> turtle (1 tasks) w/ 1 CPUs. 21.000000 <= MDL < 22.500000. Timeout 1406.736954.
	(ocaml: 1 CPUs. shatter: 1. |fringe| = 1. |finished| = 0.)
(python) Launching turtle -> turtle (1 tasks) w/ 1 CPUs. 21.000000 <= MDL < 22.500000. Timeout 1365.830918.
	(ocaml: 1 CPUs. shatter: 1. |fringe| = 1. |finished| = 0.)
(python) Launching turtle -> turtle (1 tasks) w/ 1 CPUs. 21.000000 <= MDL < 22.500000. Timeout 1356.455299.
	(ocaml: 1 CPUs. shatter: 1. |fringe| = 1. |finished| = 0.)
(python) Launching turtle -> turtle (1 tasks) w/ 1 CPUs. 21.000000 <= MDL < 22.500000. Timeout 1334.152211.
	(ocaml: 1 CPUs. shatter: 1. |fringe| = 1. |finished| = 0.)
(python) Launching turtle -> turtle (1 tasks) w/ 1 CPUs. 21.000000 <= MDL < 22.500000. Timeout 1324.682782.
	(ocaml: 1 CPUs. shatter: 1. |fringe| = 1. |finished| = 0.)
Fatal error: out of memory
(python) Launching turtle -> turtle (1 tasks) w/ 1 CPUs. 21.000000 <= MDL < 22.500000. Timeout 1312.710868.
	(ocaml: 1 CPUs. shatter: 1. |fringe| = 1. |finished| = 0.)
(python) Launching turtle -> turtle (1 tasks) w/ 1 CPUs. 21.000000 <= MDL < 22.500000. Timeout 1309.104660.
	(ocaml: 1 CPUs. shatter: 1. |fringe| = 1. |finished| = 0.)
response:
b''
error:
None
ERROR in enumeration, returning empty frontiers for this batch of tasks.
(python) Launching turtle -> turtle (1 tasks) w/ 1 CPUs. 21.000000 <= MDL < 22.500000. Timeout 1306.466609.
	(ocaml: 1 CPUs. shatter: 1. |fringe| = 1. |finished| = 0.)
(python) Launching turtle -> turtle (1 tasks) w/ 1 CPUs. 21.000000 <= MDL < 22.500000. Timeout 1298.165753.
	(ocaml: 1 CPUs. shatter: 1. |fringe| = 1. |finished| = 0.)
(python) Launching turtle -> turtle (1 tasks) w/ 1 CPUs. 21.000000 <= MDL < 22.500000. Timeout 1273.016738.
	(ocaml: 1 CPUs. shatter: 1. |fringe| = 1. |finished| = 0.)
(python) Launching turtle -> turtle (1 tasks) w/ 1 CPUs. 21.000000 <= MDL < 22.500000. Timeout 1261.042476.
	(ocaml: 1 CPUs. shatter: 1. |fringe| = 1. |finished| = 0.)
(python) Launching turtle -> turtle (1 tasks) w/ 1 CPUs. 21.000000 <= MDL < 22.500000. Timeout 1255.670281.
	(ocaml: 1 CPUs. shatter: 1. |fringe| = 1. |finished| = 0.)
(python) Launching turtle -> turtle (1 tasks) w/ 1 CPUs. 21.000000 <= MDL < 22.500000. Timeout 1250.478999.
	(ocaml: 1 CPUs. shatter: 1. |fringe| = 1. |finished| = 0.)
(python) Launching turtle -> turtle (1 tasks) w/ 1 CPUs. 21.000000 <= MDL < 22.500000. Timeout 1247.059556.
	(ocaml: 1 CPUs. shatter: 1. |fringe| = 1. |finished| = 0.)
Fatal error: out of memory
(python) Launching turtle -> turtle (1 tasks) w/ 1 CPUs. 21.000000 <= MDL < 22.500000. Timeout 1242.736667.
	(ocaml: 1 CPUs. shatter: 1. |fringe| = 1. |finished| = 0.)
response:
b''
error:
None
ERROR in enumeration, returning empty frontiers for this batch of tasks.
(python) Launching turtle -> turtle (1 tasks) w/ 1 CPUs. 22.500000 <= MDL < 24.000000. Timeout 1241.780846.
	(ocaml: 1 CPUs. shatter: 1. |fringe| = 1. |finished| = 0.)
(python) Launching turtle -> turtle (1 tasks) w/ 1 CPUs. 21.000000 <= MDL < 22.500000. Timeout 1236.873698.
	(ocaml: 1 CPUs. shatter: 1. |fringe| = 1. |finished| = 0.)
(python) Launching turtle -> turtle (1 tasks) w/ 1 CPUs. 21.000000 <= MDL < 22.500000. Timeout 1188.436522.
	(ocaml: 1 CPUs. shatter: 1. |fringe| = 1. |finished| = 0.)
Fatal error: out of memory
response:
b''
error:
None
ERROR in enumeration, returning empty frontiers for this batch of tasks.
(python) Launching turtle -> turtle (1 tasks) w/ 1 CPUs. 24.000000 <= MDL < 25.500000. Timeout 1114.634429.
	(ocaml: 1 CPUs. shatter: 1. |fringe| = 1. |finished| = 0.)
(python) Launching turtle -> turtle (1 tasks) w/ 3 CPUs. 22.500000 <= MDL < 24.000000. Timeout 1062.439920.
	(ocaml: 3 CPUs. shatter: 15. |fringe| = 18. |finished| = 0.)
Fatal error: out of memory
response:
b''
error:
None
ERROR in enumeration, returning empty frontiers for this batch of tasks.
(python) Launching turtle -> turtle (1 tasks) w/ 1 CPUs. 25.500000 <= MDL < 27.000000. Timeout 842.686842.
	(ocaml: 1 CPUs. shatter: 1. |fringe| = 1. |finished| = 0.)
(python) Launching turtle -> turtle (1 tasks) w/ 2 CPUs. 22.500000 <= MDL < 24.000000. Timeout 787.806896.
	(ocaml: 2 CPUs. shatter: 10. |fringe| = 12. |finished| = 0.)
Fatal error: out of memory
Fatal error: out of memory
response:
b''
error:
None
ERROR in enumeration, returning empty frontiers for this batch of tasks.
(python) Launching turtle -> turtle (1 tasks) w/ 1 CPUs. 22.500000 <= MDL < 24.000000. Timeout 747.051497.
response:
b''
error:
None
ERROR in enumeration, returning empty frontiers for this batch of tasks.
(python) Launching turtle -> turtle (1 tasks) w/ 1 CPUs. 27.000000 <= MDL < 28.500000. Timeout 746.575365.
	(ocaml: 1 CPUs. shatter: 1. |fringe| = 1. |finished| = 0.)
	(ocaml: 1 CPUs. shatter: 1. |fringe| = 1. |finished| = 0.)
(python) Launching turtle -> turtle (1 tasks) w/ 2 CPUs. 22.500000 <= MDL < 24.000000. Timeout 688.976706.
(python) Launching turtle -> turtle (1 tasks) w/ 2 CPUs. 22.500000 <= MDL < 24.000000. Timeout 689.042546.
	(ocaml: 2 CPUs. shatter: 10. |fringe| = 14. |finished| = 0.)
	(ocaml: 2 CPUs. shatter: 10. |fringe| = 18. |finished| = 0.)
(python) Launching turtle -> turtle (1 tasks) w/ 2 CPUs. 22.500000 <= MDL < 24.000000. Timeout 670.404591.
	(ocaml: 2 CPUs. shatter: 10. |fringe| = 12. |finished| = 0.)
Fatal error: out of memory
(python) Launching turtle -> turtle (1 tasks) w/ 2 CPUs. 22.500000 <= MDL < 24.000000. Timeout 570.693293.
	(ocaml: 2 CPUs. shatter: 10. |fringe| = 12. |finished| = 0.)
Uncaught exception:
  
  End_of_file

Raised by primitive operation at Stdlib__Marshal in file "marshal.ml" (inlined), line 43, characters 0-60
Called from Dune__exe__Parallel.parallel_work.(fun) in file "parallel.ml", line 159, characters 40-65
Called from Base__List0.iter in file "src/list0.ml" (inlined), line 60, characters 4-7
Called from Dune__exe__Parallel.parallel_work in file "parallel.ml", line 156, characters 4-416
Called from Dune__exe__Enumeration.multicore_enumeration in file "enumeration.ml", line 446, characters 25-78
Called from Dune__exe__Task.enumerate_for_tasks in file "task.ml", line 452, characters 8-1023
Called from Dune__exe__Solver in file "solver.ml", line 143, characters 4-175
Fatal error: out of memory
response:
b''
error:
None
ERROR in enumeration, returning empty frontiers for this batch of tasks.
(python) Launching turtle -> turtle (1 tasks) w/ 1 CPUs. 24.000000 <= MDL < 25.500000. Timeout 535.844662.
	(ocaml: 1 CPUs. shatter: 1. |fringe| = 1. |finished| = 0.)
Fatal error: out of memory
response:
b''
error:
None
ERROR in enumeration, returning empty frontiers for this batch of tasks.
(python) Launching turtle -> turtle (1 tasks) w/ 1 CPUs. 28.500000 <= MDL < 30.000000. Timeout 521.364187.
	(ocaml: 1 CPUs. shatter: 1. |fringe| = 1. |finished| = 0.)
Fatal error: out of memory
response:
b''
error:
None
ERROR in enumeration, returning empty frontiers for this batch of tasks.
(python) Launching turtle -> turtle (1 tasks) w/ 1 CPUs. 22.500000 <= MDL < 24.000000. Timeout 494.356542.
	(ocaml: 1 CPUs. shatter: 1. |fringe| = 1. |finished| = 0.)
Fatal error: out of memory
response:
b''
error:
None
ERROR in enumeration, returning empty frontiers for this batch of tasks.
(python) Launching turtle -> turtle (1 tasks) w/ 1 CPUs. 22.500000 <= MDL < 24.000000. Timeout 471.202138.
	(ocaml: 1 CPUs. shatter: 1. |fringe| = 1. |finished| = 0.)
Fatal error: out of memory
Uncaught exception:
  
  End_of_file

Raised by primitive operation at Stdlib__Marshal in file "marshal.ml" (inlined), line 43, characters 0-60
Called from Dune__exe__Parallel.parallel_work.(fun) in file "parallel.ml", line 159, characters 40-65
Called from Base__List0.iter in file "src/list0.ml" (inlined), line 60, characters 4-7
Called from Dune__exe__Parallel.parallel_work in file "parallel.ml", line 156, characters 4-416
Called from Dune__exe__Enumeration.multicore_enumeration in file "enumeration.ml", line 446, characters 25-78
Called from Dune__exe__Task.enumerate_for_tasks in file "task.ml", line 452, characters 8-1023
Called from Dune__exe__Solver in file "solver.ml", line 143, characters 4-175
Fatal error: out of memory
response:
b''
error:
None
ERROR in enumeration, returning empty frontiers for this batch of tasks.
(python) Launching turtle -> turtle (1 tasks) w/ 1 CPUs. 22.500000 <= MDL < 24.000000. Timeout 431.121111.
	(ocaml: 1 CPUs. shatter: 1. |fringe| = 1. |finished| = 0.)
Fatal error: out of memory
Uncaught exception:
  
  End_of_file

Raised by primitive operation at Stdlib__Marshal in file "marshal.ml" (inlined), line 43, characters 0-60
Called from Dune__exe__Parallel.parallel_work.(fun) in file "parallel.ml", line 159, characters 40-65
Called from Base__List0.iter in file "src/list0.ml" (inlined), line 60, characters 4-7
Called from Dune__exe__Parallel.parallel_work in file "parallel.ml", line 156, characters 4-416
Called from Dune__exe__Enumeration.multicore_enumeration in file "enumeration.ml", line 446, characters 25-78
Called from Dune__exe__Task.enumerate_for_tasks in file "task.ml", line 452, characters 8-1023
Called from Dune__exe__Solver in file "solver.ml", line 143, characters 4-175
Fatal error: out of memory
Fatal error: out of memory
response:
b''
error:
None
ERROR in enumeration, returning empty frontiers for this batch of tasks.
(python) Launching turtle -> turtle (1 tasks) w/ 1 CPUs. 22.500000 <= MDL < 24.000000. Timeout 301.280967.
	(ocaml: 1 CPUs. shatter: 1. |fringe| = 1. |finished| = 0.)
response:
b''
error:
None
ERROR in enumeration, returning empty frontiers for this batch of tasks.
(python) Launching turtle -> turtle (1 tasks) w/ 1 CPUs. 30.000000 <= MDL < 31.500000. Timeout 299.651538.
	(ocaml: 1 CPUs. shatter: 1. |fringe| = 1. |finished| = 0.)
Fatal error: out of memory
response:
b''
error:
None
ERROR in enumeration, returning empty frontiers for this batch of tasks.
(python) Launching turtle -> turtle (1 tasks) w/ 1 CPUs. 22.500000 <= MDL < 24.000000. Timeout 275.156798.
	(ocaml: 1 CPUs. shatter: 1. |fringe| = 1. |finished| = 0.)
Fatal error: out of memory
response:
b''
error:
None
ERROR in enumeration, returning empty frontiers for this batch of tasks.
(python) Launching turtle -> turtle (1 tasks) w/ 1 CPUs. 31.500000 <= MDL < 33.000000. Timeout 192.356003.
	(ocaml: 1 CPUs. shatter: 1. |fringe| = 1. |finished| = 0.)
Fatal error: out of memory
response:
b''
error:
None
ERROR in enumeration, returning empty frontiers for this batch of tasks.
(python) Launching turtle -> turtle (1 tasks) w/ 1 CPUs. 22.500000 <= MDL < 24.000000. Timeout 152.629746.
	(ocaml: 1 CPUs. shatter: 1. |fringe| = 1. |finished| = 0.)
(python) Launching turtle -> turtle (1 tasks) w/ 2 CPUs. 22.500000 <= MDL < 24.000000. Timeout 0.561171.
	(ocaml: 2 CPUs. shatter: 10. |fringe| = 18. |finished| = 0.)
response:
b''
error:
None
ERROR in enumeration, returning empty frontiers for this batch of tasks.
response:
b''
error:
None
ERROR in enumeration, returning empty frontiers for this batch of tasks.
response:
b''
error:
None
ERROR in enumeration, returning empty frontiers for this batch of tasks.
We enumerated this many programs, for each task:
	 [13, 168784950, 65771589, 118330332, 89, 67866196, 55212931, 9452590, 62147144, 36791907, 12, 119698965, 61655705, 63923458, 51, 68713281, 55554755, 96, 69991498, 39678294, 26452466, 27122310, 52341545, 48770863, 21854018, 22499073, 87, 50548040, 75130037, 21255552, 8, 61065679]
Wrote experiments_iterative/outputs/paperfaithful_init_seed111_20260507/domains/logo/dreamcoder/seed_111/dreamcoder_32/0/metrics.json
====================================
iteration: 0
amortized_synthesis : infer_programs_for_tasks
Completed in 1801.272s
====================================
============LOGGING FRONTIERS============
	 total_solved_tasks_train @ iteration 0: 8 / 199
	 total_solved_tasks_test @ iteration 0: 0 / 111
====================================
reset_task_frontiers for split: test
============LOGGING FRONTIERS============
	 total_solved_tasks_train @ iteration 0: 8 / 199
	 total_solved_tasks_test @ iteration 0: 0 / 111
====================================
============LOGGING MODEL_FN============
	iteration: 0
	experiment_block_type: model_fn
	model_type: grammar
	task_batch_sizes: ['all']
	run_every_n_iterations: 3
	task_splits: ['test']
	params: {'compute_likelihoods': True, 'compute_description_lengths': True, 'save_filename': 'test_likelihoods.json'}
	model_fn: evaluate_frontiers
task_ids test: 111 tasks: a greek spiral with 7 turns -- 5 sided snowflake with 2 small 5 gon s as arms
====================================
<original-workspace>/lilo_sec/.conda/envs/lilo/lib/python3.7/site-packages/numpy/core/fromnumeric.py:3441: RuntimeWarning: Mean of empty slice.
  out=out, **kwargs)
<original-workspace>/lilo_sec/.conda/envs/lilo/lib/python3.7/site-packages/numpy/core/_methods.py:189: RuntimeWarning: invalid value encountered in double_scalars
  ret = ret.dtype.type(ret / rcount)
EVALUATION: evaluate_frontiers : mean log likelihood of 0 programs in splits: ['test'] is: nan
EVALUATION: evaluate_frontiers : mean description length of 0 programs in splits: ['test'] is: nan
============Checkpointing frontiers to experiments_iterative/outputs/paperfaithful_init_seed111_20260507/domains/logo/dreamcoder/seed_111/dreamcoder_32/0/frontiers.json===========
============LOGGING MODEL_FN============
	iteration: 0
	experiment_block_type: model_fn
	model_type: library_learner
	task_batch_sizes: ['all']
	task_splits: ['train']
	params: {'max_arity': 3, 'iterations': 10, 'candidates_per_iteration': 1, 'include_samples': False, 'use_mdl_program': False, 'beta_reduce_programs': True, 'update_grammar': True, 'replace_existing_abstractions': True}
	model_fn: get_compressed_grammar_mdl_prior_rank
task_ids train: 200 tasks: 5 sided snowflake with a medium semicircle and a small semicircle as arms -- 6 sided snowflake with a short space and a short line and a short space and a medium semicircle as arms
====================================
Updated grammar (productions=27) with 10 new abstractions.
reset_task_frontiers for split: train
reset_samples for split: train
============LOGGING TASK_BATCHER============
Task batcher: random_shuffle_ordered_task_batcher
Initializing batcher over tasks: 
train tasks: 200
test tasks: 111
global_batch_size: 32
====================================
random_seed: 111
