============LOGGING METADATA============
	iteration: 0
	human_readable: Autogenerated iterative experiment.
	experiment_id: dreamcoder_32
	encoder: clevr
	init_frontiers_every_iteration: False
	enumeration_timeout: 600
	tasks_loader: clevr
	task_language_loader: clevr_synthetic
	timestamped_experiment_id: dreamcoder_32
	init_grammar_from_checkpoint: False
	init_frontiers_from_checkpoint: False
	resume_checkpoint_directory: None
	export_with_timestamp: False
	ocaml_special_handler: clevr
	timestamp: 
	curr_iteration: 0
	global_batch_size: 32
	experiment_name: paperfaithful_init_seed111_20260507
	dsl_description_prefix: This is a domain-specific language for CLEVR: A Diagnostic Dataset for Compositional Language and Elementary Visual Reasoning.
	log_directory: experiments_iterative/logs/paperfaithful_init_seed111_20260507/domains/clevr/dreamcoder/seed_111/dreamcoder_32
	random_generator: Generator(PCG64)
	export_directory: experiments_iterative/outputs/paperfaithful_init_seed111_20260507/domains/clevr/dreamcoder/seed_111/dreamcoder_32
	recognition_train_steps: 10000
	random_seed: 111
====================================
============LOGGING FRONTIERS============
	 total_solved_tasks_train @ iteration 0: 0 / 191
	 total_solved_tasks_test @ iteration 0: 0 / 103
====================================
============LOGGING MODEL_FN============
	iteration: 0
	experiment_block_type: model_fn
	model_type: grammar
	run_every_n_iterations: 1000
	params: {'enumeration_timeout': 600, 'compute_likelihoods': True}
	task_split: train
	model_fn: infer_programs_for_tasks
	task_batch_size: global_batch_size
task_ids: 32 tasks: 5-2_transform-What if all the blue metal things became rubber things? -- 3-1_zero_hop-What number of gray rubber cubes are there?
====================================
Beginning enumeration on a total of 32 tasks with a total of 32 CPUs.
(python) Launching list(tclevrobject) -> bool (1 tasks) w/ 6 CPUs. 0.000000 <= MDL < 1.500000. Timeout 600.000000.
(python) Launching list(tclevrobject) -> int (14 tasks) w/ 6 CPUs. 0.000000 <= MDL < 1.500000. Timeout 600.000000.
(python) Launching list(tclevrobject) -> tclevrsize (1 tasks) w/ 5 CPUs. 0.000000 <= MDL < 1.500000. Timeout 600.000000.
(python) Launching list(tclevrobject) -> tclevrcolor (1 tasks) w/ 5 CPUs. 0.000000 <= MDL < 1.500000. Timeout 600.000000.
(python) Launching list(tclevrobject) -> tclevrshape (5 tasks) w/ 5 CPUs. 0.000000 <= MDL < 1.500000. Timeout 600.000000.
	(ocaml: 6 CPUs. shatter: 60. |fringe| = 0. |finished| = 0.)
(python) Launching list(tclevrobject) -> list(tclevrobject) (10 tasks) w/ 5 CPUs. 0.000000 <= MDL < 1.500000. Timeout 600.000000.
(python) Launching list(tclevrobject) -> bool (1 tasks) w/ 6 CPUs. 1.500000 <= MDL < 3.000000. Timeout 599.965845.
	(ocaml: 5 CPUs. shatter: 50. |fringe| = 0. |finished| = 0.)
	(ocaml: 5 CPUs. shatter: 50. |fringe| = 0. |finished| = 2.)
	(ocaml: 6 CPUs. shatter: 60. |fringe| = 0. |finished| = 0.)
(python) Launching list(tclevrobject) -> tclevrcolor (1 tasks) w/ 5 CPUs. 1.500000 <= MDL < 3.000000. Timeout 599.971187.
(python) Launching list(tclevrobject) -> tclevrsize (1 tasks) w/ 5 CPUs. 1.500000 <= MDL < 3.000000. Timeout 599.960649.
	(ocaml: 5 CPUs. shatter: 50. |fringe| = 0. |finished| = 0.)
	(ocaml: 6 CPUs. shatter: 60. |fringe| = 0. |finished| = 0.)
	(ocaml: 5 CPUs. shatter: 50. |fringe| = 0. |finished| = 0.)
	(ocaml: 5 CPUs. shatter: 50. |fringe| = 0. |finished| = 8.)
(python) Launching list(tclevrobject) -> tclevrshape (5 tasks) w/ 5 CPUs. 1.500000 <= MDL < 3.000000. Timeout 599.952375.
(python) Launching list(tclevrobject) -> bool (1 tasks) w/ 6 CPUs. 3.000000 <= MDL < 4.500000. Timeout 599.926744.
	(ocaml: 5 CPUs. shatter: 50. |fringe| = 0. |finished| = 0.)
(python) Launching list(tclevrobject) -> tclevrcolor (1 tasks) w/ 5 CPUs. 3.000000 <= MDL < 4.500000. Timeout 599.935747.
(python) Launching list(tclevrobject) -> int (14 tasks) w/ 6 CPUs. 1.500000 <= MDL < 3.000000. Timeout 599.916408.
	(ocaml: 6 CPUs. shatter: 60. |fringe| = 0. |finished| = 0.)
	(ocaml: 5 CPUs. shatter: 50. |fringe| = 0. |finished| = 3.)
(python) Launching list(tclevrobject) -> tclevrsize (1 tasks) w/ 5 CPUs. 3.000000 <= MDL < 4.500000. Timeout 599.914127.
(python) Launching list(tclevrobject) -> bool (1 tasks) w/ 6 CPUs. 4.500000 <= MDL < 6.000000. Timeout 599.894888.
	(ocaml: 5 CPUs. shatter: 50. |fringe| = 0. |finished| = 0.)
(python) Launching list(tclevrobject) -> tclevrshape (5 tasks) w/ 5 CPUs. 3.000000 <= MDL < 4.500000. Timeout 599.906050.
	(ocaml: 5 CPUs. shatter: 50. |fringe| = 0. |finished| = 0.)
	(ocaml: 6 CPUs. shatter: 60. |fringe| = 0. |finished| = 10.)
(python) Launching list(tclevrobject) -> list(tclevrobject) (10 tasks) w/ 5 CPUs. 1.500000 <= MDL < 3.000000. Timeout 599.902612.
	(ocaml: 6 CPUs. shatter: 60. |fringe| = 61. |finished| = 4.)
(python) Launching list(tclevrobject) -> tclevrcolor (1 tasks) w/ 5 CPUs. 4.500000 <= MDL < 6.000000. Timeout 599.885209.
	(ocaml: 5 CPUs. shatter: 50. |fringe| = 0. |finished| = 0.)
(python) Launching list(tclevrobject) -> tclevrsize (1 tasks) w/ 5 CPUs. 4.500000 <= MDL < 6.000000. Timeout 599.874528.
(python) Launching list(tclevrobject) -> bool (1 tasks) w/ 6 CPUs. 6.000000 <= MDL < 7.500000. Timeout 599.849240.
	(ocaml: 5 CPUs. shatter: 50. |fringe| = 0. |finished| = 0.)
(python) Launching list(tclevrobject) -> tclevrshape (5 tasks) w/ 5 CPUs. 4.500000 <= MDL < 6.000000. Timeout 599.860922.
	(ocaml: 5 CPUs. shatter: 50. |fringe| = 0. |finished| = 2.)
	(ocaml: 5 CPUs. shatter: 50. |fringe| = 53. |finished| = 1.)
(python) Launching list(tclevrobject) -> int (14 tasks) w/ 6 CPUs. 3.000000 <= MDL < 4.500000. Timeout 599.835008.
	(ocaml: 6 CPUs. shatter: 60. |fringe| = 61. |finished| = 0.)
(python) Launching list(tclevrobject) -> tclevrcolor (1 tasks) w/ 5 CPUs. 6.000000 <= MDL < 7.500000. Timeout 599.837230.
(python) Launching list(tclevrobject) -> tclevrsize (1 tasks) w/ 5 CPUs. 6.000000 <= MDL < 7.500000. Timeout 599.824755.
	(ocaml: 5 CPUs. shatter: 50. |fringe| = 53. |finished| = 1.)
(python) Launching list(tclevrobject) -> bool (1 tasks) w/ 6 CPUs. 7.500000 <= MDL < 9.000000. Timeout 599.804480.
	(ocaml: 5 CPUs. shatter: 50. |fringe| = 53. |finished| = 1.)
	(ocaml: 6 CPUs. shatter: 60. |fringe| = 0. |finished| = 0.)
(python) Launching list(tclevrobject) -> list(tclevrobject) (10 tasks) w/ 5 CPUs. 3.000000 <= MDL < 4.500000. Timeout 599.809692.
(python) Launching list(tclevrobject) -> tclevrshape (5 tasks) w/ 5 CPUs. 6.000000 <= MDL < 7.500000. Timeout 599.796606.
	(ocaml: 5 CPUs. shatter: 50. |fringe| = 53. |finished| = 0.)
	(ocaml: 6 CPUs. shatter: 60. |fringe| = 61. |finished| = 0.)
(python) Launching list(tclevrobject) -> tclevrcolor (1 tasks) w/ 5 CPUs. 7.500000 <= MDL < 9.000000. Timeout 599.787306.
(python) Launching list(tclevrobject) -> tclevrsize (1 tasks) w/ 5 CPUs. 7.500000 <= MDL < 9.000000. Timeout 599.766079.
	(ocaml: 5 CPUs. shatter: 50. |fringe| = 53. |finished| = 0.)
	(ocaml: 5 CPUs. shatter: 50. |fringe| = 0. |finished| = 0.)
	(ocaml: 5 CPUs. shatter: 50. |fringe| = 53. |finished| = 0.)
(python) Launching list(tclevrobject) -> int (14 tasks) w/ 6 CPUs. 4.500000 <= MDL < 6.000000. Timeout 599.745074.
(python) Launching list(tclevrobject) -> bool (1 tasks) w/ 6 CPUs. 9.000000 <= MDL < 10.500000. Timeout 599.732925.
	(ocaml: 5 CPUs. shatter: 50. |fringe| = 53. |finished| = 0.)
(python) Launching list(tclevrobject) -> tclevrshape (5 tasks) w/ 5 CPUs. 7.500000 <= MDL < 9.000000. Timeout 599.744285.
(python) Launching list(tclevrobject) -> tclevrcolor (1 tasks) w/ 5 CPUs. 9.000000 <= MDL < 10.500000. Timeout 599.734327.
	(ocaml: 6 CPUs. shatter: 60. |fringe| = 61. |finished| = 0.)
	(ocaml: 6 CPUs. shatter: 60. |fringe| = 0. |finished| = 2.)
(python) Launching list(tclevrobject) -> tclevrsize (1 tasks) w/ 5 CPUs. 9.000000 <= MDL < 10.500000. Timeout 599.717506.
(python) Launching list(tclevrobject) -> list(tclevrobject) (10 tasks) w/ 5 CPUs. 4.500000 <= MDL < 6.000000. Timeout 599.716253.
	(ocaml: 5 CPUs. shatter: 50. |fringe| = 53. |finished| = 0.)
	(ocaml: 5 CPUs. shatter: 50. |fringe| = 53. |finished| = 0.)
(python) Launching list(tclevrobject) -> bool (1 tasks) w/ 6 CPUs. 10.500000 <= MDL < 12.000000. Timeout 599.683031.
	(ocaml: 5 CPUs. shatter: 50. |fringe| = 53. |finished| = 0.)
(python) Launching list(tclevrobject) -> tclevrcolor (1 tasks) w/ 5 CPUs. 10.500000 <= MDL < 12.000000. Timeout 599.687950.
(python) Launching list(tclevrobject) -> int (14 tasks) w/ 6 CPUs. 6.000000 <= MDL < 7.500000. Timeout 599.662753.
	(ocaml: 5 CPUs. shatter: 50. |fringe| = 56. |finished| = 0.)
	(ocaml: 6 CPUs. shatter: 60. |fringe| = 61. |finished| = 0.)
(python) Launching list(tclevrobject) -> tclevrshape (5 tasks) w/ 5 CPUs. 9.000000 <= MDL < 10.500000. Timeout 599.669931.
	(ocaml: 5 CPUs. shatter: 50. |fringe| = 53. |finished| = 0.)
(python) Launching list(tclevrobject) -> tclevrsize (1 tasks) w/ 5 CPUs. 10.500000 <= MDL < 12.000000. Timeout 599.653823.
	(ocaml: 6 CPUs. shatter: 60. |fringe| = 62. |finished| = 0.)
(python) Launching list(tclevrobject) -> tclevrcolor (1 tasks) w/ 5 CPUs. 12.000000 <= MDL < 13.500000. Timeout 599.641191.
	(ocaml: 5 CPUs. shatter: 50. |fringe| = 53. |finished| = 0.)
(python) Launching list(tclevrobject) -> bool (1 tasks) w/ 6 CPUs. 12.000000 <= MDL < 13.500000. Timeout 599.617245.
	(ocaml: 5 CPUs. shatter: 50. |fringe| = 53. |finished| = 0.)
	(ocaml: 5 CPUs. shatter: 50. |fringe| = 53. |finished| = 0.)
	(ocaml: 6 CPUs. shatter: 60. |fringe| = 61. |finished| = 0.)
(python) Launching list(tclevrobject) -> list(tclevrobject) (10 tasks) w/ 5 CPUs. 6.000000 <= MDL < 7.500000. Timeout 599.605029.
(python) Launching list(tclevrobject) -> tclevrshape (5 tasks) w/ 5 CPUs. 10.500000 <= MDL < 12.000000. Timeout 599.593257.
(python) Launching list(tclevrobject) -> tclevrsize (1 tasks) w/ 5 CPUs. 12.000000 <= MDL < 13.500000. Timeout 599.574471.
(python) Launching list(tclevrobject) -> int (14 tasks) w/ 6 CPUs. 7.500000 <= MDL < 9.000000. Timeout 599.547263.
	(ocaml: 5 CPUs. shatter: 50. |fringe| = 53. |finished| = 0.)
	(ocaml: 5 CPUs. shatter: 50. |fringe| = 56. |finished| = 0.)
(python) Launching list(tclevrobject) -> tclevrcolor (1 tasks) w/ 5 CPUs. 13.500000 <= MDL < 15.000000. Timeout 599.557089.
	(ocaml: 5 CPUs. shatter: 50. |fringe| = 53. |finished| = 0.)
(python) Launching list(tclevrobject) -> bool (1 tasks) w/ 6 CPUs. 13.500000 <= MDL < 15.000000. Timeout 599.530647.
	(ocaml: 5 CPUs. shatter: 50. |fringe| = 53. |finished| = 0.)
(python) Launching list(tclevrobject) -> tclevrshape (5 tasks) w/ 5 CPUs. 12.000000 <= MDL < 13.500000. Timeout 599.521007.
	(ocaml: 6 CPUs. shatter: 60. |fringe| = 62. |finished| = 0.)
	(ocaml: 6 CPUs. shatter: 60. |fringe| = 61. |finished| = 0.)
(python) Launching list(tclevrobject) -> tclevrsize (1 tasks) w/ 5 CPUs. 13.500000 <= MDL < 15.000000. Timeout 599.506735.
(python) Launching list(tclevrobject) -> list(tclevrobject) (10 tasks) w/ 5 CPUs. 7.500000 <= MDL < 9.000000. Timeout 599.490256.
	(ocaml: 5 CPUs. shatter: 50. |fringe| = 53. |finished| = 0.)
	(ocaml: 5 CPUs. shatter: 50. |fringe| = 53. |finished| = 0.)
(python) Launching list(tclevrobject) -> tclevrcolor (1 tasks) w/ 5 CPUs. 15.000000 <= MDL < 16.500000. Timeout 599.458514.
(python) Launching list(tclevrobject) -> int (14 tasks) w/ 6 CPUs. 9.000000 <= MDL < 10.500000. Timeout 599.424015.
	(ocaml: 5 CPUs. shatter: 50. |fringe| = 56. |finished| = 0.)
(python) Launching list(tclevrobject) -> tclevrshape (5 tasks) w/ 5 CPUs. 13.500000 <= MDL < 15.000000. Timeout 599.426099.
	(ocaml: 5 CPUs. shatter: 50. |fringe| = 53. |finished| = 0.)
(python) Launching list(tclevrobject) -> bool (1 tasks) w/ 6 CPUs. 15.000000 <= MDL < 16.500000. Timeout 599.370576.
	(ocaml: 5 CPUs. shatter: 50. |fringe| = 53. |finished| = 0.)
	(ocaml: 6 CPUs. shatter: 60. |fringe| = 62. |finished| = 0.)
(python) Launching list(tclevrobject) -> list(tclevrobject) (10 tasks) w/ 5 CPUs. 9.000000 <= MDL < 10.500000. Timeout 599.366693.
(python) Launching list(tclevrobject) -> tclevrsize (1 tasks) w/ 5 CPUs. 15.000000 <= MDL < 16.500000. Timeout 599.351426.
	(ocaml: 6 CPUs. shatter: 60. |fringe| = 61. |finished| = 0.)
	(ocaml: 5 CPUs. shatter: 50. |fringe| = 53. |finished| = 0.)
	(ocaml: 5 CPUs. shatter: 50. |fringe| = 56. |finished| = 0.)
(python) Launching list(tclevrobject) -> int (14 tasks) w/ 6 CPUs. 10.500000 <= MDL < 12.000000. Timeout 599.292321.
(python) Launching list(tclevrobject) -> tclevrshape (4 tasks) w/ 5 CPUs. 15.000000 <= MDL < 16.500000. Timeout 599.258367.
	(ocaml: 6 CPUs. shatter: 60. |fringe| = 62. |finished| = 0.)
(python) Launching list(tclevrobject) -> tclevrcolor (1 tasks) w/ 5 CPUs. 16.500000 <= MDL < 18.000000. Timeout 599.233117.
(python) Launching list(tclevrobject) -> list(tclevrobject) (10 tasks) w/ 5 CPUs. 10.500000 <= MDL < 12.000000. Timeout 599.222326.
	(ocaml: 5 CPUs. shatter: 50. |fringe| = 53. |finished| = 0.)
	(ocaml: 5 CPUs. shatter: 50. |fringe| = 53. |finished| = 0.)
	(ocaml: 5 CPUs. shatter: 50. |fringe| = 56. |finished| = 0.)
(python) Launching list(tclevrobject) -> int (14 tasks) w/ 6 CPUs. 12.000000 <= MDL < 13.500000. Timeout 599.147687.
	(ocaml: 6 CPUs. shatter: 60. |fringe| = 62. |finished| = 0.)
(python) Launching list(tclevrobject) -> list(tclevrobject) (10 tasks) w/ 5 CPUs. 12.000000 <= MDL < 13.500000. Timeout 599.041386.
(python) Launching list(tclevrobject) -> int (14 tasks) w/ 6 CPUs. 13.500000 <= MDL < 15.000000. Timeout 598.990338.
	(ocaml: 5 CPUs. shatter: 50. |fringe| = 56. |finished| = 0.)
	(ocaml: 6 CPUs. shatter: 60. |fringe| = 62. |finished| = 0.)
(python) Launching list(tclevrobject) -> bool (1 tasks) w/ 6 CPUs. 16.500000 <= MDL < 18.000000. Timeout 598.797846.
(python) Launching list(tclevrobject) -> tclevrshape (4 tasks) w/ 5 CPUs. 16.500000 <= MDL < 18.000000. Timeout 598.801331.
(python) Launching list(tclevrobject) -> tclevrsize (1 tasks) w/ 5 CPUs. 16.500000 <= MDL < 18.000000. Timeout 598.784483.
	(ocaml: 6 CPUs. shatter: 60. |fringe| = 61. |finished| = 0.)
(python) Launching list(tclevrobject) -> list(tclevrobject) (10 tasks) w/ 5 CPUs. 13.500000 <= MDL < 15.000000. Timeout 598.785691.
	(ocaml: 5 CPUs. shatter: 50. |fringe| = 53. |finished| = 0.)
(python) Launching list(tclevrobject) -> int (14 tasks) w/ 6 CPUs. 15.000000 <= MDL < 16.500000. Timeout 598.753273.
	(ocaml: 5 CPUs. shatter: 50. |fringe| = 53. |finished| = 0.)
	(ocaml: 5 CPUs. shatter: 50. |fringe| = 56. |finished| = 0.)
	(ocaml: 6 CPUs. shatter: 60. |fringe| = 62. |finished| = 0.)
(python) Launching list(tclevrobject) -> int (14 tasks) w/ 6 CPUs. 16.500000 <= MDL < 18.000000. Timeout 598.412533.
	(ocaml: 6 CPUs. shatter: 60. |fringe| = 62. |finished| = 0.)
(python) Launching list(tclevrobject) -> list(tclevrobject) (10 tasks) w/ 5 CPUs. 15.000000 <= MDL < 16.500000. Timeout 598.254204.
(python) Launching list(tclevrobject) -> tclevrcolor (1 tasks) w/ 5 CPUs. 18.000000 <= MDL < 19.500000. Timeout 598.231448.
	(ocaml: 5 CPUs. shatter: 50. |fringe| = 53. |finished| = 0.)
	(ocaml: 5 CPUs. shatter: 50. |fringe| = 56. |finished| = 0.)
(python) Launching list(tclevrobject) -> int (14 tasks) w/ 6 CPUs. 18.000000 <= MDL < 19.500000. Timeout 597.555871.
	(ocaml: 6 CPUs. shatter: 60. |fringe| = 62. |finished| = 0.)
(python) Launching list(tclevrobject) -> list(tclevrobject) (10 tasks) w/ 5 CPUs. 16.500000 <= MDL < 18.000000. Timeout 596.908929.
	(ocaml: 5 CPUs. shatter: 50. |fringe| = 56. |finished| = 0.)
(python) Launching list(tclevrobject) -> tclevrshape (4 tasks) w/ 5 CPUs. 18.000000 <= MDL < 19.500000. Timeout 596.834169.
	(ocaml: 5 CPUs. shatter: 50. |fringe| = 53. |finished| = 0.)
(python) Launching list(tclevrobject) -> tclevrsize (1 tasks) w/ 11 CPUs. 18.000000 <= MDL < 19.500000. Timeout 596.123659.
	(ocaml: 11 CPUs. shatter: 110. |fringe| = 112. |finished| = 0.)
(python) Launching list(tclevrobject) -> int (14 tasks) w/ 6 CPUs. 19.500000 <= MDL < 21.000000. Timeout 594.588930.
	(ocaml: 6 CPUs. shatter: 60. |fringe| = 62. |finished| = 0.)
(python) Launching list(tclevrobject) -> tclevrcolor (1 tasks) w/ 5 CPUs. 19.500000 <= MDL < 21.000000. Timeout 593.970912.
	(ocaml: 5 CPUs. shatter: 50. |fringe| = 53. |finished| = 0.)
(python) Launching list(tclevrobject) -> list(tclevrobject) (10 tasks) w/ 5 CPUs. 18.000000 <= MDL < 19.500000. Timeout 592.309616.
	(ocaml: 5 CPUs. shatter: 50. |fringe| = 56. |finished| = 0.)
(python) Launching list(tclevrobject) -> tclevrsize (1 tasks) w/ 11 CPUs. 19.500000 <= MDL < 21.000000. Timeout 590.476110.
	(ocaml: 11 CPUs. shatter: 110. |fringe| = 112. |finished| = 0.)
(python) Launching list(tclevrobject) -> tclevrshape (4 tasks) w/ 5 CPUs. 19.500000 <= MDL < 21.000000. Timeout 587.502028.
	(ocaml: 5 CPUs. shatter: 50. |fringe| = 53. |finished| = 0.)
(python) Launching list(tclevrobject) -> int (12 tasks) w/ 6 CPUs. 21.000000 <= MDL < 22.500000. Timeout 580.945581.
	(ocaml: 6 CPUs. shatter: 60. |fringe| = 62. |finished| = 0.)
(python) Launching list(tclevrobject) -> tclevrcolor (1 tasks) w/ 5 CPUs. 21.000000 <= MDL < 22.500000. Timeout 573.997057.
	(ocaml: 5 CPUs. shatter: 50. |fringe| = 53. |finished| = 0.)
(python) Launching list(tclevrobject) -> list(tclevrobject) (10 tasks) w/ 5 CPUs. 19.500000 <= MDL < 21.000000. Timeout 572.767371.
	(ocaml: 5 CPUs. shatter: 50. |fringe| = 56. |finished| = 0.)
(python) Launching list(tclevrobject) -> tclevrsize (1 tasks) w/ 11 CPUs. 21.000000 <= MDL < 22.500000. Timeout 566.854574.
	(ocaml: 11 CPUs. shatter: 110. |fringe| = 112. |finished| = 0.)
(python) Launching list(tclevrobject) -> tclevrshape (4 tasks) w/ 5 CPUs. 21.000000 <= MDL < 22.500000. Timeout 545.080828.
	(ocaml: 5 CPUs. shatter: 50. |fringe| = 53. |finished| = 0.)
(python) Launching list(tclevrobject) -> int (12 tasks) w/ 6 CPUs. 22.500000 <= MDL < 24.000000. Timeout 523.777308.
	(ocaml: 6 CPUs. shatter: 60. |fringe| = 62. |finished| = 0.)
(python) Launching list(tclevrobject) -> tclevrcolor (1 tasks) w/ 5 CPUs. 22.500000 <= MDL < 24.000000. Timeout 489.939315.
	(ocaml: 5 CPUs. shatter: 50. |fringe| = 53. |finished| = 0.)
(python) Launching list(tclevrobject) -> list(tclevrobject) (10 tasks) w/ 5 CPUs. 21.000000 <= MDL < 22.500000. Timeout 479.411181.
	(ocaml: 5 CPUs. shatter: 50. |fringe| = 56. |finished| = 0.)
(python) Launching list(tclevrobject) -> tclevrshape (3 tasks) w/ 16 CPUs. 22.500000 <= MDL < 24.000000. Timeout 382.237618.
	(ocaml: 16 CPUs. shatter: 160. |fringe| = 161. |finished| = 0.)
(python) Launching list(tclevrobject) -> int (11 tasks) w/ 6 CPUs. 24.000000 <= MDL < 25.500000. Timeout 290.626420.
	(ocaml: 6 CPUs. shatter: 60. |fringe| = 62. |finished| = 0.)
(python) Launching list(tclevrobject) -> tclevrcolor (1 tasks) w/ 5 CPUs. 24.000000 <= MDL < 25.500000. Timeout 140.219095.
	(ocaml: 5 CPUs. shatter: 50. |fringe| = 53. |finished| = 0.)
(python) Launching list(tclevrobject) -> list(tclevrobject) (10 tasks) w/ 5 CPUs. 22.500000 <= MDL < 24.000000. Timeout 139.117108.
	(ocaml: 5 CPUs. shatter: 50. |fringe| = 56. |finished| = 0.)
(python) Launching list(tclevrobject) -> tclevrshape (3 tasks) w/ 16 CPUs. 24.000000 <= MDL < 25.500000. Timeout 118.044169.
	(ocaml: 16 CPUs. shatter: 160. |fringe| = 161. |finished| = 0.)
We enumerated this many programs, for each task:
	 [213962, 8967347, 3940300, 49041247, 6220498, 4136, 24336909, 269712, 8967347, 8967347, 8967347, 8172036, 8967347, 269712, 8967347, 24336909, 24336909, 1148116, 1148116, 1148116, 1148116, 1148116, 1148116, 1148116, 1148116, 1148116, 8967347, 8967347, 8967347, 8967347, 8967347, 1148116]
Wrote experiments_iterative/outputs/paperfaithful_init_seed111_20260507/domains/clevr/dreamcoder/seed_111/dreamcoder_32/0/metrics.json
====================================
iteration: 0
grammar : infer_programs_for_tasks
Completed in 600.396s
====================================
============LOGGING FRONTIERS============
	 total_solved_tasks_train @ iteration 0: 8 / 191
	 total_solved_tasks_test @ iteration 0: 0 / 103
====================================
============LOGGING MODEL_FN============
	iteration: 0
	experiment_block_type: model_fn
	model_type: amortized_synthesis
	params: {'recognition_train_steps': 10000}
	task_split: train
	model_fn: optimize_model_for_frontiers
	task_batch_size: all
task_ids: 191 tasks: 5-2_transform-What if all the blue metal things became rubber things? -- 18-1_single_or-What number of rubber objects are purple things or cylinders?
====================================
No pre-enumerated helmholtzFrontiers: we will sample randomly during the training loop.
Attempted frontier likelihood normalization. Initial frontiers: 8. Now: 8
(ID=0): Training a recognition model from 8 frontiers, 50% Helmholtz
Feature extractors: [['ClevrFeatureExtractor']]
(ID=0): Got 0 Helmholtz frontiers - random Helmholtz training? : True
(ID=0): Contextual? True
(ID=0): Bias optimal? True
(ID=0): Aux loss? True (n.b. we train a 'auxiliary' classifier anyway - this controls if gradients propagate back to the future extractor)
Sampling new helmholtz frontiers during training.
Sampling 500 programs from the prior on 32 CPUs...


Got 84/500 valid samples.
We now have 84 Helmholtz entries.
(ID=0):  Epoch 1 Loss 9.345971643924713
(ID=0):  		(real loss):  16.65732479095459 	(dream loss): 2.0346184968948364
(ID=0):  	vs MDL (w/o neural net) 9.707287919512599
		(real MDL):  17.111990746031154 	(dream MDL): 2.302585092994046
(ID=0):  	8 cumulative gradient steps. 15.398807 steps/sec
(ID=0):  	54-way auxiliary classification loss 0.6823599115014076
(ID=0):  Epoch 5 Loss 10.162803146988153
(ID=0):  		(real loss):  14.42951794674522 	(dream loss): 3.9268353627278256
(ID=0):  	vs MDL (w/o neural net) 13.596029844055822
		(real MDL):  19.467951174011027 	(dream MDL): 5.0139909771982145
(ID=0):  	40 cumulative gradient steps. 38.748417 steps/sec
(ID=0):  	54-way auxiliary classification loss 0.5051474962383509
(ID=0):  Epoch 10 Loss 9.409973829984665
(ID=0):  		(real loss):  7.924439256841486 	(dream loss): 11.22562719715966
(ID=0):  	vs MDL (w/o neural net) 15.1713404182913
		(real MDL):  18.27385877093653 	(dream MDL): 11.379373542836014
(ID=0):  	80 cumulative gradient steps. 48.168299 steps/sec
(ID=0):  	54-way auxiliary classification loss 0.27831592261791227
(ID=0):  Epoch 15 Loss 6.730139881372452
(ID=0):  		(real loss):  5.53329074382782 	(dream loss): 7.528039306402206
(ID=0):  	vs MDL (w/o neural net) 12.475047169063435
		(real MDL):  18.61307590693559 	(dream MDL): 8.383028010481999
(ID=0):  	120 cumulative gradient steps. 51.629680 steps/sec
(ID=0):  	54-way auxiliary classification loss 0.2232751440256834
Sampling new helmholtz frontiers during training.
Sampling 500 programs from the prior on 32 CPUs...


Got 76/500 valid samples.
We now have 76 Helmholtz entries.
(ID=0):  Epoch 20 Loss 7.949111473560333
(ID=0):  		(real loss):  5.070663247789655 	(dream loss): 9.499045133590698
(ID=0):  	vs MDL (w/o neural net) 13.207143526841758
		(real MDL):  17.809243210738853 	(dream MDL): 10.72908985089717
(ID=0):  	160 cumulative gradient steps. 49.792386 steps/sec
(ID=0):  	54-way auxiliary classification loss 0.22812696043401956
(ID=0):  Epoch 25 Loss 5.543283131718636
(ID=0):  		(real loss):  4.999536162928531 	(dream loss): 6.035244674909682
(ID=0):  	vs MDL (w/o neural net) 12.827722560521483
		(real MDL):  18.740137646162225 	(dream MDL): 7.478394625894148
(ID=0):  	200 cumulative gradient steps. 51.669873 steps/sec
(ID=0):  	54-way auxiliary classification loss 0.22025032676756381
(ID=0):  Epoch 30 Loss 6.4931625187397
(ID=0):  		(real loss):  3.757725325497714 	(dream loss): 9.83647464381324
(ID=0):  	vs MDL (w/o neural net) 14.485287859405878
		(real MDL):  17.981025715192825 	(dream MDL): 10.212719368999611
(ID=0):  	240 cumulative gradient steps. 53.893620 steps/sec
(ID=0):  	54-way auxiliary classification loss 0.22112069819122554
(ID=0):  Epoch 35 Loss 6.978926900029182
(ID=0):  		(real loss):  3.9043469958835177 	(dream loss): 9.494492276148362
(ID=0):  	vs MDL (w/o neural net) 14.15182773159203
		(real MDL):  18.703488797771506 	(dream MDL): 10.42774140471791
(ID=0):  	280 cumulative gradient steps. 55.736069 steps/sec
(ID=0):  	54-way auxiliary classification loss 0.20853183018043636
Sampling new helmholtz frontiers during training.
Sampling 500 programs from the prior on 32 CPUs...


Got 92/500 valid samples.
We now have 92 Helmholtz entries.
(ID=0):  Epoch 40 Loss 8.00030922293663
(ID=0):  		(real loss):  3.5633472442626952 	(dream loss): 10.66248641014099
(ID=0):  	vs MDL (w/o neural net) 14.510856699907928
		(real MDL):  18.665324991096256 	(dream MDL): 12.018175725194933
(ID=0):  	320 cumulative gradient steps. 53.904583 steps/sec
(ID=0):  	54-way auxiliary classification loss 0.22548133628442885
(ID=0):  Epoch 45 Loss 4.128036630153656
(ID=0):  		(real loss):  3.612733339008532 	(dream loss): 4.594263417380197
(ID=0):  	vs MDL (w/o neural net) 12.609934196938475
		(real MDL):  18.916607707670494 	(dream MDL): 6.903896258657132
(ID=0):  	360 cumulative gradient steps. 55.066077 steps/sec
(ID=0):  	54-way auxiliary classification loss 0.18341599870473146
(ID=0):  Epoch 50 Loss 5.61869952082634
(ID=0):  		(real loss):  3.3156633377075195 	(dream loss): 8.734572003869449
(ID=0):  	vs MDL (w/o neural net) 14.68527438828904
		(real MDL):  18.088291010652657 	(dream MDL): 10.081193075679437
(ID=0):  	400 cumulative gradient steps. 56.131213 steps/sec
(ID=0):  	54-way auxiliary classification loss 0.20581414699554443
(ID=0):  Epoch 55 Loss 1.8920786470174789
(ID=0):  		(real loss):  2.71817954381307 	(dream loss): 1.216177913275632
(ID=0):  	vs MDL (w/o neural net) 10.275499433496591
		(real MDL):  18.920907383124444 	(dream MDL): 3.2019838383465338
(ID=0):  	440 cumulative gradient steps. 57.108377 steps/sec
(ID=0):  	54-way auxiliary classification loss 0.1372446170076728
Sampling new helmholtz frontiers during training.
Sampling 500 programs from the prior on 32 CPUs...


Got 96/500 valid samples.
We now have 96 Helmholtz entries.
(ID=0):  Epoch 60 Loss 6.131685751676559
(ID=0):  		(real loss):  2.734195762210422 	(dream loss): 8.91145028851249
(ID=0):  	vs MDL (w/o neural net) 13.940200801835099
		(real MDL):  18.811737877621816 	(dream MDL): 9.954397739827785
(ID=0):  	480 cumulative gradient steps. 55.397087 steps/sec
(ID=0):  	54-way auxiliary classification loss 0.182939676893875
(ID=0):  Epoch 65 Loss 7.4269940733909605
(ID=0):  		(real loss):  2.821530818939209 	(dream loss): 11.195100372487849
(ID=0):  	vs MDL (w/o neural net) 15.816704517636518
		(real MDL):  19.29526260803266 	(dream MDL): 12.970611534585133
(ID=0):  	520 cumulative gradient steps. 56.595037 steps/sec
(ID=0):  	54-way auxiliary classification loss 0.22315768636763095
(ID=0):  Epoch 70 Loss 4.4410537600517275
(ID=0):  		(real loss):  2.2865186359571372 	(dream loss): 7.3560130455914665
(ID=0):  	vs MDL (w/o neural net) 14.010793891262708
		(real MDL):  18.0722432948293 	(dream MDL): 8.51589175702556
(ID=0):  	560 cumulative gradient steps. 57.440388 steps/sec
(ID=0):  	54-way auxiliary classification loss 0.1877894633449614
(ID=0):  Epoch 75 Loss 6.793778941035271
(ID=0):  		(real loss):  2.3467590967814127 	(dream loss): 9.461990847587586
(ID=0):  	vs MDL (w/o neural net) 14.11119909023759
		(real MDL):  18.26329080104237 	(dream MDL): 11.619944063754719
(ID=0):  	600 cumulative gradient steps. 57.998896 steps/sec
(ID=0):  	54-way auxiliary classification loss 0.1853547876700759
(ID=0):  Epoch 80 Loss 2.5912182837724687
(ID=0):  		(real loss):  2.2080326080322266 	(dream loss): 3.0147392938011572
(ID=0):  	vs MDL (w/o neural net) 11.820186542570573
		(real MDL):  18.504846657776607 	(dream MDL): 4.431877994184958
(ID=0):  	640 cumulative gradient steps. 58.395201 steps/sec
(ID=0):  	54-way auxiliary classification loss 0.15193309513852
Sampling new helmholtz frontiers during training.
Sampling 500 programs from the prior on 32 CPUs...


Got 69/500 valid samples.
We now have 69 Helmholtz entries.
(ID=0):  Epoch 85 Loss 5.3939531445503235
(ID=0):  		(real loss):  2.0141371174862512 	(dream loss): 8.451881930941628
(ID=0):  	vs MDL (w/o neural net) 14.063620089144464
		(real MDL):  18.6660895594084 	(dream MDL): 9.89948104461995
(ID=0):  	680 cumulative gradient steps. 57.184289 steps/sec
(ID=0):  	54-way auxiliary classification loss 0.1802471885457635
(ID=0):  Epoch 90 Loss 4.615320527553559
(ID=0):  		(real loss):  1.9879232753406872 	(dream loss): 7.826583835813734
(ID=0):  	vs MDL (w/o neural net) 14.815132237334662
		(real MDL):  18.905720758205344 	(dream MDL): 9.815524045159385
(ID=0):  	720 cumulative gradient steps. 57.348749 steps/sec
(ID=0):  	54-way auxiliary classification loss 0.17753330823034047
(ID=0):  Epoch 95 Loss 5.988360595703125
(ID=0):  		(real loss):  1.8146260434930974 	(dream loss): 11.089591715070936
(ID=0):  	vs MDL (w/o neural net) 16.271501184260853
		(real MDL):  19.15215787229077 	(dream MDL): 12.750698565557625
(ID=0):  	760 cumulative gradient steps. 57.802969 steps/sec
(ID=0):  	54-way auxiliary classification loss 0.19288774309679865
(ID=0):  Epoch 100 Loss 11.785132777690887
(ID=0):  		(real loss):  1.5180046181929738 	(dream loss): 21.07443920771281
(ID=0):  	vs MDL (w/o neural net) 21.234803577233986
		(real MDL):  19.040805602759853 	(dream MDL): 23.21984936366296
(ID=0):  	800 cumulative gradient steps. 58.357143 steps/sec
(ID=0):  	54-way auxiliary classification loss 0.21590530881658196
Sampling new helmholtz frontiers during training.
Sampling 500 programs from the prior on 32 CPUs...


Got 81/500 valid samples.
We now have 81 Helmholtz entries.
(ID=0):  Epoch 105 Loss 3.4105094403028486
(ID=0):  		(real loss):  1.3155175913935122 	(dream loss): 6.24491017706254
(ID=0):  	vs MDL (w/o neural net) 13.599878159765051
		(real MDL):  18.44788882340787 	(dream MDL): 7.04080490895419
(ID=0):  	840 cumulative gradient steps. 57.148767 steps/sec
(ID=0):  	54-way auxiliary classification loss 0.16592731280252337
(ID=0):  Epoch 110 Loss 3.2399586379528045
(ID=0):  		(real loss):  1.2920829873335988 	(dream loss): 5.002322321846371
(ID=0):  	vs MDL (w/o neural net) 12.382309700530516
		(real MDL):  18.617493855699255 	(dream MDL): 6.740952607758804
(ID=0):  	880 cumulative gradient steps. 57.514206 steps/sec
(ID=0):  	54-way auxiliary classification loss 0.15422626128420233
(ID=0):  Epoch 115 Loss 4.113209241628647
(ID=0):  		(real loss):  1.0834422478309045 	(dream loss): 9.73991937296731
(ID=0):  	vs MDL (w/o neural net) 16.56049704843687
		(real MDL):  19.27652454126099 	(dream MDL): 11.516445990334917
(ID=0):  	920 cumulative gradient steps. 57.622922 steps/sec
(ID=0):  	54-way auxiliary classification loss 0.16125149931758642
(ID=0):  Epoch 120 Loss 3.2754991114139558
(ID=0):  		(real loss):  0.9121031394371619 	(dream loss): 7.6646630593708585
(ID=0):  	vs MDL (w/o neural net) 15.279875233853398
		(real MDL):  18.51983760694049 	(dream MDL): 9.262802255263072
(ID=0):  	960 cumulative gradient steps. 57.686429 steps/sec
(ID=0):  	54-way auxiliary classification loss 0.16212611915543676
Sampling new helmholtz frontiers during training.
Sampling 500 programs from the prior on 32 CPUs...


Got 97/500 valid samples.
We now have 97 Helmholtz entries.
(ID=0):  Epoch 125 Loss 2.0654626309871675
(ID=0):  		(real loss):  0.9816416331699916 	(dream loss): 2.6490585528887234
(ID=0):  	vs MDL (w/o neural net) 9.372078280417567
		(real MDL):  18.530688490574825 	(dream MDL): 4.44051893648674
(ID=0):  	1000 cumulative gradient steps. 56.728501 steps/sec
(ID=0):  	54-way auxiliary classification loss 0.11813043616712093
(ID=0):  Epoch 130 Loss 4.551077759265899
(ID=0):  		(real loss):  0.8627958297729492 	(dream loss): 7.8880947430928545
(ID=0):  	vs MDL (w/o neural net) 13.952036053766758
		(real MDL):  18.32116680167062 	(dream MDL): 9.999012996139449
(ID=0):  	1040 cumulative gradient steps. 56.878094 steps/sec
(ID=0):  	54-way auxiliary classification loss 0.15519842868670822
(ID=0):  Epoch 135 Loss 3.3817861795425417
(ID=0):  		(real loss):  0.7172280361777857 	(dream loss): 5.792576880682082
(ID=0):  	vs MDL (w/o neural net) 12.774073001741673
		(real MDL):  18.71643633705209 	(dream MDL): 7.397649031698915
(ID=0):  	1080 cumulative gradient steps. 57.037093 steps/sec
(ID=0):  	54-way auxiliary classification loss 0.14226061021909117
(ID=0):  Epoch 140 Loss 3.083337038755417
(ID=0):  		(real loss):  0.727287541265073 	(dream loss): 6.270933417712941
(ID=0):  	vs MDL (w/o neural net) 14.043151313675462
		(real MDL):  18.771836195154787 	(dream MDL): 7.645518826968152
(ID=0):  	1120 cumulative gradient steps. 57.267949 steps/sec
(ID=0):  	54-way auxiliary classification loss 0.1620080045424402
(ID=0):  Epoch 145 Loss 3.327169418334961
(ID=0):  		(real loss):  0.734567369733538 	(dream loss): 4.72318590604342
(ID=0):  	vs MDL (w/o neural net) 10.86943363457275
		(real MDL):  19.427345184241254 	(dream MDL): 6.261327415520478
(ID=0):  	1160 cumulative gradient steps. 57.795301 steps/sec
(ID=0):  	54-way auxiliary classification loss 0.12786217192187904
Sampling new helmholtz frontiers during training.
Sampling 500 programs from the prior on 32 CPUs...


Got 94/500 valid samples.
We now have 94 Helmholtz entries.
(ID=0):  Epoch 150 Loss 2.35551061630249
(ID=0):  		(real loss):  0.6137462762685922 	(dream loss): 5.590215819222586
(ID=0):  	vs MDL (w/o neural net) 14.814608355933743
		(real MDL):  18.699955751485643 	(dream MDL): 7.598963192765939
(ID=0):  	1200 cumulative gradient steps. 56.886875 steps/sec
(ID=0):  	54-way auxiliary classification loss 0.13580536916851998
(ID=0):  Epoch 155 Loss 4.101815295219422
(ID=0):  		(real loss):  0.5695377149079975 	(dream loss): 7.297685486929757
(ID=0):  	vs MDL (w/o neural net) 13.640943852418534
		(real MDL):  18.674705588775048 	(dream MDL): 9.086587995715028
(ID=0):  	1240 cumulative gradient steps. 57.272608 steps/sec
(ID=0):  	54-way auxiliary classification loss 0.1415039774030447
(ID=0):  Epoch 160 Loss 3.2009802758693695
(ID=0):  		(real loss):  0.5006117820739746 	(dream loss): 7.251533016562462
(ID=0):  	vs MDL (w/o neural net) 14.5578815760044
		(real MDL):  18.673728841704968 	(dream MDL): 8.384110677453561
(ID=0):  	1280 cumulative gradient steps. 57.531163 steps/sec
(ID=0):  	54-way auxiliary classification loss 0.1303700209595263
(ID=0):  Epoch 165 Loss 1.158886730670929
(ID=0):  		(real loss):  0.5194209289550781 	(dream loss): 2.2246630668640135
(ID=0):  	vs MDL (w/o neural net) 13.409927314322996
		(real MDL):  18.92646146393134 	(dream MDL): 4.215703731642418
(ID=0):  	1320 cumulative gradient steps. 57.675649 steps/sec
(ID=0):  	54-way auxiliary classification loss 0.10402351189404727
(ID=0):  Epoch 170 Loss 3.515198516845703
(ID=0):  		(real loss):  0.44606676968661224 	(dream loss): 7.2663595411512585
(ID=0):  	vs MDL (w/o neural net) 14.613830725024537
		(real MDL):  18.90551828773492 	(dream MDL): 9.36843481504518
(ID=0):  	1360 cumulative gradient steps. 57.824589 steps/sec
(ID=0):  	54-way auxiliary classification loss 0.12281035482883454
Sampling new helmholtz frontiers during training.
Sampling 500 programs from the prior on 32 CPUs...


Got 89/500 valid samples.
We now have 89 Helmholtz entries.
(ID=0):  Epoch 175 Loss 3.3435737073421476
(ID=0):  		(real loss):  0.4427010796286843 	(dream loss): 6.889084696769714
(ID=0):  	vs MDL (w/o neural net) 14.44235391287224
		(real MDL):  19.550683649047475 	(dream MDL): 8.198839790880289
(ID=0):  	1400 cumulative gradient steps. 57.152625 steps/sec
(ID=0):  	54-way auxiliary classification loss 0.1182617668993771
(ID=0):  Epoch 180 Loss 2.0106586813926697
(ID=0):  		(real loss):  0.4928578596848708 	(dream loss): 4.829431635992868
(ID=0):  	vs MDL (w/o neural net) 14.845629965925273
		(real MDL):  18.993107225586797 	(dream MDL): 7.143172197982449
(ID=0):  	1440 cumulative gradient steps. 57.360270 steps/sec
(ID=0):  	54-way auxiliary classification loss 0.11013948069885374
(ID=0):  Epoch 185 Loss 5.915681862831116
(ID=0):  		(real loss):  0.4833370208740234 	(dream loss): 9.175088768005372
(ID=0):  	vs MDL (w/o neural net) 13.8819292183041
		(real MDL):  18.583796606297067 	(dream MDL): 11.060808785508321
(ID=0):  	1480 cumulative gradient steps. 57.540815 steps/sec
(ID=0):  	54-way auxiliary classification loss 0.1566347143612802
(ID=0):  Epoch 190 Loss 3.6081523418426515
(ID=0):  		(real loss):  0.43528262051669037 	(dream loss): 7.48610422346327
(ID=0):  	vs MDL (w/o neural net) 13.946592337018876
		(real MDL):  18.53312161069363 	(dream MDL): 8.340834335860842
(ID=0):  	1520 cumulative gradient steps. 57.749083 steps/sec
(ID=0):  	54-way auxiliary classification loss 0.13795626563951374
(ID=0):  Epoch 195 Loss 6.035772502422333
(ID=0):  		(real loss):  0.41959657669067385 	(dream loss): 11.651948428153991
(ID=0):  	vs MDL (w/o neural net) 14.72691316500935
		(real MDL):  18.952578037834538 	(dream MDL): 10.501248292184162
(ID=0):  	1560 cumulative gradient steps. 57.957064 steps/sec
(ID=0):  	54-way auxiliary classification loss 0.1602361025288701
Sampling new helmholtz frontiers during training.
Sampling 500 programs from the prior on 32 CPUs...


Got 113/500 valid samples.
We now have 113 Helmholtz entries.
(ID=0):  Epoch 200 Loss 4.466684013605118
(ID=0):  		(real loss):  0.53935412356728 	(dream loss): 8.019982485544114
(ID=0):  	vs MDL (w/o neural net) 13.873690072696661
		(real MDL):  18.143817648424758 	(dream MDL): 10.01024131370458
(ID=0):  	1600 cumulative gradient steps. 57.238702 steps/sec
(ID=0):  	54-way auxiliary classification loss 0.14808245804160833
(ID=0):  Epoch 205 Loss 2.222269296646118
(ID=0):  		(real loss):  0.39819681076776414 	(dream loss): 4.23834941261693
(ID=0):  	vs MDL (w/o neural net) 12.955803515294283
		(real MDL):  18.912594187959506 	(dream MDL): 6.371982245506405
(ID=0):  	1640 cumulative gradient steps. 57.529575 steps/sec
(ID=0):  	54-way auxiliary classification loss 0.09841833841055632
(ID=0):  Epoch 210 Loss 1.7382001280784607
(ID=0):  		(real loss):  0.32582585951861215 	(dream loss): 2.7821289352748706
(ID=0):  	vs MDL (w/o neural net) 10.421337050855879
		(real MDL):  18.594774805189164 	(dream MDL): 4.380100449826934
(ID=0):  	1680 cumulative gradient steps. 57.781880 steps/sec
(ID=0):  	54-way auxiliary classification loss 0.08314728662371636
(ID=0):  Epoch 215 Loss 1.002920436859131
(ID=0):  		(real loss):  0.3428030014038086 	(dream loss): 1.9930965900421143
(ID=0):  	vs MDL (w/o neural net) 13.055548945452651
		(real MDL):  19.13995888027946 	(dream MDL): 3.9289340432124478
(ID=0):  	1720 cumulative gradient steps. 57.971607 steps/sec
(ID=0):  	54-way auxiliary classification loss 0.07747857649810612
(ID=0):  Epoch 220 Loss 3.138434222340584
(ID=0):  		(real loss):  0.30062640797008167 	(dream loss): 6.606865995460087
(ID=0):  	vs MDL (w/o neural net) 13.789680688018118
		(real MDL):  18.071356167453583 	(dream MDL): 8.556521768708112
(ID=0):  	1760 cumulative gradient steps. 58.058980 steps/sec
(ID=0):  	54-way auxiliary classification loss 0.09184107813052833
(ID=0):  Epoch 225 Loss 2.269885781407356
(ID=0):  		(real loss):  0.2973432038959704 	(dream loss): 4.054567161060515
(ID=0):  	vs MDL (w/o neural net) 12.126802674705413
		(real MDL):  18.693607010138894 	(dream MDL): 6.185408275979889
(ID=0):  	1800 cumulative gradient steps. 58.325288 steps/sec
(ID=0):  	54-way auxiliary classification loss 0.09223348060622812
Sampling new helmholtz frontiers during training.
Sampling 500 programs from the prior on 32 CPUs...


Got 93/500 valid samples.
We now have 93 Helmholtz entries.
(ID=0):  Epoch 230 Loss 2.3510427236557008
(ID=0):  		(real loss):  0.2870020866394043 	(dream loss): 5.447103679180145
(ID=0):  	vs MDL (w/o neural net) 14.024900344278084
		(real MDL):  18.637573459819144 	(dream MDL): 7.105890670966501
(ID=0):  	1840 cumulative gradient steps. 57.870490 steps/sec
(ID=0):  	54-way auxiliary classification loss 0.11216216781176627
(ID=0):  Epoch 235 Loss 0.37645634412765505
(ID=0):  		(real loss):  0.25345178083939984 	(dream loss): 0.5267952548133003
(ID=0):  	vs MDL (w/o neural net) 11.442242991025989
		(real MDL):  18.72703148750443 	(dream MDL): 2.538612606441232
(ID=0):  	1880 cumulative gradient steps. 57.970253 steps/sec
(ID=0):  	54-way auxiliary classification loss 0.06314331293106079
(ID=0):  Epoch 240 Loss 3.5368298828601836
(ID=0):  		(real loss):  0.25300443172454834 	(dream loss): 5.72604685028394
(ID=0):  	vs MDL (w/o neural net) 11.735722147418462
		(real MDL):  18.503887964715418 	(dream MDL): 7.22361160255383
(ID=0):  	1920 cumulative gradient steps. 58.078327 steps/sec
(ID=0):  	54-way auxiliary classification loss 0.11337503269314766
(ID=0):  Epoch 245 Loss 3.0187164902687074
(ID=0):  		(real loss):  0.27211201985677086 	(dream loss): 4.666679172515869
(ID=0):  	vs MDL (w/o neural net) 11.03738807172359
		(real MDL):  19.042477654594332 	(dream MDL): 6.234334322001149
(ID=0):  	1960 cumulative gradient steps. 58.273252 steps/sec
(ID=0):  	54-way auxiliary classification loss 0.11066886843182147
Sampling new helmholtz frontiers during training.
Sampling 500 programs from the prior on 32 CPUs...


Got 95/500 valid samples.
We now have 95 Helmholtz entries.
(ID=0):  Epoch 250 Loss 2.6306832075119018
(ID=0):  		(real loss):  0.271600806194803 	(dream loss): 5.822382926940918
(ID=0):  	vs MDL (w/o neural net) 14.159811900809988
		(real MDL):  18.839140396490052 	(dream MDL): 7.828955700772256
(ID=0):  	2000 cumulative gradient steps. 57.604382 steps/sec
(ID=0):  	54-way auxiliary classification loss 0.10025181109085679
(ID=0):  Epoch 255 Loss 2.6337039470672607
(ID=0):  		(real loss):  0.27105185564826517 	(dream loss): 4.380012014637822
(ID=0):  	vs MDL (w/o neural net) 11.628606290201834
		(real MDL):  19.13834548281553 	(dream MDL): 6.077929495661276
(ID=0):  	2040 cumulative gradient steps. 57.796104 steps/sec
(ID=0):  	54-way auxiliary classification loss 0.0912970697041601
(ID=0):  Epoch 260 Loss 3.5184168994426726
(ID=0):  		(real loss):  0.2597359105160362 	(dream loss): 6.466747317995344
(ID=0):  	vs MDL (w/o neural net) 13.634748837194014
		(real MDL):  19.052103046470418 	(dream MDL): 8.733333124039168
(ID=0):  	2080 cumulative gradient steps. 57.936639 steps/sec
(ID=0):  	54-way auxiliary classification loss 0.10920287566259504
(ID=0):  Epoch 265 Loss 4.213973933458329
(ID=0):  		(real loss):  0.20279904415732936 	(dream loss): 7.843132166635423
(ID=0):  	vs MDL (w/o neural net) 13.842801319463831
		(real MDL):  18.024989999582143 	(dream MDL): 10.058916323166311
(ID=0):  	2120 cumulative gradient steps. 57.982263 steps/sec
(ID=0):  	54-way auxiliary classification loss 0.12353542684577405
(ID=0):  Epoch 270 Loss 7.540505528450012
(ID=0):  		(real loss):  0.3045300801595052 	(dream loss): 11.882090797424317
(ID=0):  	vs MDL (w/o neural net) 15.350949716850556
		(real MDL):  18.136503938856354 	(dream MDL): 13.679617183647071
(ID=0):  	2160 cumulative gradient steps. 58.251467 steps/sec
(ID=0):  	54-way auxiliary classification loss 0.16123333452269434
Sampling new helmholtz frontiers during training.
Sampling 500 programs from the prior on 32 CPUs...


Got 98/500 valid samples.
We now have 98 Helmholtz entries.
(ID=0):  Epoch 275 Loss 1.8295450121164323
(ID=0):  		(real loss):  0.23927647134532098 	(dream loss): 3.981084802571465
(ID=0):  	vs MDL (w/o neural net) 13.366977907359052
		(real MDL):  18.819948388994668 	(dream MDL): 5.98942960867558
(ID=0):  	2200 cumulative gradient steps. 57.758312 steps/sec
(ID=0):  	54-way auxiliary classification loss 0.09758259430527687
(ID=0):  Epoch 280 Loss 1.0207370102405549
(ID=0):  		(real loss):  0.23276229526685632 	(dream loss): 2.0868204481461468
(ID=0):  	vs MDL (w/o neural net) 12.508476374766342
		(real MDL):  18.581290517509643 	(dream MDL): 4.292316063996
(ID=0):  	2240 cumulative gradient steps. 57.890191 steps/sec
(ID=0):  	54-way auxiliary classification loss 0.07061088834889233
(ID=0):  Epoch 285 Loss 2.1936646819114687
(ID=0):  		(real loss):  0.20373008728027345 	(dream loss): 5.510222339630127
(ID=0):  	vs MDL (w/o neural net) 14.192634748193433
		(real MDL):  18.22467823656514 	(dream MDL): 7.4725622675739265
(ID=0):  	2280 cumulative gradient steps. 58.002327 steps/sec
(ID=0):  	54-way auxiliary classification loss 0.09985463549382985
(ID=0):  Epoch 290 Loss 1.4676909565925598
(ID=0):  		(real loss):  0.213203256780451 	(dream loss): 3.0009537008073597
(ID=0):  	vs MDL (w/o neural net) 12.302344887868028
		(real MDL):  18.351290790094403 	(dream MDL): 4.909188785146907
(ID=0):  	2320 cumulative gradient steps. 58.063093 steps/sec
(ID=0):  	54-way auxiliary classification loss 0.08739912211894989
(ID=0):  Epoch 295 Loss 2.026443976163864
(ID=0):  		(real loss):  0.23954264322916666 	(dream loss): 4.0014401862495825
(ID=0):  	vs MDL (w/o neural net) 12.38899096972
		(real MDL):  18.147433951971923 	(dream MDL): 6.024396094599458
(ID=0):  	2360 cumulative gradient steps. 58.079603 steps/sec
(ID=0):  	54-way auxiliary classification loss 0.10319722420535982
Sampling new helmholtz frontiers during training.
Sampling 500 programs from the prior on 32 CPUs...


Got 94/500 valid samples.
We now have 94 Helmholtz entries.
(ID=0):  Epoch 300 Loss 4.645808899402619
(ID=0):  		(real loss):  0.27253490024142796 	(dream loss): 8.223942171443593
(ID=0):  	vs MDL (w/o neural net) 14.240111136123597
		(real MDL):  19.32842505043021 	(dream MDL): 10.076945206236367
(ID=0):  	2400 cumulative gradient steps. 57.717476 steps/sec
(ID=0):  	54-way auxiliary classification loss 0.13492613355629146
(ID=0):  Epoch 305 Loss 0.6491184175014496
(ID=0):  		(real loss):  0.2107068230124081 	(dream loss): 0.9731617699498716
(ID=0):  	vs MDL (w/o neural net) 9.8672469431055
		(real MDL):  19.289112354552515 	(dream MDL): 2.903259465079448
(ID=0):  	2440 cumulative gradient steps. 57.832736 steps/sec
(ID=0):  	54-way auxiliary classification loss 0.05875343093648553
(ID=0):  Epoch 310 Loss 3.272440880537033
(ID=0):  		(real loss):  0.18968420028686522 	(dream loss): 6.355197560787201
(ID=0):  	vs MDL (w/o neural net) 13.143308122208385
		(real MDL):  18.214998666971006 	(dream MDL): 8.071617577445757
(ID=0):  	2480 cumulative gradient steps. 57.980961 steps/sec
(ID=0):  	54-way auxiliary classification loss 0.11464745556004345
(ID=0):  Epoch 315 Loss 3.964071822166443
(ID=0):  		(real loss):  0.18350101652599515 	(dream loss): 8.142597449453254
(ID=0):  	vs MDL (w/o neural net) 14.327671108638095
		(real MDL):  18.17523151837373 	(dream MDL): 10.075104339982918
(ID=0):  	2520 cumulative gradient steps. 58.115401 steps/sec
(ID=0):  	54-way auxiliary classification loss 0.0869201511144638
(ID=0):  Epoch 320 Loss 3.983009731769562
(ID=0):  		(real loss):  0.22624856775457208 	(dream loss): 8.574606710010105
(ID=0):  	vs MDL (w/o neural net) 14.248674104347256
		(real MDL):  18.82615713690777 	(dream MDL): 8.653972620106636
(ID=0):  	2560 cumulative gradient steps. 58.195801 steps/sec
(ID=0):  	54-way auxiliary classification loss 0.10764619437977671
Sampling new helmholtz frontiers during training.
Sampling 500 programs from the prior on 32 CPUs...


Got 96/500 valid samples.
We now have 96 Helmholtz entries.
(ID=0):  Epoch 325 Loss 2.665496599674225
(ID=0):  		(real loss):  0.44687170731393916 	(dream loss): 4.6728238832382925
(ID=0):  	vs MDL (w/o neural net) 11.65623115894752
		(real MDL):  18.27007071739308 	(dream MDL): 5.672281082258688
(ID=0):  	2600 cumulative gradient steps. 57.797247 steps/sec
(ID=0):  	54-way auxiliary classification loss 0.09901332007721067
(ID=0):  Epoch 330 Loss 3.955600416660309
(ID=0):  		(real loss):  0.2449184915293818 	(dream loss): 8.975934785955092
(ID=0):  	vs MDL (w/o neural net) 14.910309214076054
		(real MDL):  18.676826689188573 	(dream MDL): 9.814432630100292
(ID=0):  	2640 cumulative gradient steps. 57.849668 steps/sec
(ID=0):  	54-way auxiliary classification loss 0.114502904843539
(ID=0):  Epoch 335 Loss 0.7579193770885467
(ID=0):  		(real loss):  0.20434461321149552 	(dream loss): 1.3697651687421297
(ID=0):  	vs MDL (w/o neural net) 11.12916360766088
		(real MDL):  17.986601530303126 	(dream MDL): 3.5498901142141976
(ID=0):  	2680 cumulative gradient steps. 57.926517 steps/sec
(ID=0):  	54-way auxiliary classification loss 0.061711443867534396
(ID=0):  Epoch 340 Loss 2.167254936695099
(ID=0):  		(real loss):  0.18194315168592665 	(dream loss): 3.7916009426116943
(ID=0):  	vs MDL (w/o neural net) 11.349875718141035
		(real MDL):  18.039650592794587 	(dream MDL): 5.876423547969949
(ID=0):  	2720 cumulative gradient steps. 58.100611 steps/sec
(ID=0):  	54-way auxiliary classification loss 0.08359269434586167
Sampling new helmholtz frontiers during training.
Sampling 500 programs from the prior on 32 CPUs...


Got 98/500 valid samples.
We now have 98 Helmholtz entries.
(ID=0):  Epoch 345 Loss 6.86130627989769
(ID=0):  		(real loss):  0.21308072408040366 	(dream loss): 10.85024161338806
(ID=0):  	vs MDL (w/o neural net) 14.319533253667183
		(real MDL):  18.998904208866104 	(dream MDL): 11.511910680547826
(ID=0):  	2760 cumulative gradient steps. 57.778873 steps/sec
(ID=0):  	54-way auxiliary classification loss 0.15500282887369393
(ID=0):  Epoch 350 Loss 2.035442703962326
(ID=0):  		(real loss):  0.24747737248738608 	(dream loss): 4.717390701174736
(ID=0):  	vs MDL (w/o neural net) 14.235547382264874
		(real MDL):  18.982410035598914 	(dream MDL): 7.115253402263817
(ID=0):  	2800 cumulative gradient steps. 57.775262 steps/sec
(ID=0):  	54-way auxiliary classification loss 0.08659170144237578
(ID=0):  Epoch 355 Loss 1.8233647763729095
(ID=0):  		(real loss):  0.19409713745117188 	(dream loss): 3.452632415294647
(ID=0):  	vs MDL (w/o neural net) 11.996973038494282
		(real MDL):  18.689076774669267 	(dream MDL): 5.3048693023193065
(ID=0):  	2840 cumulative gradient steps. 57.961105 steps/sec
(ID=0):  	54-way auxiliary classification loss 0.08023994718678296
(ID=0):  Epoch 360 Loss 5.314098519086838
(ID=0):  		(real loss):  0.1713656470889137 	(dream loss): 10.998171693400332
(ID=0):  	vs MDL (w/o neural net) 16.181685793723723
		(real MDL):  19.079992246375678 	(dream MDL): 12.978294451318938
(ID=0):  	2880 cumulative gradient steps. 58.047856 steps/sec
(ID=0):  	54-way auxiliary classification loss 0.11568213542923331
(ID=0):  Epoch 365 Loss 0.6856562674045563
(ID=0):  		(real loss):  0.16013626825241817 	(dream loss): 1.266494161204288
(ID=0):  	vs MDL (w/o neural net) 11.223185162504288
		(real MDL):  18.36896153711756 	(dream MDL): 3.3252218010896244
(ID=0):  	2920 cumulative gradient steps. 58.152464 steps/sec
(ID=0):  	54-way auxiliary classification loss 0.052688850974664095
Sampling new helmholtz frontiers during training.
Sampling 500 programs from the prior on 32 CPUs...


Got 98/500 valid samples.
We now have 98 Helmholtz entries.
(ID=0):  Epoch 370 Loss 0.9362953543663025
(ID=0):  		(real loss):  0.15020513534545898 	(dream loss): 1.4603555003801982
(ID=0):  	vs MDL (w/o neural net) 9.361259039627807
		(real MDL):  17.922614895305976 	(dream MDL): 3.6536884691757034
(ID=0):  	2960 cumulative gradient steps. 57.905912 steps/sec
(ID=0):  	54-way auxiliary classification loss 0.05410162224434316
(ID=0):  Epoch 375 Loss 5.385559910535813
(ID=0):  		(real loss):  0.18047033037458146 	(dream loss): 11.138553657029805
(ID=0):  	vs MDL (w/o neural net) 15.857751396572016
		(real MDL):  18.873795140133307 	(dream MDL): 12.52422936421481
(ID=0):  	3000 cumulative gradient steps. 57.997187 steps/sec
(ID=0):  	54-way auxiliary classification loss 0.11415272960439324
(ID=0):  Epoch 380 Loss 0.8319141209125519
(ID=0):  		(real loss):  0.1722393035888672 	(dream loss): 1.5610283926913613
(ID=0):  	vs MDL (w/o neural net) 11.225842688671971
		(real MDL):  18.300097254529316 	(dream MDL): 3.4069297474612297
(ID=0):  	3040 cumulative gradient steps. 58.093049 steps/sec
(ID=0):  	54-way auxiliary classification loss 0.06043005203828215
(ID=0):  Epoch 385 Loss 2.821611261367798
(ID=0):  		(real loss):  0.1577450296153193 	(dream loss): 6.425665574915269
(ID=0):  	vs MDL (w/o neural net) 14.127155998795754
		(real MDL):  18.13640320449254 	(dream MDL): 8.702880367558933
(ID=0):  	3080 cumulative gradient steps. 58.142778 steps/sec
(ID=0):  	54-way auxiliary classification loss 0.0841284163761884
(ID=0):  Epoch 390 Loss 2.2004748225212096
(ID=0):  		(real loss):  0.177024659656343 	(dream loss): 4.436919739371852
(ID=0):  	vs MDL (w/o neural net) 12.603404090057122
		(real MDL):  18.577230198314677 	(dream MDL): 6.000754180930364
(ID=0):  	3120 cumulative gradient steps. 58.213298 steps/sec
(ID=0):  	54-way auxiliary classification loss 0.0861508232075721
(ID=0):  Epoch 395 Loss 3.0083799362182617
(ID=0):  		(real loss):  0.15899229049682617 	(dream loss): 5.857767581939697
(ID=0):  	vs MDL (w/o neural net) 13.182141241109772
		(real MDL):  18.565484827051804 	(dream MDL): 7.798797655167744
(ID=0):  	3160 cumulative gradient steps. 58.300178 steps/sec
(ID=0):  	54-way auxiliary classification loss 0.07785225352272392
Sampling new helmholtz frontiers during training.
Sampling 500 programs from the prior on 32 CPUs...


Got 87/500 valid samples.
We now have 87 Helmholtz entries.
(ID=0):  Epoch 400 Loss 5.8714129567146305
(ID=0):  		(real loss):  0.14375901222229004 	(dream loss): 9.689848919709524
(ID=0):  	vs MDL (w/o neural net) 13.322702433465315
		(real MDL):  18.659513350814017 	(dream MDL): 9.764828488566176
(ID=0):  	3200 cumulative gradient steps. 58.011227 steps/sec
(ID=0):  	54-way auxiliary classification loss 0.10516503485850989
(ID=0):  Epoch 405 Loss 1.487000447511673
(ID=0):  		(real loss):  0.24809864589146205 	(dream loss): 2.856312965091906
(ID=0):  	vs MDL (w/o neural net) 11.9500443916162
		(real MDL):  18.425345606194597 	(dream MDL): 4.793132522871658
(ID=0):  	3240 cumulative gradient steps. 58.087795 steps/sec
(ID=0):  	54-way auxiliary classification loss 0.06802655961364508
(ID=0):  Epoch 410 Loss 1.4878167420625688
(ID=0):  		(real loss):  0.214722801657284 	(dream loss): 2.428799219753431
(ID=0):  	vs MDL (w/o neural net) 10.423561225387118
		(real MDL):  18.444531974669758 	(dream MDL): 4.495017628091256
(ID=0):  	3280 cumulative gradient steps. 58.268933 steps/sec
(ID=0):  	54-way auxiliary classification loss 0.06254977220669389
(ID=0):  Epoch 415 Loss 4.360560160875321
(ID=0):  		(real loss):  0.23460778323086826 	(dream loss): 9.403390844662985
(ID=0):  	vs MDL (w/o neural net) 14.994595233981196
		(real MDL):  18.09223042080773 	(dream MDL): 11.208596672304317
(ID=0):  	3320 cumulative gradient steps. 58.311942 steps/sec
(ID=0):  	54-way auxiliary classification loss 0.11408808343112468
Sampling new helmholtz frontiers during training.
Sampling 500 programs from the prior on 32 CPUs...


Got 92/500 valid samples.
We now have 92 Helmholtz entries.
(ID=0):  Epoch 420 Loss 5.466669952869415
(ID=0):  		(real loss):  0.3318458738781157 	(dream loss): 11.142001829649272
(ID=0):  	vs MDL (w/o neural net) 16.127363875516842
		(real MDL):  18.913018411802305 	(dream MDL): 13.048482545938167
(ID=0):  	3360 cumulative gradient steps. 58.034046 steps/sec
(ID=0):  	54-way auxiliary classification loss 0.113558987993747
(ID=0):  Epoch 425 Loss 1.6637933373451232
(ID=0):  		(real loss):  0.1624296506245931 	(dream loss): 3.9158388674259186
(ID=0):  	vs MDL (w/o neural net) 13.38857220750522
		(real MDL):  18.317853129650263 	(dream MDL): 5.99465082428765
(ID=0):  	3400 cumulative gradient steps. 58.056382 steps/sec
(ID=0):  	54-way auxiliary classification loss 0.07033074330538511
(ID=0):  Epoch 430 Loss 5.923477205634117
(ID=0):  		(real loss):  0.1383753776550293 	(dream loss): 11.708579033613205
(ID=0):  	vs MDL (w/o neural net) 15.870086670253439
		(real MDL):  18.488617436975176 	(dream MDL): 13.251555903531715
(ID=0):  	3440 cumulative gradient steps. 58.130720 steps/sec
(ID=0):  	54-way auxiliary classification loss 0.15006892131641508
(ID=0):  Epoch 435 Loss 1.5886497437953948
(ID=0):  		(real loss):  0.15981663597954643 	(dream loss): 2.7576950138265435
(ID=0):  	vs MDL (w/o neural net) 11.369497443113634
		(real MDL):  19.458861796978194 	(dream MDL): 4.750926608133541
(ID=0):  	3480 cumulative gradient steps. 58.271750 steps/sec
(ID=0):  	54-way auxiliary classification loss 0.0541408444289118
Sampling new helmholtz frontiers during training.
Sampling 500 programs from the prior on 32 CPUs...


Got 96/500 valid samples.
We now have 96 Helmholtz entries.
(ID=0):  Epoch 440 Loss 3.965542894601822
(ID=0):  		(real loss):  0.13757244745890299 	(dream loss): 5.606101657663073
(ID=0):  	vs MDL (w/o neural net) 10.833792684112012
		(real MDL):  18.712167123915112 	(dream MDL): 7.457346495624971
(ID=0):  	3520 cumulative gradient steps. 58.010023 steps/sec
(ID=0):  	54-way auxiliary classification loss 0.09845332317054271
(ID=0):  Epoch 445 Loss 7.828152978420258
(ID=0):  		(real loss):  0.12961702761442764 	(dream loss): 18.243819264804614
(ID=0):  	vs MDL (w/o neural net) 18.900160194949397
		(real MDL):  18.0944250533652 	(dream MDL): 19.990272445328017
(ID=0):  	3560 cumulative gradient steps. 58.061076 steps/sec
(ID=0):  	54-way auxiliary classification loss 0.17513452316634356
(ID=0):  Epoch 450 Loss 3.546687978506088
(ID=0):  		(real loss):  0.1397775650024414 	(dream loss): 6.953598392009735
(ID=0):  	vs MDL (w/o neural net) 13.420784343385865
		(real MDL):  18.27361376512381 	(dream MDL): 8.567954921647928
(ID=0):  	3600 cumulative gradient steps. 58.132235 steps/sec
(ID=0):  	54-way auxiliary classification loss 0.10998849254101514
(ID=0):  Epoch 455 Loss 5.487751752138138
(ID=0):  		(real loss):  0.14503338462428042 	(dream loss): 10.32163979893639
(ID=0):  	vs MDL (w/o neural net) 15.36844367283241
		(real MDL):  18.789426774540733 	(dream MDL): 12.273268485572498
(ID=0):  	3640 cumulative gradient steps. 58.255461 steps/sec
(ID=0):  	54-way auxiliary classification loss 0.11878027524799109
(ID=0):  Epoch 460 Loss 1.469629806280136
(ID=0):  		(real loss):  0.131119441986084 	(dream loss): 2.8081401705741884
(ID=0):  	vs MDL (w/o neural net) 12.025721255803708
		(real MDL):  18.918062451213814 	(dream MDL): 5.133380060393604
(ID=0):  	3680 cumulative gradient steps. 58.353116 steps/sec
(ID=0):  	54-way auxiliary classification loss 0.06278108786791563
Sampling new helmholtz frontiers during training.
Sampling 500 programs from the prior on 32 CPUs...


Got 92/500 valid samples.
We now have 92 Helmholtz entries.
(ID=0):  Epoch 465 Loss 1.9648118376731873
(ID=0):  		(real loss):  0.14098870754241943 	(dream loss): 3.1806939244270325
(ID=0):  	vs MDL (w/o neural net) 10.45024214541231
		(real MDL):  18.27488164157972 	(dream MDL): 5.233815814634043
(ID=0):  	3720 cumulative gradient steps. 58.115947 steps/sec
(ID=0):  	54-way auxiliary classification loss 0.07564209988340735
(ID=0):  Epoch 470 Loss 3.081917741894722
(ID=0):  		(real loss):  0.1417710304260254 	(dream loss): 6.022064453363418
(ID=0):  	vs MDL (w/o neural net) 13.65650235249424
		(real MDL):  19.274258363234193 	(dream MDL): 8.038746341754294
(ID=0):  	3760 cumulative gradient steps. 58.230935 steps/sec
(ID=0):  	54-way auxiliary classification loss 0.10196597373578697
(ID=0):  Epoch 475 Loss 7.209150660037994
(ID=0):  		(real loss):  0.16839207543267143 	(dream loss): 12.969771320169622
(ID=0):  	vs MDL (w/o neural net) 16.43871575281279
		(real MDL):  19.328425050430205 	(dream MDL): 14.074408145671281
(ID=0):  	3800 cumulative gradient steps. 58.295948 steps/sec
(ID=0):  	54-way auxiliary classification loss 0.13568269428797067
(ID=0):  Epoch 480 Loss 1.9332807600498199
(ID=0):  		(real loss):  0.5910802417331271 	(dream loss): 3.0314448204907505
(ID=0):  	vs MDL (w/o neural net) 11.362643328078288
		(real MDL):  18.657669327639596 	(dream MDL): 5.393985692073593
(ID=0):  	3840 cumulative gradient steps. 58.358823 steps/sec
(ID=0):  	54-way auxiliary classification loss 0.07579806693829597
Sampling new helmholtz frontiers during training.
Sampling 500 programs from the prior on 32 CPUs...


Got 107/500 valid samples.
We now have 107 Helmholtz entries.
(ID=0):  Epoch 485 Loss 4.763339895009994
(ID=0):  		(real loss):  0.15830623402315028 	(dream loss): 8.167060427043749
(ID=0):  	vs MDL (w/o neural net) 13.388236955011246
		(real MDL):  18.364577949070185 	(dream MDL): 9.710071872445939
(ID=0):  	3880 cumulative gradient steps. 58.059504 steps/sec
(ID=0):  	54-way auxiliary classification loss 0.1273542694747448
(ID=0):  Epoch 490 Loss 4.958746445178986
(ID=0):  		(real loss):  0.12388375226189108 	(dream loss): 8.532340609509012
(ID=0):  	vs MDL (w/o neural net) 13.9122257273772
		(real MDL):  18.660454270856317 	(dream MDL): 10.40266549958829
(ID=0):  	3920 cumulative gradient steps. 58.146637 steps/sec
(ID=0):  	54-way auxiliary classification loss 0.10871445727534593
(ID=0):  Epoch 495 Loss 2.9076750755310057
(ID=0):  		(real loss):  0.12407474517822266 	(dream loss): 5.691275405883789
(ID=0):  	vs MDL (w/o neural net) 13.406722901646694
		(real MDL):  18.942903320977695 	(dream MDL): 7.870542482315696
(ID=0):  	3960 cumulative gradient steps. 58.250888 steps/sec
(ID=0):  	54-way auxiliary classification loss 0.06917977505363523
(ID=0):  Epoch 500 Loss 1.6638174772262573
(ID=0):  		(real loss):  0.12891032479026102 	(dream loss): 3.539815107981364
(ID=0):  	vs MDL (w/o neural net) 12.981768733517558
		(real MDL):  18.93205232839119 	(dream MDL): 5.709199895338676
(ID=0):  	4000 cumulative gradient steps. 58.321567 steps/sec
(ID=0):  	54-way auxiliary classification loss 0.06340370140969753
(ID=0):  Epoch 505 Loss 5.538071942329407
(ID=0):  		(real loss):  0.122306321796618 	(dream loss): 10.438050360906692
(ID=0):  	vs MDL (w/o neural net) 15.245784244057697
		(real MDL):  18.693841449630966 	(dream MDL): 12.126113439015208
(ID=0):  	4040 cumulative gradient steps. 58.392995 steps/sec
(ID=0):  	54-way auxiliary classification loss 0.12798671387135982
Sampling new helmholtz frontiers during training.
Sampling 500 programs from the prior on 32 CPUs...


Got 90/500 valid samples.
We now have 90 Helmholtz entries.
(ID=0):  Epoch 510 Loss 4.437445515394211
(ID=0):  		(real loss):  0.13077706557053786 	(dream loss): 6.511026620864868
(ID=0):  	vs MDL (w/o neural net) 11.929218881138222
		(real MDL):  19.26001289276094 	(dream MDL): 8.399577319986541
(ID=0):  	4080 cumulative gradient steps. 58.188956 steps/sec
(ID=0):  	54-way auxiliary classification loss 0.10583254699595272
(ID=0):  Epoch 515 Loss 0.6723714649677277
(ID=0):  		(real loss):  0.12971960979959238 	(dream loss): 1.406547504312852
(ID=0):  	vs MDL (w/o neural net) 12.226181769715566
		(real MDL):  18.542464831199116 	(dream MDL): 3.6806223335907644
(ID=0):  	4120 cumulative gradient steps. 58.263279 steps/sec
(ID=0):  	54-way auxiliary classification loss 0.05547544728033245
(ID=0):  Epoch 520 Loss 4.358661073446274
(ID=0):  		(real loss):  0.11456108093261719 	(dream loss): 7.495604546173759
(ID=0):  	vs MDL (w/o neural net) 13.428832683972928
		(real MDL):  18.35952678778578 	(dream MDL): 9.784406607241692
(ID=0):  	4160 cumulative gradient steps. 58.301883 steps/sec
(ID=0):  	54-way auxiliary classification loss 0.11327805123291909
(ID=0):  Epoch 525 Loss 4.241316378116608
(ID=0):  		(real loss):  0.12370902613589638 	(dream loss): 7.966770648956299
(ID=0):  	vs MDL (w/o neural net) 13.444938578725797
		(real MDL):  17.593793847218546 	(dream MDL): 9.691212383422833
(ID=0):  	4200 cumulative gradient steps. 58.354427 steps/sec
(ID=0):  	54-way auxiliary classification loss 0.09630388519726693
Sampling new helmholtz frontiers during training.
Sampling 500 programs from the prior on 32 CPUs...


Got 86/500 valid samples.
We now have 86 Helmholtz entries.
(ID=0):  Epoch 530 Loss 4.917959493398667
(ID=0):  		(real loss):  0.12991917928059896 	(dream loss): 7.790783681869507
(ID=0):  	vs MDL (w/o neural net) 13.12168292494574
		(real MDL):  18.563988034342962 	(dream MDL): 9.856299859307406
(ID=0):  	4240 cumulative gradient steps. 58.143171 steps/sec
(ID=0):  	54-way auxiliary classification loss 0.1254883159417659
(ID=0):  Epoch 535 Loss 1.244709950685501
(ID=0):  		(real loss):  0.12559627351306735 	(dream loss): 2.481625067560296
(ID=0):  	vs MDL (w/o neural net) 11.776662367153486
		(real MDL):  18.79794994849443 	(dream MDL): 4.016291882513495
(ID=0):  	4280 cumulative gradient steps. 58.211093 steps/sec
(ID=0):  	54-way auxiliary classification loss 0.05244412054307759
(ID=0):  Epoch 540 Loss 4.600422686338424
(ID=0):  		(real loss):  0.117431079640108 	(dream loss): 7.913938221724137
(ID=0):  	vs MDL (w/o neural net) 13.437042254990335
		(real MDL):  18.33376069488167 	(dream MDL): 9.817728625505435
(ID=0):  	4320 cumulative gradient steps. 58.284080 steps/sec
(ID=0):  	54-way auxiliary classification loss 0.10172405298799277
(ID=0):  Epoch 545 Loss 2.7084763765335085
(ID=0):  		(real loss):  0.19827672054893092 	(dream loss): 4.979609398614793
(ID=0):  	vs MDL (w/o neural net) 12.631093130171918
		(real MDL):  18.305303909705845 	(dream MDL): 7.49728337726027
(ID=0):  	4360 cumulative gradient steps. 58.315641 steps/sec
(ID=0):  	54-way auxiliary classification loss 0.06683497440535575
Sampling new helmholtz frontiers during training.
Sampling 500 programs from the prior on 32 CPUs...


Got 85/500 valid samples.
We now have 85 Helmholtz entries.
(ID=0):  Epoch 550 Loss 3.9364459723234178
(ID=0):  		(real loss):  0.13313698768615723 	(dream loss): 6.471985295414925
(ID=0):  	vs MDL (w/o neural net) 12.232921495335276
		(real MDL):  18.7735113581052 	(dream MDL): 7.87252825348866
(ID=0):  	4400 cumulative gradient steps. 58.173158 steps/sec
(ID=0):  	54-way auxiliary classification loss 0.1103867401368916
(ID=0):  Epoch 555 Loss 4.307968592643737
(ID=0):  		(real loss):  0.11735888889857701 	(dream loss): 8.939695107309442
(ID=0):  	vs MDL (w/o neural net) 14.822510394608079
		(real MDL):  18.480577300864166 	(dream MDL): 10.77938381400925
(ID=0):  	4440 cumulative gradient steps. 58.244782 steps/sec
(ID=0):  	54-way auxiliary classification loss 0.11895043104887008
(ID=0):  Epoch 560 Loss 8.434138095378875
(ID=0):  		(real loss):  0.12616337046903722 	(dream loss): 14.574815065964408
(ID=0):  	vs MDL (w/o neural net) 17.456314481605876
		(real MDL):  18.47964514897305 	(dream MDL): 16.699939640508404
(ID=0):  	4480 cumulative gradient steps. 58.337227 steps/sec
(ID=0):  	54-way auxiliary classification loss 0.1688973022857681
(ID=0):  Epoch 565 Loss 1.9402044147253037
(ID=0):  		(real loss):  0.14948511123657227 	(dream loss): 3.730923718214035
(ID=0):  	vs MDL (w/o neural net) 12.259060389247264
		(real MDL):  18.613074057104292 	(dream MDL): 5.905046721390244
(ID=0):  	4520 cumulative gradient steps. 58.424235 steps/sec
(ID=0):  	54-way auxiliary classification loss 0.0676392402034253
Sampling new helmholtz frontiers during training.
Sampling 500 programs from the prior on 32 CPUs...


Got 97/500 valid samples.
We now have 97 Helmholtz entries.
(ID=0):  Epoch 570 Loss 4.2172623634338375
(ID=0):  		(real loss):  0.12492010328504774 	(dream loss): 7.565542394464666
(ID=0):  	vs MDL (w/o neural net) 13.326628931888106
		(real MDL):  18.197994756173262 	(dream MDL): 9.340965984745706
(ID=0):  	4560 cumulative gradient steps. 58.164913 steps/sec
(ID=0):  	54-way auxiliary classification loss 0.11088120902422816
(ID=0):  Epoch 575 Loss 5.5722126960754395
(ID=0):  		(real loss):  0.219962215423584 	(dream loss): 10.924463176727295
(ID=0):  	vs MDL (w/o neural net) 16.079789573981973
		(real MDL):  18.959881794779488 	(dream MDL): 13.199697353184456
(ID=0):  	4600 cumulative gradient steps. 58.238444 steps/sec
(ID=0):  	54-way auxiliary classification loss 0.10146274366416037
(ID=0):  Epoch 580 Loss 4.417222535610199
(ID=0):  		(real loss):  0.15419058366255325 	(dream loss): 6.034234655314479
(ID=0):  	vs MDL (w/o neural net) 10.965719006659638
		(real MDL):  18.694383240534567 	(dream MDL): 8.034156711051908
(ID=0):  	4640 cumulative gradient steps. 58.347592 steps/sec
(ID=0):  	54-way auxiliary classification loss 0.11570334336720407
(ID=0):  Epoch 585 Loss 2.073143345117569
(ID=0):  		(real loss):  0.1141341073172433 	(dream loss): 4.238364081633718
(ID=0):  	vs MDL (w/o neural net) 12.694930203706662
		(real MDL):  18.136160847213954 	(dream MDL): 6.680938439830186
(ID=0):  	4680 cumulative gradient steps. 58.443788 steps/sec
(ID=0):  	54-way auxiliary classification loss 0.04684766945429146
(ID=0):  Epoch 590 Loss 2.8726246416568757
(ID=0):  		(real loss):  0.10181155957673725 	(dream loss): 5.379550763538906
(ID=0):  	vs MDL (w/o neural net) 12.518126748504093
		(real MDL):  18.124625905604336 	(dream MDL): 7.4455798920800635
(ID=0):  	4720 cumulative gradient steps. 58.538212 steps/sec
(ID=0):  	54-way auxiliary classification loss 0.07340245225932449
Sampling new helmholtz frontiers during training.
Sampling 500 programs from the prior on 32 CPUs...


Got 84/500 valid samples.
We now have 84 Helmholtz entries.
(ID=0):  Epoch 595 Loss 3.959971046447754
(ID=0):  		(real loss):  0.11267681121826172 	(dream loss): 7.807265281677246
(ID=0):  	vs MDL (w/o neural net) 14.587923294225792
		(real MDL):  18.758444580591533 	(dream MDL): 10.417402007860046
(ID=0):  	4760 cumulative gradient steps. 58.335207 steps/sec
(ID=0):  	54-way auxiliary classification loss 0.0750339965801686
(ID=0):  Epoch 600 Loss 2.3507737636566164
(ID=0):  		(real loss):  0.10504987504747179 	(dream loss): 4.1881842179731885
(ID=0):  	vs MDL (w/o neural net) 11.541330336754163
		(real MDL):  18.023449899925883 	(dream MDL): 6.237777966886395
(ID=0):  	4800 cumulative gradient steps. 58.415532 steps/sec
(ID=0):  	54-way auxiliary classification loss 0.08640588060952722
(ID=0):  Epoch 605 Loss 1.4864961683750153
(ID=0):  		(real loss):  0.11114649339155717 	(dream loss): 3.1674791044659085
(ID=0):  	vs MDL (w/o neural net) 12.766810902785249
		(real MDL):  19.075614831763684 	(dream MDL): 5.056050545144942
(ID=0):  	4840 cumulative gradient steps. 58.462968 steps/sec
(ID=0):  	54-way auxiliary classification loss 0.06315194307826459
(ID=0):  Epoch 610 Loss 2.466398853063583
(ID=0):  		(real loss):  0.10268992469424293 	(dream loss): 5.078919247577065
(ID=0):  	vs MDL (w/o neural net) 13.529662649825642
		(real MDL):  19.06284040050718 	(dream MDL): 7.4140451359144715
(ID=0):  	4880 cumulative gradient steps. 58.527126 steps/sec
(ID=0):  	54-way auxiliary classification loss 0.06647347754333169
Sampling new helmholtz frontiers during training.
Sampling 500 programs from the prior on 32 CPUs...


Got 86/500 valid samples.
We now have 86 Helmholtz entries.
(ID=0):  Epoch 615 Loss 4.079410028457642
(ID=0):  		(real loss):  0.1418557418020148 	(dream loss): 7.64195914495559
(ID=0):  	vs MDL (w/o neural net) 13.690338365900464
		(real MDL):  18.513096261325053 	(dream MDL): 9.326890746230598
(ID=0):  	4920 cumulative gradient steps. 58.293965 steps/sec
(ID=0):  	54-way auxiliary classification loss 0.09416321718599648
(ID=0):  Epoch 620 Loss 3.42214657664299
(ID=0):  		(real loss):  0.15562557038806735 	(dream loss): 7.032511899345799
(ID=0):  	vs MDL (w/o neural net) 13.938382419626553
		(real MDL):  18.441930853547184 	(dream MDL): 8.960776255819544
(ID=0):  	4960 cumulative gradient steps. 58.356265 steps/sec
(ID=0):  	54-way auxiliary classification loss 0.09388640052638948
(ID=0):  Epoch 625 Loss 3.2305731415748595
(ID=0):  		(real loss):  0.11390504837036133 	(dream loss): 6.347241234779358
(ID=0):  	vs MDL (w/o neural net) 13.496058929375513
		(real MDL):  18.904107336828684 	(dream MDL): 8.088010521922351
(ID=0):  	5000 cumulative gradient steps. 58.391864 steps/sec
(ID=0):  	54-way auxiliary classification loss 0.09393275526817887
(ID=0):  Epoch 630 Loss 5.853787338733673
(ID=0):  		(real loss):  0.1697965349469866 	(dream loss): 8.91439777154189
(ID=0):  	vs MDL (w/o neural net) 13.404541214946835
		(real MDL):  18.508842112169102 	(dream MDL): 10.656071501057918
(ID=0):  	5040 cumulative gradient steps. 58.427778 steps/sec
(ID=0):  	54-way auxiliary classification loss 0.1358872563811019
Sampling new helmholtz frontiers during training.
Sampling 500 programs from the prior on 32 CPUs...


Got 84/500 valid samples.
We now have 84 Helmholtz entries.
(ID=0):  Epoch 635 Loss 1.640084946155548
(ID=0):  		(real loss):  0.16837905883789062 	(dream loss): 4.0929280916849775
(ID=0):  	vs MDL (w/o neural net) 14.023403954947252
		(real MDL):  18.759646861038995 	(dream MDL): 6.129665778127696
(ID=0):  	5080 cumulative gradient steps. 58.134460 steps/sec
(ID=0):  	54-way auxiliary classification loss 0.058190764114260676
(ID=0):  Epoch 640 Loss 3.078798842430115
(ID=0):  		(real loss):  0.12260901927947998 	(dream loss): 5.0495920578638716
(ID=0):  	vs MDL (w/o neural net) 11.838527211889577
		(real MDL):  18.829323282176578 	(dream MDL): 7.177996498364905
(ID=0):  	5120 cumulative gradient steps. 58.264176 steps/sec
(ID=0):  	54-way auxiliary classification loss 0.06971635683439673
(ID=0):  Epoch 645 Loss 3.3565488934516905
(ID=0):  		(real loss):  0.09250392913818359 	(dream loss): 6.620593857765198
(ID=0):  	vs MDL (w/o neural net) 13.303884748460723
		(real MDL):  18.30385231045027 	(dream MDL): 8.303917186471171
(ID=0):  	5160 cumulative gradient steps. 58.304033 steps/sec
(ID=0):  	54-way auxiliary classification loss 0.07655147223267704
(ID=0):  Epoch 650 Loss 2.118302953243256
(ID=0):  		(real loss):  0.09603023529052734 	(dream loss): 5.873952286584037
(ID=0):  	vs MDL (w/o neural net) 14.872398731432957
		(real MDL):  18.37457922532574 	(dream MDL): 8.368349242774942
(ID=0):  	5200 cumulative gradient steps. 58.324875 steps/sec
(ID=0):  	54-way auxiliary classification loss 0.06998398043215275
Sampling new helmholtz frontiers during training.
Sampling 500 programs from the prior on 32 CPUs...


Got 91/500 valid samples.
We now have 91 Helmholtz entries.
(ID=0):  Epoch 655 Loss 2.1729680001735687
(ID=0):  		(real loss):  0.0932561783563523 	(dream loss): 4.471596855866282
(ID=0):  	vs MDL (w/o neural net) 12.857492157536768
		(real MDL):  18.630348729696394 	(dream MDL): 6.476966472518235
(ID=0):  	5240 cumulative gradient steps. 58.129318 steps/sec
(ID=0):  	54-way auxiliary classification loss 0.059714056691154836
(ID=0):  Epoch 660 Loss 2.423145127296448
(ID=0):  		(real loss):  0.08783073425292968 	(dream loss): 6.315335782368978
(ID=0):  	vs MDL (w/o neural net) 14.50819059819728
		(real MDL):  18.412847390626645 	(dream MDL): 8.000429277481675
(ID=0):  	5280 cumulative gradient steps. 58.154030 steps/sec
(ID=0):  	54-way auxiliary classification loss 0.07364842239767314
(ID=0):  Epoch 665 Loss 2.7529685854911805
(ID=0):  		(real loss):  0.09498225941377528 	(dream loss): 4.717567174331002
(ID=0):  	vs MDL (w/o neural net) 12.575885880511915
		(real MDL):  19.770000441366694 	(dream MDL): 7.258496857271435
(ID=0):  	5320 cumulative gradient steps. 58.259086 steps/sec
(ID=0):  	54-way auxiliary classification loss 0.06710967486724258
(ID=0):  Epoch 670 Loss 3.537626487016678
(ID=0):  		(real loss):  0.08149740431043836 	(dream loss): 6.365368463776329
(ID=0):  	vs MDL (w/o neural net) 12.608940191008609
		(real MDL):  18.369679352493122 	(dream MDL): 7.895608149794006
(ID=0):  	5360 cumulative gradient steps. 58.337106 steps/sec
(ID=0):  	54-way auxiliary classification loss 0.08214377628173679
(ID=0):  Epoch 675 Loss 3.05656920671463
(ID=0):  		(real loss):  0.07223200798034668 	(dream loss): 5.046127339204152
(ID=0):  	vs MDL (w/o neural net) 11.134737496885482
		(real MDL):  17.644452212413754 	(dream MDL): 6.794927686533302
(ID=0):  	5400 cumulative gradient steps. 58.448485 steps/sec
(ID=0):  	54-way auxiliary classification loss 0.07222724596504122
Sampling new helmholtz frontiers during training.
Sampling 500 programs from the prior on 32 CPUs...


Got 97/500 valid samples.
We now have 97 Helmholtz entries.
(ID=0):  Epoch 680 Loss 1.8311268925666808
(ID=0):  		(real loss):  0.0774357795715332 	(dream loss): 3.5848180055618286
(ID=0):  	vs MDL (w/o neural net) 12.021355867127706
		(real MDL):  18.681746820166104 	(dream MDL): 5.360964914089317
(ID=0):  	5440 cumulative gradient steps. 58.238212 steps/sec
(ID=0):  	54-way auxiliary classification loss 0.06794725947547704
(ID=0):  Epoch 685 Loss 6.563763070106506
(ID=0):  		(real loss):  0.08678754170735677 	(dream loss): 13.722525496231881
(ID=0):  	vs MDL (w/o neural net) 17.134825307601513
		(real MDL):  18.247149226735896 	(dream MDL): 15.905414660137206
(ID=0):  	5480 cumulative gradient steps. 58.237861 steps/sec
(ID=0):  	54-way auxiliary classification loss 0.12890539036598056
(ID=0):  Epoch 690 Loss 3.618034714460373
(ID=0):  		(real loss):  0.07403879165649414 	(dream loss): 7.162030637264252
(ID=0):  	vs MDL (w/o neural net) 13.571724363685272
		(real MDL):  18.08003219283432 	(dream MDL): 9.063416534536225
(ID=0):  	5520 cumulative gradient steps. 58.328996 steps/sec
(ID=0):  	54-way auxiliary classification loss 0.08134036799892783
(ID=0):  Epoch 695 Loss 6.944838267564774
(ID=0):  		(real loss):  0.10034688313802083 	(dream loss): 14.509802429299606
(ID=0):  	vs MDL (w/o neural net) 17.703295658474737
		(real MDL):  18.84233276224883 	(dream MDL): 16.444359912198117
(ID=0):  	5560 cumulative gradient steps. 58.354341 steps/sec
(ID=0):  	54-way auxiliary classification loss 0.11877710658591241
(ID=0):  Epoch 700 Loss 2.914061713218689
(ID=0):  		(real loss):  0.08949966430664062 	(dream loss): 7.621665128072103
(ID=0):  	vs MDL (w/o neural net) 15.318883697344862
		(real MDL):  18.53730953606905 	(dream MDL): 9.954840632804547
(ID=0):  	5600 cumulative gradient steps. 58.361697 steps/sec
(ID=0):  	54-way auxiliary classification loss 0.06170109652448445
Sampling new helmholtz frontiers during training.
Sampling 500 programs from the prior on 32 CPUs...


Got 105/500 valid samples.
We now have 105 Helmholtz entries.
(ID=0):  Epoch 705 Loss 3.3471736550331115
(ID=0):  		(real loss):  0.09517906188964843 	(dream loss): 8.76716464360555
(ID=0):  	vs MDL (w/o neural net) 15.829073719091316
		(real MDL):  18.67498116721415 	(dream MDL): 11.085894638886597
(ID=0):  	5640 cumulative gradient steps. 58.154301 steps/sec
(ID=0):  	54-way auxiliary classification loss 0.07221655116882175
(ID=0):  Epoch 710 Loss 2.9539703845977785
(ID=0):  		(real loss):  0.10333905901227679 	(dream loss): 6.10466816550807
(ID=0):  	vs MDL (w/o neural net) 14.210845591410628
		(real MDL):  19.82149451115957 	(dream MDL): 8.00960204853023
(ID=0):  	5680 cumulative gradient steps. 58.239650 steps/sec
(ID=0):  	54-way auxiliary classification loss 0.08212760956957936
(ID=0):  Epoch 715 Loss 3.152262020111084
(ID=0):  		(real loss):  0.08762677510579427 	(dream loss): 5.659690856933594
(ID=0):  	vs MDL (w/o neural net) 12.200305236033294
		(real MDL):  18.065163569116333 	(dream MDL): 7.401784781692627
(ID=0):  	5720 cumulative gradient steps. 58.315756 steps/sec
(ID=0):  	54-way auxiliary classification loss 0.07520490190945565
(ID=0):  Epoch 720 Loss 3.721325534582138
(ID=0):  		(real loss):  0.08219039440155029 	(dream loss): 6.147415628035863
(ID=0):  	vs MDL (w/o neural net) 12.027497311018024
		(real MDL):  17.992120930680482 	(dream MDL): 8.051081564576393
(ID=0):  	5760 cumulative gradient steps. 58.380396 steps/sec
(ID=0):  	54-way auxiliary classification loss 0.12286774041131139
(ID=0):  Epoch 725 Loss 1.3415628671646118
(ID=0):  		(real loss):  0.13250218267026154 	(dream loss): 2.977350852068733
(ID=0):  	vs MDL (w/o neural net) 12.686716586651741
		(real MDL):  18.43478469526306 	(dream MDL): 4.909918557354086
(ID=0):  	5800 cumulative gradient steps. 58.428853 steps/sec
(ID=0):  	54-way auxiliary classification loss 0.051859857561066744
(ID=0):  Epoch 730 Loss 2.519053745269775
(ID=0):  		(real loss):  0.09477828979492188 	(dream loss): 6.559512837727865
(ID=0):  	vs MDL (w/o neural net) 14.876677934312173
		(real MDL):  18.715476876134243 	(dream MDL): 8.478679697942056
(ID=0):  	5840 cumulative gradient steps. 58.464564 steps/sec
(ID=0):  	54-way auxiliary classification loss 0.08377514446619898
Sampling new helmholtz frontiers during training.
Sampling 500 programs from the prior on 32 CPUs...


Got 113/500 valid samples.
We now have 113 Helmholtz entries.
(ID=0):  Epoch 735 Loss 0.2805865406990051
(ID=0):  		(real loss):  0.08538699150085449 	(dream loss): 0.4107195734977722
(ID=0):  	vs MDL (w/o neural net) 9.165314237641574
		(real MDL):  19.016278152376866 	(dream MDL): 2.598004961151382
(ID=0):  	5880 cumulative gradient steps. 58.312929 steps/sec
(ID=0):  	54-way auxiliary classification loss 0.02933278353884816
(ID=0):  Epoch 740 Loss 3.755342298746109
(ID=0):  		(real loss):  0.08056486220586867 	(dream loss): 7.816938412816901
(ID=0):  	vs MDL (w/o neural net) 15.006545544334188
		(real MDL):  18.83189915363692 	(dream MDL): 10.778523134052223
(ID=0):  	5920 cumulative gradient steps. 58.361865 steps/sec
(ID=0):  	54-way auxiliary classification loss 0.09287619178649038
(ID=0):  Epoch 745 Loss 2.165925759077072
(ID=0):  		(real loss):  0.07365453810918898 	(dream loss): 4.478436055936311
(ID=0):  	vs MDL (w/o neural net) 12.783114332877982
		(real MDL):  18.003753376171623 	(dream MDL): 7.012934337658705
(ID=0):  	5960 cumulative gradient steps. 58.385867 steps/sec
(ID=0):  	54-way auxiliary classification loss 0.07398429329041392
(ID=0):  Epoch 750 Loss 4.940723329782486
(ID=0):  		(real loss):  0.08341285705566406 	(dream loss): 13.03624078432719
(ID=0):  	vs MDL (w/o neural net) 17.05627172306934
		(real MDL):  18.20956550927291 	(dream MDL): 15.134115412730061
(ID=0):  	6000 cumulative gradient steps. 58.405612 steps/sec
(ID=0):  	54-way auxiliary classification loss 0.094207893894054
(ID=0):  Epoch 755 Loss 5.612145382165909
(ID=0):  		(real loss):  0.08479062248678769 	(dream loss): 9.697581508885259
(ID=0):  	vs MDL (w/o neural net) 14.839685227531968
		(real MDL):  18.170429724722617 	(dream MDL): 12.377830599173663
(ID=0):  	6040 cumulative gradient steps. 58.429724 steps/sec
(ID=0):  	54-way auxiliary classification loss 0.11650238907895982
Sampling new helmholtz frontiers during training.
Sampling 500 programs from the prior on 32 CPUs...


Got 92/500 valid samples.
We now have 92 Helmholtz entries.
(ID=0):  Epoch 760 Loss 2.1648711264133453
(ID=0):  		(real loss):  0.08253373040093316 	(dream loss): 3.8686017231507734
(ID=0):  	vs MDL (w/o neural net) 11.374996746471995
		(real MDL):  18.506974630336728 	(dream MDL): 5.539742114219038
(ID=0):  	6080 cumulative gradient steps. 58.278895 steps/sec
(ID=0):  	54-way auxiliary classification loss 0.06817562759388238
(ID=0):  Epoch 765 Loss 4.740943282842636
(ID=0):  		(real loss):  0.08132783990157277 	(dream loss): 8.95678582645598
(ID=0):  	vs MDL (w/o neural net) 14.308477020363075
		(real MDL):  18.551078052186146 	(dream MDL): 10.469933229666006
(ID=0):  	6120 cumulative gradient steps. 58.324136 steps/sec
(ID=0):  	54-way auxiliary classification loss 0.09823535503819585
(ID=0):  Epoch 770 Loss 4.364342880249024
(ID=0):  		(real loss):  0.0704660415649414 	(dream loss): 7.226927439371745
(ID=0):  	vs MDL (w/o neural net) 12.808980291225975
		(real MDL):  17.703528097261266 	(dream MDL): 9.545948420535783
(ID=0):  	6160 cumulative gradient steps. 58.376788 steps/sec
(ID=0):  	54-way auxiliary classification loss 0.09222245644778013
(ID=0):  Epoch 775 Loss 2.448383092880249
(ID=0):  		(real loss):  0.0836465735184519 	(dream loss): 4.587906610398066
(ID=0):  	vs MDL (w/o neural net) 12.2219635220108
		(real MDL):  18.251113414064733 	(dream MDL): 6.767018381581046
(ID=0):  	6200 cumulative gradient steps. 58.416424 steps/sec
(ID=0):  	54-way auxiliary classification loss 0.0806399652035907
Sampling new helmholtz frontiers during training.
Sampling 500 programs from the prior on 32 CPUs...


Got 85/500 valid samples.
We now have 85 Helmholtz entries.
(ID=0):  Epoch 780 Loss 2.267743694782257
(ID=0):  		(real loss):  0.0806832994733538 	(dream loss): 4.685020973807887
(ID=0):  	vs MDL (w/o neural net) 13.036280110474243
		(real MDL):  18.881140761614564 	(dream MDL): 6.57617096974021
(ID=0):  	6240 cumulative gradient steps. 58.285880 steps/sec
(ID=0):  	54-way auxiliary classification loss 0.0688164222985506
(ID=0):  Epoch 785 Loss 3.599665379524231
(ID=0):  		(real loss):  0.06869496239556207 	(dream loss): 6.488641175356778
(ID=0):  	vs MDL (w/o neural net) 12.583779519965399
		(real MDL):  17.49601304172099 	(dream MDL): 8.564679365801737
(ID=0):  	6280 cumulative gradient steps. 58.365789 steps/sec
(ID=0):  	54-way auxiliary classification loss 0.08873878894373774
(ID=0):  Epoch 790 Loss 3.794725650548935
(ID=0):  		(real loss):  0.07342894180961278 	(dream loss): 8.829421197666841
(ID=0):  	vs MDL (w/o neural net) 15.53967979280776
		(real MDL):  18.81027454665232 	(dream MDL): 11.114757478782769
(ID=0):  	6320 cumulative gradient steps. 58.409056 steps/sec
(ID=0):  	54-way auxiliary classification loss 0.08710764155257493
(ID=0):  Epoch 795 Loss 4.964869970083237
(ID=0):  		(real loss):  0.0756262865933505 	(dream loss): 10.940612249904209
(ID=0):  	vs MDL (w/o neural net) 16.666956675662426
		(real MDL):  19.470158341687906 	(dream MDL): 13.240821306075738
(ID=0):  	6360 cumulative gradient steps. 58.443247 steps/sec
(ID=0):  	54-way auxiliary classification loss 0.08930376740172505
(ID=0):  Epoch 800 Loss 1.654453295469284
(ID=0):  		(real loss):  0.06732307434082031 	(dream loss): 4.29967033068339
(ID=0):  	vs MDL (w/o neural net) 13.959131514499784
		(real MDL):  18.487189873427035 	(dream MDL): 6.412367582954373
(ID=0):  	6400 cumulative gradient steps. 58.477209 steps/sec
(ID=0):  	54-way auxiliary classification loss 0.04987396073993296
Sampling new helmholtz frontiers during training.
Sampling 500 programs from the prior on 32 CPUs...


Got 88/500 valid samples.
We now have 88 Helmholtz entries.
(ID=0):  Epoch 805 Loss 2.1663642823696136
(ID=0):  		(real loss):  0.061955769856770836 	(dream loss): 3.888153065334667
(ID=0):  	vs MDL (w/o neural net) 11.477292043701912
		(real MDL):  18.048279471040804 	(dream MDL): 6.101029603151912
(ID=0):  	6440 cumulative gradient steps. 58.336826 steps/sec
(ID=0):  	54-way auxiliary classification loss 0.06830998638179153
(ID=0):  Epoch 810 Loss 7.247308510541916
(ID=0):  		(real loss):  0.06379137541118421 	(dream loss): 13.746681156612578
(ID=0):  	vs MDL (w/o neural net) 16.83900288770392
		(real MDL):  17.98186250815952 	(dream MDL): 15.804987040625038
(ID=0):  	6480 cumulative gradient steps. 58.383874 steps/sec
(ID=0):  	54-way auxiliary classification loss 0.11967743465211242
(ID=0):  Epoch 815 Loss 4.612255674600601
(ID=0):  		(real loss):  0.06956281661987304 	(dream loss): 9.15494853258133
(ID=0):  	vs MDL (w/o neural net) 15.335641308068308
		(real MDL):  19.128586207880534 	(dream MDL): 11.542696408256083
(ID=0):  	6520 cumulative gradient steps. 58.419466 steps/sec
(ID=0):  	54-way auxiliary classification loss 0.0861334860092029
(ID=0):  Epoch 820 Loss 0.6844463109970093
(ID=0):  		(real loss):  0.06874445865028783 	(dream loss): 1.241509891691662
(ID=0):  	vs MDL (w/o neural net) 10.427337561397437
		(real MDL):  18.528070167745376 	(dream MDL): 3.0981032985112087
(ID=0):  	6560 cumulative gradient steps. 58.468855 steps/sec
(ID=0):  	54-way auxiliary classification loss 0.03993175998330116
Sampling new helmholtz frontiers during training.
Sampling 500 programs from the prior on 32 CPUs...


Got 102/500 valid samples.
We now have 102 Helmholtz entries.
(ID=0):  Epoch 825 Loss 0.384615832567215
(ID=0):  		(real loss):  0.06970769708806818 	(dream loss): 0.7695035537083944
(ID=0):  	vs MDL (w/o neural net) 11.734196529872522
		(real MDL):  19.048530186044122 	(dream MDL): 2.7944553945516812
(ID=0):  	6600 cumulative gradient steps. 58.279200 steps/sec
(ID=0):  	54-way auxiliary classification loss 0.02621771479025483
(ID=0):  Epoch 830 Loss 4.763597053289414
(ID=0):  		(real loss):  0.07002167952688117 	(dream loss): 9.010165248598371
(ID=0):  	vs MDL (w/o neural net) 14.845051327756718
		(real MDL):  19.2786295641658 	(dream MDL): 10.83371863767231
(ID=0):  	6640 cumulative gradient steps. 58.323637 steps/sec
(ID=0):  	54-way auxiliary classification loss 0.10247223360929639
(ID=0):  Epoch 835 Loss 5.925168967247009
(ID=0):  		(real loss):  0.06991456684313323 	(dream loss): 11.222780091421944
(ID=0):  	vs MDL (w/o neural net) 16.190423276694606
		(real MDL):  19.07856284793573 	(dream MDL): 13.577344617000254
(ID=0):  	6680 cumulative gradient steps. 58.381537 steps/sec
(ID=0):  	54-way auxiliary classification loss 0.12533101153094323
(ID=0):  Epoch 840 Loss 3.5214182913303373
(ID=0):  		(real loss):  0.063262378468233 	(dream loss): 6.077446574750154
(ID=0):  	vs MDL (w/o neural net) 12.167675877952199
		(real MDL):  18.350914369683835 	(dream MDL): 7.5974561231940365
(ID=0):  	6720 cumulative gradient steps. 58.424649 steps/sec
(ID=0):  	54-way auxiliary classification loss 0.07960473606362939
(ID=0):  Epoch 845 Loss 4.160222214460373
(ID=0):  		(real loss):  0.06606186760796441 	(dream loss): 7.50998977097598
(ID=0):  	vs MDL (w/o neural net) 13.319460393353049
		(real MDL):  18.885871597484915 	(dream MDL): 8.765123953608798
(ID=0):  	6760 cumulative gradient steps. 58.469877 steps/sec
(ID=0):  	54-way auxiliary classification loss 0.09409574079327285
Sampling new helmholtz frontiers during training.
Sampling 500 programs from the prior on 32 CPUs...


Got 85/500 valid samples.
We now have 85 Helmholtz entries.
(ID=0):  Epoch 850 Loss 5.070361143350601
(ID=0):  		(real loss):  0.07642851935492621 	(dream loss): 9.15630601752888
(ID=0):  	vs MDL (w/o neural net) 14.461742505830236
		(real MDL):  18.406869944378823 	(dream MDL): 11.233910965199572
(ID=0):  	6800 cumulative gradient steps. 58.278854 steps/sec
(ID=0):  	54-way auxiliary classification loss 0.10224654416088015
(ID=0):  Epoch 855 Loss 1.479563009738922
(ID=0):  		(real loss):  0.08635087446732954 	(dream loss): 3.1823778417375355
(ID=0):  	vs MDL (w/o neural net) 12.711662270392628
		(real MDL):  18.842886032662857 	(dream MDL): 5.217944338729023
(ID=0):  	6840 cumulative gradient steps. 58.317137 steps/sec
(ID=0):  	54-way auxiliary classification loss 0.06901398762129247
(ID=0):  Epoch 860 Loss 2.5964931309223176
(ID=0):  		(real loss):  0.08383349368446752 	(dream loss): 4.869851850327992
(ID=0):  	vs MDL (w/o neural net) 12.342798853638094
		(real MDL):  18.490781801553645 	(dream MDL): 6.780338091238312
(ID=0):  	6880 cumulative gradient steps. 58.361314 steps/sec
(ID=0):  	54-way auxiliary classification loss 0.06685548778623343
(ID=0):  Epoch 865 Loss 1.9641157388687134
(ID=0):  		(real loss):  0.07911923057154606 	(dream loss): 3.669588770185198
(ID=0):  	vs MDL (w/o neural net) 12.189858045330626
		(real MDL):  19.41352623887784 	(dream MDL): 5.654158251168867
(ID=0):  	6920 cumulative gradient steps. 58.418632 steps/sec
(ID=0):  	54-way auxiliary classification loss 0.05798023864626885
Sampling new helmholtz frontiers during training.
Sampling 500 programs from the prior on 32 CPUs...


Got 82/500 valid samples.
We now have 82 Helmholtz entries.
(ID=0):  Epoch 870 Loss 7.095518487691879
(ID=0):  		(real loss):  0.061960962083604604 	(dream loss): 12.850247372280467
(ID=0):  	vs MDL (w/o neural net) 16.11121732267111
		(real MDL):  17.666965689778742 	(dream MDL): 14.838332295037596
(ID=0):  	6960 cumulative gradient steps. 58.259658 steps/sec
(ID=0):  	54-way auxiliary classification loss 0.1513255107216537
(ID=0):  Epoch 875 Loss 2.962824696302414
(ID=0):  		(real loss):  0.08001899719238281 	(dream loss): 6.149083626897712
(ID=0):  	vs MDL (w/o neural net) 13.644569186957872
		(real MDL):  18.651419107302072 	(dream MDL): 8.110682432893237
(ID=0):  	7000 cumulative gradient steps. 58.319414 steps/sec
(ID=0):  	54-way auxiliary classification loss 0.0650447983527556
(ID=0):  Epoch 880 Loss 4.304340255260468
(ID=0):  		(real loss):  0.10333049297332764 	(dream loss): 7.105013430118561
(ID=0):  	vs MDL (w/o neural net) 12.865832247405809
		(real MDL):  18.000194956527626 	(dream MDL): 9.442923774657926
(ID=0):  	7040 cumulative gradient steps. 58.397112 steps/sec
(ID=0):  	54-way auxiliary classification loss 0.10154069028794765
(ID=0):  Epoch 885 Loss 5.173855727910995
(ID=0):  		(real loss):  0.08233850652521307 	(dream loss): 11.396821220715841
(ID=0):  	vs MDL (w/o neural net) 16.803827362213873
		(real MDL):  18.957640584068695 	(dream MDL): 14.171388979946872
(ID=0):  	7080 cumulative gradient steps. 58.432744 steps/sec
(ID=0):  	54-way auxiliary classification loss 0.08596744216047228
Sampling new helmholtz frontiers during training.
Sampling 500 programs from the prior on 32 CPUs...


Got 85/500 valid samples.
We now have 85 Helmholtz entries.
(ID=0):  Epoch 890 Loss 5.083207911252975
(ID=0):  		(real loss):  0.070068359375 	(dream loss): 7.231696290629251
(ID=0):  	vs MDL (w/o neural net) 11.444290821071496
		(real MDL):  17.023750308932204 	(dream MDL): 9.053093897702619
(ID=0):  	7120 cumulative gradient steps. 58.341396 steps/sec
(ID=0):  	54-way auxiliary classification loss 0.11379980172496289
(ID=0):  Epoch 895 Loss 0.31246928572654725
(ID=0):  		(real loss):  0.0755453109741211 	(dream loss): 0.5063161741603505
(ID=0):  	vs MDL (w/o neural net) 9.67085753592718
		(real MDL):  18.282630697524564 	(dream MDL): 2.6248613128020497
(ID=0):  	7160 cumulative gradient steps. 58.405654 steps/sec
(ID=0):  	54-way auxiliary classification loss 0.03206567703746259
(ID=0):  Epoch 900 Loss 0.7000104129314423
(ID=0):  		(real loss):  0.07394107182820638 	(dream loss): 1.639114424586296
(ID=0):  	vs MDL (w/o neural net) 12.378646738555213
		(real MDL):  18.101816408401856 	(dream MDL): 3.7938922337852525
(ID=0):  	7200 cumulative gradient steps. 58.425393 steps/sec
(ID=0):  	54-way auxiliary classification loss 0.03904611705802381
(ID=0):  Epoch 905 Loss 3.935083544254303
(ID=0):  		(real loss):  0.07523085854270241 	(dream loss): 8.652681271235148
(ID=0):  	vs MDL (w/o neural net) 15.237018371930214
		(real MDL):  18.703218154722396 	(dream MDL): 11.000551970739759
(ID=0):  	7240 cumulative gradient steps. 58.475171 steps/sec
(ID=0):  	54-way auxiliary classification loss 0.10507082666736096
Sampling new helmholtz frontiers during training.
Sampling 500 programs from the prior on 32 CPUs...


Got 89/500 valid samples.
We now have 89 Helmholtz entries.
(ID=0):  Epoch 910 Loss 3.6077821254730225
(ID=0):  		(real loss):  0.06808704800075954 	(dream loss): 6.503896279768511
(ID=0):  	vs MDL (w/o neural net) 12.97976526122751
		(real MDL):  18.6498500491088 	(dream MDL): 8.340604980233742
(ID=0):  	7280 cumulative gradient steps. 58.350213 steps/sec
(ID=0):  	54-way auxiliary classification loss 0.08231398235075175
(ID=0):  Epoch 915 Loss 2.606441241502762
(ID=0):  		(real loss):  0.07849311828613281 	(dream loss): 4.474924636923748
(ID=0):  	vs MDL (w/o neural net) 12.046731871848147
		(real MDL):  18.828312361082197 	(dream MDL): 7.034259336327325
(ID=0):  	7320 cumulative gradient steps. 58.418017 steps/sec
(ID=0):  	54-way auxiliary classification loss 0.08034775929991156
(ID=0):  Epoch 920 Loss 0.7423751175403595
(ID=0):  		(real loss):  0.08413922786712646 	(dream loss): 1.1811990439891815
(ID=0):  	vs MDL (w/o neural net) 9.34738000368816
		(real MDL):  18.36121302936781 	(dream MDL): 3.338157986568396
(ID=0):  	7360 cumulative gradient steps. 58.483843 steps/sec
(ID=0):  	54-way auxiliary classification loss 0.052908843965269625
(ID=0):  Epoch 925 Loss 0.09513170719146728
(ID=0):  		(real loss):  0.07836076487665591 	(dream loss): 0.11782180561738856
(ID=0):  	vs MDL (w/o neural net) 11.35359896628508
		(real MDL):  18.043478785674107 	(dream MDL): 2.302585092994046
(ID=0):  	7400 cumulative gradient steps. 58.542056 steps/sec
(ID=0):  	54-way auxiliary classification loss 0.022845303034409882
(ID=0):  Epoch 930 Loss 0.07688663005828858
(ID=0):  		(real loss):  0.06824111938476562 	(dream loss): 0.0864421944869192
(ID=0):  	vs MDL (w/o neural net) 10.787010153608886
		(real MDL):  18.34506584417527 	(dream MDL): 2.4333696535092035
(ID=0):  	7440 cumulative gradient steps. 58.606326 steps/sec
(ID=0):  	54-way auxiliary classification loss 0.024095965723972768
Sampling new helmholtz frontiers during training.
Sampling 500 programs from the prior on 32 CPUs...


Got 93/500 valid samples.
We now have 93 Helmholtz entries.
(ID=0):  Epoch 935 Loss 5.314221537113189
(ID=0):  		(real loss):  0.06188154220581055 	(dream loss): 10.566561532020568
(ID=0):  	vs MDL (w/o neural net) 15.46857508169983
		(real MDL):  18.572316258653757 	(dream MDL): 12.364833904745904
(ID=0):  	7480 cumulative gradient steps. 58.478993 steps/sec
(ID=0):  	54-way auxiliary classification loss 0.10821779839461669
(ID=0):  Epoch 940 Loss 2.30151806473732
(ID=0):  		(real loss):  0.06807937622070312 	(dream loss): 4.534956753253937
(ID=0):  	vs MDL (w/o neural net) 12.653600974605691
		(real MDL):  18.48178600537322 	(dream MDL): 6.825415943838171
(ID=0):  	7520 cumulative gradient steps. 58.491981 steps/sec
(ID=0):  	54-way auxiliary classification loss 0.08727282488252967
(ID=0):  Epoch 945 Loss 3.2724998116493227
(ID=0):  		(real loss):  0.0718315669468471 	(dream loss): 6.810080503162585
(ID=0):  	vs MDL (w/o neural net) 14.19598647816307
		(real MDL):  18.923036748110952 	(dream MDL): 8.971351969273314
(ID=0):  	7560 cumulative gradient steps. 58.528221 steps/sec
(ID=0):  	54-way auxiliary classification loss 0.08214005408808589
(ID=0):  Epoch 950 Loss 0.8575537621974945
(ID=0):  		(real loss):  0.04902502206655649 	(dream loss): 1.2468453778160944
(ID=0):  	vs MDL (w/o neural net) 7.568280469816257
		(real MDL):  16.583207079474327 	(dream MDL): 3.227760250351267
(ID=0):  	7600 cumulative gradient steps. 58.613144 steps/sec
(ID=0):  	54-way auxiliary classification loss 0.03812168948352337
Sampling new helmholtz frontiers during training.
Sampling 500 programs from the prior on 32 CPUs...


Got 98/500 valid samples.
We now have 98 Helmholtz entries.
(ID=0):  Epoch 955 Loss 3.722264349460602
(ID=0):  		(real loss):  0.06232452392578125 	(dream loss): 7.0336384773254395
(ID=0):  	vs MDL (w/o neural net) 14.538154046374796
		(real MDL):  19.594691533744065 	(dream MDL): 9.963191557802604
(ID=0):  	7640 cumulative gradient steps. 58.473751 steps/sec
(ID=0):  	54-way auxiliary classification loss 0.05428390789311379
(ID=0):  Epoch 960 Loss 1.4529667437076568
(ID=0):  		(real loss):  0.06582959493001302 	(dream loss): 2.5878971381620928
(ID=0):  	vs MDL (w/o neural net) 11.322710559427165
		(real MDL):  19.39231855667281 	(dream MDL): 4.720304016226187
(ID=0):  	7680 cumulative gradient steps. 58.533316 steps/sec
(ID=0):  	54-way auxiliary classification loss 0.05705776761751622
(ID=0):  Epoch 965 Loss 0.0863838791847229
(ID=0):  		(real loss):  0.06470732255415483 	(dream loss): 0.11287744839986165
(ID=0):  	vs MDL (w/o neural net) 11.45619374301213
		(real MDL):  18.94550991120875 	(dream MDL): 2.3025850929940455
(ID=0):  	7720 cumulative gradient steps. 58.600601 steps/sec
(ID=0):  	54-way auxiliary classification loss 0.020595436566509306
(ID=0):  Epoch 970 Loss 3.608374458551407
(ID=0):  		(real loss):  0.05722925398084852 	(dream loss): 6.513856898654591
(ID=0):  	vs MDL (w/o neural net) 13.190154638542845
		(real MDL):  18.645555770777115 	(dream MDL): 8.726644621260261
(ID=0):  	7760 cumulative gradient steps. 58.663760 steps/sec
(ID=0):  	54-way auxiliary classification loss 0.06387281803181395
(ID=0):  Epoch 975 Loss 6.4665328621864315
(ID=0):  		(real loss):  0.05738744735717773 	(dream loss): 12.875678277015686
(ID=0):  	vs MDL (w/o neural net) 17.025793154571634
		(real MDL):  19.435632821832073 	(dream MDL): 14.615953487311197
(ID=0):  	7800 cumulative gradient steps. 58.702290 steps/sec
(ID=0):  	54-way auxiliary classification loss 0.127162081876304
Sampling new helmholtz frontiers during training.
Sampling 500 programs from the prior on 32 CPUs...


Got 100/500 valid samples.
We now have 100 Helmholtz entries.
(ID=0):  Epoch 980 Loss 0.8695761203765869
(ID=0):  		(real loss):  0.05247039794921875 	(dream loss): 1.6866818428039552
(ID=0):  	vs MDL (w/o neural net) 11.140623964386322
		(real MDL):  18.766752411588563 	(dream MDL): 3.5144955171840855
(ID=0):  	7840 cumulative gradient steps. 58.586471 steps/sec
(ID=0):  	54-way auxiliary classification loss 0.0394512023543939
(ID=0):  Epoch 985 Loss 1.3210901737213134
(ID=0):  		(real loss):  0.049638499384341034 	(dream loss): 3.0412894978242764
(ID=0):  	vs MDL (w/o neural net) 12.798691646671674
		(real MDL):  18.405864508918558 	(dream MDL): 5.212516597749423
(ID=0):  	7880 cumulative gradient steps. 58.619827 steps/sec
(ID=0):  	54-way auxiliary classification loss 0.04511589274043217
(ID=0):  Epoch 990 Loss 0.7408006668090821
(ID=0):  		(real loss):  0.05190176712839227 	(dream loss): 1.3640901474725633
(ID=0):  	vs MDL (w/o neural net) 10.856367545034022
		(real MDL):  19.2559120011816 	(dream MDL): 3.256779703757648
(ID=0):  	7920 cumulative gradient steps. 58.685725 steps/sec
(ID=0):  	54-way auxiliary classification loss 0.03381051517790183
(ID=0):  Epoch 995 Loss 0.8215265989303588
(ID=0):  		(real loss):  0.06104558308919271 	(dream loss): 1.2778152084350587
(ID=0):  	vs MDL (w/o neural net) 9.349862185265769
		(real MDL):  19.145166832572198 	(dream MDL): 3.4726793968819205
(ID=0):  	7960 cumulative gradient steps. 58.759505 steps/sec
(ID=0):  	54-way auxiliary classification loss 0.035343981254845856
Sampling new helmholtz frontiers during training.
Sampling 500 programs from the prior on 32 CPUs...


Got 91/500 valid samples.
We now have 91 Helmholtz entries.
(ID=0):  Epoch 1000 Loss 0.7853250801563263
(ID=0):  		(real loss):  0.059870243072509766 	(dream loss): 1.5107799172401428
(ID=0):  	vs MDL (w/o neural net) 11.041898068710339
		(real MDL):  18.36846370305431 	(dream MDL): 3.7153324343663727
(ID=0):  	8000 cumulative gradient steps. 58.650150 steps/sec
(ID=0):  	54-way auxiliary classification loss 0.039832863863557576
(ID=0):  Epoch 1005 Loss 2.2680483758449554
(ID=0):  		(real loss):  0.05723434448242187 	(dream loss): 5.952738428115845
(ID=0):  	vs MDL (w/o neural net) 14.462305175399937
		(real MDL):  18.542960374657795 	(dream MDL): 7.661213176636834
(ID=0):  	8040 cumulative gradient steps. 58.695434 steps/sec
(ID=0):  	54-way auxiliary classification loss 0.07223673560656607
(ID=0):  Epoch 1010 Loss 1.915770959854126
(ID=0):  		(real loss):  0.05735083187327666 	(dream loss): 3.2893858370573623
(ID=0):  	vs MDL (w/o neural net) 11.648026956494071
		(real MDL):  19.52358536791367 	(dream MDL): 5.826962043705679
(ID=0):  	8080 cumulative gradient steps. 58.744771 steps/sec
(ID=0):  	54-way auxiliary classification loss 0.04481947320746258
(ID=0):  Epoch 1015 Loss 8.196772748231888
(ID=0):  		(real loss):  0.05480003356933594 	(dream loss): 14.214752580808556
(ID=0):  	vs MDL (w/o neural net) 16.34885768890653
		(real MDL):  18.50968739911933 	(dream MDL): 14.751722685705758
(ID=0):  	8120 cumulative gradient steps. 58.803571 steps/sec
(ID=0):  	54-way auxiliary classification loss 0.14431151965400205
(ID=0):  Epoch 1020 Loss 5.087617486715317
(ID=0):  		(real loss):  0.20582355152476917 	(dream loss): 11.054254518614876
(ID=0):  	vs MDL (w/o neural net) 16.65484797999822
		(real MDL):  19.184699834842025 	(dream MDL): 13.562806824078017
(ID=0):  	8160 cumulative gradient steps. 58.826899 steps/sec
(ID=0):  	54-way auxiliary classification loss 0.11847540487069637
Sampling new helmholtz frontiers during training.
Sampling 500 programs from the prior on 32 CPUs...


Got 96/500 valid samples.
We now have 96 Helmholtz entries.
(ID=0):  Epoch 1025 Loss 3.6545420706272127
(ID=0):  		(real loss):  0.07788174947102865 	(dream loss): 5.800538263320923
(ID=0):  	vs MDL (w/o neural net) 11.453475584300786
		(real MDL):  17.458192690902994 	(dream MDL): 7.8506453203394635
(ID=0):  	8200 cumulative gradient steps. 58.743785 steps/sec
(ID=0):  	54-way auxiliary classification loss 0.0851019176421687
(ID=0):  Epoch 1030 Loss 3.9522782981395723
(ID=0):  		(real loss):  0.08659003331111027 	(dream loss): 11.131413647106715
(ID=0):  	vs MDL (w/o neural net) 17.370226369765348
		(real MDL):  19.44273294559643 	(dream MDL): 13.521285586079058
(ID=0):  	8240 cumulative gradient steps. 58.759299 steps/sec
(ID=0):  	54-way auxiliary classification loss 0.06955984309315681
(ID=0):  Epoch 1035 Loss 3.980126053094864
(ID=0):  		(real loss):  0.06895488241444463 	(dream loss): 9.271710578133078
(ID=0):  	vs MDL (w/o neural net) 15.924471744448809
		(real MDL):  18.83918655985202 	(dream MDL): 11.98103405302094
(ID=0):  	8280 cumulative gradient steps. 58.791344 steps/sec
(ID=0):  	54-way auxiliary classification loss 0.060522609145846215
(ID=0):  Epoch 1040 Loss 2.96697598695755
(ID=0):  		(real loss):  0.0708572750999814 	(dream loss): 6.167949300063284
(ID=0):  	vs MDL (w/o neural net) 14.010473752824117
		(real MDL):  19.202440892521548 	(dream MDL): 8.271983756316441
(ID=0):  	8320 cumulative gradient steps. 58.845171 steps/sec
(ID=0):  	54-way auxiliary classification loss 0.05362839612644166
(ID=0):  Epoch 1045 Loss 4.8225997388362885
(ID=0):  		(real loss):  0.07194170744522758 	(dream loss): 11.249960604835959
(ID=0):  	vs MDL (w/o neural net) 16.22390336944974
		(real MDL):  18.61672390823488 	(dream MDL): 12.986557934622791
(ID=0):  	8360 cumulative gradient steps. 58.878473 steps/sec
(ID=0):  	54-way auxiliary classification loss 0.12467023415956646
(ID=0):  Epoch 1050 Loss 0.3660301506519318
(ID=0):  		(real loss):  0.06431419372558594 	(dream loss): 0.8688900788625081
(ID=0):  	vs MDL (w/o neural net) 12.404676957990446
		(real MDL):  18.10449259759503 	(dream MDL): 2.90498422531614
(ID=0):  	8400 cumulative gradient steps. 58.895563 steps/sec
(ID=0):  	54-way auxiliary classification loss 0.028581458155531436
Sampling new helmholtz frontiers during training.
Sampling 500 programs from the prior on 32 CPUs...


Got 91/500 valid samples.
We now have 91 Helmholtz entries.
(ID=0):  Epoch 1055 Loss 1.7891972243785859
(ID=0):  		(real loss):  0.0699005126953125 	(dream loss): 4.368142291903496
(ID=0):  	vs MDL (w/o neural net) 13.706683107606803
		(real MDL):  18.3173349473588 	(dream MDL): 6.790705347978819
(ID=0):  	8440 cumulative gradient steps. 58.787103 steps/sec
(ID=0):  	54-way auxiliary classification loss 0.07167083659442142
(ID=0):  Epoch 1060 Loss 0.365090948343277
(ID=0):  		(real loss):  0.06701004505157471 	(dream loss): 0.5638115505377451
(ID=0):  	vs MDL (w/o neural net) 9.065239430765256
		(real MDL):  18.731115148440114 	(dream MDL): 2.6213222856486915
(ID=0):  	8480 cumulative gradient steps. 58.855891 steps/sec
(ID=0):  	54-way auxiliary classification loss 0.029528206936083733
(ID=0):  Epoch 1065 Loss 1.0355229079723358
(ID=0):  		(real loss):  0.06747245788574219 	(dream loss): 2.2186956803003945
(ID=0):  	vs MDL (w/o neural net) 12.117475962746736
		(real MDL):  18.450570648271558 	(dream MDL): 4.377026902660846
(ID=0):  	8520 cumulative gradient steps. 58.898755 steps/sec
(ID=0):  	54-way auxiliary classification loss 0.040942617889959364
(ID=0):  Epoch 1070 Loss 0.87414048910141
(ID=0):  		(real loss):  0.06769361950102307 	(dream loss): 1.7654765028702586
(ID=0):  	vs MDL (w/o neural net) 11.521950143017019
		(real MDL):  18.13249603573128 	(dream MDL): 4.215557314227579
(ID=0):  	8560 cumulative gradient steps. 58.949095 steps/sec
(ID=0):  	54-way auxiliary classification loss 0.043469626444857565
Sampling new helmholtz frontiers during training.
Sampling 500 programs from the prior on 32 CPUs...


Got 87/500 valid samples.
We now have 87 Helmholtz entries.
(ID=0):  Epoch 1075 Loss 2.464918303489685
(ID=0):  		(real loss):  0.07185475966509651 	(dream loss): 4.233704401099163
(ID=0):  	vs MDL (w/o neural net) 11.568076257991311
		(real MDL):  19.107266208018228 	(dream MDL): 5.995631512319246
(ID=0):  	8600 cumulative gradient steps. 58.826115 steps/sec
(ID=0):  	54-way auxiliary classification loss 0.05233499244786799
(ID=0):  Epoch 1080 Loss 2.1353522181510924
(ID=0):  		(real loss):  0.06418450673421223 	(dream loss): 3.829943982037631
(ID=0):  	vs MDL (w/o neural net) 11.53624170159886
		(real MDL):  18.344107389653303 	(dream MDL): 5.966169775008868
(ID=0):  	8640 cumulative gradient steps. 58.891204 steps/sec
(ID=0):  	54-way auxiliary classification loss 0.043349629046861085
(ID=0):  Epoch 1085 Loss 2.19278005361557
(ID=0):  		(real loss):  0.05626779444077436 	(dream loss): 3.7719412886578105
(ID=0):  	vs MDL (w/o neural net) 10.978540534306019
		(real MDL):  18.31198662304269 	(dream MDL): 5.558167338283268
(ID=0):  	8680 cumulative gradient steps. 58.925512 steps/sec
(ID=0):  	54-way auxiliary classification loss 0.05732438463019207
(ID=0):  Epoch 1090 Loss 1.6200940907001495
(ID=0):  		(real loss):  0.052805553783069954 	(dream loss): 3.535668969154358
(ID=0):  	vs MDL (w/o neural net) 12.571821479397258
		(real MDL):  18.543631569431923 	(dream MDL): 5.2729424804659955
(ID=0):  	8720 cumulative gradient steps. 58.972465 steps/sec
(ID=0):  	54-way auxiliary classification loss 0.0449837829452008
(ID=0):  Epoch 1095 Loss 2.808727961778641
(ID=0):  		(real loss):  0.0574737548828125 	(dream loss): 7.394151639938355
(ID=0):  	vs MDL (w/o neural net) 14.979170097876258
		(real MDL):  18.425895647626152 	(dream MDL): 9.234627514959763
(ID=0):  	8760 cumulative gradient steps. 59.007263 steps/sec
(ID=0):  	54-way auxiliary classification loss 0.07120144680375233
Sampling new helmholtz frontiers during training.
Sampling 500 programs from the prior on 32 CPUs...


Got 94/500 valid samples.
We now have 94 Helmholtz entries.
(ID=0):  Epoch 1100 Loss 3.2135337471961973
(ID=0):  		(real loss):  0.05001441637674967 	(dream loss): 7.958812743425369
(ID=0):  	vs MDL (w/o neural net) 15.41773875011694
		(real MDL):  18.897423314578706 	(dream MDL): 10.198211903424296
(ID=0):  	8800 cumulative gradient steps. 58.887469 steps/sec
(ID=0):  	54-way auxiliary classification loss 0.07916194348363206
(ID=0):  Epoch 1105 Loss 2.595482212305069
(ID=0):  		(real loss):  0.06393623352050781 	(dream loss): 4.885928574062529
(ID=0):  	vs MDL (w/o neural net) 12.34020834395864
		(real MDL):  18.773375431241522 	(dream MDL): 6.519723836416988
(ID=0):  	8840 cumulative gradient steps. 58.951623 steps/sec
(ID=0):  	54-way auxiliary classification loss 0.09945928825763986
(ID=0):  Epoch 1110 Loss 4.100893247127533
(ID=0):  		(real loss):  0.06732254028320313 	(dream loss): 6.521035671234131
(ID=0):  	vs MDL (w/o neural net) 11.977770390161258
		(real MDL):  18.22353080024294 	(dream MDL): 8.23031414411225
(ID=0):  	8880 cumulative gradient steps. 59.017161 steps/sec
(ID=0):  	54-way auxiliary classification loss 0.10741822895361111
(ID=0):  Epoch 1115 Loss 1.5803632259368896
(ID=0):  		(real loss):  0.0738668441772461 	(dream loss): 3.840107798576355
(ID=0):  	vs MDL (w/o neural net) 13.52618646231816
		(real MDL):  18.36330110841269 	(dream MDL): 6.27051449317637
(ID=0):  	8920 cumulative gradient steps. 59.042352 steps/sec
(ID=0):  	54-way auxiliary classification loss 0.047233695059549066
Sampling new helmholtz frontiers during training.
Sampling 500 programs from the prior on 32 CPUs...


Got 96/500 valid samples.
We now have 96 Helmholtz entries.
(ID=0):  Epoch 1120 Loss 6.322602260112762
(ID=0):  		(real loss):  0.08215166727701823 	(dream loss): 10.066872615814209
(ID=0):  	vs MDL (w/o neural net) 14.980743757355299
		(real MDL):  19.041896273369765 	(dream MDL): 12.544052247746622
(ID=0):  	8960 cumulative gradient steps. 58.955482 steps/sec
(ID=0):  	54-way auxiliary classification loss 0.13678625004831702
(ID=0):  Epoch 1125 Loss 3.013715898990631
(ID=0):  		(real loss):  0.10217423872514204 	(dream loss): 6.5722668170928955
(ID=0):  	vs MDL (w/o neural net) 14.154442930765493
		(real MDL):  18.626385002324426 	(dream MDL): 8.688735954415678
(ID=0):  	9000 cumulative gradient steps. 59.015103 steps/sec
(ID=0):  	54-way auxiliary classification loss 0.07851882770191879
(ID=0):  Epoch 1130 Loss 2.0715853035449983
(ID=0):  		(real loss):  0.06925201416015625 	(dream loss): 3.5515707783077075
(ID=0):  	vs MDL (w/o neural net) 10.97875586798325
		(real MDL):  17.70988069407696 	(dream MDL): 6.003576648696601
(ID=0):  	9040 cumulative gradient steps. 59.065916 steps/sec
(ID=0):  	54-way auxiliary classification loss 0.05587232962716371
(ID=0):  Epoch 1135 Loss 2.7769104838371277
(ID=0):  		(real loss):  0.0747824129850968 	(dream loss): 6.432730814989875
(ID=0):  	vs MDL (w/o neural net) 14.518107192664491
		(real MDL):  19.045950840241613 	(dream MDL): 8.392201081236626
(ID=0):  	9080 cumulative gradient steps. 59.108411 steps/sec
(ID=0):  	54-way auxiliary classification loss 0.0791070839157328
(ID=0):  Epoch 1140 Loss 3.760385698080063
(ID=0):  		(real loss):  0.05834197998046875 	(dream loss): 6.496678881023241
(ID=0):  	vs MDL (w/o neural net) 12.627088361705253
		(real MDL):  18.3332366536641 	(dream MDL): 8.409500493735681
(ID=0):  	9120 cumulative gradient steps. 59.155573 steps/sec
(ID=0):  	54-way auxiliary classification loss 0.10100799968931824
Sampling new helmholtz frontiers during training.
Sampling 500 programs from the prior on 32 CPUs...


Got 103/500 valid samples.
We now have 103 Helmholtz entries.
(ID=0):  Epoch 1145 Loss 4.579294866323471
(ID=0):  		(real loss):  0.06660179864792597 	(dream loss): 9.567008256912231
(ID=0):  	vs MDL (w/o neural net) 15.650012161584138
		(real MDL):  18.766072298306685 	(dream MDL): 12.205945694680274
(ID=0):  	9160 cumulative gradient steps. 59.016494 steps/sec
(ID=0):  	54-way auxiliary classification loss 0.10320527360308915
(ID=0):  Epoch 1150 Loss 4.142614370584488
(ID=0):  		(real loss):  0.19450950622558594 	(dream loss): 9.484168010599474
(ID=0):  	vs MDL (w/o neural net) 15.014669285145377
		(real MDL):  18.632957118319943 	(dream MDL): 10.119338687320953
(ID=0):  	9200 cumulative gradient steps. 59.050059 steps/sec
(ID=0):  	54-way auxiliary classification loss 0.08961238313931971
(ID=0):  Epoch 1155 Loss 5.801865875720978
(ID=0):  		(real loss):  0.13781444231669107 	(dream loss): 14.297943025827408
(ID=0):  	vs MDL (w/o neural net) 17.118397419970936
		(real MDL):  17.94001611877597 	(dream MDL): 15.88596937176338
(ID=0):  	9240 cumulative gradient steps. 59.080412 steps/sec
(ID=0):  	54-way auxiliary classification loss 0.10381129984743893
(ID=0):  Epoch 1160 Loss 1.3843109726905822
(ID=0):  		(real loss):  0.08675434278405231 	(dream loss): 3.1398287660935345
(ID=0):  	vs MDL (w/o neural net) 12.78242047545095
		(real MDL):  18.34953318521835 	(dream MDL): 5.250444456353881
(ID=0):  	9280 cumulative gradient steps. 59.116548 steps/sec
(ID=0):  	54-way auxiliary classification loss 0.048167932173237206
(ID=0):  Epoch 1165 Loss 2.721550762653351
(ID=0):  		(real loss):  0.07822397020128039 	(dream loss): 4.884272683750499
(ID=0):  	vs MDL (w/o neural net) 12.372250503813177
		(real MDL):  18.336269446187274 	(dream MDL): 7.49259864187074
(ID=0):  	9320 cumulative gradient steps. 59.158039 steps/sec
(ID=0):  	54-way auxiliary classification loss 0.07707471514586359
(ID=0):  Epoch 1170 Loss 3.048897248506546
(ID=0):  		(real loss):  0.0756216049194336 	(dream loss): 7.508810713887215
(ID=0):  	vs MDL (w/o neural net) 14.419252139892413
		(real MDL):  18.64081657715795 	(dream MDL): 8.086905483994114
(ID=0):  	9360 cumulative gradient steps. 59.177628 steps/sec
(ID=0):  	54-way auxiliary classification loss 0.07689608896616847
Sampling new helmholtz frontiers during training.
Sampling 500 programs from the prior on 32 CPUs...


Got 98/500 valid samples.
We now have 98 Helmholtz entries.
(ID=0):  Epoch 1175 Loss 5.517691308259964
(ID=0):  		(real loss):  0.19382061677820542 	(dream loss): 9.452726167181265
(ID=0):  	vs MDL (w/o neural net) 14.413739567702137
		(real MDL):  18.66268877358425 	(dream MDL): 11.273211893789268
(ID=0):  	9400 cumulative gradient steps. 59.087072 steps/sec
(ID=0):  	54-way auxiliary classification loss 0.09739261162467301
(ID=0):  Epoch 1180 Loss 3.2582705497741697
(ID=0):  		(real loss):  0.1594449823552912 	(dream loss): 7.0457240210639105
(ID=0):  	vs MDL (w/o neural net) 14.068907928541
		(real MDL):  18.523162257018626 	(dream MDL): 8.624819304846115
(ID=0):  	9440 cumulative gradient steps. 59.123649 steps/sec
(ID=0):  	54-way auxiliary classification loss 0.08006640616804361
(ID=0):  Epoch 1185 Loss 1.4662854850292206
(ID=0):  		(real loss):  0.07364875793457032 	(dream loss): 3.787346696853638
(ID=0):  	vs MDL (w/o neural net) 14.105508127315385
		(real MDL):  19.06969177064637 	(dream MDL): 5.83186872176375
(ID=0):  	9480 cumulative gradient steps. 59.163461 steps/sec
(ID=0):  	54-way auxiliary classification loss 0.04322001123800874
(ID=0):  Epoch 1190 Loss 2.0748798489570617
(ID=0):  		(real loss):  0.057489776611328126 	(dream loss): 4.092269921302796
(ID=0):  	vs MDL (w/o neural net) 12.456120140576385
		(real MDL):  18.47833030048508 	(dream MDL): 6.43390998066769
(ID=0):  	9520 cumulative gradient steps. 59.197812 steps/sec
(ID=0):  	54-way auxiliary classification loss 0.06788134993985295
(ID=0):  Epoch 1195 Loss 3.4617192149162292
(ID=0):  		(real loss):  0.06043861025855655 	(dream loss): 7.221029356906288
(ID=0):  	vs MDL (w/o neural net) 14.122514813951668
		(real MDL):  18.66920728893477 	(dream MDL): 9.0972231310756
(ID=0):  	9560 cumulative gradient steps. 59.219837 steps/sec
(ID=0):  	54-way auxiliary classification loss 0.08858213007915765
Sampling new helmholtz frontiers during training.
Sampling 500 programs from the prior on 32 CPUs...


Got 75/500 valid samples.
We now have 75 Helmholtz entries.
(ID=0):  Epoch 1200 Loss 3.254044497013092
(ID=0):  		(real loss):  0.05665372765582541 	(dream loss): 7.579926126143512
(ID=0):  	vs MDL (w/o neural net) 14.541542202862015
		(real MDL):  17.86563469162902 	(dream MDL): 10.04424060041255
(ID=0):  	9600 cumulative gradient steps. 59.124853 steps/sec
(ID=0):  	54-way auxiliary classification loss 0.07436371794901789
(ID=0):  Epoch 1205 Loss 3.6255023002624513
(ID=0):  		(real loss):  0.06117971319901316 	(dream loss): 6.8503655933198475
(ID=0):  	vs MDL (w/o neural net) 13.58020318608904
		(real MDL):  18.37805990770242 	(dream MDL): 9.239285199867405
(ID=0):  	9640 cumulative gradient steps. 59.169083 steps/sec
(ID=0):  	54-way auxiliary classification loss 0.09337381115183234
(ID=0):  Epoch 1210 Loss 5.402373850345612
(ID=0):  		(real loss):  0.07166255604137074 	(dream loss): 11.91768765449524
(ID=0):  	vs MDL (w/o neural net) 16.603752987848218
		(real MDL):  18.868474288340355 	(dream MDL): 13.835760287246718
(ID=0):  	9680 cumulative gradient steps. 59.207029 steps/sec
(ID=0):  	54-way auxiliary classification loss 0.09102697866037487
(ID=0):  Epoch 1215 Loss 5.757279968261718
(ID=0):  		(real loss):  0.06962237638585708 	(dream loss): 9.96120079703953
(ID=0):  	vs MDL (w/o neural net) 15.256925477725167
		(real MDL):  18.8329019374623 	(dream MDL): 12.613812442267292
(ID=0):  	9720 cumulative gradient steps. 59.242009 steps/sec
(ID=0):  	54-way auxiliary classification loss 0.1089911232702434
Sampling new helmholtz frontiers during training.
Sampling 500 programs from the prior on 32 CPUs...


Got 87/500 valid samples.
We now have 87 Helmholtz entries.
(ID=0):  Epoch 1220 Loss 4.8038955390453335
(ID=0):  		(real loss):  0.06729819557883522 	(dream loss): 10.593070069948832
(ID=0):  	vs MDL (w/o neural net) 15.885734870250772
		(real MDL):  18.62638500232443 	(dream MDL): 12.536051375494075
(ID=0):  	9760 cumulative gradient steps. 59.112163 steps/sec
(ID=0):  	54-way auxiliary classification loss 0.09542422231752426
(ID=0):  Epoch 1225 Loss 2.4245039880275727
(ID=0):  		(real loss):  0.061925343104771206 	(dream loss): 5.035775121889617
(ID=0):  	vs MDL (w/o neural net) 12.731094366562619
		(real MDL):  17.731932574980885 	(dream MDL): 7.203852136205595
(ID=0):  	9800 cumulative gradient steps. 59.137491 steps/sec
(ID=0):  	54-way auxiliary classification loss 0.06142022171989083
(ID=0):  Epoch 1230 Loss 1.497960513830185
(ID=0):  		(real loss):  0.06487565882065717 	(dream loss): 2.557197145793749
(ID=0):  	vs MDL (w/o neural net) 10.738684392760216
		(real MDL):  19.228222029560985 	(dream MDL): 4.46380874816835
(ID=0):  	9840 cumulative gradient steps. 59.187537 steps/sec
(ID=0):  	54-way auxiliary classification loss 0.04961926214164123
(ID=0):  Epoch 1235 Loss 4.631139171123505
(ID=0):  		(real loss):  0.06253232955932617 	(dream loss): 9.199746012687683
(ID=0):  	vs MDL (w/o neural net) 15.269223792976323
		(real MDL):  18.4730058490332 	(dream MDL): 12.065441736919453
(ID=0):  	9880 cumulative gradient steps. 59.223322 steps/sec
(ID=0):  	54-way auxiliary classification loss 0.08940155470045283
Sampling new helmholtz frontiers during training.
Sampling 500 programs from the prior on 32 CPUs...


Got 90/500 valid samples.
We now have 90 Helmholtz entries.
(ID=0):  Epoch 1240 Loss 3.750565695762634
(ID=0):  		(real loss):  0.0637047290802002 	(dream loss): 6.208473006884257
(ID=0):  	vs MDL (w/o neural net) 12.256146056951588
		(real MDL):  17.886196949236442 	(dream MDL): 8.50277879542835
(ID=0):  	9920 cumulative gradient steps. 59.159660 steps/sec
(ID=0):  	54-way auxiliary classification loss 0.08621124370256439
(ID=0):  Epoch 1245 Loss 4.325905978679657
(ID=0):  		(real loss):  0.05908355712890625 	(dream loss): 8.592728400230408
(ID=0):  	vs MDL (w/o neural net) 14.515251477636193
		(real MDL):  18.35000882985745 	(dream MDL): 10.680494125414949
(ID=0):  	9960 cumulative gradient steps. 59.197404 steps/sec
(ID=0):  	54-way auxiliary classification loss 0.07712337747216225
(ID=0):  Epoch 1250 Loss 4.806847608089447
(ID=0):  		(real loss):  0.060114019057329965 	(dream loss): 8.315302869547969
(ID=0):  	vs MDL (w/o neural net) 13.71634525759722
		(real MDL):  17.89042779535144 	(dream MDL): 10.631153816648446
(ID=0):  	10000 cumulative gradient steps. 59.231279 steps/sec
(ID=0):  	54-way auxiliary classification loss 0.095059903152287
(ID=0):   Trained recognition model in 168.94302678108215 seconds
Wrote experiments_iterative/outputs/paperfaithful_init_seed111_20260507/domains/clevr/dreamcoder/seed_111/dreamcoder_32/0/metrics.json
====================================
iteration: 0
amortized_synthesis : optimize_model_for_frontiers
Completed in 169.004s
====================================
============LOGGING MODEL_FN============
	iteration: 0
	experiment_block_type: model_fn
	model_type: amortized_synthesis
	params: {'enumeration_timeout': 600}
	task_split: train
	model_fn: infer_programs_for_tasks
	task_batch_size: global_batch_size
task_ids: 32 tasks: 5-2_transform-What if all the blue metal things became rubber things? -- 3-1_zero_hop-What number of gray rubber cubes are there?
====================================
Evaluated recognition model in 1.0 seconds
Beginning enumeration on a total of 32 tasks with a total of 32 CPUs.
(python) Launching list(tclevrobject) -> bool (1 tasks) w/ 1 CPUs. 0.000000 <= MDL < 1.500000. Timeout 600.000000.
(python) Launching list(tclevrobject) -> int (1 tasks) w/ 1 CPUs. 0.000000 <= MDL < 1.500000. Timeout 600.000000.
(python) Launching list(tclevrobject) -> tclevrsize (1 tasks) w/ 1 CPUs. 0.000000 <= MDL < 1.500000. Timeout 600.000000.
(python) Launching list(tclevrobject) -> tclevrcolor (1 tasks) w/ 1 CPUs. 0.000000 <= MDL < 1.500000. Timeout 600.000000.
(python) Launching list(tclevrobject) -> tclevrshape (1 tasks) w/ 1 CPUs. 0.000000 <= MDL < 1.500000. Timeout 600.000000.
	(ocaml: 1 CPUs. shatter: 1. |fringe| = 1. |finished| = 0.)
(python) Launching list(tclevrobject) -> tclevrshape (1 tasks) w/ 1 CPUs. 0.000000 <= MDL < 1.500000. Timeout 600.000000.
	(ocaml: 1 CPUs. shatter: 1. |fringe| = 1. |finished| = 0.)
(python) Launching list(tclevrobject) -> tclevrshape (1 tasks) w/ 1 CPUs. 0.000000 <= MDL < 1.500000. Timeout 600.000000.
	(ocaml: 1 CPUs. shatter: 1. |fringe| = 1. |finished| = 0.)
(python) Launching list(tclevrobject) -> int (1 tasks) w/ 1 CPUs. 0.000000 <= MDL < 1.500000. Timeout 600.000000.
(python) Launching list(tclevrobject) -> int (1 tasks) w/ 1 CPUs. 0.000000 <= MDL < 1.500000. Timeout 600.000000.
	(ocaml: 1 CPUs. shatter: 1. |fringe| = 1. |finished| = 0.)
	(ocaml: 1 CPUs. shatter: 1. |fringe| = 1. |finished| = 0.)
(python) Launching list(tclevrobject) -> int (1 tasks) w/ 1 CPUs. 0.000000 <= MDL < 1.500000. Timeout 600.000000.
(python) Launching list(tclevrobject) -> int (1 tasks) w/ 1 CPUs. 0.000000 <= MDL < 1.500000. Timeout 600.000000.
	(ocaml: 1 CPUs. shatter: 1. |fringe| = 1. |finished| = 0.)
	(ocaml: 1 CPUs. shatter: 1. |fringe| = 1. |finished| = 0.)
(python) Launching list(tclevrobject) -> int (1 tasks) w/ 1 CPUs. 0.000000 <= MDL < 1.500000. Timeout 600.000000.
	(ocaml: 1 CPUs. shatter: 1. |fringe| = 1. |finished| = 0.)
(python) Launching list(tclevrobject) -> int (1 tasks) w/ 1 CPUs. 0.000000 <= MDL < 1.500000. Timeout 600.000000.
(python) Launching list(tclevrobject) -> int (1 tasks) w/ 1 CPUs. 0.000000 <= MDL < 1.500000. Timeout 600.000000.
	(ocaml: 1 CPUs. shatter: 1. |fringe| = 1. |finished| = 0.)
	(ocaml: 1 CPUs. shatter: 1. |fringe| = 1. |finished| = 0.)
(python) Launching list(tclevrobject) -> int (1 tasks) w/ 1 CPUs. 0.000000 <= MDL < 1.500000. Timeout 600.000000.
	(ocaml: 1 CPUs. shatter: 1. |fringe| = 1. |finished| = 0.)
(python) Launching list(tclevrobject) -> tclevrshape (1 tasks) w/ 1 CPUs. 0.000000 <= MDL < 1.500000. Timeout 600.000000.
	(ocaml: 1 CPUs. shatter: 1. |fringe| = 1. |finished| = 0.)
(python) Launching list(tclevrobject) -> tclevrshape (1 tasks) w/ 1 CPUs. 0.000000 <= MDL < 1.500000. Timeout 600.000000.
	(ocaml: 1 CPUs. shatter: 1. |fringe| = 1. |finished| = 0.)
(python) Launching list(tclevrobject) -> list(tclevrobject) (1 tasks) w/ 1 CPUs. 0.000000 <= MDL < 1.500000. Timeout 600.000000.
	(ocaml: 1 CPUs. shatter: 1. |fringe| = 1. |finished| = 0.)
(python) Launching list(tclevrobject) -> list(tclevrobject) (1 tasks) w/ 1 CPUs. 0.000000 <= MDL < 1.500000. Timeout 600.000000.
	(ocaml: 1 CPUs. shatter: 1. |fringe| = 1. |finished| = 0.)
(python) Launching list(tclevrobject) -> list(tclevrobject) (1 tasks) w/ 1 CPUs. 0.000000 <= MDL < 1.500000. Timeout 600.000000.
	(ocaml: 1 CPUs. shatter: 1. |fringe| = 1. |finished| = 0.)
(python) Launching list(tclevrobject) -> list(tclevrobject) (1 tasks) w/ 1 CPUs. 0.000000 <= MDL < 1.500000. Timeout 600.000000.
	(ocaml: 1 CPUs. shatter: 1. |fringe| = 1. |finished| = 0.)
(python) Launching list(tclevrobject) -> list(tclevrobject) (1 tasks) w/ 1 CPUs. 0.000000 <= MDL < 1.500000. Timeout 600.000000.
	(ocaml: 1 CPUs. shatter: 1. |fringe| = 1. |finished| = 0.)
(python) Launching list(tclevrobject) -> list(tclevrobject) (1 tasks) w/ 1 CPUs. 0.000000 <= MDL < 1.500000. Timeout 600.000000.
	(ocaml: 1 CPUs. shatter: 1. |fringe| = 1. |finished| = 0.)
(python) Launching list(tclevrobject) -> list(tclevrobject) (1 tasks) w/ 1 CPUs. 0.000000 <= MDL < 1.500000. Timeout 600.000000.
(python) Launching list(tclevrobject) -> list(tclevrobject) (1 tasks) w/ 1 CPUs. 0.000000 <= MDL < 1.500000. Timeout 600.000000.
	(ocaml: 1 CPUs. shatter: 1. |fringe| = 1. |finished| = 0.)
	(ocaml: 1 CPUs. shatter: 1. |fringe| = 1. |finished| = 0.)
(python) Launching list(tclevrobject) -> list(tclevrobject) (1 tasks) w/ 1 CPUs. 0.000000 <= MDL < 1.500000. Timeout 600.000000.
	(ocaml: 1 CPUs. shatter: 1. |fringe| = 1. |finished| = 0.)
(python) Launching list(tclevrobject) -> int (1 tasks) w/ 1 CPUs. 0.000000 <= MDL < 1.500000. Timeout 600.000000.
	(ocaml: 1 CPUs. shatter: 1. |fringe| = 1. |finished| = 0.)
(python) Launching list(tclevrobject) -> int (1 tasks) w/ 1 CPUs. 0.000000 <= MDL < 1.500000. Timeout 600.000000.
	(ocaml: 1 CPUs. shatter: 1. |fringe| = 1. |finished| = 0.)
(python) Launching list(tclevrobject) -> int (1 tasks) w/ 1 CPUs. 0.000000 <= MDL < 1.500000. Timeout 600.000000.
	(ocaml: 1 CPUs. shatter: 1. |fringe| = 1. |finished| = 0.)
(python) Launching list(tclevrobject) -> int (1 tasks) w/ 1 CPUs. 0.000000 <= MDL < 1.500000. Timeout 600.000000.
	(ocaml: 1 CPUs. shatter: 1. |fringe| = 1. |finished| = 0.)
(python) Launching list(tclevrobject) -> int (1 tasks) w/ 1 CPUs. 0.000000 <= MDL < 1.500000. Timeout 600.000000.
	(ocaml: 1 CPUs. shatter: 1. |fringe| = 1. |finished| = 0.)
(python) Launching list(tclevrobject) -> list(tclevrobject) (1 tasks) w/ 1 CPUs. 0.000000 <= MDL < 1.500000. Timeout 600.000000.
	(ocaml: 1 CPUs. shatter: 1. |fringe| = 1. |finished| = 0.)
(python) Launching list(tclevrobject) -> bool (1 tasks) w/ 1 CPUs. 1.500000 <= MDL < 3.000000. Timeout 599.683947.
	(ocaml: 1 CPUs. shatter: 1. |fringe| = 1. |finished| = 0.)
(python) Launching list(tclevrobject) -> int (1 tasks) w/ 1 CPUs. 1.500000 <= MDL < 3.000000. Timeout 599.687630.
	(ocaml: 1 CPUs. shatter: 1. |fringe| = 1. |finished| = 0.)
(python) Launching list(tclevrobject) -> tclevrsize (1 tasks) w/ 1 CPUs. 1.500000 <= MDL < 3.000000. Timeout 599.685701.
(python) Launching list(tclevrobject) -> tclevrcolor (1 tasks) w/ 1 CPUs. 1.500000 <= MDL < 3.000000. Timeout 599.681801.
	(ocaml: 1 CPUs. shatter: 1. |fringe| = 1. |finished| = 0.)
(python) Launching list(tclevrobject) -> tclevrshape (1 tasks) w/ 1 CPUs. 1.500000 <= MDL < 3.000000. Timeout 599.679540.
	(ocaml: 1 CPUs. shatter: 1. |fringe| = 1. |finished| = 0.)
	(ocaml: 1 CPUs. shatter: 1. |fringe| = 1. |finished| = 0.)
(python) Launching list(tclevrobject) -> tclevrshape (1 tasks) w/ 1 CPUs. 1.500000 <= MDL < 3.000000. Timeout 599.679093.
	(ocaml: 1 CPUs. shatter: 1. |fringe| = 1. |finished| = 0.)
(python) Launching list(tclevrobject) -> tclevrshape (1 tasks) w/ 1 CPUs. 1.500000 <= MDL < 3.000000. Timeout 599.678019.
	(ocaml: 1 CPUs. shatter: 1. |fringe| = 1. |finished| = 0.)
(python) Launching list(tclevrobject) -> int (1 tasks) w/ 1 CPUs. 1.500000 <= MDL < 3.000000. Timeout 599.675754.
	(ocaml: 1 CPUs. shatter: 1. |fringe| = 1. |finished| = 0.)
(python) Launching list(tclevrobject) -> int (1 tasks) w/ 1 CPUs. 1.500000 <= MDL < 3.000000. Timeout 599.683007.
	(ocaml: 1 CPUs. shatter: 1. |fringe| = 1. |finished| = 0.)
(python) Launching list(tclevrobject) -> int (1 tasks) w/ 1 CPUs. 1.500000 <= MDL < 3.000000. Timeout 599.661730.
	(ocaml: 1 CPUs. shatter: 1. |fringe| = 1. |finished| = 0.)
(python) Launching list(tclevrobject) -> int (1 tasks) w/ 1 CPUs. 1.500000 <= MDL < 3.000000. Timeout 599.671023.
	(ocaml: 1 CPUs. shatter: 1. |fringe| = 1. |finished| = 0.)
(python) Launching list(tclevrobject) -> int (1 tasks) w/ 1 CPUs. 1.500000 <= MDL < 3.000000. Timeout 599.668623.
	(ocaml: 1 CPUs. shatter: 1. |fringe| = 1. |finished| = 0.)
(python) Launching list(tclevrobject) -> int (1 tasks) w/ 1 CPUs. 1.500000 <= MDL < 3.000000. Timeout 599.672845.
	(ocaml: 1 CPUs. shatter: 1. |fringe| = 1. |finished| = 0.)
	(ocaml: 1 CPUs. shatter: 1. |fringe| = 1. |finished| = 0.)
(python) Launching list(tclevrobject) -> int (1 tasks) w/ 1 CPUs. 1.500000 <= MDL < 3.000000. Timeout 599.669305.
(python) Launching list(tclevrobject) -> int (1 tasks) w/ 1 CPUs. 1.500000 <= MDL < 3.000000. Timeout 599.672482.
	(ocaml: 1 CPUs. shatter: 1. |fringe| = 1. |finished| = 0.)
	(ocaml: 1 CPUs. shatter: 1. |fringe| = 1. |finished| = 0.)
(python) Launching list(tclevrobject) -> tclevrshape (1 tasks) w/ 1 CPUs. 1.500000 <= MDL < 3.000000. Timeout 599.667078.
(python) Launching list(tclevrobject) -> tclevrshape (1 tasks) w/ 1 CPUs. 1.500000 <= MDL < 3.000000. Timeout 599.669814.
	(ocaml: 1 CPUs. shatter: 1. |fringe| = 1. |finished| = 0.)
	(ocaml: 1 CPUs. shatter: 1. |fringe| = 1. |finished| = 0.)
(python) Launching list(tclevrobject) -> list(tclevrobject) (1 tasks) w/ 1 CPUs. 1.500000 <= MDL < 3.000000. Timeout 599.664342.
(python) Launching list(tclevrobject) -> list(tclevrobject) (1 tasks) w/ 1 CPUs. 1.500000 <= MDL < 3.000000. Timeout 599.664970.
	(ocaml: 1 CPUs. shatter: 1. |fringe| = 1. |finished| = 0.)
	(ocaml: 1 CPUs. shatter: 1. |fringe| = 1. |finished| = 0.)
(python) Launching list(tclevrobject) -> list(tclevrobject) (1 tasks) w/ 1 CPUs. 1.500000 <= MDL < 3.000000. Timeout 599.664469.
(python) Launching list(tclevrobject) -> list(tclevrobject) (1 tasks) w/ 1 CPUs. 1.500000 <= MDL < 3.000000. Timeout 599.664370.
	(ocaml: 1 CPUs. shatter: 1. |fringe| = 1. |finished| = 0.)
(python) Launching list(tclevrobject) -> list(tclevrobject) (1 tasks) w/ 1 CPUs. 1.500000 <= MDL < 3.000000. Timeout 599.664595.
	(ocaml: 1 CPUs. shatter: 1. |fringe| = 1. |finished| = 0.)
(python) Launching list(tclevrobject) -> list(tclevrobject) (1 tasks) w/ 1 CPUs. 1.500000 <= MDL < 3.000000. Timeout 599.663992.
	(ocaml: 1 CPUs. shatter: 1. |fringe| = 1. |finished| = 0.)
(python) Launching list(tclevrobject) -> list(tclevrobject) (1 tasks) w/ 1 CPUs. 1.500000 <= MDL < 3.000000. Timeout 599.663259.
	(ocaml: 1 CPUs. shatter: 1. |fringe| = 1. |finished| = 0.)
	(ocaml: 1 CPUs. shatter: 1. |fringe| = 1. |finished| = 0.)
(python) Launching list(tclevrobject) -> list(tclevrobject) (1 tasks) w/ 1 CPUs. 1.500000 <= MDL < 3.000000. Timeout 599.660517.
(python) Launching list(tclevrobject) -> list(tclevrobject) (1 tasks) w/ 1 CPUs. 1.500000 <= MDL < 3.000000. Timeout 599.664966.
	(ocaml: 1 CPUs. shatter: 1. |fringe| = 1. |finished| = 0.)
(python) Launching list(tclevrobject) -> int (1 tasks) w/ 1 CPUs. 1.500000 <= MDL < 3.000000. Timeout 599.666039.
	(ocaml: 1 CPUs. shatter: 1. |fringe| = 1. |finished| = 0.)
(python) Launching list(tclevrobject) -> int (1 tasks) w/ 1 CPUs. 1.500000 <= MDL < 3.000000. Timeout 599.666795.
	(ocaml: 1 CPUs. shatter: 1. |fringe| = 1. |finished| = 0.)
(python) Launching list(tclevrobject) -> int (1 tasks) w/ 1 CPUs. 1.500000 <= MDL < 3.000000. Timeout 599.664769.
	(ocaml: 1 CPUs. shatter: 1. |fringe| = 1. |finished| = 0.)
(python) Launching list(tclevrobject) -> int (1 tasks) w/ 1 CPUs. 1.500000 <= MDL < 3.000000. Timeout 599.662559.
	(ocaml: 1 CPUs. shatter: 1. |fringe| = 1. |finished| = 0.)
(python) Launching list(tclevrobject) -> int (1 tasks) w/ 1 CPUs. 1.500000 <= MDL < 3.000000. Timeout 599.664750.
	(ocaml: 1 CPUs. shatter: 1. |fringe| = 1. |finished| = 0.)
(python) Launching list(tclevrobject) -> bool (1 tasks) w/ 1 CPUs. 3.000000 <= MDL < 4.500000. Timeout 599.360162.
	(ocaml: 1 CPUs. shatter: 1. |fringe| = 1. |finished| = 0.)
(python) Launching list(tclevrobject) -> list(tclevrobject) (1 tasks) w/ 1 CPUs. 1.500000 <= MDL < 3.000000. Timeout 599.653715.
	(ocaml: 1 CPUs. shatter: 1. |fringe| = 1. |finished| = 0.)
(python) Launching list(tclevrobject) -> int (1 tasks) w/ 1 CPUs. 3.000000 <= MDL < 4.500000. Timeout 599.350199.
	(ocaml: 1 CPUs. shatter: 1. |fringe| = 1. |finished| = 0.)
(python) Launching list(tclevrobject) -> tclevrsize (1 tasks) w/ 1 CPUs. 3.000000 <= MDL < 4.500000. Timeout 599.348384.
	(ocaml: 1 CPUs. shatter: 1. |fringe| = 1. |finished| = 0.)
(python) Launching list(tclevrobject) -> tclevrcolor (1 tasks) w/ 1 CPUs. 3.000000 <= MDL < 4.500000. Timeout 599.343246.
	(ocaml: 1 CPUs. shatter: 1. |fringe| = 1. |finished| = 0.)
(python) Launching list(tclevrobject) -> tclevrshape (1 tasks) w/ 1 CPUs. 3.000000 <= MDL < 4.500000. Timeout 599.338531.
	(ocaml: 1 CPUs. shatter: 1. |fringe| = 1. |finished| = 0.)
	(ocaml: 1 CPUs. shatter: 1. |fringe| = 1. |finished| = 0.)
(python) Launching list(tclevrobject) -> tclevrshape (1 tasks) w/ 1 CPUs. 3.000000 <= MDL < 4.500000. Timeout 599.336005.
(python) Launching list(tclevrobject) -> tclevrshape (1 tasks) w/ 1 CPUs. 3.000000 <= MDL < 4.500000. Timeout 599.334562.
	(ocaml: 1 CPUs. shatter: 1. |fringe| = 1. |finished| = 0.)
(python) Launching list(tclevrobject) -> int (1 tasks) w/ 1 CPUs. 3.000000 <= MDL < 4.500000. Timeout 599.335343.
	(ocaml: 1 CPUs. shatter: 1. |fringe| = 1. |finished| = 0.)
(python) Launching list(tclevrobject) -> int (1 tasks) w/ 1 CPUs. 3.000000 <= MDL < 4.500000. Timeout 599.344908.
	(ocaml: 1 CPUs. shatter: 1. |fringe| = 1. |finished| = 0.)
(python) Launching list(tclevrobject) -> int (1 tasks) w/ 1 CPUs. 3.000000 <= MDL < 4.500000. Timeout 599.326760.
	(ocaml: 1 CPUs. shatter: 1. |fringe| = 1. |finished| = 0.)
(python) Launching list(tclevrobject) -> int (1 tasks) w/ 1 CPUs. 3.000000 <= MDL < 4.500000. Timeout 599.347048.
	(ocaml: 1 CPUs. shatter: 1. |fringe| = 1. |finished| = 0.)
(python) Launching list(tclevrobject) -> int (1 tasks) w/ 1 CPUs. 3.000000 <= MDL < 4.500000. Timeout 599.325751.
	(ocaml: 1 CPUs. shatter: 1. |fringe| = 1. |finished| = 0.)
(python) Launching list(tclevrobject) -> int (1 tasks) w/ 1 CPUs. 3.000000 <= MDL < 4.500000. Timeout 599.349472.
	(ocaml: 1 CPUs. shatter: 1. |fringe| = 1. |finished| = 0.)
(python) Launching list(tclevrobject) -> int (1 tasks) w/ 1 CPUs. 3.000000 <= MDL < 4.500000. Timeout 599.329762.
	(ocaml: 1 CPUs. shatter: 1. |fringe| = 1. |finished| = 0.)
(python) Launching list(tclevrobject) -> tclevrshape (1 tasks) w/ 1 CPUs. 3.000000 <= MDL < 4.500000. Timeout 599.353267.
	(ocaml: 1 CPUs. shatter: 1. |fringe| = 1. |finished| = 0.)
(python) Launching list(tclevrobject) -> int (1 tasks) w/ 1 CPUs. 3.000000 <= MDL < 4.500000. Timeout 599.334163.
(python) Launching list(tclevrobject) -> tclevrshape (1 tasks) w/ 1 CPUs. 3.000000 <= MDL < 4.500000. Timeout 599.344864.
	(ocaml: 1 CPUs. shatter: 1. |fringe| = 1. |finished| = 0.)
	(ocaml: 1 CPUs. shatter: 1. |fringe| = 1. |finished| = 0.)
(python) Launching list(tclevrobject) -> list(tclevrobject) (1 tasks) w/ 1 CPUs. 3.000000 <= MDL < 4.500000. Timeout 599.344734.
	(ocaml: 1 CPUs. shatter: 1. |fringe| = 1. |finished| = 0.)
(python) Launching list(tclevrobject) -> list(tclevrobject) (1 tasks) w/ 1 CPUs. 3.000000 <= MDL < 4.500000. Timeout 599.346944.
	(ocaml: 1 CPUs. shatter: 1. |fringe| = 1. |finished| = 0.)
(python) Launching list(tclevrobject) -> list(tclevrobject) (1 tasks) w/ 1 CPUs. 3.000000 <= MDL < 4.500000. Timeout 599.349128.
	(ocaml: 1 CPUs. shatter: 1. |fringe| = 1. |finished| = 0.)
(python) Launching list(tclevrobject) -> list(tclevrobject) (1 tasks) w/ 1 CPUs. 3.000000 <= MDL < 4.500000. Timeout 599.348149.
(python) Launching list(tclevrobject) -> list(tclevrobject) (1 tasks) w/ 1 CPUs. 3.000000 <= MDL < 4.500000. Timeout 599.349907.
	(ocaml: 1 CPUs. shatter: 1. |fringe| = 1. |finished| = 0.)
	(ocaml: 1 CPUs. shatter: 1. |fringe| = 1. |finished| = 0.)
(python) Launching list(tclevrobject) -> list(tclevrobject) (1 tasks) w/ 1 CPUs. 3.000000 <= MDL < 4.500000. Timeout 599.349649.
	(ocaml: 1 CPUs. shatter: 1. |fringe| = 1. |finished| = 0.)
(python) Launching list(tclevrobject) -> list(tclevrobject) (1 tasks) w/ 1 CPUs. 3.000000 <= MDL < 4.500000. Timeout 599.346616.
	(ocaml: 1 CPUs. shatter: 1. |fringe| = 1. |finished| = 0.)
(python) Launching list(tclevrobject) -> list(tclevrobject) (1 tasks) w/ 1 CPUs. 3.000000 <= MDL < 4.500000. Timeout 599.341170.
	(ocaml: 1 CPUs. shatter: 1. |fringe| = 1. |finished| = 0.)
(python) Launching list(tclevrobject) -> list(tclevrobject) (1 tasks) w/ 1 CPUs. 3.000000 <= MDL < 4.500000. Timeout 599.341695.
	(ocaml: 1 CPUs. shatter: 1. |fringe| = 1. |finished| = 0.)
(python) Launching list(tclevrobject) -> int (1 tasks) w/ 1 CPUs. 3.000000 <= MDL < 4.500000. Timeout 599.342667.
	(ocaml: 1 CPUs. shatter: 1. |fringe| = 1. |finished| = 0.)
(python) Launching list(tclevrobject) -> int (1 tasks) w/ 1 CPUs. 3.000000 <= MDL < 4.500000. Timeout 599.341995.
	(ocaml: 1 CPUs. shatter: 1. |fringe| = 1. |finished| = 0.)
(python) Launching list(tclevrobject) -> int (1 tasks) w/ 1 CPUs. 3.000000 <= MDL < 4.500000. Timeout 599.341130.
	(ocaml: 1 CPUs. shatter: 1. |fringe| = 1. |finished| = 0.)
(python) Launching list(tclevrobject) -> int (1 tasks) w/ 1 CPUs. 3.000000 <= MDL < 4.500000. Timeout 599.343196.
(python) Launching list(tclevrobject) -> int (1 tasks) w/ 1 CPUs. 3.000000 <= MDL < 4.500000. Timeout 599.342721.
	(ocaml: 1 CPUs. shatter: 1. |fringe| = 1. |finished| = 0.)
	(ocaml: 1 CPUs. shatter: 1. |fringe| = 1. |finished| = 0.)
(python) Launching list(tclevrobject) -> bool (1 tasks) w/ 1 CPUs. 4.500000 <= MDL < 6.000000. Timeout 599.039990.
	(ocaml: 1 CPUs. shatter: 1. |fringe| = 1. |finished| = 0.)
(python) Launching list(tclevrobject) -> int (1 tasks) w/ 1 CPUs. 4.500000 <= MDL < 6.000000. Timeout 599.041724.
	(ocaml: 1 CPUs. shatter: 1. |fringe| = 1. |finished| = 0.)
(python) Launching list(tclevrobject) -> list(tclevrobject) (1 tasks) w/ 1 CPUs. 3.000000 <= MDL < 4.500000. Timeout 599.325377.
	(ocaml: 1 CPUs. shatter: 1. |fringe| = 1. |finished| = 0.)
(python) Launching list(tclevrobject) -> tclevrsize (1 tasks) w/ 1 CPUs. 4.500000 <= MDL < 6.000000. Timeout 599.033037.
	(ocaml: 1 CPUs. shatter: 1. |fringe| = 1. |finished| = 0.)
(python) Launching list(tclevrobject) -> tclevrcolor (1 tasks) w/ 1 CPUs. 4.500000 <= MDL < 6.000000. Timeout 599.030076.
	(ocaml: 1 CPUs. shatter: 1. |fringe| = 1. |finished| = 0.)
(python) Launching list(tclevrobject) -> tclevrshape (1 tasks) w/ 1 CPUs. 4.500000 <= MDL < 6.000000. Timeout 599.027859.
(python) Launching list(tclevrobject) -> tclevrshape (1 tasks) w/ 1 CPUs. 4.500000 <= MDL < 6.000000. Timeout 599.027489.
	(ocaml: 1 CPUs. shatter: 1. |fringe| = 1. |finished| = 0.)
	(ocaml: 1 CPUs. shatter: 1. |fringe| = 1. |finished| = 0.)
(python) Launching list(tclevrobject) -> tclevrshape (1 tasks) w/ 1 CPUs. 4.500000 <= MDL < 6.000000. Timeout 599.027119.
	(ocaml: 1 CPUs. shatter: 1. |fringe| = 1. |finished| = 0.)
(python) Launching list(tclevrobject) -> int (1 tasks) w/ 1 CPUs. 4.500000 <= MDL < 6.000000. Timeout 599.025437.
	(ocaml: 1 CPUs. shatter: 1. |fringe| = 1. |finished| = 0.)
(python) Launching list(tclevrobject) -> int (1 tasks) w/ 1 CPUs. 4.500000 <= MDL < 6.000000. Timeout 599.033358.
	(ocaml: 1 CPUs. shatter: 1. |fringe| = 1. |finished| = 0.)
(python) Launching list(tclevrobject) -> int (1 tasks) w/ 1 CPUs. 4.500000 <= MDL < 6.000000. Timeout 599.013394.
	(ocaml: 1 CPUs. shatter: 1. |fringe| = 1. |finished| = 0.)
(python) Launching list(tclevrobject) -> int (1 tasks) w/ 1 CPUs. 4.500000 <= MDL < 6.000000. Timeout 599.031811.
(python) Launching list(tclevrobject) -> int (1 tasks) w/ 1 CPUs. 4.500000 <= MDL < 6.000000. Timeout 599.013514.
	(ocaml: 1 CPUs. shatter: 1. |fringe| = 1. |finished| = 0.)
	(ocaml: 1 CPUs. shatter: 1. |fringe| = 1. |finished| = 0.)
(python) Launching list(tclevrobject) -> int (1 tasks) w/ 1 CPUs. 4.500000 <= MDL < 6.000000. Timeout 599.040079.
	(ocaml: 1 CPUs. shatter: 1. |fringe| = 1. |finished| = 0.)
(python) Launching list(tclevrobject) -> int (1 tasks) w/ 1 CPUs. 4.500000 <= MDL < 6.000000. Timeout 599.020929.
	(ocaml: 1 CPUs. shatter: 1. |fringe| = 1. |finished| = 0.)
(python) Launching list(tclevrobject) -> tclevrshape (1 tasks) w/ 1 CPUs. 4.500000 <= MDL < 6.000000. Timeout 599.040904.
	(ocaml: 1 CPUs. shatter: 1. |fringe| = 1. |finished| = 0.)
(python) Launching list(tclevrobject) -> int (1 tasks) w/ 1 CPUs. 4.500000 <= MDL < 6.000000. Timeout 599.021199.
	(ocaml: 1 CPUs. shatter: 1. |fringe| = 1. |finished| = 0.)
(python) Launching list(tclevrobject) -> tclevrshape (1 tasks) w/ 1 CPUs. 4.500000 <= MDL < 6.000000. Timeout 599.029751.
	(ocaml: 1 CPUs. shatter: 1. |fringe| = 1. |finished| = 0.)
(python) Launching list(tclevrobject) -> list(tclevrobject) (1 tasks) w/ 1 CPUs. 4.500000 <= MDL < 6.000000. Timeout 599.028574.
	(ocaml: 1 CPUs. shatter: 1. |fringe| = 1. |finished| = 0.)
(python) Launching list(tclevrobject) -> list(tclevrobject) (1 tasks) w/ 1 CPUs. 4.500000 <= MDL < 6.000000. Timeout 599.027154.
	(ocaml: 1 CPUs. shatter: 1. |fringe| = 1. |finished| = 0.)
(python) Launching list(tclevrobject) -> list(tclevrobject) (1 tasks) w/ 1 CPUs. 4.500000 <= MDL < 6.000000. Timeout 599.030081.
	(ocaml: 1 CPUs. shatter: 1. |fringe| = 1. |finished| = 0.)
	(ocaml: 1 CPUs. shatter: 1. |fringe| = 1. |finished| = 0.)
(python) Launching list(tclevrobject) -> list(tclevrobject) (1 tasks) w/ 1 CPUs. 4.500000 <= MDL < 6.000000. Timeout 599.030384.
(python) Launching list(tclevrobject) -> list(tclevrobject) (1 tasks) w/ 1 CPUs. 4.500000 <= MDL < 6.000000. Timeout 599.028903.
	(ocaml: 1 CPUs. shatter: 1. |fringe| = 1. |finished| = 0.)
(python) Launching list(tclevrobject) -> list(tclevrobject) (1 tasks) w/ 1 CPUs. 4.500000 <= MDL < 6.000000. Timeout 599.029723.
	(ocaml: 1 CPUs. shatter: 1. |fringe| = 1. |finished| = 0.)
(python) Launching list(tclevrobject) -> list(tclevrobject) (1 tasks) w/ 1 CPUs. 4.500000 <= MDL < 6.000000. Timeout 599.025950.
	(ocaml: 1 CPUs. shatter: 1. |fringe| = 1. |finished| = 0.)
(python) Launching list(tclevrobject) -> list(tclevrobject) (1 tasks) w/ 1 CPUs. 4.500000 <= MDL < 6.000000. Timeout 599.024172.
	(ocaml: 1 CPUs. shatter: 1. |fringe| = 1. |finished| = 0.)
(python) Launching list(tclevrobject) -> list(tclevrobject) (1 tasks) w/ 1 CPUs. 4.500000 <= MDL < 6.000000. Timeout 599.025687.
	(ocaml: 1 CPUs. shatter: 1. |fringe| = 1. |finished| = 0.)
(python) Launching list(tclevrobject) -> int (1 tasks) w/ 1 CPUs. 4.500000 <= MDL < 6.000000. Timeout 599.024504.
	(ocaml: 1 CPUs. shatter: 1. |fringe| = 1. |finished| = 0.)
(python) Launching list(tclevrobject) -> int (1 tasks) w/ 1 CPUs. 4.500000 <= MDL < 6.000000. Timeout 599.022800.
	(ocaml: 1 CPUs. shatter: 1. |fringe| = 1. |finished| = 0.)
(python) Launching list(tclevrobject) -> int (1 tasks) w/ 1 CPUs. 4.500000 <= MDL < 6.000000. Timeout 599.022601.
	(ocaml: 1 CPUs. shatter: 1. |fringe| = 1. |finished| = 0.)
(python) Launching list(tclevrobject) -> int (1 tasks) w/ 1 CPUs. 4.500000 <= MDL < 6.000000. Timeout 599.021780.
	(ocaml: 1 CPUs. shatter: 1. |fringe| = 1. |finished| = 0.)
(python) Launching list(tclevrobject) -> int (1 tasks) w/ 1 CPUs. 4.500000 <= MDL < 6.000000. Timeout 599.022888.
	(ocaml: 1 CPUs. shatter: 1. |fringe| = 1. |finished| = 0.)
(python) Launching list(tclevrobject) -> bool (1 tasks) w/ 1 CPUs. 6.000000 <= MDL < 7.500000. Timeout 598.716158.
	(ocaml: 1 CPUs. shatter: 1. |fringe| = 1. |finished| = 0.)
(python) Launching list(tclevrobject) -> int (1 tasks) w/ 1 CPUs. 6.000000 <= MDL < 7.500000. Timeout 598.717618.
	(ocaml: 1 CPUs. shatter: 1. |fringe| = 1. |finished| = 0.)
	(ocaml: 1 CPUs. shatter: 1. |fringe| = 1. |finished| = 0.)
(python) Launching list(tclevrobject) -> list(tclevrobject) (1 tasks) w/ 1 CPUs. 4.500000 <= MDL < 6.000000. Timeout 599.000118.
(python) Launching list(tclevrobject) -> tclevrsize (1 tasks) w/ 1 CPUs. 6.000000 <= MDL < 7.500000. Timeout 598.707642.
	(ocaml: 1 CPUs. shatter: 1. |fringe| = 1. |finished| = 0.)
(python) Launching list(tclevrobject) -> tclevrcolor (1 tasks) w/ 1 CPUs. 6.000000 <= MDL < 7.500000. Timeout 598.705036.
	(ocaml: 1 CPUs. shatter: 1. |fringe| = 1. |finished| = 0.)
(python) Launching list(tclevrobject) -> tclevrshape (1 tasks) w/ 1 CPUs. 6.000000 <= MDL < 7.500000. Timeout 598.701440.
	(ocaml: 1 CPUs. shatter: 1. |fringe| = 1. |finished| = 0.)
(python) Launching list(tclevrobject) -> tclevrshape (1 tasks) w/ 1 CPUs. 6.000000 <= MDL < 7.500000. Timeout 598.702236.
	(ocaml: 1 CPUs. shatter: 1. |fringe| = 1. |finished| = 0.)
(python) Launching list(tclevrobject) -> tclevrshape (1 tasks) w/ 1 CPUs. 6.000000 <= MDL < 7.500000. Timeout 598.702598.
	(ocaml: 1 CPUs. shatter: 1. |fringe| = 1. |finished| = 0.)
(python) Launching list(tclevrobject) -> int (1 tasks) w/ 1 CPUs. 6.000000 <= MDL < 7.500000. Timeout 598.702352.
	(ocaml: 1 CPUs. shatter: 1. |fringe| = 1. |finished| = 0.)
(python) Launching list(tclevrobject) -> int (1 tasks) w/ 1 CPUs. 6.000000 <= MDL < 7.500000. Timeout 598.711041.
	(ocaml: 1 CPUs. shatter: 1. |fringe| = 1. |finished| = 0.)
(python) Launching list(tclevrobject) -> int (1 tasks) w/ 1 CPUs. 6.000000 <= MDL < 7.500000. Timeout 598.688523.
	(ocaml: 1 CPUs. shatter: 1. |fringe| = 1. |finished| = 0.)
(python) Launching list(tclevrobject) -> int (1 tasks) w/ 1 CPUs. 6.000000 <= MDL < 7.500000. Timeout 598.709631.
	(ocaml: 1 CPUs. shatter: 1. |fringe| = 1. |finished| = 0.)
(python) Launching list(tclevrobject) -> int (1 tasks) w/ 1 CPUs. 6.000000 <= MDL < 7.500000. Timeout 598.689328.
	(ocaml: 1 CPUs. shatter: 1. |fringe| = 1. |finished| = 0.)
(python) Launching list(tclevrobject) -> int (1 tasks) w/ 1 CPUs. 6.000000 <= MDL < 7.500000. Timeout 598.713681.
	(ocaml: 1 CPUs. shatter: 1. |fringe| = 1. |finished| = 0.)
(python) Launching list(tclevrobject) -> int (1 tasks) w/ 1 CPUs. 6.000000 <= MDL < 7.500000. Timeout 598.692393.
	(ocaml: 1 CPUs. shatter: 1. |fringe| = 1. |finished| = 0.)
(python) Launching list(tclevrobject) -> tclevrshape (1 tasks) w/ 1 CPUs. 6.000000 <= MDL < 7.500000. Timeout 598.717352.
	(ocaml: 1 CPUs. shatter: 1. |fringe| = 1. |finished| = 0.)
	(ocaml: 1 CPUs. shatter: 1. |fringe| = 1. |finished| = 0.)
(python) Launching list(tclevrobject) -> tclevrshape (1 tasks) w/ 1 CPUs. 6.000000 <= MDL < 7.500000. Timeout 598.715839.
(python) Launching list(tclevrobject) -> int (1 tasks) w/ 1 CPUs. 6.000000 <= MDL < 7.500000. Timeout 598.685140.
(python) Launching list(tclevrobject) -> list(tclevrobject) (1 tasks) w/ 1 CPUs. 6.000000 <= MDL < 7.500000. Timeout 598.702751.
	(ocaml: 1 CPUs. shatter: 1. |fringe| = 1. |finished| = 0.)
	(ocaml: 1 CPUs. shatter: 1. |fringe| = 1. |finished| = 0.)
(python) Launching list(tclevrobject) -> list(tclevrobject) (1 tasks) w/ 1 CPUs. 6.000000 <= MDL < 7.500000. Timeout 598.703051.
(python) Launching list(tclevrobject) -> list(tclevrobject) (1 tasks) w/ 1 CPUs. 6.000000 <= MDL < 7.500000. Timeout 598.707023.
	(ocaml: 1 CPUs. shatter: 1. |fringe| = 1. |finished| = 0.)
	(ocaml: 1 CPUs. shatter: 1. |fringe| = 1. |finished| = 0.)
(python) Launching list(tclevrobject) -> list(tclevrobject) (1 tasks) w/ 1 CPUs. 6.000000 <= MDL < 7.500000. Timeout 598.706744.
	(ocaml: 1 CPUs. shatter: 1. |fringe| = 1. |finished| = 0.)
(python) Launching list(tclevrobject) -> list(tclevrobject) (1 tasks) w/ 1 CPUs. 6.000000 <= MDL < 7.500000. Timeout 598.705190.
	(ocaml: 1 CPUs. shatter: 1. |fringe| = 1. |finished| = 0.)
(python) Launching list(tclevrobject) -> list(tclevrobject) (1 tasks) w/ 1 CPUs. 6.000000 <= MDL < 7.500000. Timeout 598.706087.
	(ocaml: 1 CPUs. shatter: 1. |fringe| = 1. |finished| = 0.)
(python) Launching list(tclevrobject) -> list(tclevrobject) (1 tasks) w/ 1 CPUs. 6.000000 <= MDL < 7.500000. Timeout 598.707683.
(python) Launching list(tclevrobject) -> list(tclevrobject) (1 tasks) w/ 1 CPUs. 6.000000 <= MDL < 7.500000. Timeout 598.701449.
	(ocaml: 1 CPUs. shatter: 1. |fringe| = 1. |finished| = 0.)
	(ocaml: 1 CPUs. shatter: 1. |fringe| = 1. |finished| = 0.)
(python) Launching list(tclevrobject) -> list(tclevrobject) (1 tasks) w/ 1 CPUs. 6.000000 <= MDL < 7.500000. Timeout 598.698400.
	(ocaml: 1 CPUs. shatter: 1. |fringe| = 1. |finished| = 0.)
(python) Launching list(tclevrobject) -> int (1 tasks) w/ 1 CPUs. 6.000000 <= MDL < 7.500000. Timeout 598.696350.
	(ocaml: 1 CPUs. shatter: 1. |fringe| = 1. |finished| = 0.)
(python) Launching list(tclevrobject) -> int (1 tasks) w/ 1 CPUs. 6.000000 <= MDL < 7.500000. Timeout 598.694247.
	(ocaml: 1 CPUs. shatter: 1. |fringe| = 1. |finished| = 0.)
(python) Launching list(tclevrobject) -> int (1 tasks) w/ 1 CPUs. 6.000000 <= MDL < 7.500000. Timeout 598.703625.
	(ocaml: 1 CPUs. shatter: 1. |fringe| = 1. |finished| = 0.)
(python) Launching list(tclevrobject) -> int (1 tasks) w/ 1 CPUs. 6.000000 <= MDL < 7.500000. Timeout 598.687358.
(python) Launching list(tclevrobject) -> int (1 tasks) w/ 1 CPUs. 6.000000 <= MDL < 7.500000. Timeout 598.699804.
	(ocaml: 1 CPUs. shatter: 1. |fringe| = 1. |finished| = 0.)
	(ocaml: 1 CPUs. shatter: 1. |fringe| = 1. |finished| = 0.)
(python) Launching list(tclevrobject) -> bool (1 tasks) w/ 1 CPUs. 7.500000 <= MDL < 9.000000. Timeout 598.393118.
	(ocaml: 1 CPUs. shatter: 1. |fringe| = 1. |finished| = 0.)
(python) Launching list(tclevrobject) -> int (1 tasks) w/ 1 CPUs. 7.500000 <= MDL < 9.000000. Timeout 598.397568.
	(ocaml: 1 CPUs. shatter: 1. |fringe| = 1. |finished| = 0.)
	(ocaml: 1 CPUs. shatter: 1. |fringe| = 1. |finished| = 0.)
(python) Launching list(tclevrobject) -> list(tclevrobject) (1 tasks) w/ 1 CPUs. 6.000000 <= MDL < 7.500000. Timeout 598.678629.
(python) Launching list(tclevrobject) -> tclevrsize (1 tasks) w/ 1 CPUs. 7.500000 <= MDL < 9.000000. Timeout 598.385029.
	(ocaml: 1 CPUs. shatter: 1. |fringe| = 1. |finished| = 0.)
(python) Launching list(tclevrobject) -> tclevrcolor (1 tasks) w/ 1 CPUs. 7.500000 <= MDL < 9.000000. Timeout 598.379140.
	(ocaml: 1 CPUs. shatter: 1. |fringe| = 1. |finished| = 0.)
(python) Launching list(tclevrobject) -> tclevrshape (1 tasks) w/ 1 CPUs. 7.500000 <= MDL < 9.000000. Timeout 598.374941.
	(ocaml: 1 CPUs. shatter: 1. |fringe| = 1. |finished| = 0.)
(python) Launching list(tclevrobject) -> tclevrshape (1 tasks) w/ 1 CPUs. 7.500000 <= MDL < 9.000000. Timeout 598.376479.
	(ocaml: 1 CPUs. shatter: 1. |fringe| = 1. |finished| = 0.)
(python) Launching list(tclevrobject) -> tclevrshape (1 tasks) w/ 1 CPUs. 7.500000 <= MDL < 9.000000. Timeout 598.377525.
	(ocaml: 1 CPUs. shatter: 1. |fringe| = 1. |finished| = 0.)
(python) Launching list(tclevrobject) -> int (1 tasks) w/ 1 CPUs. 7.500000 <= MDL < 9.000000. Timeout 598.375030.
	(ocaml: 1 CPUs. shatter: 1. |fringe| = 1. |finished| = 0.)
(python) Launching list(tclevrobject) -> int (1 tasks) w/ 1 CPUs. 7.500000 <= MDL < 9.000000. Timeout 598.388255.
(python) Launching list(tclevrobject) -> int (1 tasks) w/ 1 CPUs. 7.500000 <= MDL < 9.000000. Timeout 598.370284.
	(ocaml: 1 CPUs. shatter: 1. |fringe| = 1. |finished| = 0.)
	(ocaml: 1 CPUs. shatter: 1. |fringe| = 1. |finished| = 0.)
(python) Launching list(tclevrobject) -> int (1 tasks) w/ 1 CPUs. 7.500000 <= MDL < 9.000000. Timeout 598.389300.
(python) Launching list(tclevrobject) -> int (1 tasks) w/ 1 CPUs. 7.500000 <= MDL < 9.000000. Timeout 598.365508.
	(ocaml: 1 CPUs. shatter: 1. |fringe| = 1. |finished| = 0.)
	(ocaml: 1 CPUs. shatter: 1. |fringe| = 1. |finished| = 0.)
(python) Launching list(tclevrobject) -> int (1 tasks) w/ 1 CPUs. 7.500000 <= MDL < 9.000000. Timeout 598.382048.
	(ocaml: 1 CPUs. shatter: 1. |fringe| = 1. |finished| = 0.)
(python) Launching list(tclevrobject) -> int (1 tasks) w/ 1 CPUs. 7.500000 <= MDL < 9.000000. Timeout 598.380215.
	(ocaml: 1 CPUs. shatter: 1. |fringe| = 1. |finished| = 0.)
(python) Launching list(tclevrobject) -> tclevrshape (1 tasks) w/ 1 CPUs. 7.500000 <= MDL < 9.000000. Timeout 598.390295.
	(ocaml: 1 CPUs. shatter: 1. |fringe| = 1. |finished| = 0.)
(python) Launching list(tclevrobject) -> tclevrshape (1 tasks) w/ 1 CPUs. 7.500000 <= MDL < 9.000000. Timeout 598.391826.
	(ocaml: 1 CPUs. shatter: 1. |fringe| = 1. |finished| = 0.)
(python) Launching list(tclevrobject) -> int (1 tasks) w/ 1 CPUs. 7.500000 <= MDL < 9.000000. Timeout 598.359774.
	(ocaml: 1 CPUs. shatter: 1. |fringe| = 1. |finished| = 0.)
(python) Launching list(tclevrobject) -> list(tclevrobject) (1 tasks) w/ 1 CPUs. 7.500000 <= MDL < 9.000000. Timeout 598.380379.
	(ocaml: 1 CPUs. shatter: 1. |fringe| = 1. |finished| = 0.)
(python) Launching list(tclevrobject) -> list(tclevrobject) (1 tasks) w/ 1 CPUs. 7.500000 <= MDL < 9.000000. Timeout 598.379544.
	(ocaml: 1 CPUs. shatter: 1. |fringe| = 1. |finished| = 0.)
(python) Launching list(tclevrobject) -> list(tclevrobject) (1 tasks) w/ 1 CPUs. 7.500000 <= MDL < 9.000000. Timeout 598.380392.
	(ocaml: 1 CPUs. shatter: 1. |fringe| = 1. |finished| = 0.)
	(ocaml: 1 CPUs. shatter: 1. |fringe| = 1. |finished| = 0.)
(python) Launching list(tclevrobject) -> list(tclevrobject) (1 tasks) w/ 1 CPUs. 7.500000 <= MDL < 9.000000. Timeout 598.378000.
(python) Launching list(tclevrobject) -> list(tclevrobject) (1 tasks) w/ 1 CPUs. 7.500000 <= MDL < 9.000000. Timeout 598.378665.
	(ocaml: 1 CPUs. shatter: 1. |fringe| = 1. |finished| = 0.)
(python) Launching list(tclevrobject) -> list(tclevrobject) (1 tasks) w/ 1 CPUs. 7.500000 <= MDL < 9.000000. Timeout 598.379277.
	(ocaml: 1 CPUs. shatter: 1. |fringe| = 1. |finished| = 0.)
(python) Launching list(tclevrobject) -> list(tclevrobject) (1 tasks) w/ 1 CPUs. 7.500000 <= MDL < 9.000000. Timeout 598.377000.
	(ocaml: 1 CPUs. shatter: 1. |fringe| = 1. |finished| = 0.)
(python) Launching list(tclevrobject) -> list(tclevrobject) (1 tasks) w/ 1 CPUs. 7.500000 <= MDL < 9.000000. Timeout 598.373765.
	(ocaml: 1 CPUs. shatter: 1. |fringe| = 1. |finished| = 0.)
(python) Launching list(tclevrobject) -> int (1 tasks) w/ 1 CPUs. 7.500000 <= MDL < 9.000000. Timeout 598.381937.
	(ocaml: 1 CPUs. shatter: 1. |fringe| = 1. |finished| = 0.)
(python) Launching list(tclevrobject) -> list(tclevrobject) (1 tasks) w/ 1 CPUs. 7.500000 <= MDL < 9.000000. Timeout 598.360619.
	(ocaml: 1 CPUs. shatter: 1. |fringe| = 1. |finished| = 0.)
(python) Launching list(tclevrobject) -> int (1 tasks) w/ 1 CPUs. 7.500000 <= MDL < 9.000000. Timeout 598.371609.
	(ocaml: 1 CPUs. shatter: 1. |fringe| = 1. |finished| = 0.)
(python) Launching list(tclevrobject) -> int (1 tasks) w/ 1 CPUs. 7.500000 <= MDL < 9.000000. Timeout 598.372514.
	(ocaml: 1 CPUs. shatter: 1. |fringe| = 1. |finished| = 0.)
(python) Launching list(tclevrobject) -> int (1 tasks) w/ 1 CPUs. 7.500000 <= MDL < 9.000000. Timeout 598.374985.
	(ocaml: 1 CPUs. shatter: 1. |fringe| = 1. |finished| = 0.)
(python) Launching list(tclevrobject) -> int (1 tasks) w/ 1 CPUs. 7.500000 <= MDL < 9.000000. Timeout 598.373269.
	(ocaml: 1 CPUs. shatter: 1. |fringe| = 1. |finished| = 0.)
(python) Launching list(tclevrobject) -> int (1 tasks) w/ 2 CPUs. 9.000000 <= MDL < 10.500000. Timeout 598.079859.
	(ocaml: 1 CPUs. shatter: 1. |fringe| = 1. |finished| = 0.)
(python) Launching list(tclevrobject) -> tclevrcolor (1 tasks) w/ 3 CPUs. 9.000000 <= MDL < 10.500000. Timeout 598.084150.
	(ocaml: 1 CPUs. shatter: 1. |fringe| = 1. |finished| = 0.)
(python) Launching list(tclevrobject) -> tclevrshape (1 tasks) w/ 2 CPUs. 9.000000 <= MDL < 10.500000. Timeout 598.090133.
	(ocaml: 1 CPUs. shatter: 1. |fringe| = 1. |finished| = 0.)
(python) Launching list(tclevrobject) -> tclevrshape (1 tasks) w/ 1 CPUs. 9.000000 <= MDL < 10.500000. Timeout 598.091894.
	(ocaml: 1 CPUs. shatter: 1. |fringe| = 1. |finished| = 0.)
(python) Launching list(tclevrobject) -> int (1 tasks) w/ 2 CPUs. 9.000000 <= MDL < 10.500000. Timeout 598.106520.
	(ocaml: 2 CPUs. shatter: 20. |fringe| = 22. |finished| = 0.)
(python) Launching list(tclevrobject) -> int (1 tasks) w/ 1 CPUs. 9.000000 <= MDL < 10.500000. Timeout 598.085582.
	(ocaml: 3 CPUs. shatter: 30. |fringe| = 38. |finished| = 0.)
(python) Launching list(tclevrobject) -> int (1 tasks) w/ 2 CPUs. 9.000000 <= MDL < 10.500000. Timeout 598.090222.
	(ocaml: 2 CPUs. shatter: 20. |fringe| = 24. |finished| = 3.)
(python) Launching list(tclevrobject) -> int (1 tasks) w/ 1 CPUs. 9.000000 <= MDL < 10.500000. Timeout 598.102695.
	(ocaml: 1 CPUs. shatter: 1. |fringe| = 1. |finished| = 0.)
(python) Launching list(tclevrobject) -> tclevrshape (1 tasks) w/ 2 CPUs. 9.000000 <= MDL < 10.500000. Timeout 598.119381.
	(ocaml: 2 CPUs. shatter: 20. |fringe| = 21. |finished| = 1.)
(python) Launching list(tclevrobject) -> tclevrshape (1 tasks) w/ 1 CPUs. 9.000000 <= MDL < 10.500000. Timeout 598.118266.
	(ocaml: 1 CPUs. shatter: 1. |fringe| = 1. |finished| = 0.)
(python) Launching list(tclevrobject) -> int (1 tasks) w/ 1 CPUs. 9.000000 <= MDL < 10.500000. Timeout 598.090157.
	(ocaml: 2 CPUs. shatter: 20. |fringe| = 24. |finished| = 0.)
(python) Launching list(tclevrobject) -> list(tclevrobject) (1 tasks) w/ 1 CPUs. 9.000000 <= MDL < 10.500000. Timeout 598.106819.
	(ocaml: 1 CPUs. shatter: 1. |fringe| = 1. |finished| = 0.)
(python) Launching list(tclevrobject) -> list(tclevrobject) (1 tasks) w/ 1 CPUs. 9.000000 <= MDL < 10.500000. Timeout 598.105427.
	(ocaml: 2 CPUs. shatter: 20. |fringe| = 24. |finished| = 0.)
(python) Launching list(tclevrobject) -> list(tclevrobject) (1 tasks) w/ 1 CPUs. 9.000000 <= MDL < 10.500000. Timeout 598.106774.
	(ocaml: 1 CPUs. shatter: 1. |fringe| = 1. |finished| = 0.)
(python) Launching list(tclevrobject) -> list(tclevrobject) (1 tasks) w/ 1 CPUs. 9.000000 <= MDL < 10.500000. Timeout 598.104939.
	(ocaml: 1 CPUs. shatter: 1. |fringe| = 1. |finished| = 0.)
(python) Launching list(tclevrobject) -> list(tclevrobject) (1 tasks) w/ 1 CPUs. 9.000000 <= MDL < 10.500000. Timeout 598.104869.
	(ocaml: 1 CPUs. shatter: 1. |fringe| = 1. |finished| = 0.)
(python) Launching list(tclevrobject) -> list(tclevrobject) (1 tasks) w/ 1 CPUs. 9.000000 <= MDL < 10.500000. Timeout 598.105886.
	(ocaml: 1 CPUs. shatter: 1. |fringe| = 1. |finished| = 0.)
(python) Launching list(tclevrobject) -> list(tclevrobject) (1 tasks) w/ 1 CPUs. 9.000000 <= MDL < 10.500000. Timeout 598.104400.
	(ocaml: 1 CPUs. shatter: 1. |fringe| = 1. |finished| = 0.)
(python) Launching list(tclevrobject) -> list(tclevrobject) (1 tasks) w/ 1 CPUs. 9.000000 <= MDL < 10.500000. Timeout 598.100399.
	(ocaml: 1 CPUs. shatter: 1. |fringe| = 1. |finished| = 0.)
(python) Launching list(tclevrobject) -> int (1 tasks) w/ 1 CPUs. 9.000000 <= MDL < 10.500000. Timeout 598.110640.
	(ocaml: 1 CPUs. shatter: 1. |fringe| = 1. |finished| = 0.)
(python) Launching list(tclevrobject) -> list(tclevrobject) (1 tasks) w/ 1 CPUs. 9.000000 <= MDL < 10.500000. Timeout 598.087061.
	(ocaml: 1 CPUs. shatter: 1. |fringe| = 1. |finished| = 0.)
(python) Launching list(tclevrobject) -> int (1 tasks) w/ 1 CPUs. 9.000000 <= MDL < 10.500000. Timeout 598.095592.
	(ocaml: 1 CPUs. shatter: 1. |fringe| = 1. |finished| = 0.)
(python) Launching list(tclevrobject) -> int (1 tasks) w/ 1 CPUs. 9.000000 <= MDL < 10.500000. Timeout 598.095067.
	(ocaml: 1 CPUs. shatter: 1. |fringe| = 1. |finished| = 0.)
(python) Launching list(tclevrobject) -> int (1 tasks) w/ 1 CPUs. 9.000000 <= MDL < 10.500000. Timeout 598.093226.
	(ocaml: 1 CPUs. shatter: 1. |fringe| = 1. |finished| = 0.)
(python) Launching list(tclevrobject) -> int (1 tasks) w/ 1 CPUs. 9.000000 <= MDL < 10.500000. Timeout 598.092014.
	(ocaml: 1 CPUs. shatter: 1. |fringe| = 1. |finished| = 0.)
(python) Launching list(tclevrobject) -> int (1 tasks) w/ 2 CPUs. 10.500000 <= MDL < 12.000000. Timeout 597.798303.
	(ocaml: 1 CPUs. shatter: 1. |fringe| = 1. |finished| = 0.)
(python) Launching list(tclevrobject) -> tclevrcolor (1 tasks) w/ 3 CPUs. 10.500000 <= MDL < 12.000000. Timeout 597.803463.
	(ocaml: 1 CPUs. shatter: 1. |fringe| = 1. |finished| = 0.)
(python) Launching list(tclevrobject) -> tclevrshape (1 tasks) w/ 3 CPUs. 10.500000 <= MDL < 12.000000. Timeout 597.816084.
	(ocaml: 1 CPUs. shatter: 1. |fringe| = 1. |finished| = 0.)
(python) Launching list(tclevrobject) -> int (1 tasks) w/ 2 CPUs. 10.500000 <= MDL < 12.000000. Timeout 597.831211.
	(ocaml: 1 CPUs. shatter: 1. |fringe| = 1. |finished| = 0.)
(python) Launching list(tclevrobject) -> int (1 tasks) w/ 1 CPUs. 10.500000 <= MDL < 12.000000. Timeout 597.807204.
	(ocaml: 2 CPUs. shatter: 20. |fringe| = 22. |finished| = 0.)
(python) Launching list(tclevrobject) -> int (1 tasks) w/ 1 CPUs. 10.500000 <= MDL < 12.000000. Timeout 597.837272.
	(ocaml: 3 CPUs. shatter: 30. |fringe| = 38. |finished| = 0.)
(python) Launching list(tclevrobject) -> int (1 tasks) w/ 2 CPUs. 10.500000 <= MDL < 12.000000. Timeout 597.799971.
	(ocaml: 3 CPUs. shatter: 30. |fringe| = 33. |finished| = 0.)
(python) Launching list(tclevrobject) -> tclevrshape (1 tasks) w/ 1 CPUs. 10.500000 <= MDL < 12.000000. Timeout 597.850825.
	(ocaml: 2 CPUs. shatter: 20. |fringe| = 22. |finished| = 0.)
(python) Launching list(tclevrobject) -> tclevrshape (1 tasks) w/ 2 CPUs. 10.500000 <= MDL < 12.000000. Timeout 597.825602.
	(ocaml: 1 CPUs. shatter: 1. |fringe| = 1. |finished| = 0.)
(python) Launching list(tclevrobject) -> int (1 tasks) w/ 1 CPUs. 10.500000 <= MDL < 12.000000. Timeout 597.802769.
	(ocaml: 1 CPUs. shatter: 1. |fringe| = 1. |finished| = 0.)
(python) Launching list(tclevrobject) -> list(tclevrobject) (1 tasks) w/ 1 CPUs. 10.500000 <= MDL < 12.000000. Timeout 597.820070.
	(ocaml: 2 CPUs. shatter: 20. |fringe| = 24. |finished| = 0.)
(python) Launching list(tclevrobject) -> list(tclevrobject) (1 tasks) w/ 1 CPUs. 10.500000 <= MDL < 12.000000. Timeout 597.823027.
	(ocaml: 1 CPUs. shatter: 1. |fringe| = 1. |finished| = 0.)
(python) Launching list(tclevrobject) -> list(tclevrobject) (1 tasks) w/ 1 CPUs. 10.500000 <= MDL < 12.000000. Timeout 597.822914.
	(ocaml: 2 CPUs. shatter: 20. |fringe| = 24. |finished| = 0.)
(python) Launching list(tclevrobject) -> list(tclevrobject) (1 tasks) w/ 1 CPUs. 10.500000 <= MDL < 12.000000. Timeout 597.822290.
(python) Launching list(tclevrobject) -> list(tclevrobject) (1 tasks) w/ 1 CPUs. 10.500000 <= MDL < 12.000000. Timeout 597.821230.
	(ocaml: 1 CPUs. shatter: 1. |fringe| = 1. |finished| = 0.)
	(ocaml: 1 CPUs. shatter: 1. |fringe| = 1. |finished| = 0.)
(python) Launching list(tclevrobject) -> list(tclevrobject) (1 tasks) w/ 1 CPUs. 10.500000 <= MDL < 12.000000. Timeout 597.819300.
	(ocaml: 1 CPUs. shatter: 1. |fringe| = 1. |finished| = 0.)
(python) Launching list(tclevrobject) -> list(tclevrobject) (1 tasks) w/ 1 CPUs. 10.500000 <= MDL < 12.000000. Timeout 597.819572.
	(ocaml: 1 CPUs. shatter: 1. |fringe| = 1. |finished| = 0.)
(python) Launching list(tclevrobject) -> list(tclevrobject) (1 tasks) w/ 1 CPUs. 10.500000 <= MDL < 12.000000. Timeout 597.813050.
	(ocaml: 1 CPUs. shatter: 1. |fringe| = 1. |finished| = 0.)
(python) Launching list(tclevrobject) -> int (1 tasks) w/ 1 CPUs. 10.500000 <= MDL < 12.000000. Timeout 597.823175.
	(ocaml: 1 CPUs. shatter: 1. |fringe| = 1. |finished| = 0.)
(python) Launching list(tclevrobject) -> list(tclevrobject) (1 tasks) w/ 1 CPUs. 10.500000 <= MDL < 12.000000. Timeout 597.803306.
	(ocaml: 1 CPUs. shatter: 1. |fringe| = 1. |finished| = 0.)
(python) Launching list(tclevrobject) -> int (1 tasks) w/ 1 CPUs. 10.500000 <= MDL < 12.000000. Timeout 597.811175.
	(ocaml: 1 CPUs. shatter: 1. |fringe| = 1. |finished| = 0.)
(python) Launching list(tclevrobject) -> int (1 tasks) w/ 1 CPUs. 10.500000 <= MDL < 12.000000. Timeout 597.812408.
(python) Launching list(tclevrobject) -> int (1 tasks) w/ 1 CPUs. 10.500000 <= MDL < 12.000000. Timeout 597.809968.
	(ocaml: 1 CPUs. shatter: 1. |fringe| = 1. |finished| = 0.)
	(ocaml: 1 CPUs. shatter: 1. |fringe| = 1. |finished| = 0.)
(python) Launching list(tclevrobject) -> int (1 tasks) w/ 1 CPUs. 10.500000 <= MDL < 12.000000. Timeout 597.808653.
(python) Launching list(tclevrobject) -> tclevrshape (1 tasks) w/ 3 CPUs. 12.000000 <= MDL < 13.500000. Timeout 597.559427.
	(ocaml: 1 CPUs. shatter: 1. |fringe| = 1. |finished| = 0.)
	(ocaml: 1 CPUs. shatter: 1. |fringe| = 1. |finished| = 0.)
(python) Launching list(tclevrobject) -> int (1 tasks) w/ 2 CPUs. 12.000000 <= MDL < 13.500000. Timeout 597.506954.
	(ocaml: 1 CPUs. shatter: 1. |fringe| = 1. |finished| = 0.)
(python) Launching list(tclevrobject) -> tclevrcolor (1 tasks) w/ 3 CPUs. 12.000000 <= MDL < 13.500000. Timeout 597.513446.
	(ocaml: 1 CPUs. shatter: 1. |fringe| = 1. |finished| = 0.)
(python) Launching list(tclevrobject) -> int (1 tasks) w/ 2 CPUs. 12.000000 <= MDL < 13.500000. Timeout 597.556991.
	(ocaml: 1 CPUs. shatter: 1. |fringe| = 1. |finished| = 0.)
(python) Launching list(tclevrobject) -> int (1 tasks) w/ 1 CPUs. 12.000000 <= MDL < 13.500000. Timeout 597.535403.
	(ocaml: 3 CPUs. shatter: 30. |fringe| = 33. |finished| = 0.)
(python) Launching list(tclevrobject) -> int (1 tasks) w/ 1 CPUs. 12.000000 <= MDL < 13.500000. Timeout 597.567014.
	(ocaml: 2 CPUs. shatter: 20. |fringe| = 22. |finished| = 0.)
(python) Launching list(tclevrobject) -> tclevrshape (1 tasks) w/ 1 CPUs. 12.000000 <= MDL < 13.500000. Timeout 597.592536.
	(ocaml: 3 CPUs. shatter: 30. |fringe| = 38. |finished| = 0.)
(python) Launching list(tclevrobject) -> int (1 tasks) w/ 2 CPUs. 12.000000 <= MDL < 13.500000. Timeout 597.513111.
	(ocaml: 2 CPUs. shatter: 20. |fringe| = 22. |finished| = 0.)
(python) Launching list(tclevrobject) -> tclevrshape (1 tasks) w/ 2 CPUs. 12.000000 <= MDL < 13.500000. Timeout 597.558402.
	(ocaml: 1 CPUs. shatter: 1. |fringe| = 1. |finished| = 0.)
(python) Launching list(tclevrobject) -> int (1 tasks) w/ 1 CPUs. 12.000000 <= MDL < 13.500000. Timeout 597.534310.
	(ocaml: 1 CPUs. shatter: 1. |fringe| = 1. |finished| = 0.)
(python) Launching list(tclevrobject) -> list(tclevrobject) (1 tasks) w/ 1 CPUs. 12.000000 <= MDL < 13.500000. Timeout 597.543878.
(python) Launching list(tclevrobject) -> list(tclevrobject) (1 tasks) w/ 1 CPUs. 12.000000 <= MDL < 13.500000. Timeout 597.543203.
	(ocaml: 2 CPUs. shatter: 20. |fringe| = 24. |finished| = 0.)
	(ocaml: 1 CPUs. shatter: 1. |fringe| = 1. |finished| = 0.)
(python) Launching list(tclevrobject) -> list(tclevrobject) (1 tasks) w/ 1 CPUs. 12.000000 <= MDL < 13.500000. Timeout 597.540392.
	(ocaml: 2 CPUs. shatter: 20. |fringe| = 24. |finished| = 0.)
(python) Launching list(tclevrobject) -> list(tclevrobject) (1 tasks) w/ 1 CPUs. 12.000000 <= MDL < 13.500000. Timeout 597.537639.
	(ocaml: 1 CPUs. shatter: 1. |fringe| = 1. |finished| = 0.)
	(ocaml: 1 CPUs. shatter: 1. |fringe| = 1. |finished| = 0.)
(python) Launching list(tclevrobject) -> list(tclevrobject) (1 tasks) w/ 1 CPUs. 12.000000 <= MDL < 13.500000. Timeout 597.535891.
(python) Launching list(tclevrobject) -> list(tclevrobject) (1 tasks) w/ 1 CPUs. 12.000000 <= MDL < 13.500000. Timeout 597.543460.
	(ocaml: 1 CPUs. shatter: 1. |fringe| = 1. |finished| = 0.)
(python) Launching list(tclevrobject) -> list(tclevrobject) (1 tasks) w/ 1 CPUs. 12.000000 <= MDL < 13.500000. Timeout 597.521433.
	(ocaml: 1 CPUs. shatter: 1. |fringe| = 1. |finished| = 0.)
(python) Launching list(tclevrobject) -> int (1 tasks) w/ 1 CPUs. 12.000000 <= MDL < 13.500000. Timeout 597.545748.
	(ocaml: 1 CPUs. shatter: 1. |fringe| = 1. |finished| = 0.)
(python) Launching list(tclevrobject) -> list(tclevrobject) (1 tasks) w/ 1 CPUs. 12.000000 <= MDL < 13.500000. Timeout 597.514615.
	(ocaml: 1 CPUs. shatter: 1. |fringe| = 1. |finished| = 0.)
(python) Launching list(tclevrobject) -> list(tclevrobject) (1 tasks) w/ 1 CPUs. 12.000000 <= MDL < 13.500000. Timeout 597.512534.
	(ocaml: 1 CPUs. shatter: 1. |fringe| = 1. |finished| = 0.)
(python) Launching list(tclevrobject) -> int (1 tasks) w/ 1 CPUs. 12.000000 <= MDL < 13.500000. Timeout 597.535610.
	(ocaml: 1 CPUs. shatter: 1. |fringe| = 1. |finished| = 0.)
	(ocaml: 1 CPUs. shatter: 1. |fringe| = 1. |finished| = 0.)
(python) Launching list(tclevrobject) -> int (1 tasks) w/ 1 CPUs. 12.000000 <= MDL < 13.500000. Timeout 597.513904.
(python) Launching list(tclevrobject) -> int (1 tasks) w/ 1 CPUs. 12.000000 <= MDL < 13.500000. Timeout 597.523434.
	(ocaml: 1 CPUs. shatter: 1. |fringe| = 1. |finished| = 0.)
(python) Launching list(tclevrobject) -> int (1 tasks) w/ 1 CPUs. 12.000000 <= MDL < 13.500000. Timeout 597.520720.
(python) Launching list(tclevrobject) -> tclevrshape (1 tasks) w/ 3 CPUs. 13.500000 <= MDL < 15.000000. Timeout 597.271646.
	(ocaml: 1 CPUs. shatter: 1. |fringe| = 1. |finished| = 0.)
(python) Launching list(tclevrobject) -> int (1 tasks) w/ 1 CPUs. 13.500000 <= MDL < 15.000000. Timeout 597.276224.
	(ocaml: 1 CPUs. shatter: 1. |fringe| = 1. |finished| = 0.)
	(ocaml: 1 CPUs. shatter: 1. |fringe| = 1. |finished| = 0.)
(python) Launching list(tclevrobject) -> int (1 tasks) w/ 2 CPUs. 13.500000 <= MDL < 15.000000. Timeout 597.278418.
(python) Launching list(tclevrobject) -> int (1 tasks) w/ 1 CPUs. 13.500000 <= MDL < 15.000000. Timeout 597.304490.
	(ocaml: 1 CPUs. shatter: 1. |fringe| = 1. |finished| = 0.)
	(ocaml: 1 CPUs. shatter: 1. |fringe| = 1. |finished| = 0.)
(python) Launching list(tclevrobject) -> tclevrcolor (1 tasks) w/ 3 CPUs. 13.500000 <= MDL < 15.000000. Timeout 597.207061.
(python) Launching list(tclevrobject) -> int (1 tasks) w/ 2 CPUs. 13.500000 <= MDL < 15.000000. Timeout 597.177299.
	(ocaml: 3 CPUs. shatter: 30. |fringe| = 33. |finished| = 0.)
(python) Launching list(tclevrobject) -> tclevrshape (1 tasks) w/ 1 CPUs. 13.500000 <= MDL < 15.000000. Timeout 597.305991.
	(ocaml: 2 CPUs. shatter: 20. |fringe| = 22. |finished| = 0.)
	(ocaml: 1 CPUs. shatter: 1. |fringe| = 1. |finished| = 0.)
(python) Launching list(tclevrobject) -> int (1 tasks) w/ 1 CPUs. 13.500000 <= MDL < 15.000000. Timeout 597.273271.
	(ocaml: 1 CPUs. shatter: 1. |fringe| = 1. |finished| = 0.)
(python) Launching list(tclevrobject) -> tclevrshape (1 tasks) w/ 2 CPUs. 13.500000 <= MDL < 15.000000. Timeout 597.269414.
	(ocaml: 3 CPUs. shatter: 30. |fringe| = 38. |finished| = 0.)
(python) Launching list(tclevrobject) -> list(tclevrobject) (1 tasks) w/ 1 CPUs. 13.500000 <= MDL < 15.000000. Timeout 597.271706.
	(ocaml: 2 CPUs. shatter: 20. |fringe| = 22. |finished| = 0.)
(python) Launching list(tclevrobject) -> int (1 tasks) w/ 2 CPUs. 13.500000 <= MDL < 15.000000. Timeout 597.182585.
	(ocaml: 1 CPUs. shatter: 1. |fringe| = 1. |finished| = 0.)
	(ocaml: 1 CPUs. shatter: 1. |fringe| = 1. |finished| = 0.)
(python) Launching list(tclevrobject) -> list(tclevrobject) (1 tasks) w/ 1 CPUs. 13.500000 <= MDL < 15.000000. Timeout 597.254308.
(python) Launching list(tclevrobject) -> list(tclevrobject) (1 tasks) w/ 1 CPUs. 13.500000 <= MDL < 15.000000. Timeout 597.258439.
	(ocaml: 2 CPUs. shatter: 20. |fringe| = 24. |finished| = 0.)
(python) Launching list(tclevrobject) -> int (1 tasks) w/ 1 CPUs. 13.500000 <= MDL < 15.000000. Timeout 597.307443.
(python) Launching list(tclevrobject) -> list(tclevrobject) (1 tasks) w/ 1 CPUs. 13.500000 <= MDL < 15.000000. Timeout 597.244278.
	(ocaml: 2 CPUs. shatter: 20. |fringe| = 24. |finished| = 0.)
	(ocaml: 1 CPUs. shatter: 1. |fringe| = 1. |finished| = 0.)
(python) Launching list(tclevrobject) -> list(tclevrobject) (1 tasks) w/ 1 CPUs. 13.500000 <= MDL < 15.000000. Timeout 597.253165.
	(ocaml: 1 CPUs. shatter: 1. |fringe| = 1. |finished| = 0.)
(python) Launching list(tclevrobject) -> list(tclevrobject) (1 tasks) w/ 1 CPUs. 13.500000 <= MDL < 15.000000. Timeout 597.198592.
	(ocaml: 1 CPUs. shatter: 1. |fringe| = 1. |finished| = 0.)
(python) Launching list(tclevrobject) -> list(tclevrobject) (1 tasks) w/ 1 CPUs. 13.500000 <= MDL < 15.000000. Timeout 597.231906.
(python) Launching list(tclevrobject) -> int (1 tasks) w/ 1 CPUs. 13.500000 <= MDL < 15.000000. Timeout 597.287384.
	(ocaml: 1 CPUs. shatter: 1. |fringe| = 1. |finished| = 0.)
	(ocaml: 1 CPUs. shatter: 1. |fringe| = 1. |finished| = 0.)
(python) Launching list(tclevrobject) -> int (1 tasks) w/ 1 CPUs. 13.500000 <= MDL < 15.000000. Timeout 597.260967.
(python) Launching list(tclevrobject) -> list(tclevrobject) (1 tasks) w/ 1 CPUs. 13.500000 <= MDL < 15.000000. Timeout 597.213999.
(python) Launching list(tclevrobject) -> int (1 tasks) w/ 1 CPUs. 13.500000 <= MDL < 15.000000. Timeout 597.240052.
	(ocaml: 1 CPUs. shatter: 1. |fringe| = 1. |finished| = 0.)
	(ocaml: 1 CPUs. shatter: 1. |fringe| = 1. |finished| = 0.)
(python) Launching list(tclevrobject) -> int (1 tasks) w/ 1 CPUs. 13.500000 <= MDL < 15.000000. Timeout 597.206040.
	(ocaml: 1 CPUs. shatter: 1. |fringe| = 1. |finished| = 0.)
	(ocaml: 1 CPUs. shatter: 1. |fringe| = 1. |finished| = 0.)
(python) Launching list(tclevrobject) -> tclevrshape (1 tasks) w/ 3 CPUs. 15.000000 <= MDL < 16.500000. Timeout 596.982441.
	(ocaml: 1 CPUs. shatter: 1. |fringe| = 1. |finished| = 0.)
(python) Launching list(tclevrobject) -> list(tclevrobject) (1 tasks) w/ 1 CPUs. 13.500000 <= MDL < 15.000000. Timeout 597.130606.
	(ocaml: 1 CPUs. shatter: 1. |fringe| = 1. |finished| = 0.)
(python) Launching list(tclevrobject) -> int (1 tasks) w/ 1 CPUs. 15.000000 <= MDL < 16.500000. Timeout 596.972034.
	(ocaml: 1 CPUs. shatter: 1. |fringe| = 1. |finished| = 0.)
(python) Launching list(tclevrobject) -> int (1 tasks) w/ 1 CPUs. 15.000000 <= MDL < 16.500000. Timeout 596.997100.
(python) Launching list(tclevrobject) -> int (1 tasks) w/ 2 CPUs. 15.000000 <= MDL < 16.500000. Timeout 596.949855.
	(ocaml: 1 CPUs. shatter: 1. |fringe| = 1. |finished| = 0.)
	(ocaml: 1 CPUs. shatter: 1. |fringe| = 1. |finished| = 0.)
	(ocaml: 3 CPUs. shatter: 30. |fringe| = 33. |finished| = 0.)
(python) Launching list(tclevrobject) -> tclevrshape (1 tasks) w/ 1 CPUs. 15.000000 <= MDL < 16.500000. Timeout 597.004088.
	(ocaml: 1 CPUs. shatter: 1. |fringe| = 1. |finished| = 0.)
(python) Launching list(tclevrobject) -> int (1 tasks) w/ 1 CPUs. 15.000000 <= MDL < 16.500000. Timeout 596.964023.
(python) Launching list(tclevrobject) -> tclevrshape (1 tasks) w/ 2 CPUs. 15.000000 <= MDL < 16.500000. Timeout 596.950923.
	(ocaml: 1 CPUs. shatter: 1. |fringe| = 1. |finished| = 0.)
(python) Launching list(tclevrobject) -> tclevrcolor (1 tasks) w/ 3 CPUs. 15.000000 <= MDL < 16.500000. Timeout 596.817693.
	(ocaml: 2 CPUs. shatter: 20. |fringe| = 22. |finished| = 0.)
	(ocaml: 1 CPUs. shatter: 1. |fringe| = 1. |finished| = 0.)
(python) Launching list(tclevrobject) -> int (1 tasks) w/ 1 CPUs. 15.000000 <= MDL < 16.500000. Timeout 597.020173.
(python) Launching list(tclevrobject) -> int (1 tasks) w/ 1 CPUs. 15.000000 <= MDL < 16.500000. Timeout 597.046036.
(python) Launching list(tclevrobject) -> list(tclevrobject) (1 tasks) w/ 1 CPUs. 15.000000 <= MDL < 16.500000. Timeout 596.901776.
	(ocaml: 2 CPUs. shatter: 20. |fringe| = 24. |finished| = 0.)
	(ocaml: 1 CPUs. shatter: 1. |fringe| = 1. |finished| = 0.)
(python) Launching list(tclevrobject) -> list(tclevrobject) (1 tasks) w/ 1 CPUs. 15.000000 <= MDL < 16.500000. Timeout 596.899971.
(python) Launching list(tclevrobject) -> list(tclevrobject) (1 tasks) w/ 1 CPUs. 15.000000 <= MDL < 16.500000. Timeout 596.909185.
	(ocaml: 3 CPUs. shatter: 30. |fringe| = 38. |finished| = 0.)
	(ocaml: 1 CPUs. shatter: 1. |fringe| = 1. |finished| = 0.)
(python) Launching list(tclevrobject) -> list(tclevrobject) (1 tasks) w/ 1 CPUs. 15.000000 <= MDL < 16.500000. Timeout 596.906695.
	(ocaml: 1 CPUs. shatter: 1. |fringe| = 1. |finished| = 0.)
(python) Launching list(tclevrobject) -> int (1 tasks) w/ 2 CPUs. 15.000000 <= MDL < 16.500000. Timeout 596.764201.
(python) Launching list(tclevrobject) -> int (1 tasks) w/ 1 CPUs. 15.000000 <= MDL < 16.500000. Timeout 596.936557.
	(ocaml: 1 CPUs. shatter: 1. |fringe| = 1. |finished| = 0.)
	(ocaml: 1 CPUs. shatter: 1. |fringe| = 1. |finished| = 0.)
(python) Launching list(tclevrobject) -> int (1 tasks) w/ 2 CPUs. 15.000000 <= MDL < 16.500000. Timeout 596.657574.
	(ocaml: 1 CPUs. shatter: 1. |fringe| = 1. |finished| = 0.)
(python) Launching list(tclevrobject) -> list(tclevrobject) (1 tasks) w/ 1 CPUs. 15.000000 <= MDL < 16.500000. Timeout 596.857745.
	(ocaml: 1 CPUs. shatter: 1. |fringe| = 1. |finished| = 0.)
(python) Launching list(tclevrobject) -> tclevrshape (1 tasks) w/ 3 CPUs. 16.500000 <= MDL < 18.000000. Timeout 596.674942.
(python) Launching list(tclevrobject) -> tclevrshape (1 tasks) w/ 1 CPUs. 16.500000 <= MDL < 18.000000. Timeout 596.762766.
	(ocaml: 2 CPUs. shatter: 20. |fringe| = 24. |finished| = 0.)
(python) Launching list(tclevrobject) -> int (1 tasks) w/ 1 CPUs. 16.500000 <= MDL < 18.000000. Timeout 596.708359.
	(ocaml: 1 CPUs. shatter: 1. |fringe| = 1. |finished| = 0.)
	(ocaml: 2 CPUs. shatter: 20. |fringe| = 22. |finished| = 0.)
(python) Launching list(tclevrobject) -> list(tclevrobject) (1 tasks) w/ 1 CPUs. 15.000000 <= MDL < 16.500000. Timeout 596.798477.
	(ocaml: 1 CPUs. shatter: 1. |fringe| = 1. |finished| = 0.)
	(ocaml: 3 CPUs. shatter: 30. |fringe| = 33. |finished| = 0.)
(python) Launching list(tclevrobject) -> list(tclevrobject) (1 tasks) w/ 1 CPUs. 15.000000 <= MDL < 16.500000. Timeout 596.786918.
	(ocaml: 1 CPUs. shatter: 1. |fringe| = 1. |finished| = 0.)
(python) Launching list(tclevrobject) -> int (1 tasks) w/ 1 CPUs. 15.000000 <= MDL < 16.500000. Timeout 596.807399.
	(ocaml: 1 CPUs. shatter: 1. |fringe| = 1. |finished| = 0.)
(python) Launching list(tclevrobject) -> int (1 tasks) w/ 2 CPUs. 16.500000 <= MDL < 18.000000. Timeout 596.579232.
	(ocaml: 1 CPUs. shatter: 1. |fringe| = 1. |finished| = 0.)
(python) Launching list(tclevrobject) -> list(tclevrobject) (1 tasks) w/ 1 CPUs. 15.000000 <= MDL < 16.500000. Timeout 596.655948.
(python) Launching list(tclevrobject) -> int (1 tasks) w/ 1 CPUs. 16.500000 <= MDL < 18.000000. Timeout 596.746292.
	(ocaml: 1 CPUs. shatter: 1. |fringe| = 1. |finished| = 0.)
	(ocaml: 1 CPUs. shatter: 1. |fringe| = 1. |finished| = 0.)
(python) Launching list(tclevrobject) -> int (1 tasks) w/ 1 CPUs. 16.500000 <= MDL < 18.000000. Timeout 596.503302.
(python) Launching list(tclevrobject) -> int (1 tasks) w/ 1 CPUs. 15.000000 <= MDL < 16.500000. Timeout 596.678429.
	(ocaml: 2 CPUs. shatter: 20. |fringe| = 22. |finished| = 0.)
(python) Launching list(tclevrobject) -> int (1 tasks) w/ 1 CPUs. 16.500000 <= MDL < 18.000000. Timeout 596.529699.
	(ocaml: 1 CPUs. shatter: 1. |fringe| = 1. |finished| = 0.)
(python) Launching list(tclevrobject) -> int (1 tasks) w/ 1 CPUs. 16.500000 <= MDL < 18.000000. Timeout 596.628180.
	(ocaml: 1 CPUs. shatter: 1. |fringe| = 1. |finished| = 0.)
	(ocaml: 1 CPUs. shatter: 1. |fringe| = 1. |finished| = 0.)
(python) Launching list(tclevrobject) -> tclevrshape (1 tasks) w/ 2 CPUs. 16.500000 <= MDL < 18.000000. Timeout 596.489038.
	(ocaml: 1 CPUs. shatter: 1. |fringe| = 1. |finished| = 0.)
	(ocaml: 1 CPUs. shatter: 1. |fringe| = 1. |finished| = 0.)
	(ocaml: 1 CPUs. shatter: 1. |fringe| = 1. |finished| = 0.)
(python) Launching list(tclevrobject) -> tclevrshape (1 tasks) w/ 1 CPUs. 18.000000 <= MDL < 19.500000. Timeout 596.398492.
	(ocaml: 2 CPUs. shatter: 20. |fringe| = 24. |finished| = 0.)
(python) Launching list(tclevrobject) -> list(tclevrobject) (1 tasks) w/ 1 CPUs. 15.000000 <= MDL < 16.500000. Timeout 596.346875.
	(ocaml: 1 CPUs. shatter: 1. |fringe| = 1. |finished| = 0.)
	(ocaml: 1 CPUs. shatter: 1. |fringe| = 1. |finished| = 0.)
(python) Launching list(tclevrobject) -> int (1 tasks) w/ 1 CPUs. 18.000000 <= MDL < 19.500000. Timeout 596.125053.
(python) Launching list(tclevrobject) -> tclevrshape (1 tasks) w/ 3 CPUs. 18.000000 <= MDL < 19.500000. Timeout 596.043087.
	(ocaml: 1 CPUs. shatter: 1. |fringe| = 1. |finished| = 0.)
(python) Launching list(tclevrobject) -> int (1 tasks) w/ 1 CPUs. 18.000000 <= MDL < 19.500000. Timeout 596.191500.
	(ocaml: 3 CPUs. shatter: 30. |fringe| = 33. |finished| = 0.)
(python) Launching list(tclevrobject) -> int (1 tasks) w/ 1 CPUs. 16.500000 <= MDL < 18.000000. Timeout 596.146588.
(python) Launching list(tclevrobject) -> int (1 tasks) w/ 2 CPUs. 18.000000 <= MDL < 19.500000. Timeout 595.869303.
	(ocaml: 1 CPUs. shatter: 1. |fringe| = 1. |finished| = 0.)
(python) Launching list(tclevrobject) -> tclevrcolor (1 tasks) w/ 3 CPUs. 16.500000 <= MDL < 18.000000. Timeout 595.791220.
	(ocaml: 1 CPUs. shatter: 1. |fringe| = 1. |finished| = 0.)
	(ocaml: 2 CPUs. shatter: 20. |fringe| = 22. |finished| = 0.)
	(ocaml: 3 CPUs. shatter: 30. |fringe| = 38. |finished| = 0.)
(python) Launching list(tclevrobject) -> list(tclevrobject) (1 tasks) w/ 1 CPUs. 16.500000 <= MDL < 18.000000. Timeout 595.813481.
(python) Launching list(tclevrobject) -> list(tclevrobject) (1 tasks) w/ 1 CPUs. 16.500000 <= MDL < 18.000000. Timeout 595.810121.
	(ocaml: 1 CPUs. shatter: 1. |fringe| = 1. |finished| = 0.)
(python) Launching list(tclevrobject) -> list(tclevrobject) (1 tasks) w/ 1 CPUs. 16.500000 <= MDL < 18.000000. Timeout 595.707679.
	(ocaml: 1 CPUs. shatter: 1. |fringe| = 1. |finished| = 0.)
(python) Launching list(tclevrobject) -> int (1 tasks) w/ 1 CPUs. 16.500000 <= MDL < 18.000000. Timeout 595.712981.
	(ocaml: 1 CPUs. shatter: 1. |fringe| = 1. |finished| = 0.)
(python) Launching list(tclevrobject) -> int (1 tasks) w/ 1 CPUs. 18.000000 <= MDL < 19.500000. Timeout 595.451533.
	(ocaml: 1 CPUs. shatter: 1. |fringe| = 1. |finished| = 0.)
(python) Launching list(tclevrobject) -> int (1 tasks) w/ 1 CPUs. 18.000000 <= MDL < 19.500000. Timeout 595.363027.
(python) Launching list(tclevrobject) -> int (1 tasks) w/ 1 CPUs. 18.000000 <= MDL < 19.500000. Timeout 595.518488.
(python) Launching list(tclevrobject) -> list(tclevrobject) (1 tasks) w/ 1 CPUs. 16.500000 <= MDL < 18.000000. Timeout 595.413738.
(python) Launching list(tclevrobject) -> int (1 tasks) w/ 2 CPUs. 16.500000 <= MDL < 18.000000. Timeout 595.317620.
	(ocaml: 1 CPUs. shatter: 1. |fringe| = 1. |finished| = 0.)
(python) Launching list(tclevrobject) -> list(tclevrobject) (1 tasks) w/ 1 CPUs. 16.500000 <= MDL < 18.000000. Timeout 595.372358.
	(ocaml: 1 CPUs. shatter: 1. |fringe| = 1. |finished| = 0.)
(python) Launching list(tclevrobject) -> list(tclevrobject) (1 tasks) w/ 1 CPUs. 16.500000 <= MDL < 18.000000. Timeout 595.414053.
(python) Launching list(tclevrobject) -> tclevrshape (1 tasks) w/ 1 CPUs. 19.500000 <= MDL < 21.000000. Timeout 595.307408.
	(ocaml: 1 CPUs. shatter: 1. |fringe| = 1. |finished| = 0.)
	(ocaml: 2 CPUs. shatter: 20. |fringe| = 24. |finished| = 0.)
	(ocaml: 1 CPUs. shatter: 1. |fringe| = 1. |finished| = 0.)
	(ocaml: 1 CPUs. shatter: 1. |fringe| = 1. |finished| = 0.)
	(ocaml: 1 CPUs. shatter: 1. |fringe| = 1. |finished| = 0.)
	(ocaml: 1 CPUs. shatter: 1. |fringe| = 1. |finished| = 0.)
(python) Launching list(tclevrobject) -> list(tclevrobject) (1 tasks) w/ 1 CPUs. 16.500000 <= MDL < 18.000000. Timeout 595.250142.
	(ocaml: 1 CPUs. shatter: 1. |fringe| = 1. |finished| = 0.)
(python) Launching list(tclevrobject) -> int (1 tasks) w/ 2 CPUs. 16.500000 <= MDL < 18.000000. Timeout 594.867791.
(python) Launching list(tclevrobject) -> tclevrshape (1 tasks) w/ 2 CPUs. 18.000000 <= MDL < 19.500000. Timeout 594.978933.
	(ocaml: 2 CPUs. shatter: 20. |fringe| = 22. |finished| = 0.)
	(ocaml: 2 CPUs. shatter: 20. |fringe| = 24. |finished| = 0.)
(python) Launching list(tclevrobject) -> list(tclevrobject) (1 tasks) w/ 1 CPUs. 16.500000 <= MDL < 18.000000. Timeout 594.353266.
	(ocaml: 1 CPUs. shatter: 1. |fringe| = 1. |finished| = 0.)
(python) Launching list(tclevrobject) -> int (1 tasks) w/ 1 CPUs. 16.500000 <= MDL < 18.000000. Timeout 594.299405.
(python) Launching list(tclevrobject) -> int (1 tasks) w/ 1 CPUs. 19.500000 <= MDL < 21.000000. Timeout 594.291466.
	(ocaml: 1 CPUs. shatter: 1. |fringe| = 1. |finished| = 0.)
	(ocaml: 1 CPUs. shatter: 1. |fringe| = 1. |finished| = 0.)
(python) Launching list(tclevrobject) -> tclevrshape (1 tasks) w/ 3 CPUs. 19.500000 <= MDL < 21.000000. Timeout 593.923694.
	(ocaml: 3 CPUs. shatter: 30. |fringe| = 33. |finished| = 0.)
(python) Launching list(tclevrobject) -> int (1 tasks) w/ 1 CPUs. 19.500000 <= MDL < 21.000000. Timeout 593.721049.
	(ocaml: 1 CPUs. shatter: 1. |fringe| = 1. |finished| = 0.)
(python) Launching list(tclevrobject) -> int (1 tasks) w/ 2 CPUs. 19.500000 <= MDL < 21.000000. Timeout 593.414006.
	(ocaml: 2 CPUs. shatter: 20. |fringe| = 22. |finished| = 0.)
(python) Launching list(tclevrobject) -> int (1 tasks) w/ 1 CPUs. 18.000000 <= MDL < 19.500000. Timeout 593.125534.
	(ocaml: 1 CPUs. shatter: 1. |fringe| = 1. |finished| = 0.)
(python) Launching list(tclevrobject) -> list(tclevrobject) (1 tasks) w/ 1 CPUs. 16.500000 <= MDL < 18.000000. Timeout 592.732411.
	(ocaml: 1 CPUs. shatter: 1. |fringe| = 1. |finished| = 0.)
(python) Launching list(tclevrobject) -> tclevrcolor (1 tasks) w/ 3 CPUs. 18.000000 <= MDL < 19.500000. Timeout 591.788488.
	(ocaml: 3 CPUs. shatter: 30. |fringe| = 38. |finished| = 0.)
(python) Launching list(tclevrobject) -> int (1 tasks) w/ 1 CPUs. 19.500000 <= MDL < 21.000000. Timeout 591.716269.
	(ocaml: 1 CPUs. shatter: 1. |fringe| = 1. |finished| = 0.)
(python) Launching list(tclevrobject) -> int (1 tasks) w/ 1 CPUs. 19.500000 <= MDL < 21.000000. Timeout 591.615942.
(python) Launching list(tclevrobject) -> list(tclevrobject) (1 tasks) w/ 1 CPUs. 18.000000 <= MDL < 19.500000. Timeout 591.530851.
(python) Launching list(tclevrobject) -> int (1 tasks) w/ 1 CPUs. 19.500000 <= MDL < 21.000000. Timeout 591.306209.
	(ocaml: 1 CPUs. shatter: 1. |fringe| = 1. |finished| = 0.)
	(ocaml: 1 CPUs. shatter: 1. |fringe| = 1. |finished| = 0.)
	(ocaml: 1 CPUs. shatter: 1. |fringe| = 1. |finished| = 0.)
(python) Launching list(tclevrobject) -> tclevrshape (1 tasks) w/ 1 CPUs. 21.000000 <= MDL < 22.500000. Timeout 591.023429.
	(ocaml: 1 CPUs. shatter: 1. |fringe| = 1. |finished| = 0.)
(python) Launching list(tclevrobject) -> int (1 tasks) w/ 1 CPUs. 18.000000 <= MDL < 19.500000. Timeout 590.847613.
	(ocaml: 1 CPUs. shatter: 1. |fringe| = 1. |finished| = 0.)
(python) Launching list(tclevrobject) -> list(tclevrobject) (1 tasks) w/ 1 CPUs. 18.000000 <= MDL < 19.500000. Timeout 590.410537.
	(ocaml: 1 CPUs. shatter: 1. |fringe| = 1. |finished| = 0.)
(python) Launching list(tclevrobject) -> tclevrshape (1 tasks) w/ 2 CPUs. 19.500000 <= MDL < 21.000000. Timeout 590.082407.
	(ocaml: 2 CPUs. shatter: 20. |fringe| = 24. |finished| = 0.)
(python) Launching list(tclevrobject) -> list(tclevrobject) (1 tasks) w/ 1 CPUs. 18.000000 <= MDL < 19.500000. Timeout 589.897408.
	(ocaml: 1 CPUs. shatter: 1. |fringe| = 1. |finished| = 0.)
(python) Launching list(tclevrobject) -> int (1 tasks) w/ 2 CPUs. 18.000000 <= MDL < 19.500000. Timeout 589.576211.
	(ocaml: 2 CPUs. shatter: 20. |fringe| = 24. |finished| = 0.)
(python) Launching list(tclevrobject) -> list(tclevrobject) (1 tasks) w/ 1 CPUs. 18.000000 <= MDL < 19.500000. Timeout 589.434916.
	(ocaml: 1 CPUs. shatter: 1. |fringe| = 1. |finished| = 0.)
(python) Launching list(tclevrobject) -> list(tclevrobject) (1 tasks) w/ 1 CPUs. 18.000000 <= MDL < 19.500000. Timeout 588.739603.
	(ocaml: 1 CPUs. shatter: 1. |fringe| = 1. |finished| = 0.)
(python) Launching list(tclevrobject) -> list(tclevrobject) (1 tasks) w/ 1 CPUs. 18.000000 <= MDL < 19.500000. Timeout 588.580203.
	(ocaml: 1 CPUs. shatter: 1. |fringe| = 1. |finished| = 0.)
(python) Launching list(tclevrobject) -> int (1 tasks) w/ 1 CPUs. 21.000000 <= MDL < 22.500000. Timeout 588.413970.
	(ocaml: 1 CPUs. shatter: 1. |fringe| = 1. |finished| = 0.)
(python) Launching list(tclevrobject) -> int (1 tasks) w/ 2 CPUs. 18.000000 <= MDL < 19.500000. Timeout 587.253455.
	(ocaml: 2 CPUs. shatter: 20. |fringe| = 22. |finished| = 0.)
(python) Launching list(tclevrobject) -> list(tclevrobject) (1 tasks) w/ 1 CPUs. 18.000000 <= MDL < 19.500000. Timeout 587.232046.
	(ocaml: 1 CPUs. shatter: 1. |fringe| = 1. |finished| = 0.)
(python) Launching list(tclevrobject) -> int (1 tasks) w/ 1 CPUs. 18.000000 <= MDL < 19.500000. Timeout 586.884750.
(python) Launching list(tclevrobject) -> int (1 tasks) w/ 1 CPUs. 21.000000 <= MDL < 22.500000. Timeout 586.651360.
	(ocaml: 1 CPUs. shatter: 1. |fringe| = 1. |finished| = 0.)
	(ocaml: 1 CPUs. shatter: 1. |fringe| = 1. |finished| = 0.)
(python) Launching list(tclevrobject) -> int (1 tasks) w/ 2 CPUs. 21.000000 <= MDL < 22.500000. Timeout 585.225607.
	(ocaml: 2 CPUs. shatter: 20. |fringe| = 22. |finished| = 0.)
(python) Launching list(tclevrobject) -> int (1 tasks) w/ 4 CPUs. 19.500000 <= MDL < 21.000000. Timeout 583.798542.
	(ocaml: 4 CPUs. shatter: 40. |fringe| = 41. |finished| = 0.)
(python) Launching list(tclevrobject) -> list(tclevrobject) (1 tasks) w/ 1 CPUs. 18.000000 <= MDL < 19.500000. Timeout 581.988021.
	(ocaml: 1 CPUs. shatter: 1. |fringe| = 1. |finished| = 0.)
(python) Launching list(tclevrobject) -> int (1 tasks) w/ 1 CPUs. 21.000000 <= MDL < 22.500000. Timeout 579.185931.
	(ocaml: 1 CPUs. shatter: 1. |fringe| = 1. |finished| = 0.)
(python) Launching list(tclevrobject) -> int (1 tasks) w/ 5 CPUs. 21.000000 <= MDL < 22.500000. Timeout 576.804819.
	(ocaml: 5 CPUs. shatter: 50. |fringe| = 53. |finished| = 0.)
(python) Launching list(tclevrobject) -> tclevrshape (1 tasks) w/ 1 CPUs. 22.500000 <= MDL < 24.000000. Timeout 575.267723.
	(ocaml: 1 CPUs. shatter: 1. |fringe| = 1. |finished| = 0.)
(python) Launching list(tclevrobject) -> list(tclevrobject) (1 tasks) w/ 1 CPUs. 18.000000 <= MDL < 19.500000. Timeout 574.190100.
	(ocaml: 1 CPUs. shatter: 1. |fringe| = 1. |finished| = 0.)
(python) Launching list(tclevrobject) -> int (1 tasks) w/ 3 CPUs. 19.500000 <= MDL < 21.000000. Timeout 571.371869.
	(ocaml: 3 CPUs. shatter: 30. |fringe| = 34. |finished| = 0.)
(python) Launching list(tclevrobject) -> list(tclevrobject) (1 tasks) w/ 1 CPUs. 19.500000 <= MDL < 21.000000. Timeout 569.656685.
(python) Launching list(tclevrobject) -> int (1 tasks) w/ 1 CPUs. 22.500000 <= MDL < 24.000000. Timeout 569.675327.
	(ocaml: 1 CPUs. shatter: 1. |fringe| = 1. |finished| = 0.)
	(ocaml: 1 CPUs. shatter: 1. |fringe| = 1. |finished| = 0.)
(python) Launching list(tclevrobject) -> list(tclevrobject) (1 tasks) w/ 1 CPUs. 19.500000 <= MDL < 21.000000. Timeout 569.003487.
	(ocaml: 1 CPUs. shatter: 1. |fringe| = 1. |finished| = 0.)
(python) Launching list(tclevrobject) -> list(tclevrobject) (1 tasks) w/ 1 CPUs. 19.500000 <= MDL < 21.000000. Timeout 568.129062.
	(ocaml: 1 CPUs. shatter: 1. |fringe| = 1. |finished| = 0.)
(python) Launching list(tclevrobject) -> int (1 tasks) w/ 2 CPUs. 19.500000 <= MDL < 21.000000. Timeout 567.898266.
	(ocaml: 2 CPUs. shatter: 20. |fringe| = 24. |finished| = 0.)
(python) Launching list(tclevrobject) -> int (1 tasks) w/ 5 CPUs. 22.500000 <= MDL < 24.000000. Timeout 566.160989.
	(ocaml: 5 CPUs. shatter: 50. |fringe| = 53. |finished| = 0.)
(python) Launching list(tclevrobject) -> list(tclevrobject) (1 tasks) w/ 1 CPUs. 19.500000 <= MDL < 21.000000. Timeout 564.736762.
	(ocaml: 1 CPUs. shatter: 1. |fringe| = 1. |finished| = 0.)
(python) Launching list(tclevrobject) -> int (1 tasks) w/ 4 CPUs. 21.000000 <= MDL < 22.500000. Timeout 564.499935.
	(ocaml: 4 CPUs. shatter: 40. |fringe| = 41. |finished| = 0.)
(python) Launching list(tclevrobject) -> list(tclevrobject) (1 tasks) w/ 1 CPUs. 19.500000 <= MDL < 21.000000. Timeout 562.984854.
	(ocaml: 1 CPUs. shatter: 1. |fringe| = 1. |finished| = 0.)
(python) Launching list(tclevrobject) -> int (1 tasks) w/ 1 CPUs. 22.500000 <= MDL < 24.000000. Timeout 562.305187.
	(ocaml: 1 CPUs. shatter: 1. |fringe| = 1. |finished| = 0.)
(python) Launching list(tclevrobject) -> list(tclevrobject) (1 tasks) w/ 1 CPUs. 19.500000 <= MDL < 21.000000. Timeout 559.488882.
	(ocaml: 1 CPUs. shatter: 1. |fringe| = 1. |finished| = 0.)
(python) Launching list(tclevrobject) -> list(tclevrobject) (1 tasks) w/ 1 CPUs. 19.500000 <= MDL < 21.000000. Timeout 556.275754.
	(ocaml: 1 CPUs. shatter: 1. |fringe| = 1. |finished| = 0.)
(python) Launching list(tclevrobject) -> int (1 tasks) w/ 1 CPUs. 19.500000 <= MDL < 21.000000. Timeout 556.021011.
	(ocaml: 1 CPUs. shatter: 1. |fringe| = 1. |finished| = 0.)
(python) Launching list(tclevrobject) -> int (1 tasks) w/ 2 CPUs. 19.500000 <= MDL < 21.000000. Timeout 555.427081.
	(ocaml: 2 CPUs. shatter: 20. |fringe| = 22. |finished| = 0.)
(python) Launching list(tclevrobject) -> int (1 tasks) w/ 2 CPUs. 22.500000 <= MDL < 24.000000. Timeout 552.775756.
	(ocaml: 2 CPUs. shatter: 20. |fringe| = 22. |finished| = 0.)
(python) Launching list(tclevrobject) -> int (1 tasks) w/ 3 CPUs. 21.000000 <= MDL < 22.500000. Timeout 547.123560.
	(ocaml: 3 CPUs. shatter: 30. |fringe| = 34. |finished| = 0.)
(python) Launching list(tclevrobject) -> tclevrshape (1 tasks) w/ 1 CPUs. 24.000000 <= MDL < 25.500000. Timeout 531.928807.
	(ocaml: 1 CPUs. shatter: 1. |fringe| = 1. |finished| = 0.)
(python) Launching list(tclevrobject) -> list(tclevrobject) (1 tasks) w/ 1 CPUs. 19.500000 <= MDL < 21.000000. Timeout 530.846884.
	(ocaml: 1 CPUs. shatter: 1. |fringe| = 1. |finished| = 0.)
(python) Launching list(tclevrobject) -> int (1 tasks) w/ 5 CPUs. 24.000000 <= MDL < 25.500000. Timeout 521.265411.
	(ocaml: 5 CPUs. shatter: 50. |fringe| = 53. |finished| = 0.)
(python) Launching list(tclevrobject) -> int (1 tasks) w/ 1 CPUs. 22.500000 <= MDL < 24.000000. Timeout 518.788986.
	(ocaml: 1 CPUs. shatter: 1. |fringe| = 1. |finished| = 0.)
(python) Launching list(tclevrobject) -> list(tclevrobject) (1 tasks) w/ 1 CPUs. 19.500000 <= MDL < 21.000000. Timeout 511.599448.
	(ocaml: 1 CPUs. shatter: 1. |fringe| = 1. |finished| = 0.)
(python) Launching list(tclevrobject) -> int (1 tasks) w/ 1 CPUs. 24.000000 <= MDL < 25.500000. Timeout 504.880350.
	(ocaml: 1 CPUs. shatter: 1. |fringe| = 1. |finished| = 0.)
(python) Launching list(tclevrobject) -> int (1 tasks) w/ 4 CPUs. 22.500000 <= MDL < 24.000000. Timeout 490.533636.
	(ocaml: 4 CPUs. shatter: 40. |fringe| = 41. |finished| = 0.)
(python) Launching list(tclevrobject) -> int (1 tasks) w/ 2 CPUs. 21.000000 <= MDL < 22.500000. Timeout 480.079760.
	(ocaml: 2 CPUs. shatter: 20. |fringe| = 24. |finished| = 0.)
(python) Launching list(tclevrobject) -> list(tclevrobject) (1 tasks) w/ 1 CPUs. 21.000000 <= MDL < 22.500000. Timeout 473.105128.
	(ocaml: 1 CPUs. shatter: 1. |fringe| = 1. |finished| = 0.)
(python) Launching list(tclevrobject) -> list(tclevrobject) (1 tasks) w/ 1 CPUs. 21.000000 <= MDL < 22.500000. Timeout 472.923509.
	(ocaml: 1 CPUs. shatter: 1. |fringe| = 1. |finished| = 0.)
(python) Launching list(tclevrobject) -> list(tclevrobject) (1 tasks) w/ 1 CPUs. 21.000000 <= MDL < 22.500000. Timeout 462.076182.
	(ocaml: 1 CPUs. shatter: 1. |fringe| = 1. |finished| = 0.)
(python) Launching list(tclevrobject) -> int (1 tasks) w/ 3 CPUs. 22.500000 <= MDL < 24.000000. Timeout 454.414780.
	(ocaml: 3 CPUs. shatter: 30. |fringe| = 34. |finished| = 0.)
(python) Launching list(tclevrobject) -> list(tclevrobject) (1 tasks) w/ 1 CPUs. 21.000000 <= MDL < 22.500000. Timeout 453.892069.
	(ocaml: 1 CPUs. shatter: 1. |fringe| = 1. |finished| = 0.)
(python) Launching list(tclevrobject) -> list(tclevrobject) (1 tasks) w/ 1 CPUs. 21.000000 <= MDL < 22.500000. Timeout 451.335538.
	(ocaml: 1 CPUs. shatter: 1. |fringe| = 1. |finished| = 0.)
(python) Launching list(tclevrobject) -> int (1 tasks) w/ 1 CPUs. 24.000000 <= MDL < 25.500000. Timeout 446.968667.
	(ocaml: 1 CPUs. shatter: 1. |fringe| = 1. |finished| = 0.)
(python) Launching list(tclevrobject) -> list(tclevrobject) (1 tasks) w/ 3 CPUs. 21.000000 <= MDL < 22.500000. Timeout 437.495178.
	(ocaml: 3 CPUs. shatter: 30. |fringe| = 35. |finished| = 0.)
(python) Launching list(tclevrobject) -> list(tclevrobject) (1 tasks) w/ 1 CPUs. 21.000000 <= MDL < 22.500000. Timeout 436.844205.
	(ocaml: 1 CPUs. shatter: 1. |fringe| = 1. |finished| = 0.)
(python) Launching list(tclevrobject) -> int (1 tasks) w/ 3 CPUs. 21.000000 <= MDL < 22.500000. Timeout 396.830854.
	(ocaml: 3 CPUs. shatter: 30. |fringe| = 35. |finished| = 0.)
(python) Launching list(tclevrobject) -> tclevrshape (1 tasks) w/ 1 CPUs. 25.500000 <= MDL < 27.000000. Timeout 340.958313.
	(ocaml: 1 CPUs. shatter: 1. |fringe| = 1. |finished| = 0.)
(python) Launching list(tclevrobject) -> int (1 tasks) w/ 5 CPUs. 25.500000 <= MDL < 27.000000. Timeout 338.013138.
	(ocaml: 5 CPUs. shatter: 50. |fringe| = 53. |finished| = 0.)
(python) Launching list(tclevrobject) -> list(tclevrobject) (1 tasks) w/ 1 CPUs. 21.000000 <= MDL < 22.500000. Timeout 318.041220.
	(ocaml: 1 CPUs. shatter: 1. |fringe| = 1. |finished| = 0.)
(python) Launching list(tclevrobject) -> int (1 tasks) w/ 1 CPUs. 24.000000 <= MDL < 25.500000. Timeout 312.414338.
	(ocaml: 1 CPUs. shatter: 1. |fringe| = 1. |finished| = 0.)
(python) Launching list(tclevrobject) -> list(tclevrobject) (1 tasks) w/ 3 CPUs. 22.500000 <= MDL < 24.000000. Timeout 291.547168.
	(ocaml: 3 CPUs. shatter: 30. |fringe| = 35. |finished| = 0.)
(python) Launching list(tclevrobject) -> list(tclevrobject) (1 tasks) w/ 1 CPUs. 21.000000 <= MDL < 22.500000. Timeout 252.588304.
	(ocaml: 1 CPUs. shatter: 1. |fringe| = 1. |finished| = 0.)
(python) Launching list(tclevrobject) -> int (1 tasks) w/ 1 CPUs. 25.500000 <= MDL < 27.000000. Timeout 246.649762.
	(ocaml: 1 CPUs. shatter: 1. |fringe| = 1. |finished| = 0.)
(python) Launching list(tclevrobject) -> int (1 tasks) w/ 3 CPUs. 22.500000 <= MDL < 24.000000. Timeout 213.795650.
	(ocaml: 3 CPUs. shatter: 30. |fringe| = 35. |finished| = 0.)
(python) Launching list(tclevrobject) -> int (1 tasks) w/ 4 CPUs. 24.000000 <= MDL < 25.500000. Timeout 205.408129.
	(ocaml: 4 CPUs. shatter: 40. |fringe| = 41. |finished| = 0.)
(python) Launching list(tclevrobject) -> int (1 tasks) w/ 2 CPUs. 22.500000 <= MDL < 24.000000. Timeout 116.677015.
	(ocaml: 2 CPUs. shatter: 20. |fringe| = 24. |finished| = 0.)
(python) Launching list(tclevrobject) -> list(tclevrobject) (1 tasks) w/ 1 CPUs. 22.500000 <= MDL < 24.000000. Timeout 101.562231.
	(ocaml: 1 CPUs. shatter: 1. |fringe| = 1. |finished| = 0.)
(python) Launching list(tclevrobject) -> list(tclevrobject) (1 tasks) w/ 1 CPUs. 22.500000 <= MDL < 24.000000. Timeout 92.416250.
	(ocaml: 1 CPUs. shatter: 1. |fringe| = 1. |finished| = 0.)
(python) Launching list(tclevrobject) -> int (1 tasks) w/ 1 CPUs. 25.500000 <= MDL < 27.000000. Timeout 74.818807.
	(ocaml: 1 CPUs. shatter: 1. |fringe| = 1. |finished| = 0.)
(python) Launching list(tclevrobject) -> int (1 tasks) w/ 3 CPUs. 24.000000 <= MDL < 25.500000. Timeout 56.333944.
	(ocaml: 3 CPUs. shatter: 30. |fringe| = 34. |finished| = 0.)
(python) Launching list(tclevrobject) -> list(tclevrobject) (1 tasks) w/ 1 CPUs. 22.500000 <= MDL < 24.000000. Timeout 6.134906.
	(ocaml: 1 CPUs. shatter: 1. |fringe| = 1. |finished| = 0.)
We enumerated this many programs, for each task:
	 [57, 8690183, 50, 2954047, 48, 50, 900072, 45, 16835487, 10217615, 80977471, 31, 29026294, 43, 1003073, 2814013, 24301148, 10166539, 8878536, 15865068, 8585951, 8305185, 11413635, 8059066, 20177187, 9428367, 120520805, 76554482, 72514174, 44318424, 27382952, 30]
Wrote experiments_iterative/outputs/paperfaithful_init_seed111_20260507/domains/clevr/dreamcoder/seed_111/dreamcoder_32/0/metrics.json
====================================
iteration: 0
amortized_synthesis : infer_programs_for_tasks
Completed in 602.000s
====================================
============LOGGING FRONTIERS============
	 total_solved_tasks_train @ iteration 0: 14 / 191
	 total_solved_tasks_test @ iteration 0: 0 / 103
====================================
reset_task_frontiers for split: test
============LOGGING FRONTIERS============
	 total_solved_tasks_train @ iteration 0: 14 / 191
	 total_solved_tasks_test @ iteration 0: 0 / 103
====================================
============LOGGING MODEL_FN============
	iteration: 0
	experiment_block_type: model_fn
	model_type: grammar
	task_batch_sizes: ['all']
	run_every_n_iterations: 3
	task_splits: ['test']
	params: {'compute_likelihoods': True, 'compute_description_lengths': True, 'save_filename': 'test_likelihoods.json'}
	model_fn: evaluate_frontiers
task_ids test: 103 tasks: 0-1_compare_integer-Are there fewer small spheres than cyan cubes? -- 9-2_transform-If all of the large yellow cubes became small, how many large things would there be?
====================================
<original-workspace>/lilo_sec/.conda/envs/lilo/lib/python3.7/site-packages/numpy/core/fromnumeric.py:3441: RuntimeWarning: Mean of empty slice.
  out=out, **kwargs)
<original-workspace>/lilo_sec/.conda/envs/lilo/lib/python3.7/site-packages/numpy/core/_methods.py:189: RuntimeWarning: invalid value encountered in double_scalars
  ret = ret.dtype.type(ret / rcount)
EVALUATION: evaluate_frontiers : mean log likelihood of 0 programs in splits: ['test'] is: nan
EVALUATION: evaluate_frontiers : mean description length of 0 programs in splits: ['test'] is: nan
============Checkpointing frontiers to experiments_iterative/outputs/paperfaithful_init_seed111_20260507/domains/clevr/dreamcoder/seed_111/dreamcoder_32/0/frontiers.json===========
============LOGGING MODEL_FN============
	iteration: 0
	experiment_block_type: model_fn
	model_type: library_learner
	task_batch_sizes: ['all']
	task_splits: ['train']
	params: {'max_arity': 3, 'iterations': 10, 'candidates_per_iteration': 1, 'include_samples': False, 'use_mdl_program': False, 'beta_reduce_programs': True, 'update_grammar': True, 'replace_existing_abstractions': True}
	model_fn: get_compressed_grammar_mdl_prior_rank
task_ids train: 191 tasks: 5-2_transform-What if all the blue metal things became rubber things? -- 18-1_single_or-What number of rubber objects are purple things or cylinders?
====================================
Updated grammar (productions=54) with 10 new abstractions.
reset_task_frontiers for split: train
reset_samples for split: train
Loaded 8 CLEVR question classes: dict_keys(['1_compare_integer', '1_one_hop', '1_same_relate_restricted', '1_single_or', '1_zero_hop', '2_localization', '2_remove', '2_transform'])
Loading dataset 1_compare_integer: train: found 6 tasks.
Loading dataset 1_compare_integer: val: found 4 tasks.
Loading dataset 1_one_hop: train: found 30 tasks.
Loading dataset 1_one_hop: val: found 10 tasks.
Loading dataset 1_single_or: train: found 25 tasks.
Loading dataset 1_single_or: val: found 10 tasks.
Loading dataset 1_zero_hop: train: found 30 tasks.
Loading dataset 1_zero_hop: val: found 30 tasks.
Loading dataset 2_localization: train: found 58 tasks.
Loading dataset 2_localization: val: found 30 tasks.
Loading dataset 2_remove: train: found 23 tasks.
Loading dataset 2_remove: val: found 9 tasks.
Loading dataset 2_transform: train: found 22 tasks.
Loading dataset 2_transform: val: found 10 tasks.
Loaded a total of 194 training tasks and 103 testing tasks for curriculum datasets: [] and main datasest: ['2_localization', '2_remove', '2_transform', '1_zero_hop', '1_single_or', '1_one_hop', '1_compare_integer']
Loaded 8 CLEVR question classes: dict_keys(['1_compare_integer', '1_one_hop', '1_same_relate_restricted', '1_single_or', '1_zero_hop', '2_localization', '2_remove', '2_transform'])
Excluding task: 18-2_transform-If all of the small blue cubes became small, how many small things would there be?
Excluding task: 19-2_transform-If all of the small spheres became small, how many small things would there be?
Excluding task: 21-2_transform-If all of the large brown rubber things became large, how many large things would there be?
Loaded 8 CLEVR question classes: dict_keys(['1_compare_integer', '1_one_hop', '1_same_relate_restricted', '1_single_or', '1_zero_hop', '2_localization', '2_remove', '2_transform'])
Loading dataset 1_compare_integer: train: found 6 tasks.
Loading dataset 1_compare_integer: val: found 4 tasks.
Loading dataset 1_one_hop: train: found 30 tasks.
Loading dataset 1_one_hop: val: found 10 tasks.
Loading dataset 1_single_or: train: found 25 tasks.
Loading dataset 1_single_or: val: found 10 tasks.
Loading dataset 1_zero_hop: train: found 30 tasks.
Loading dataset 1_zero_hop: val: found 30 tasks.
Loading dataset 2_localization: train: found 58 tasks.
Loading dataset 2_localization: val: found 30 tasks.
Loading dataset 2_remove: train: found 23 tasks.
Loading dataset 2_remove: val: found 9 tasks.
Loading dataset 2_transform: train: found 22 tasks.
Loading dataset 2_transform: val: found 10 tasks.
Loaded a total of 194 training tasks and 103 testing tasks for curriculum datasets: [] and main datasest: ['2_localization', '2_remove', '2_transform', '1_zero_hop', '1_single_or', '1_one_hop', '1_compare_integer']
Loaded 8 CLEVR question classes: dict_keys(['1_compare_integer', '1_one_hop', '1_same_relate_restricted', '1_single_or', '1_zero_hop', '2_localization', '2_remove', '2_transform'])
Found language for 2/2 tasks
Found vocabularies of n=[59] for train and n=[62] for test.
============LOGGING TASK_BATCHER============
Task batcher: random_shuffle_ordered_task_batcher
Initializing batcher over tasks: 
train tasks: 191
test tasks: 103
global_batch_size: 32
====================================
random_seed: 111
