============LOGGING METADATA============
	iteration: 0
	human_readable: Autogenerated iterative experiment.
	experiment_id: dreamcoder_32
	encoder: LOGO
	init_frontiers_every_iteration: False
	enumeration_timeout: 1800
	tasks_loader: compositional_graphics_200
	task_language_loader: compositional_graphics_200_synthetic
	timestamped_experiment_id: dreamcoder_32
	init_grammar_from_checkpoint: False
	init_frontiers_from_checkpoint: False
	resume_checkpoint_directory: None
	export_with_timestamp: False
	ocaml_special_handler: LOGO
	timestamp: 
	curr_iteration: 0
	global_batch_size: 32
	experiment_name: paperfaithful_init_seed111_20260507
	dsl_description_prefix: This is a domain-specific language for Logo turtle graphics.
	log_directory: experiments_iterative/logs/paperfaithful_init_seed111_20260507/domains/logo/dreamcoder/seed_111/dreamcoder_32
	random_generator: Generator(PCG64)
	export_directory: experiments_iterative/outputs/paperfaithful_init_seed111_20260507/domains/logo/dreamcoder/seed_111/dreamcoder_32
	recognition_train_steps: 10000
	random_seed: 111
====================================
============LOGGING FRONTIERS============
	 total_solved_tasks_train @ iteration 0: 0 / 199
	 total_solved_tasks_test @ iteration 0: 0 / 111
====================================
============LOGGING MODEL_FN============
	iteration: 0
	experiment_block_type: model_fn
	model_type: grammar
	run_every_n_iterations: 1000
	params: {'enumeration_timeout': 1800, 'compute_likelihoods': True}
	task_split: train
	model_fn: infer_programs_for_tasks
	task_batch_size: global_batch_size
task_ids: 32 tasks: 5 sided snowflake with a medium semicircle and a small semicircle as arms -- a big semicircle
====================================
Beginning enumeration on a total of 32 tasks with a total of 32 CPUs.
Disabling parallelism on the Python side because we only have one job.
If you are using ocaml, there could still be parallelism.
(python) Launching turtle -> turtle (32 tasks) w/ 32 CPUs. 0.000000 <= MDL < 1.500000. Timeout 1800.000000.
	(ocaml: 32 CPUs. shatter: 320. |fringe| = 0. |finished| = 0.)
(python) Launching turtle -> turtle (32 tasks) w/ 32 CPUs. 1.500000 <= MDL < 3.000000. Timeout 1799.643031.
	(ocaml: 32 CPUs. shatter: 320. |fringe| = 0. |finished| = 1.)
(python) Launching turtle -> turtle (32 tasks) w/ 32 CPUs. 3.000000 <= MDL < 4.500000. Timeout 1799.276855.
	(ocaml: 32 CPUs. shatter: 320. |fringe| = 0. |finished| = 0.)
(python) Launching turtle -> turtle (32 tasks) w/ 32 CPUs. 4.500000 <= MDL < 6.000000. Timeout 1798.910244.
	(ocaml: 32 CPUs. shatter: 320. |fringe| = 0. |finished| = 2.)
(python) Launching turtle -> turtle (32 tasks) w/ 32 CPUs. 6.000000 <= MDL < 7.500000. Timeout 1798.539267.
	(ocaml: 32 CPUs. shatter: 320. |fringe| = 320. |finished| = 0.)
(python) Launching turtle -> turtle (32 tasks) w/ 32 CPUs. 7.500000 <= MDL < 9.000000. Timeout 1798.004222.
	(ocaml: 32 CPUs. shatter: 320. |fringe| = 320. |finished| = 0.)
(python) Launching turtle -> turtle (32 tasks) w/ 32 CPUs. 9.000000 <= MDL < 10.500000. Timeout 1797.572305.
	(ocaml: 32 CPUs. shatter: 320. |fringe| = 320. |finished| = 0.)
(python) Launching turtle -> turtle (32 tasks) w/ 32 CPUs. 10.500000 <= MDL < 12.000000. Timeout 1797.138599.
	(ocaml: 32 CPUs. shatter: 320. |fringe| = 320. |finished| = 0.)
(python) Launching turtle -> turtle (32 tasks) w/ 32 CPUs. 12.000000 <= MDL < 13.500000. Timeout 1796.703332.
	(ocaml: 32 CPUs. shatter: 320. |fringe| = 320. |finished| = 0.)
(python) Launching turtle -> turtle (30 tasks) w/ 32 CPUs. 13.500000 <= MDL < 15.000000. Timeout 1796.261356.
	(ocaml: 32 CPUs. shatter: 320. |fringe| = 320. |finished| = 0.)
(python) Launching turtle -> turtle (30 tasks) w/ 32 CPUs. 15.000000 <= MDL < 16.500000. Timeout 1795.790413.
	(ocaml: 32 CPUs. shatter: 320. |fringe| = 320. |finished| = 0.)
(python) Launching turtle -> turtle (30 tasks) w/ 32 CPUs. 16.500000 <= MDL < 18.000000. Timeout 1795.102991.
	(ocaml: 32 CPUs. shatter: 320. |fringe| = 320. |finished| = 0.)
(python) Launching turtle -> turtle (29 tasks) w/ 32 CPUs. 18.000000 <= MDL < 19.500000. Timeout 1793.913357.
	(ocaml: 32 CPUs. shatter: 320. |fringe| = 320. |finished| = 0.)
(python) Launching turtle -> turtle (29 tasks) w/ 32 CPUs. 19.500000 <= MDL < 21.000000. Timeout 1788.282998.
	(ocaml: 32 CPUs. shatter: 320. |fringe| = 320. |finished| = 0.)
(python) Launching turtle -> turtle (27 tasks) w/ 32 CPUs. 21.000000 <= MDL < 22.500000. Timeout 1769.782221.
	(ocaml: 32 CPUs. shatter: 320. |fringe| = 320. |finished| = 0.)
(python) Launching turtle -> turtle (27 tasks) w/ 32 CPUs. 22.500000 <= MDL < 24.000000. Timeout 1697.975721.
	(ocaml: 32 CPUs. shatter: 320. |fringe| = 320. |finished| = 0.)
(python) Launching turtle -> turtle (27 tasks) w/ 32 CPUs. 24.000000 <= MDL < 25.500000. Timeout 1309.860483.
	(ocaml: 32 CPUs. shatter: 320. |fringe| = 320. |finished| = 0.)
We enumerated this many programs, for each task:
	 [99654, 161406490, 161406490, 161406490, 161406490, 161406490, 161406490, 161406490, 161406490, 161406490, 1657, 161406490, 161406490, 161406490, 2725528, 161406490, 161406490, 2725528, 161406490, 161406490, 161406490, 161406490, 161406490, 161406490, 161406490, 161406490, 1657, 161406490, 161406490, 161406490, 161406490, 161406490]
Wrote experiments_iterative/outputs/paperfaithful_init_seed111_20260507/domains/logo/dreamcoder/seed_111/dreamcoder_32/0/metrics.json
====================================
iteration: 0
grammar : infer_programs_for_tasks
Completed in 1799.772s
====================================
============LOGGING FRONTIERS============
	 total_solved_tasks_train @ iteration 0: 7 / 199
	 total_solved_tasks_test @ iteration 0: 0 / 111
====================================
============LOGGING MODEL_FN============
	iteration: 0
	experiment_block_type: model_fn
	model_type: amortized_synthesis
	params: {'recognition_train_steps': 10000}
	task_split: train
	model_fn: optimize_model_for_frontiers
	task_batch_size: all
task_ids: 200 tasks: 5 sided snowflake with a medium semicircle and a small semicircle as arms -- 6 sided snowflake with a short space and a short line and a short space and a medium semicircle as arms
====================================
No pre-enumerated helmholtzFrontiers: we will sample randomly during the training loop.
Attempted frontier likelihood normalization. Initial frontiers: 7. Now: 7
(ID=0): Training a recognition model from 7 frontiers, 50% Helmholtz
Feature extractors: [['LogoFeatureCNN']]
(ID=0): Got 0 Helmholtz frontiers - random Helmholtz training? : True
(ID=0): Contextual? True
(ID=0): Bias optimal? True
(ID=0): Aux loss? True (n.b. we train a 'auxiliary' classifier anyway - this controls if gradients propagate back to the future extractor)
Sampling new helmholtz frontiers during training.
Sampling 500 programs from the prior on 32 CPUs...


Got 226/500 valid samples.
We now have 226 Helmholtz entries.
(ID=0):  Epoch 1 Loss 41.34371212550572
(ID=0):  		(real loss):  18.627739906311035 	(dream loss): 50.430101013183595
(ID=0):  	vs MDL (w/o neural net) 41.555734288541416
		(real MDL):  18.599485813612205 	(dream MDL): 50.73823367851308
(ID=0):  	7 cumulative gradient steps. 0.823803 steps/sec
(ID=0):  	27-way auxiliary classification loss 0.6960390635899135
(ID=0):  Epoch 10 Loss 42.593936413053484
(ID=0):  		(real loss):  13.581882600431088 	(dream loss): 64.35297677252028
(ID=0):  	vs MDL (w/o neural net) 44.97601523700361
		(real MDL):  16.380886341874703 	(dream MDL): 66.42236190835028
(ID=0):  	70 cumulative gradient steps. 7.710423 steps/sec
(ID=0):  	27-way auxiliary classification loss 0.6333358623678722
(ID=0):  Epoch 20 Loss 34.44294349125453
(ID=0):  		(real loss):  11.49267465640337 	(dream loss): 63.315862348002774
(ID=0):  	vs MDL (w/o neural net) 38.97207095971155
		(real MDL):  17.47071069962459 	(dream MDL): 66.02216935143385
(ID=0):  	140 cumulative gradient steps. 14.452750 steps/sec
(ID=0):  	27-way auxiliary classification loss 0.563810248885836
(ID=0):  Epoch 30 Loss 38.994691371917725
(ID=0):  		(real loss):  10.515343070030212 	(dream loss): 62.97730046824405
(ID=0):  	vs MDL (w/o neural net) 43.2097427929387
		(real MDL):  16.707584499101138 	(dream MDL): 65.52734977722294
(ID=0):  	210 cumulative gradient steps. 20.369843 steps/sec
(ID=0):  	27-way auxiliary classification loss 0.58229147536414
(ID=0):  Epoch 40 Loss 41.93718596867153
(ID=0):  		(real loss):  9.526322428385416 	(dream loss): 66.24533362388611
(ID=0):  	vs MDL (w/o neural net) 46.777132470419325
		(real MDL):  16.464980299478682 	(dream MDL): 69.5112465986248
(ID=0):  	280 cumulative gradient steps. 25.573857 steps/sec
(ID=0):  	27-way auxiliary classification loss 0.5760339317577226
(ID=0):  Epoch 50 Loss 33.14352554593768
(ID=0):  		(real loss):  9.051451879389147 	(dream loss): 55.89715067545573
(ID=0):  	vs MDL (w/o neural net) 38.834881221744446
		(real MDL):  17.065451099919194 	(dream MDL): 59.39489855902382
(ID=0):  	350 cumulative gradient steps. 30.255658 steps/sec
(ID=0):  	27-way auxiliary classification loss 0.5354289129376412
(ID=0):  Epoch 60 Loss 43.493224314280916
(ID=0):  		(real loss):  8.210742040113969 	(dream loss): 74.96138418042982
(ID=0):  	vs MDL (w/o neural net) 49.63194572404321
		(real MDL):  17.125663984828147 	(dream MDL): 78.62403484280257
(ID=0):  	420 cumulative gradient steps. 34.372103 steps/sec
(ID=0):  	27-way auxiliary classification loss 0.5424671732953616
Sampling new helmholtz frontiers during training.
Sampling 500 programs from the prior on 32 CPUs...


Got 244/500 valid samples.
We now have 244 Helmholtz entries.
(ID=0):  Epoch 70 Loss 27.412572131838118
(ID=0):  		(real loss):  6.9179242014884945 	(dream loss): 54.73876937230428
(ID=0):  	vs MDL (w/o neural net) 34.06265561470692
		(real MDL):  16.435005944439272 	(dream MDL): 57.56618850839711
(ID=0):  	490 cumulative gradient steps. 22.224400 steps/sec
(ID=0):  	27-way auxiliary classification loss 0.49400193733828407
(ID=0):  Epoch 80 Loss 38.54611973762512
(ID=0):  		(real loss):  6.566169323459748 	(dream loss): 63.96608032324375
(ID=0):  	vs MDL (w/o neural net) 44.89345443130184
		(real MDL):  16.710189189119884 	(dream MDL): 67.29553705970288
(ID=0):  	560 cumulative gradient steps. 24.758722 steps/sec
(ID=0):  	27-way auxiliary classification loss 0.5108593741697924
(ID=0):  Epoch 90 Loss 33.46013080051967
(ID=0):  		(real loss):  5.96796590089798 	(dream loss): 56.61142755809583
(ID=0):  	vs MDL (w/o neural net) 40.898617229017006
		(real MDL):  17.41399243799956 	(dream MDL): 60.675143368821196
(ID=0):  	630 cumulative gradient steps. 27.214190 steps/sec
(ID=0):  	27-way auxiliary classification loss 0.46596043519675734
(ID=0):  Epoch 100 Loss 42.12539623805455
(ID=0):  		(real loss):  5.612548051057039 	(dream loss): 65.05206835547159
(ID=0):  	vs MDL (w/o neural net) 48.60284871179665
		(real MDL):  16.336279327644657 	(dream MDL): 68.863252743706
(ID=0):  	700 cumulative gradient steps. 29.526722 steps/sec
(ID=0):  	27-way auxiliary classification loss 0.5292808589924659
(ID=0):  Epoch 110 Loss 36.663464757374356
(ID=0):  		(real loss):  5.787641821680842 	(dream loss): 71.28181168527314
(ID=0):  	vs MDL (w/o neural net) 43.58254636060097
		(real MDL):  17.048791096209914 	(dream MDL): 73.33251438431215
(ID=0):  	770 cumulative gradient steps. 31.765167 steps/sec
(ID=0):  	27-way auxiliary classification loss 0.5293416065829141
(ID=0):  Epoch 120 Loss 34.735276331220355
(ID=0):  		(real loss):  5.706034711889319 	(dream loss): 67.28321390440969
(ID=0):  	vs MDL (w/o neural net) 42.817283402773754
		(real MDL):  17.863188319582488 	(dream MDL): 70.79611728392761
(ID=0):  	840 cumulative gradient steps. 33.904488 steps/sec
(ID=0):  	27-way auxiliary classification loss 0.4424017946634974
Sampling new helmholtz frontiers during training.
Sampling 500 programs from the prior on 32 CPUs...


Got 233/500 valid samples.
We now have 233 Helmholtz entries.
(ID=0):  Epoch 130 Loss 33.75699923379081
(ID=0):  		(real loss):  4.455574367985581 	(dream loss): 59.89070249248196
(ID=0):  	vs MDL (w/o neural net) 41.47948157094574
		(real MDL):  16.875083258013603 	(dream MDL): 63.42394493112848
(ID=0):  	910 cumulative gradient steps. 26.317606 steps/sec
(ID=0):  	27-way auxiliary classification loss 0.44161428975473555
(ID=0):  Epoch 140 Loss 39.57225257328579
(ID=0):  		(real loss):  4.670260531561715 	(dream loss): 62.8402472677685
(ID=0):  	vs MDL (w/o neural net) 46.92044768641982
		(real MDL):  16.811010022755152 	(dream MDL): 66.99340612886292
(ID=0):  	980 cumulative gradient steps. 27.886567 steps/sec
(ID=0):  	27-way auxiliary classification loss 0.46902192583573715
(ID=0):  Epoch 150 Loss 34.26859252112252
(ID=0):  		(real loss):  3.8982998062582577 	(dream loss): 62.95164675182767
(ID=0):  	vs MDL (w/o neural net) 42.934093673468425
		(real MDL):  16.40431410986027 	(dream MDL): 67.98999659465392
(ID=0):  	1050 cumulative gradient steps. 29.436486 steps/sec
(ID=0):  	27-way auxiliary classification loss 0.4131650373738791
(ID=0):  Epoch 160 Loss 28.866450084958757
(ID=0):  		(real loss):  2.83351076566256 	(dream loss): 61.61756729310559
(ID=0):  	vs MDL (w/o neural net) 37.76788347897669
		(real MDL):  15.62855339153325 	(dream MDL): 65.62058907285714
(ID=0):  	1120 cumulative gradient steps. 30.954432 steps/sec
(ID=0):  	27-way auxiliary classification loss 0.3414442746367838
(ID=0):  Epoch 170 Loss 30.944507510321483
(ID=0):  		(real loss):  2.459090477380997 	(dream loss): 66.78099990660145
(ID=0):  	vs MDL (w/o neural net) 39.683270436755905
		(real MDL):  16.017410757556664 	(dream MDL): 69.45644874284527
(ID=0):  	1190 cumulative gradient steps. 32.424849 steps/sec
(ID=0):  	27-way auxiliary classification loss 0.38332632673638206
(ID=0):  Epoch 180 Loss 32.191086060660226
(ID=0):  		(real loss):  3.5495914158068205 	(dream loss): 66.20286095142365
(ID=0):  	vs MDL (w/o neural net) 40.60981422725293
		(real MDL):  16.239506187327898 	(dream MDL): 69.54955502466395
(ID=0):  	1260 cumulative gradient steps. 33.851397 steps/sec
(ID=0):  	27-way auxiliary classification loss 0.3754907836472349
(ID=0):  Epoch 190 Loss 40.94934500285557
(ID=0):  		(real loss):  3.119677196849476 	(dream loss): 74.68931899199615
(ID=0):  	vs MDL (w/o neural net) 50.319603582558784
		(real MDL):  16.700392131453174 	(dream MDL): 80.30430568759891
(ID=0):  	1330 cumulative gradient steps. 35.210217 steps/sec
(ID=0):  	27-way auxiliary classification loss 0.37872826865807707
Sampling new helmholtz frontiers during training.
Sampling 500 programs from the prior on 32 CPUs...


Got 243/500 valid samples.
We now have 243 Helmholtz entries.
(ID=0):  Epoch 200 Loss 30.867493173054285
(ID=0):  		(real loss):  2.997403743939522 	(dream loss): 65.92986374516641
(ID=0):  	vs MDL (w/o neural net) 39.83923474169119
		(real MDL):  16.519491549716374 	(dream MDL): 69.17697617675626
(ID=0):  	1400 cumulative gradient steps. 29.338670 steps/sec
(ID=0):  	27-way auxiliary classification loss 0.42669909430800806
(ID=0):  Epoch 210 Loss 35.00457210540772
(ID=0):  		(real loss):  3.1483623504638674 	(dream loss): 66.86078186035157
(ID=0):  	vs MDL (w/o neural net) 43.87317363367247
		(real MDL):  17.06788770934221 	(dream MDL): 70.67845955800271
(ID=0):  	1470 cumulative gradient steps. 30.451203 steps/sec
(ID=0):  	27-way auxiliary classification loss 0.3827422795817256
(ID=0):  Epoch 220 Loss 40.563699177333284
(ID=0):  		(real loss):  2.477637799580892 	(dream loss): 69.12824521064758
(ID=0):  	vs MDL (w/o neural net) 49.02681639220486
		(real MDL):  17.529802280856373 	(dream MDL): 72.6495769757162
(ID=0):  	1540 cumulative gradient steps. 31.543518 steps/sec
(ID=0):  	27-way auxiliary classification loss 0.4272853097213166
(ID=0):  Epoch 230 Loss 27.88593454360962
(ID=0):  		(real loss):  1.9256490468978882 	(dream loss): 62.49964853922526
(ID=0):  	vs MDL (w/o neural net) 38.24500147299347
		(real MDL):  16.451829556270333 	(dream MDL): 67.30256402862432
(ID=0):  	1610 cumulative gradient steps. 32.633062 steps/sec
(ID=0):  	27-way auxiliary classification loss 0.3116295315192214
(ID=0):  Epoch 240 Loss 30.251957389286588
(ID=0):  		(real loss):  2.240065602695241 	(dream loss): 56.70763296551175
(ID=0):  	vs MDL (w/o neural net) 39.48882493707375
		(real MDL):  17.363527549139768 	(dream MDL): 60.38493913678916
(ID=0):  	1680 cumulative gradient steps. 33.695755 steps/sec
(ID=0):  	27-way auxiliary classification loss 0.35274906466448946
(ID=0):  Epoch 250 Loss 34.33658394132342
(ID=0):  		(real loss):  2.6772476246482446 	(dream loss): 71.93204581737518
(ID=0):  	vs MDL (w/o neural net) 44.32431674905673
		(real MDL):  17.17712746354526 	(dream MDL): 76.56160402560158
(ID=0):  	1750 cumulative gradient steps. 34.728105 steps/sec
(ID=0):  	27-way auxiliary classification loss 0.3526733445269721
(ID=0):  Epoch 260 Loss 18.88778386797224
(ID=0):  		(real loss):  2.029569625854492 	(dream loss): 64.13877999155144
(ID=0):  	vs MDL (w/o neural net) 30.846596392864875
		(real MDL):  16.76940280014158 	(dream MDL): 68.63274761543795
(ID=0):  	1820 cumulative gradient steps. 35.768694 steps/sec
(ID=0):  	27-way auxiliary classification loss 0.19449635690710107
(ID=0):  Epoch 270 Loss 32.16149514062064
(ID=0):  		(real loss):  2.3736380440848213 	(dream loss): 61.94935223715646
(ID=0):  	vs MDL (w/o neural net) 41.52374858039116
		(real MDL):  16.364256507194483 	(dream MDL): 66.68324065358784
(ID=0):  	1890 cumulative gradient steps. 36.762644 steps/sec
(ID=0):  	27-way auxiliary classification loss 0.34992695853247174
Sampling new helmholtz frontiers during training.
Sampling 500 programs from the prior on 32 CPUs...


Got 234/500 valid samples.
We now have 234 Helmholtz entries.
(ID=0):  Epoch 280 Loss 38.789145558221
(ID=0):  		(real loss):  2.6933879534403484 	(dream loss): 65.86096376180649
(ID=0):  	vs MDL (w/o neural net) 46.04648608511126
		(real MDL):  16.04204422564904 	(dream MDL): 68.54981747970793
(ID=0):  	1960 cumulative gradient steps. 31.998725 steps/sec
(ID=0):  	27-way auxiliary classification loss 0.4304170560790226
(ID=0):  Epoch 290 Loss 32.235675021580285
(ID=0):  		(real loss):  1.9971572875976562 	(dream loss): 62.47419275556292
(ID=0):  	vs MDL (w/o neural net) 41.35941441019725
		(real MDL):  16.8916976780844 	(dream MDL): 65.82713114231011
(ID=0):  	2030 cumulative gradient steps. 32.846199 steps/sec
(ID=0):  	27-way auxiliary classification loss 0.3517678656216179
(ID=0):  Epoch 300 Loss 37.3101852280753
(ID=0):  		(real loss):  2.694268989562988 	(dream loss): 63.27212240695953
(ID=0):  	vs MDL (w/o neural net) 45.75019231408968
		(real MDL):  16.686467729242615 	(dream MDL): 67.54798575272494
(ID=0):  	2100 cumulative gradient steps. 33.683761 steps/sec
(ID=0):  	27-way auxiliary classification loss 0.39178401632899684
(ID=0):  Epoch 310 Loss 35.508666719709126
(ID=0):  		(real loss):  3.4104376146870274 	(dream loss): 61.02264370062412
(ID=0):  	vs MDL (w/o neural net) 43.21553122141064
		(real MDL):  17.807614046662646 	(dream MDL): 63.41156795005645
(ID=0):  	2170 cumulative gradient steps. 34.515596 steps/sec
(ID=0):  	27-way auxiliary classification loss 0.41922166917606124
(ID=0):  Epoch 320 Loss 33.465074798039026
(ID=0):  		(real loss):  2.7821328163146974 	(dream loss): 56.47728128433228
(ID=0):  	vs MDL (w/o neural net) 41.434163047763725
		(real MDL):  16.21216960138523 	(dream MDL): 60.350658132547586
(ID=0):  	2240 cumulative gradient steps. 35.332735 steps/sec
(ID=0):  	27-way auxiliary classification loss 0.41089827425395403
(ID=0):  Epoch 330 Loss 40.44575343132019
(ID=0):  		(real loss):  2.4943090597788493 	(dream loss): 68.9093367099762
(ID=0):  	vs MDL (w/o neural net) 49.32006429741588
		(real MDL):  17.429005509172352 	(dream MDL): 73.23835838859853
(ID=0):  	2310 cumulative gradient steps. 36.122450 steps/sec
(ID=0):  	27-way auxiliary classification loss 0.4107438571950687
Sampling new helmholtz frontiers during training.
Sampling 500 programs from the prior on 32 CPUs...


Got 234/500 valid samples.
We now have 234 Helmholtz entries.
(ID=0):  Epoch 340 Loss 29.197363008771624
(ID=0):  		(real loss):  2.6490724507500145 	(dream loss): 54.27074853579203
(ID=0):  	vs MDL (w/o neural net) 38.43573969271548
		(real MDL):  17.118299893949125 	(dream MDL): 58.568877280439274
(ID=0):  	2380 cumulative gradient steps. 32.248873 steps/sec
(ID=0):  	27-way auxiliary classification loss 0.3380599065750305
(ID=0):  Epoch 350 Loss 33.9566138948713
(ID=0):  		(real loss):  2.532191821507045 	(dream loss): 65.38103596823557
(ID=0):  	vs MDL (w/o neural net) 42.50942181293321
		(real MDL):  16.314445481910376 	(dream MDL): 68.70439814395606
(ID=0):  	2450 cumulative gradient steps. 32.950593 steps/sec
(ID=0):  	27-way auxiliary classification loss 0.36502785078981625
(ID=0):  Epoch 360 Loss 29.448417581830707
(ID=0):  		(real loss):  2.2065905493658944 	(dream loss): 59.99228425459428
(ID=0):  	vs MDL (w/o neural net) 39.148460321781876
		(real MDL):  17.406397196066454 	(dream MDL): 63.52592503849309
(ID=0):  	2520 cumulative gradient steps. 33.657529 steps/sec
(ID=0):  	27-way auxiliary classification loss 0.3331617316896362
(ID=0):  Epoch 370 Loss 35.276175062997
(ID=0):  		(real loss):  2.368877649307251 	(dream loss): 70.11919585396262
(ID=0):  	vs MDL (w/o neural net) 44.783536292896954
		(real MDL):  16.492603066347176 	(dream MDL): 74.73864206218495
(ID=0):  	2590 cumulative gradient steps. 34.346127 steps/sec
(ID=0):  	27-way auxiliary classification loss 0.3434295187438173
(ID=0):  Epoch 380 Loss 27.428387001582553
(ID=0):  		(real loss):  1.9762069225311278 	(dream loss): 61.36462710698446
(ID=0):  	vs MDL (w/o neural net) 37.14181472350827
		(real MDL):  16.919660399936305 	(dream MDL): 64.10468715493758
(ID=0):  	2660 cumulative gradient steps. 35.036345 steps/sec
(ID=0):  	27-way auxiliary classification loss 0.3088228695493724
(ID=0):  Epoch 390 Loss 22.231353432791575
(ID=0):  		(real loss):  1.3356383397028997 	(dream loss): 48.519511130548295
(ID=0):  	vs MDL (w/o neural net) 31.837524218742704
		(real MDL):  15.523763828136884 	(dream MDL): 52.361287290795204
(ID=0):  	2730 cumulative gradient steps. 35.723168 steps/sec
(ID=0):  	27-way auxiliary classification loss 0.28251339882179827
(ID=0):  Epoch 400 Loss 34.23397432735988
(ID=0):  		(real loss):  1.638060052054269 	(dream loss): 66.82988860266549
(ID=0):  	vs MDL (w/o neural net) 43.47809503944642
		(real MDL):  17.085462691687876 	(dream MDL): 69.87072738720495
(ID=0):  	2800 cumulative gradient steps. 36.383844 steps/sec
(ID=0):  	27-way auxiliary classification loss 0.3371498864144087
Sampling new helmholtz frontiers during training.
Sampling 500 programs from the prior on 32 CPUs...


Got 241/500 valid samples.
We now have 241 Helmholtz entries.
(ID=0):  Epoch 410 Loss 36.04140802110945
(ID=0):  		(real loss):  1.8133555948734283 	(dream loss): 64.86503111688714
(ID=0):  	vs MDL (w/o neural net) 45.61033315536011
		(real MDL):  16.516919517441288 	(dream MDL): 70.1100499030812
(ID=0):  	2870 cumulative gradient steps. 33.036013 steps/sec
(ID=0):  	27-way auxiliary classification loss 0.36464951818675867
(ID=0):  Epoch 420 Loss 42.66238902636937
(ID=0):  		(real loss):  3.6360011429622254 	(dream loss): 70.26641948048662
(ID=0):  	vs MDL (w/o neural net) 50.132075218679546
		(real MDL):  16.19351215690659 	(dream MDL): 74.13740031115309
(ID=0):  	2940 cumulative gradient steps. 33.614885 steps/sec
(ID=0):  	27-way auxiliary classification loss 0.4589392719191632
(ID=0):  Epoch 430 Loss 24.843352351869857
(ID=0):  		(real loss):  2.1791964353517046 	(dream loss): 60.938119181880246
(ID=0):  	vs MDL (w/o neural net) 33.81094638910318
		(real MDL):  15.926698115428769 	(dream MDL): 62.29326771384387
(ID=0):  	3010 cumulative gradient steps. 34.212658 steps/sec
(ID=0):  	27-way auxiliary classification loss 0.3236436863579521
(ID=0):  Epoch 440 Loss 33.92258817808969
(ID=0):  		(real loss):  1.6761116640908378 	(dream loss): 55.420239187422254
(ID=0):  	vs MDL (w/o neural net) 41.770864092072046
		(real MDL):  14.898856566461703 	(dream MDL): 59.685535775812255
(ID=0):  	3080 cumulative gradient steps. 34.791643 steps/sec
(ID=0):  	27-way auxiliary classification loss 0.3944456066071455
(ID=0):  Epoch 450 Loss 27.293084335327148
(ID=0):  		(real loss):  1.671282536274678 	(dream loss): 56.02055907971931
(ID=0):  	vs MDL (w/o neural net) 37.45834346509077
		(real MDL):  16.862609428635064 	(dream MDL): 60.550530112025925
(ID=0):  	3150 cumulative gradient steps. 35.374529 steps/sec
(ID=0):  	27-way auxiliary classification loss 0.2942580772996215
(ID=0):  Epoch 460 Loss 30.84335366657802
(ID=0):  		(real loss):  1.8988385844875026 	(dream loss): 63.29629481922496
(ID=0):  	vs MDL (w/o neural net) 41.52496542657545
		(real MDL):  17.431707829558125 	(dream MDL): 68.5386178838373
(ID=0):  	3220 cumulative gradient steps. 35.944667 steps/sec
(ID=0):  	27-way auxiliary classification loss 0.29909574780613185
Sampling new helmholtz frontiers during training.
Sampling 500 programs from the prior on 32 CPUs...


Got 222/500 valid samples.
We now have 222 Helmholtz entries.
(ID=0):  Epoch 470 Loss 31.744003534317017
(ID=0):  		(real loss):  1.170518326036858 	(dream loss): 59.01224709845878
(ID=0):  	vs MDL (w/o neural net) 40.77602135845515
		(real MDL):  15.853202401051465 	(dream MDL): 63.00448150965301
(ID=0):  	3290 cumulative gradient steps. 33.080690 steps/sec
(ID=0):  	27-way auxiliary classification loss 0.3389137776003086
(ID=0):  Epoch 480 Loss 27.965234184265135
(ID=0):  		(real loss):  2.02337636445698 	(dream loss): 58.77119034528732
(ID=0):  	vs MDL (w/o neural net) 37.3264838017572
		(real MDL):  16.16898304721907 	(dream MDL): 62.451015947771204
(ID=0):  	3360 cumulative gradient steps. 33.600642 steps/sec
(ID=0):  	27-way auxiliary classification loss 0.31382335420431834
(ID=0):  Epoch 490 Loss 27.56688508987427
(ID=0):  		(real loss):  2.0781110763549804 	(dream loss): 61.55191710789998
(ID=0):  	vs MDL (w/o neural net) 38.021064255581166
		(real MDL):  17.144361149447114 	(dream MDL): 65.85666839709319
(ID=0):  	3430 cumulative gradient steps. 34.123611 steps/sec
(ID=0):  	27-way auxiliary classification loss 0.2839437192106353
(ID=0):  Epoch 500 Loss 27.14520243235997
(ID=0):  		(real loss):  1.4496385786268446 	(dream loss): 73.39721736907958
(ID=0):  	vs MDL (w/o neural net) 39.01283314353148
		(real MDL):  16.462862236197825 	(dream MDL): 79.602780776732
(ID=0):  	3500 cumulative gradient steps. 34.640131 steps/sec
(ID=0):  	27-way auxiliary classification loss 0.22430548591406219
(ID=0):  Epoch 510 Loss 34.36885177067348
(ID=0):  		(real loss):  1.730506181716919 	(dream loss): 61.85377437190006
(ID=0):  	vs MDL (w/o neural net) 43.52401688823569
		(real MDL):  16.029970005817216 	(dream MDL): 66.6768984734302
(ID=0):  	3570 cumulative gradient steps. 35.146434 steps/sec
(ID=0):  	27-way auxiliary classification loss 0.37089644077433537
(ID=0):  Epoch 520 Loss 30.730600077765327
(ID=0):  		(real loss):  2.0239676299848055 	(dream loss): 64.8197261095047
(ID=0):  	vs MDL (w/o neural net) 40.38457334695015
		(real MDL):  16.327937118568475 	(dream MDL): 68.95182886815337
(ID=0):  	3640 cumulative gradient steps. 35.649471 steps/sec
(ID=0):  	27-way auxiliary classification loss 0.3199767783882895
(ID=0):  Epoch 530 Loss 40.02047442027501
(ID=0):  		(real loss):  1.8945495784282684 	(dream loss): 72.12651639235646
(ID=0):  	vs MDL (w/o neural net) 49.52107621523484
		(real MDL):  17.082957409443424 	(dream MDL): 76.83738678853288
(ID=0):  	3710 cumulative gradient steps. 36.136601 steps/sec
(ID=0):  	27-way auxiliary classification loss 0.3502293818696801
Sampling new helmholtz frontiers during training.
Sampling 500 programs from the prior on 32 CPUs...


Got 207/500 valid samples.
We now have 207 Helmholtz entries.
(ID=0):  Epoch 540 Loss 29.462699903760637
(ID=0):  		(real loss):  1.3069674462983103 	(dream loss): 54.57456939284866
(ID=0):  	vs MDL (w/o neural net) 38.23049516660401
		(real MDL):  15.251029625035102 	(dream MDL): 58.72569416313843
(ID=0):  	3780 cumulative gradient steps. 33.667864 steps/sec
(ID=0):  	27-way auxiliary classification loss 0.33709538796517463
(ID=0):  Epoch 550 Loss 35.84113773618426
(ID=0):  		(real loss):  2.067309502632387 	(dream loss): 62.68700120387933
(ID=0):  	vs MDL (w/o neural net) 44.98648812437131
		(real MDL):  16.788135329706538 	(dream MDL): 67.40056342269462
(ID=0):  	3850 cumulative gradient steps. 34.120840 steps/sec
(ID=0):  	27-way auxiliary classification loss 0.3563795945939741
(ID=0):  Epoch 560 Loss 27.088780839102608
(ID=0):  		(real loss):  2.408903799558941 	(dream loss): 56.396134823560715
(ID=0):  	vs MDL (w/o neural net) 36.205593656942106
		(real MDL):  16.68980480374812 	(dream MDL): 59.38059292010999
(ID=0):  	3920 cumulative gradient steps. 34.584007 steps/sec
(ID=0):  	27-way auxiliary classification loss 0.34321278271132283
(ID=0):  Epoch 570 Loss 28.145152718680247
(ID=0):  		(real loss):  1.8798104030330007 	(dream loss): 65.27891254425049
(ID=0):  	vs MDL (w/o neural net) 38.691127575061145
		(real MDL):  17.13500568436376 	(dream MDL): 69.16702404121949
(ID=0):  	3990 cumulative gradient steps. 35.043312 steps/sec
(ID=0):  	27-way auxiliary classification loss 0.28486379770661835
(ID=0):  Epoch 580 Loss 33.59401523045131
(ID=0):  		(real loss):  2.3189881112840443 	(dream loss): 66.70874982721665
(ID=0):  	vs MDL (w/o neural net) 43.17128382676599
		(real MDL):  17.003068663847664 	(dream MDL): 70.87880576397363
(ID=0):  	4060 cumulative gradient steps. 35.492366 steps/sec
(ID=0):  	27-way auxiliary classification loss 0.3467093967599794
(ID=0):  Epoch 590 Loss 36.32774316923959
(ID=0):  		(real loss):  2.931130075454712 	(dream loss): 61.37520298957825
(ID=0):  	vs MDL (w/o neural net) 44.28798065284393
		(real MDL):  15.92571167962966 	(dream MDL): 65.5596823827546
(ID=0):  	4130 cumulative gradient steps. 35.936370 steps/sec
(ID=0):  	27-way auxiliary classification loss 0.39235497952571935
Sampling new helmholtz frontiers during training.
Sampling 500 programs from the prior on 32 CPUs...


Got 249/500 valid samples.
We now have 249 Helmholtz entries.
(ID=0):  Epoch 600 Loss 35.43998629706247
(ID=0):  		(real loss):  1.6874869167804718 	(dream loss): 63.86314366993151
(ID=0):  	vs MDL (w/o neural net) 44.88068410617892
		(real MDL):  15.950645638259031 	(dream MDL): 69.24282176337461
(ID=0):  	4200 cumulative gradient steps. 33.706307 steps/sec
(ID=0):  	27-way auxiliary classification loss 0.34760458160058727
(ID=0):  Epoch 610 Loss 27.342814145769392
(ID=0):  		(real loss):  1.917633005090662 	(dream loss): 55.84983542471221
(ID=0):  	vs MDL (w/o neural net) 37.75733665293716
		(real MDL):  17.288294706958197 	(dream MDL): 60.70747459236815
(ID=0):  	4270 cumulative gradient steps. 34.118379 steps/sec
(ID=0):  	27-way auxiliary classification loss 0.2924271729076281
(ID=0):  Epoch 620 Loss 27.116331618172783
(ID=0):  		(real loss):  1.7491382696689703 	(dream loss): 59.029897443709835
(ID=0):  	vs MDL (w/o neural net) 37.74527962628832
		(real MDL):  17.034021659534005 	(dream MDL): 63.801378358656656
(ID=0):  	4340 cumulative gradient steps. 34.534090 steps/sec
(ID=0):  	27-way auxiliary classification loss 0.274989005766942
(ID=0):  Epoch 630 Loss 26.082626247406004
(ID=0):  		(real loss):  1.402324779613598 	(dream loss): 53.75447940826416
(ID=0):  	vs MDL (w/o neural net) 36.87618195086895
		(real MDL):  17.72400770351774 	(dream MDL): 58.34983186456572
(ID=0):  	4410 cumulative gradient steps. 34.947960 steps/sec
(ID=0):  	27-way auxiliary classification loss 0.29595234694092404
(ID=0):  Epoch 640 Loss 30.36658855165754
(ID=0):  		(real loss):  1.923110008239746 	(dream loss): 57.22987384266324
(ID=0):  	vs MDL (w/o neural net) 40.09690638176082
		(real MDL):  17.28448546343684 	(dream MDL): 61.64197058240011
(ID=0):  	4480 cumulative gradient steps. 35.354687 steps/sec
(ID=0):  	27-way auxiliary classification loss 0.3307093626486936
(ID=0):  Epoch 650 Loss 36.39818924495152
(ID=0):  		(real loss):  3.0168204307556152 	(dream loss): 58.65243512108212
(ID=0):  	vs MDL (w/o neural net) 44.452444499783816
		(real MDL):  15.919454154476886 	(dream MDL): 63.47443806332175
(ID=0):  	4550 cumulative gradient steps. 35.752725 steps/sec
(ID=0):  	27-way auxiliary classification loss 0.40571029904697625
(ID=0):  Epoch 660 Loss 34.110928194863455
(ID=0):  		(real loss):  3.081653118133545 	(dream loss): 57.38288450241089
(ID=0):  	vs MDL (w/o neural net) 42.632683921201725
		(real MDL):  16.616887405531653 	(dream MDL): 62.14453130795425
(ID=0):  	4620 cumulative gradient steps. 36.147808 steps/sec
(ID=0):  	27-way auxiliary classification loss 0.3904780302196741
Sampling new helmholtz frontiers during training.
Sampling 500 programs from the prior on 32 CPUs...


Got 233/500 valid samples.
We now have 233 Helmholtz entries.
(ID=0):  Epoch 670 Loss 23.353310353415353
(ID=0):  		(real loss):  1.721947376544659 	(dream loss): 50.566960550123646
(ID=0):  	vs MDL (w/o neural net) 33.35177048300967
		(real MDL):  16.26708004819873 	(dream MDL): 54.84541328809442
(ID=0):  	4690 cumulative gradient steps. 34.083748 steps/sec
(ID=0):  	27-way auxiliary classification loss 0.31700278457387215
(ID=0):  Epoch 680 Loss 34.840537091663904
(ID=0):  		(real loss):  2.0850660439693565 	(dream loss): 64.05487613420229
(ID=0):  	vs MDL (w/o neural net) 43.7200135197322
		(real MDL):  16.409845125907637 	(dream MDL): 68.07773127638652
(ID=0):  	4760 cumulative gradient steps. 34.456180 steps/sec
(ID=0):  	27-way auxiliary classification loss 0.3783175860016075
(ID=0):  Epoch 690 Loss 32.90879569734846
(ID=0):  		(real loss):  3.0388097286224367 	(dream loss): 55.311285173892976
(ID=0):  	vs MDL (w/o neural net) 41.37840785940947
		(real MDL):  17.9457358262235 	(dream MDL): 58.952911884298956
(ID=0):  	4830 cumulative gradient steps. 34.835125 steps/sec
(ID=0):  	27-way auxiliary classification loss 0.4097767115621537
(ID=0):  Epoch 700 Loss 32.08169024331229
(ID=0):  		(real loss):  1.5841811124016256 	(dream loss): 60.884893311394585
(ID=0):  	vs MDL (w/o neural net) 41.5879056899565
		(real MDL):  16.550135131352672 	(dream MDL): 65.23468899530457
(ID=0):  	4900 cumulative gradient steps. 35.210067 steps/sec
(ID=0):  	27-way auxiliary classification loss 0.3436405883977646
(ID=0):  Epoch 710 Loss 32.90219359397888
(ID=0):  		(real loss):  1.7743456874574934 	(dream loss): 53.654092198326474
(ID=0):  	vs MDL (w/o neural net) 40.58887305164085
		(real MDL):  15.572239898922863 	(dream MDL): 57.26662848678616
(ID=0):  	4970 cumulative gradient steps. 35.581080 steps/sec
(ID=0):  	27-way auxiliary classification loss 0.41441477238466695
(ID=0):  Epoch 720 Loss 37.63372314316886
(ID=0):  		(real loss):  2.9332116718949943 	(dream loss): 62.177987354557686
(ID=0):  	vs MDL (w/o neural net) 46.37328418603839
		(real MDL):  17.014787847207433 	(dream MDL): 67.13904988911392
(ID=0):  	5040 cumulative gradient steps. 35.945863 steps/sec
(ID=0):  	27-way auxiliary classification loss 0.392745598808064
Sampling new helmholtz frontiers during training.
Sampling 500 programs from the prior on 32 CPUs...


Got 248/500 valid samples.
We now have 248 Helmholtz entries.
(ID=0):  Epoch 730 Loss 28.649697753361295
(ID=0):  		(real loss):  1.7332283900334284 	(dream loss): 62.51235275883828
(ID=0):  	vs MDL (w/o neural net) 39.28865690993197
		(real MDL):  18.0627767876607 	(dream MDL): 65.99218351537007
(ID=0):  	5110 cumulative gradient steps. 34.050467 steps/sec
(ID=0):  	27-way auxiliary classification loss 0.30395412962368157
(ID=0):  Epoch 740 Loss 37.59429155077253
(ID=0):  		(real loss):  4.121999365942819 	(dream loss): 59.90915300732567
(ID=0):  	vs MDL (w/o neural net) 44.80289076436626
		(real MDL):  16.79176014772899 	(dream MDL): 63.47697784212445
(ID=0):  	5180 cumulative gradient steps. 34.387176 steps/sec
(ID=0):  	27-way auxiliary classification loss 0.45353506989777087
(ID=0):  Epoch 750 Loss 27.63225725718907
(ID=0):  		(real loss):  1.9627839297783085 	(dream loss): 63.92358161663187
(ID=0):  	vs MDL (w/o neural net) 38.344212195524854
		(real MDL):  16.647063011655234 	(dream MDL): 69.01949207616813
(ID=0):  	5250 cumulative gradient steps. 34.733139 steps/sec
(ID=0):  	27-way auxiliary classification loss 0.2864044701306349
(ID=0):  Epoch 760 Loss 35.28809362820217
(ID=0):  		(real loss):  1.0732572419302804 	(dream loss): 58.09798455238342
(ID=0):  	vs MDL (w/o neural net) 44.63538127430771
		(real MDL):  16.76103280637806 	(dream MDL): 63.218280252927464
(ID=0):  	5320 cumulative gradient steps. 35.070891 steps/sec
(ID=0):  	27-way auxiliary classification loss 0.3573347773594183
(ID=0):  Epoch 770 Loss 32.50212341036115
(ID=0):  		(real loss):  1.457896413029851 	(dream loss): 67.30928701342958
(ID=0):  	vs MDL (w/o neural net) 43.0315608890456
		(real MDL):  17.022035243473002 	(dream MDL): 72.19375630983913
(ID=0):  	5390 cumulative gradient steps. 35.408711 steps/sec
(ID=0):  	27-way auxiliary classification loss 0.30209860606243766
(ID=0):  Epoch 780 Loss 29.250403690338135
(ID=0):  		(real loss):  1.3544534867809666 	(dream loss): 51.42410769829383
(ID=0):  	vs MDL (w/o neural net) 38.544420382731204
		(real MDL):  16.283996429891044 	(dream MDL): 56.238603524732355
(ID=0):  	5460 cumulative gradient steps. 35.746543 steps/sec
(ID=0):  	27-way auxiliary classification loss 0.3433368079197992
(ID=0):  Epoch 790 Loss 29.240847396850587
(ID=0):  		(real loss):  1.3258475226324957 	(dream loss): 60.53948361945875
(ID=0):  	vs MDL (w/o neural net) 39.32842938893559
		(real MDL):  16.436194373329176 	(dream MDL): 64.99548077007007
(ID=0):  	5530 cumulative gradient steps. 36.081687 steps/sec
(ID=0):  	27-way auxiliary classification loss 0.2972349479861025
Sampling new helmholtz frontiers during training.
Sampling 500 programs from the prior on 32 CPUs...


Got 219/500 valid samples.
We now have 219 Helmholtz entries.
(ID=0):  Epoch 800 Loss 27.766557965959823
(ID=0):  		(real loss):  1.4646420001983642 	(dream loss): 62.83577925364177
(ID=0):  	vs MDL (w/o neural net) 38.69931785235062
		(real MDL):  16.781940154928584 	(dream MDL): 67.92248811558002
(ID=0):  	5600 cumulative gradient steps. 34.351172 steps/sec
(ID=0):  	27-way auxiliary classification loss 0.26592976522266065
(ID=0):  Epoch 810 Loss 36.99739234788077
(ID=0):  		(real loss):  1.8298048655192056 	(dream loss): 63.373082959651946
(ID=0):  	vs MDL (w/o neural net) 47.034801552396544
		(real MDL):  18.721669110156565 	(dream MDL): 68.26965088407653
(ID=0):  	5670 cumulative gradient steps. 34.656875 steps/sec
(ID=0):  	27-way auxiliary classification loss 0.349531003590008
(ID=0):  Epoch 820 Loss 30.007433237348284
(ID=0):  		(real loss):  1.617843680911594 	(dream loss): 60.06699865004595
(ID=0):  	vs MDL (w/o neural net) 40.22444808129698
		(real MDL):  17.271518082302343 	(dream MDL): 64.5275504331736
(ID=0):  	5740 cumulative gradient steps. 34.964015 steps/sec
(ID=0):  	27-way auxiliary classification loss 0.308833235216194
(ID=0):  Epoch 830 Loss 37.260378571919034
(ID=0):  		(real loss):  2.300539216687602 	(dream loss): 65.04896882864145
(ID=0):  	vs MDL (w/o neural net) 46.04780093694215
		(real MDL):  16.85484370237528 	(dream MDL): 69.25245925159787
(ID=0):  	5810 cumulative gradient steps. 35.263891 steps/sec
(ID=0):  	27-way auxiliary classification loss 0.38438921649108776
(ID=0):  Epoch 840 Loss 33.49452877044678
(ID=0):  		(real loss):  1.592272036003344 	(dream loss): 61.94789288495038
(ID=0):  	vs MDL (w/o neural net) 43.76752527142459
		(real MDL):  16.96486745342823 	(dream MDL): 67.67259846044836
(ID=0):  	5880 cumulative gradient steps. 35.563345 steps/sec
(ID=0):  	27-way auxiliary classification loss 0.3144050294196599
(ID=0):  Epoch 850 Loss 28.38682313646589
(ID=0):  		(real loss):  1.2774815308420282 	(dream loss): 60.579166293144226
(ID=0):  	vs MDL (w/o neural net) 39.74901307505944
		(real MDL):  17.350464379381418 	(dream MDL): 66.34728965117708
(ID=0):  	5950 cumulative gradient steps. 35.863511 steps/sec
(ID=0):  	27-way auxiliary classification loss 0.26842195670739916
Sampling new helmholtz frontiers during training.
Sampling 500 programs from the prior on 32 CPUs...


Got 242/500 valid samples.
We now have 242 Helmholtz entries.
(ID=0):  Epoch 860 Loss 26.42452827862331
(ID=0):  		(real loss):  1.033092009715545 	(dream loss): 58.36859326208791
(ID=0):  	vs MDL (w/o neural net) 37.23691981577803
		(real MDL):  16.555953519661255 	(dream MDL): 63.25490967218301
(ID=0):  	6020 cumulative gradient steps. 34.203302 steps/sec
(ID=0):  	27-way auxiliary classification loss 0.2696915618996302
(ID=0):  Epoch 870 Loss 33.761758068629675
(ID=0):  		(real loss):  1.4088281525505915 	(dream loss): 68.017801509184
(ID=0):  	vs MDL (w/o neural net) 44.37022692540488
		(real MDL):  17.513953794112815 	(dream MDL): 72.80628082912587
(ID=0):  	6090 cumulative gradient steps. 34.492376 steps/sec
(ID=0):  	27-way auxiliary classification loss 0.3184918122736105
(ID=0):  Epoch 880 Loss 29.544107968466623
(ID=0):  		(real loss):  1.5973978315080914 	(dream loss): 57.490818105425156
(ID=0):  	vs MDL (w/o neural net) 39.223820401335345
		(real MDL):  16.55998084341515 	(dream MDL): 61.88765995925553
(ID=0):  	6160 cumulative gradient steps. 34.787511 steps/sec
(ID=0):  	27-way auxiliary classification loss 0.3227161999650499
(ID=0):  Epoch 890 Loss 37.2746476990836
(ID=0):  		(real loss):  1.3919373512268067 	(dream loss): 64.1866804599762
(ID=0):  	vs MDL (w/o neural net) 47.38889165010312
		(real MDL):  17.934520085002795 	(dream MDL): 69.47967032392836
(ID=0):  	6230 cumulative gradient steps. 35.075218 steps/sec
(ID=0):  	27-way auxiliary classification loss 0.35108244787302934
(ID=0):  Epoch 900 Loss 34.69637994766235
(ID=0):  		(real loss):  1.4859469153664329 	(dream loss): 64.31649589538574
(ID=0):  	vs MDL (w/o neural net) 43.80812521221039
		(real MDL):  16.39166266522368 	(dream MDL): 68.26064586222556
(ID=0):  	6300 cumulative gradient steps. 35.362681 steps/sec
(ID=0):  	27-way auxiliary classification loss 0.3642494330748117
(ID=0):  Epoch 910 Loss 32.52249340329851
(ID=0):  		(real loss):  2.3464619053734674 	(dream loss): 64.4735855775721
(ID=0):  	vs MDL (w/o neural net) 42.35022212405563
		(real MDL):  17.461716614442057 	(dream MDL): 68.70275736952883
(ID=0):  	6370 cumulative gradient steps. 35.650353 steps/sec
(ID=0):  	27-way auxiliary classification loss 0.3408382949552366
(ID=0):  Epoch 920 Loss 29.588856642586844
(ID=0):  		(real loss):  1.1415874832554866 	(dream loss): 63.36998876929283
(ID=0):  	vs MDL (w/o neural net) 38.90909473699354
		(real MDL):  15.26686423303272 	(dream MDL): 66.98424346044699
(ID=0):  	6440 cumulative gradient steps. 35.937754 steps/sec
(ID=0):  	27-way auxiliary classification loss 0.30031105098148275
Sampling new helmholtz frontiers during training.
Sampling 500 programs from the prior on 32 CPUs...


Got 244/500 valid samples.
We now have 244 Helmholtz entries.
(ID=0):  Epoch 930 Loss 39.18834424700056
(ID=0):  		(real loss):  0.9261982991145208 	(dream loss): 61.79779412529685
(ID=0):  	vs MDL (w/o neural net) 48.30774198932214
		(real MDL):  16.45979144951159 	(dream MDL): 67.12698549011925
(ID=0):  	6510 cumulative gradient steps. 34.422872 steps/sec
(ID=0):  	27-way auxiliary classification loss 0.36832386229320296
(ID=0):  Epoch 940 Loss 30.605757774625506
(ID=0):  		(real loss):  1.004244327545166 	(dream loss): 61.948536718592926
(ID=0):  	vs MDL (w/o neural net) 41.27709076161237
		(real MDL):  16.43673412662597 	(dream MDL): 67.5786448457156
(ID=0):  	6580 cumulative gradient steps. 34.693193 steps/sec
(ID=0):  	27-way auxiliary classification loss 0.28472455692743615
(ID=0):  Epoch 950 Loss 43.08263442175729
(ID=0):  		(real loss):  1.5118703842163086 	(dream loss): 62.135901272296906
(ID=0):  	vs MDL (w/o neural net) 51.18551691913117
		(real MDL):  16.789996045521836 	(dream MDL): 66.95013065286876
(ID=0):  	6650 cumulative gradient steps. 34.961254 steps/sec
(ID=0):  	27-way auxiliary classification loss 0.4048706958003874
(ID=0):  Epoch 960 Loss 33.593931021009176
(ID=0):  		(real loss):  1.1942788459159233 	(dream loss): 69.9208137627804
(ID=0):  	vs MDL (w/o neural net) 44.2024483785162
		(real MDL):  16.25310724126546 	(dream MDL): 75.53958844149429
(ID=0):  	6720 cumulative gradient steps. 35.231952 steps/sec
(ID=0):  	27-way auxiliary classification loss 0.2992893752475668
(ID=0):  Epoch 970 Loss 29.895685631888252
(ID=0):  		(real loss):  1.620860400952791 	(dream loss): 63.472040593624115
(ID=0):  	vs MDL (w/o neural net) 39.5781724440237
		(real MDL):  17.10288065074502 	(dream MDL): 66.26758144854216
(ID=0):  	6790 cumulative gradient steps. 35.504122 steps/sec
(ID=0):  	27-way auxiliary classification loss 0.3154918902636772
(ID=0):  Epoch 980 Loss 33.427251189095635
(ID=0):  		(real loss):  1.2946632703145344 	(dream loss): 67.44999133839326
(ID=0):  	vs MDL (w/o neural net) 44.000911225441584
		(real MDL):  16.543145115411328 	(dream MDL): 73.07384004782655
(ID=0):  	6860 cumulative gradient steps. 35.771463 steps/sec
(ID=0):  	27-way auxiliary classification loss 0.30160412318738444
Sampling new helmholtz frontiers during training.
Sampling 500 programs from the prior on 32 CPUs...


Got 219/500 valid samples.
We now have 219 Helmholtz entries.
(ID=0):  Epoch 990 Loss 39.31099783352443
(ID=0):  		(real loss):  1.8258742888768513 	(dream loss): 58.868453595949255
(ID=0):  	vs MDL (w/o neural net) 47.45567503931394
		(real MDL):  18.047680635965268 	(dream MDL): 62.798976467147995
(ID=0):  	6930 cumulative gradient steps. 34.373621 steps/sec
(ID=0):  	27-way auxiliary classification loss 0.4297490320151805
(ID=0):  Epoch 1000 Loss 33.6504424231393
(ID=0):  		(real loss):  1.4776030949183874 	(dream loss): 65.82328175136021
(ID=0):  	vs MDL (w/o neural net) 43.64635641763392
		(real MDL):  16.234050416291943 	(dream MDL): 71.05866241897586
(ID=0):  	7000 cumulative gradient steps. 34.624451 steps/sec
(ID=0):  	27-way auxiliary classification loss 0.317893659697646
(ID=0):  Epoch 1010 Loss 37.03123801095145
(ID=0):  		(real loss):  1.262920767068863 	(dream loss): 67.15192621632626
(ID=0):  	vs MDL (w/o neural net) 46.80752885638061
		(real MDL):  16.091015685155316 	(dream MDL): 72.6740662637282
(ID=0):  	7070 cumulative gradient steps. 34.875994 steps/sec
(ID=0):  	27-way auxiliary classification loss 0.335862147743215
(ID=0):  Epoch 1020 Loss 34.946799060276575
(ID=0):  		(real loss):  1.1819034699470765 	(dream loss): 61.78556222182054
(ID=0):  	vs MDL (w/o neural net) 44.28733412773433
		(real MDL):  16.346767725021863 	(dream MDL): 66.49650229399296
(ID=0):  	7140 cumulative gradient steps. 35.128120 steps/sec
(ID=0):  	27-way auxiliary classification loss 0.3324210075927632
(ID=0):  Epoch 1030 Loss 34.38293307168143
(ID=0):  		(real loss):  1.5326071789390163 	(dream loss): 73.39269506931305
(ID=0):  	vs MDL (w/o neural net) 45.559524946396806
		(real MDL):  16.56274391592438 	(dream MDL): 79.9932024200828
(ID=0):  	7210 cumulative gradient steps. 35.378236 steps/sec
(ID=0):  	27-way auxiliary classification loss 0.27876044635860514
(ID=0):  Epoch 1040 Loss 25.535581602369035
(ID=0):  		(real loss):  1.4901678185713918 	(dream loss): 54.08951047062874
(ID=0):  	vs MDL (w/o neural net) 35.9056475288653
		(real MDL):  16.924611601104033 	(dream MDL): 58.4456276930818
(ID=0):  	7280 cumulative gradient steps. 35.632022 steps/sec
(ID=0):  	27-way auxiliary classification loss 0.2935314257704054
Sampling new helmholtz frontiers during training.
Sampling 500 programs from the prior on 32 CPUs...


Got 249/500 valid samples.
We now have 249 Helmholtz entries.
(ID=0):  Epoch 1050 Loss 41.20618975503104
(ID=0):  		(real loss):  1.3786222751323993 	(dream loss): 64.74066144769841
(ID=0):  	vs MDL (w/o neural net) 49.59451716248204
		(real MDL):  16.108822889371755 	(dream MDL): 69.3815183238654
(ID=0):  	7350 cumulative gradient steps. 34.321457 steps/sec
(ID=0):  	27-way auxiliary classification loss 0.40882190200084423
(ID=0):  Epoch 1060 Loss 34.15675948687962
(ID=0):  		(real loss):  2.296242907643318 	(dream loss): 60.98666818518387
(ID=0):  	vs MDL (w/o neural net) 43.268726038555606
		(real MDL):  16.562320616523557 	(dream MDL): 65.75833060447732
(ID=0):  	7420 cumulative gradient steps. 34.554561 steps/sec
(ID=0):  	27-way auxiliary classification loss 0.35112605284500337
(ID=0):  Epoch 1070 Loss 28.71999739238194
(ID=0):  		(real loss):  2.010200528537526 	(dream loss): 53.94591665267944
(ID=0):  	vs MDL (w/o neural net) 38.20722862413537
		(real MDL):  17.34329085347005 	(dream MDL): 57.912058740874805
(ID=0):  	7490 cumulative gradient steps. 34.795768 steps/sec
(ID=0):  	27-way auxiliary classification loss 0.35445134255902044
(ID=0):  Epoch 1080 Loss 29.76072119304112
(ID=0):  		(real loss):  1.5981916036361303 	(dream loss): 65.19100035390547
(ID=0):  	vs MDL (w/o neural net) 40.23405581934899
		(real MDL):  16.578207805496902 	(dream MDL): 69.99463880451775
(ID=0):  	7560 cumulative gradient steps. 35.036676 steps/sec
(ID=0):  	27-way auxiliary classification loss 0.3075455048454127
(ID=0):  Epoch 1090 Loss 33.05779284068516
(ID=0):  		(real loss):  1.2591231851016773 	(dream loss): 63.08986973762512
(ID=0):  	vs MDL (w/o neural net) 42.920078310038
		(real MDL):  16.27027842804882 	(dream MDL): 68.08933375413889
(ID=0):  	7630 cumulative gradient steps. 35.274258 steps/sec
(ID=0):  	27-way auxiliary classification loss 0.33550786171773717
(ID=0):  Epoch 1100 Loss 37.65393934249878
(ID=0):  		(real loss):  3.6240953763326007 	(dream loss): 63.176322317123415
(ID=0):  	vs MDL (w/o neural net) 46.18858396329172
		(real MDL):  16.822945881316688 	(dream MDL): 68.21281252477296
(ID=0):  	7700 cumulative gradient steps. 35.509452 steps/sec
(ID=0):  	27-way auxiliary classification loss 0.41068009603768585
(ID=0):  Epoch 1110 Loss 32.14128600529262
(ID=0):  		(real loss):  1.9165434539318085 	(dream loss): 57.593700785385934
(ID=0):  	vs MDL (w/o neural net) 41.524655829547186
		(real MDL):  17.51481829470681 	(dream MDL): 61.743466385202225
(ID=0):  	7770 cumulative gradient steps. 35.745451 steps/sec
(ID=0):  	27-way auxiliary classification loss 0.36102364400950526
Sampling new helmholtz frontiers during training.
Sampling 500 programs from the prior on 32 CPUs...


Got 214/500 valid samples.
We now have 214 Helmholtz entries.
(ID=0):  Epoch 1120 Loss 30.657528373173307
(ID=0):  		(real loss):  2.3204781214396157 	(dream loss): 60.66146393383251
(ID=0):  	vs MDL (w/o neural net) 40.19285400943773
		(real MDL):  16.863532930190722 	(dream MDL): 64.89448809334631
(ID=0):  	7840 cumulative gradient steps. 34.548554 steps/sec
(ID=0):  	27-way auxiliary classification loss 0.36380233408251245
(ID=0):  Epoch 1130 Loss 34.155762972150534
(ID=0):  		(real loss):  1.8586117029190063 	(dream loss): 61.35336404097708
(ID=0):  	vs MDL (w/o neural net) 43.41125727492191
		(real MDL):  16.237850458401027 	(dream MDL): 66.29412617304475
(ID=0):  	7910 cumulative gradient steps. 34.771404 steps/sec
(ID=0):  	27-way auxiliary classification loss 0.35009295589157513
(ID=0):  Epoch 1140 Loss 28.044771357945034
(ID=0):  		(real loss):  1.7435089013515375 	(dream loss): 61.133456383982015
(ID=0):  	vs MDL (w/o neural net) 38.50402631459126
		(real MDL):  16.816992514425603 	(dream MDL): 65.78771399867061
(ID=0):  	7980 cumulative gradient steps. 34.999595 steps/sec
(ID=0):  	27-way auxiliary classification loss 0.2983909391665033
(ID=0):  Epoch 1150 Loss 34.39243619101388
(ID=0):  		(real loss):  1.5825666145042137 	(dream loss): 54.99398220417111
(ID=0):  	vs MDL (w/o neural net) 42.85113460035716
		(real MDL):  16.5597127765896 	(dream MDL): 59.35970179202518
(ID=0):  	8050 cumulative gradient steps. 35.223704 steps/sec
(ID=0):  	27-way auxiliary classification loss 0.3877054578973912
(ID=0):  Epoch 1160 Loss 26.90916543688093
(ID=0):  		(real loss):  1.4038370644173972 	(dream loss): 62.968422791053506
(ID=0):  	vs MDL (w/o neural net) 38.94297850243354
		(real MDL):  18.018839374329474 	(dream MDL): 68.5253820973393
(ID=0):  	8120 cumulative gradient steps. 35.449662 steps/sec
(ID=0):  	27-way auxiliary classification loss 0.26150312273696596
(ID=0):  Epoch 1170 Loss 31.849338000161307
(ID=0):  		(real loss):  2.055590208838968 	(dream loss): 59.98787758085463
(ID=0):  	vs MDL (w/o neural net) 41.79099923506846
		(real MDL):  17.645306948940913 	(dream MDL): 64.59526417196668
(ID=0):  	8190 cumulative gradient steps. 35.672454 steps/sec
(ID=0):  	27-way auxiliary classification loss 0.3295196563304801
Sampling new helmholtz frontiers during training.
Sampling 500 programs from the prior on 32 CPUs...


Got 253/500 valid samples.
We now have 253 Helmholtz entries.
(ID=0):  Epoch 1180 Loss 32.16951934269496
(ID=0):  		(real loss):  1.3500662446022034 	(dream loss): 58.122743004246765
(ID=0):  	vs MDL (w/o neural net) 41.59866455847664
		(real MDL):  15.501569282071678 	(dream MDL): 63.57516584387029
(ID=0):  	8260 cumulative gradient steps. 34.527570 steps/sec
(ID=0):  	27-way auxiliary classification loss 0.3262144786122787
(ID=0):  Epoch 1190 Loss 27.635833045414515
(ID=0):  		(real loss):  1.4383261998494465 	(dream loss): 55.37436970542459
(ID=0):  	vs MDL (w/o neural net) 37.49246881698915
		(real MDL):  15.929779539757314 	(dream MDL): 60.32355158111698
(ID=0):  	8330 cumulative gradient steps. 34.741279 steps/sec
(ID=0):  	27-way auxiliary classification loss 0.2955532933152946
(ID=0):  Epoch 1200 Loss 34.05054288591657
(ID=0):  		(real loss):  1.470613181591034 	(dream loss): 61.48627316324335
(ID=0):  	vs MDL (w/o neural net) 43.90372184900454
		(real MDL):  17.046991275939128 	(dream MDL): 66.51991601579647
(ID=0):  	8400 cumulative gradient steps. 34.955626 steps/sec
(ID=0):  	27-way auxiliary classification loss 0.3267992289936436
(ID=0):  Epoch 1210 Loss 25.292114857264927
(ID=0):  		(real loss):  1.4751842410065408 	(dream loss): 63.222782135009766
(ID=0):  	vs MDL (w/o neural net) 37.20757596651026
		(real MDL):  17.47454229305582 	(dream MDL): 68.634259224234
(ID=0):  	8470 cumulative gradient steps. 35.172428 steps/sec
(ID=0):  	27-way auxiliary classification loss 0.23789616458650145
(ID=0):  Epoch 1220 Loss 36.50167067391532
(ID=0):  		(real loss):  1.0768481223813948 	(dream loss): 64.65986295846793
(ID=0):  	vs MDL (w/o neural net) 45.97650043455536
		(real MDL):  16.091118042489768 	(dream MDL): 69.73154797696644
(ID=0):  	8540 cumulative gradient steps. 35.383198 steps/sec
(ID=0):  	27-way auxiliary classification loss 0.32122672025912574
(ID=0):  Epoch 1230 Loss 32.34824627467564
(ID=0):  		(real loss):  1.6903603582671194 	(dream loss): 59.691766146067025
(ID=0):  	vs MDL (w/o neural net) 41.46674708524811
		(real MDL):  16.94262596327429 	(dream MDL): 63.339611869711256
(ID=0):  	8610 cumulative gradient steps. 35.594983 steps/sec
(ID=0):  	27-way auxiliary classification loss 0.3685323921098773
(ID=0):  Epoch 1240 Loss 28.993232004983085
(ID=0):  		(real loss):  1.2944673488014622 	(dream loss): 61.88551503419876
(ID=0):  	vs MDL (w/o neural net) 38.95335189250019
		(real MDL):  16.26646723704873 	(dream MDL): 65.8940274208488
(ID=0):  	8680 cumulative gradient steps. 35.806631 steps/sec
(ID=0):  	27-way auxiliary classification loss 0.3169389514310751
(ID=0):  Epoch 1250 Loss 29.674626323154996
(ID=0):  		(real loss):  1.2117141617669 	(dream loss): 59.811827435212976
(ID=0):  	vs MDL (w/o neural net) 39.64799955164506
		(real MDL):  16.474119930694993 	(dream MDL): 64.18504856206279
(ID=0):  	8750 cumulative gradient steps. 36.017365 steps/sec
(ID=0):  	27-way auxiliary classification loss 0.30177858202202645
Sampling new helmholtz frontiers during training.
Sampling 500 programs from the prior on 32 CPUs...


Got 248/500 valid samples.
We now have 248 Helmholtz entries.
(ID=0):  Epoch 1260 Loss 35.069595963614326
(ID=0):  		(real loss):  1.4255934534846126 	(dream loss): 72.7916593840628
(ID=0):  	vs MDL (w/o neural net) 45.7256629654185
		(real MDL):  16.584877027668227 	(dream MDL): 78.39866538047187
(ID=0):  	8820 cumulative gradient steps. 34.879519 steps/sec
(ID=0):  	27-way auxiliary classification loss 0.28948224535062245
(ID=0):  Epoch 1270 Loss 34.23490339006696
(ID=0):  		(real loss):  1.101303700038365 	(dream loss): 67.36850308009556
(ID=0):  	vs MDL (w/o neural net) 45.05483421163183
		(real MDL):  17.240897934793786 	(dream MDL): 72.86877048846986
(ID=0):  	8890 cumulative gradient steps. 35.077478 steps/sec
(ID=0):  	27-way auxiliary classification loss 0.30914013650201794
(ID=0):  Epoch 1280 Loss 37.122335706438335
(ID=0):  		(real loss):  1.2394053595406669 	(dream loss): 61.04428927103678
(ID=0):  	vs MDL (w/o neural net) 46.92375742506132
		(real MDL):  17.304990269085962 	(dream MDL): 66.66960219571155
(ID=0):  	8960 cumulative gradient steps. 35.276713 steps/sec
(ID=0):  	27-way auxiliary classification loss 0.35602918948446
(ID=0):  Epoch 1290 Loss 25.796212782178607
(ID=0):  		(real loss):  1.407415536733774 	(dream loss): 56.47889318773824
(ID=0):  	vs MDL (w/o neural net) 35.70102372610048
		(real MDL):  16.03084391963884 	(dream MDL): 60.44737896648771
(ID=0):  	9030 cumulative gradient steps. 35.480714 steps/sec
(ID=0):  	27-way auxiliary classification loss 0.2786509473442233
(ID=0):  Epoch 1300 Loss 41.28773495810373
(ID=0):  		(real loss):  1.7362555397881403 	(dream loss): 66.12238482541817
(ID=0):  	vs MDL (w/o neural net) 50.851772814644136
		(real MDL):  17.660575804644868 	(dream MDL): 71.69275698371342
(ID=0):  	9100 cumulative gradient steps. 35.677352 steps/sec
(ID=0):  	27-way auxiliary classification loss 0.3701143900664257
(ID=0):  Epoch 1310 Loss 29.804419803619385
(ID=0):  		(real loss):  3.106857119379817 	(dream loss): 59.7380506920092
(ID=0):  	vs MDL (w/o neural net) 39.32654010024404
		(real MDL):  16.805784755909205 	(dream MDL): 64.57708397116492
(ID=0):  	9170 cumulative gradient steps. 35.878480 steps/sec
(ID=0):  	27-way auxiliary classification loss 0.33752139842877765
(ID=0):  Epoch 1320 Loss 27.179456397465298
(ID=0):  		(real loss):  2.215771577297113 	(dream loss): 58.58538246154785
(ID=0):  	vs MDL (w/o neural net) 37.00270841204851
		(real MDL):  17.16821043557312 	(dream MDL): 61.95578651148532
(ID=0):  	9240 cumulative gradient steps. 36.079679 steps/sec
(ID=0):  	27-way auxiliary classification loss 0.324908447861422
Sampling new helmholtz frontiers during training.
Sampling 500 programs from the prior on 32 CPUs...


Got 237/500 valid samples.
We now have 237 Helmholtz entries.
(ID=0):  Epoch 1330 Loss 26.476214858463834
(ID=0):  		(real loss):  1.7938560625401938 	(dream loss): 61.37196350097656
(ID=0):  	vs MDL (w/o neural net) 36.989408551299
		(real MDL):  16.47530399137774 	(dream MDL): 65.99210810153252
(ID=0):  	9310 cumulative gradient steps. 35.015848 steps/sec
(ID=0):  	27-way auxiliary classification loss 0.3047791668366699
(ID=0):  Epoch 1340 Loss 37.861307689121794
(ID=0):  		(real loss):  1.2869080225626628 	(dream loss): 65.29210743904113
(ID=0):  	vs MDL (w/o neural net) 47.05244828595847
		(real MDL):  16.12309201023951 	(dream MDL): 70.24946549274766
(ID=0):  	9380 cumulative gradient steps. 35.203834 steps/sec
(ID=0):  	27-way auxiliary classification loss 0.38745556785220936
(ID=0):  Epoch 1350 Loss 38.97179523195539
(ID=0):  		(real loss):  1.9830108324686686 	(dream loss): 66.71338353157043
(ID=0):  	vs MDL (w/o neural net) 48.19463968478632
		(real MDL):  16.066906483779523 	(dream MDL): 72.29043958554138
(ID=0):  	9450 cumulative gradient steps. 35.394354 steps/sec
(ID=0):  	27-way auxiliary classification loss 0.3751382549492908
(ID=0):  Epoch 1360 Loss 28.83275111062186
(ID=0):  		(real loss):  1.7091640101538763 	(dream loss): 57.55184333464678
(ID=0):  	vs MDL (w/o neural net) 38.115865980611204
		(real MDL):  16.05827369179039 	(dream MDL): 61.470963698186175
(ID=0):  	9520 cumulative gradient steps. 35.588371 steps/sec
(ID=0):  	27-way auxiliary classification loss 0.3284913915425672
(ID=0):  Epoch 1370 Loss 33.179798344203405
(ID=0):  		(real loss):  1.5270638602120536 	(dream loss): 64.83253282819476
(ID=0):  	vs MDL (w/o neural net) 43.55090041313509
		(real MDL):  17.293980326189658 	(dream MDL): 69.80782050008055
(ID=0):  	9590 cumulative gradient steps. 35.779715 steps/sec
(ID=0):  	27-way auxiliary classification loss 0.3118078576201307
(ID=0):  Epoch 1380 Loss 37.77699527740479
(ID=0):  		(real loss):  2.149777465396457 	(dream loss): 60.14757390354955
(ID=0):  	vs MDL (w/o neural net) 46.492621991141846
		(real MDL):  17.17818489903337 	(dream MDL): 64.8993615606053
(ID=0):  	9660 cumulative gradient steps. 35.968433 steps/sec
(ID=0):  	27-way auxiliary classification loss 0.3911036601423153
Sampling new helmholtz frontiers during training.
Sampling 500 programs from the prior on 32 CPUs...


Got 239/500 valid samples.
We now have 239 Helmholtz entries.
(ID=0):  Epoch 1390 Loss 32.20511063167027
(ID=0):  		(real loss):  1.1861506953383938 	(dream loss): 59.87066949380411
(ID=0):  	vs MDL (w/o neural net) 41.871190773145045
		(real MDL):  15.568105986258036 	(dream MDL): 65.33069882631453
(ID=0):  	9730 cumulative gradient steps. 34.944891 steps/sec
(ID=0):  	27-way auxiliary classification loss 0.3168478211670715
(ID=0):  Epoch 1400 Loss 36.08904982975551
(ID=0):  		(real loss):  1.4807598360123173 	(dream loss): 63.59820341452574
(ID=0):  	vs MDL (w/o neural net) 46.36367033154289
		(real MDL):  17.576024613934244 	(dream MDL): 69.24615795323179
(ID=0):  	9800 cumulative gradient steps. 35.125483 steps/sec
(ID=0):  	27-way auxiliary classification loss 0.32049140793387776
(ID=0):  Epoch 1410 Loss 34.52235373769488
(ID=0):  		(real loss):  2.1067563747537545 	(dream loss): 57.45045918953128
(ID=0):  	vs MDL (w/o neural net) 42.648244965076024
		(real MDL):  16.29752427969131 	(dream MDL): 61.286559596201805
(ID=0):  	9870 cumulative gradient steps. 35.309247 steps/sec
(ID=0):  	27-way auxiliary classification loss 0.3899871871025035
(ID=0):  Epoch 1420 Loss 40.09054079736982
(ID=0):  		(real loss):  1.8134434620539348 	(dream loss): 60.06120027666507
(ID=0):  	vs MDL (w/o neural net) 48.51379974511381
		(real MDL):  17.209026511601717 	(dream MDL): 64.84672491042444
(ID=0):  	9940 cumulative gradient steps. 35.490098 steps/sec
(ID=0):  	27-way auxiliary classification loss 0.4246197886365865
(ID=0):   Trained recognition model in 280.55493211746216 seconds
Wrote experiments_iterative/outputs/paperfaithful_init_seed111_20260507/domains/logo/dreamcoder/seed_111/dreamcoder_32/0/metrics.json
====================================
iteration: 0
amortized_synthesis : optimize_model_for_frontiers
Completed in 280.583s
====================================
============LOGGING MODEL_FN============
	iteration: 0
	experiment_block_type: model_fn
	model_type: amortized_synthesis
	params: {'enumeration_timeout': 1800}
	task_split: train
	model_fn: infer_programs_for_tasks
	task_batch_size: global_batch_size
task_ids: 32 tasks: 5 sided snowflake with a medium semicircle and a small semicircle as arms -- a big semicircle
====================================
Evaluated recognition model in 0.4 seconds
Beginning enumeration on a total of 32 tasks with a total of 32 CPUs.
(python) Launching turtle -> turtle (1 tasks) w/ 1 CPUs. 0.000000 <= MDL < 1.500000. Timeout 1800.000000.
(python) Launching turtle -> turtle (1 tasks) w/ 1 CPUs. 0.000000 <= MDL < 1.500000. Timeout 1800.000000.
(python) Launching turtle -> turtle (1 tasks) w/ 1 CPUs. 0.000000 <= MDL < 1.500000. Timeout 1800.000000.
(python) Launching turtle -> turtle (1 tasks) w/ 1 CPUs. 0.000000 <= MDL < 1.500000. Timeout 1800.000000.
(python) Launching turtle -> turtle (1 tasks) w/ 1 CPUs. 0.000000 <= MDL < 1.500000. Timeout 1800.000000.
	(ocaml: 1 CPUs. shatter: 1. |fringe| = 1. |finished| = 0.)
(python) Launching turtle -> turtle (1 tasks) w/ 1 CPUs. 0.000000 <= MDL < 1.500000. Timeout 1800.000000.
	(ocaml: 1 CPUs. shatter: 1. |fringe| = 1. |finished| = 0.)
(python) Launching turtle -> turtle (1 tasks) w/ 1 CPUs. 0.000000 <= MDL < 1.500000. Timeout 1800.000000.
	(ocaml: 1 CPUs. shatter: 1. |fringe| = 1. |finished| = 0.)
(python) Launching turtle -> turtle (1 tasks) w/ 1 CPUs. 0.000000 <= MDL < 1.500000. Timeout 1800.000000.
	(ocaml: 1 CPUs. shatter: 1. |fringe| = 1. |finished| = 0.)
	(ocaml: 1 CPUs. shatter: 1. |fringe| = 1. |finished| = 0.)
(python) Launching turtle -> turtle (1 tasks) w/ 1 CPUs. 0.000000 <= MDL < 1.500000. Timeout 1800.000000.
	(ocaml: 1 CPUs. shatter: 1. |fringe| = 1. |finished| = 0.)
(python) Launching turtle -> turtle (1 tasks) w/ 1 CPUs. 0.000000 <= MDL < 1.500000. Timeout 1800.000000.
(python) Launching turtle -> turtle (1 tasks) w/ 1 CPUs. 0.000000 <= MDL < 1.500000. Timeout 1800.000000.
	(ocaml: 1 CPUs. shatter: 1. |fringe| = 1. |finished| = 0.)
	(ocaml: 1 CPUs. shatter: 1. |fringe| = 1. |finished| = 0.)
(python) Launching turtle -> turtle (1 tasks) w/ 1 CPUs. 0.000000 <= MDL < 1.500000. Timeout 1800.000000.
	(ocaml: 1 CPUs. shatter: 1. |fringe| = 1. |finished| = 0.)
(python) Launching turtle -> turtle (1 tasks) w/ 1 CPUs. 0.000000 <= MDL < 1.500000. Timeout 1800.000000.
	(ocaml: 1 CPUs. shatter: 1. |fringe| = 1. |finished| = 0.)
(python) Launching turtle -> turtle (1 tasks) w/ 1 CPUs. 0.000000 <= MDL < 1.500000. Timeout 1800.000000.
	(ocaml: 1 CPUs. shatter: 1. |fringe| = 1. |finished| = 0.)
(python) Launching turtle -> turtle (1 tasks) w/ 1 CPUs. 0.000000 <= MDL < 1.500000. Timeout 1800.000000.
	(ocaml: 1 CPUs. shatter: 1. |fringe| = 1. |finished| = 0.)
(python) Launching turtle -> turtle (1 tasks) w/ 1 CPUs. 0.000000 <= MDL < 1.500000. Timeout 1800.000000.
	(ocaml: 1 CPUs. shatter: 1. |fringe| = 1. |finished| = 0.)
(python) Launching turtle -> turtle (1 tasks) w/ 1 CPUs. 0.000000 <= MDL < 1.500000. Timeout 1800.000000.
	(ocaml: 1 CPUs. shatter: 1. |fringe| = 1. |finished| = 0.)
(python) Launching turtle -> turtle (1 tasks) w/ 1 CPUs. 0.000000 <= MDL < 1.500000. Timeout 1800.000000.
	(ocaml: 1 CPUs. shatter: 1. |fringe| = 1. |finished| = 0.)
(python) Launching turtle -> turtle (1 tasks) w/ 1 CPUs. 0.000000 <= MDL < 1.500000. Timeout 1800.000000.
	(ocaml: 1 CPUs. shatter: 1. |fringe| = 1. |finished| = 0.)
(python) Launching turtle -> turtle (1 tasks) w/ 1 CPUs. 0.000000 <= MDL < 1.500000. Timeout 1800.000000.
	(ocaml: 1 CPUs. shatter: 1. |fringe| = 1. |finished| = 0.)
(python) Launching turtle -> turtle (1 tasks) w/ 1 CPUs. 0.000000 <= MDL < 1.500000. Timeout 1800.000000.
	(ocaml: 1 CPUs. shatter: 1. |fringe| = 1. |finished| = 0.)
(python) Launching turtle -> turtle (1 tasks) w/ 1 CPUs. 0.000000 <= MDL < 1.500000. Timeout 1800.000000.
	(ocaml: 1 CPUs. shatter: 1. |fringe| = 1. |finished| = 0.)
(python) Launching turtle -> turtle (1 tasks) w/ 1 CPUs. 0.000000 <= MDL < 1.500000. Timeout 1800.000000.
	(ocaml: 1 CPUs. shatter: 1. |fringe| = 1. |finished| = 0.)
(python) Launching turtle -> turtle (1 tasks) w/ 1 CPUs. 0.000000 <= MDL < 1.500000. Timeout 1800.000000.
	(ocaml: 1 CPUs. shatter: 1. |fringe| = 1. |finished| = 0.)
(python) Launching turtle -> turtle (1 tasks) w/ 1 CPUs. 0.000000 <= MDL < 1.500000. Timeout 1800.000000.
	(ocaml: 1 CPUs. shatter: 1. |fringe| = 1. |finished| = 0.)
(python) Launching turtle -> turtle (1 tasks) w/ 1 CPUs. 0.000000 <= MDL < 1.500000. Timeout 1800.000000.
	(ocaml: 1 CPUs. shatter: 1. |fringe| = 1. |finished| = 0.)
(python) Launching turtle -> turtle (1 tasks) w/ 1 CPUs. 0.000000 <= MDL < 1.500000. Timeout 1800.000000.
	(ocaml: 1 CPUs. shatter: 1. |fringe| = 1. |finished| = 0.)
(python) Launching turtle -> turtle (1 tasks) w/ 1 CPUs. 0.000000 <= MDL < 1.500000. Timeout 1800.000000.
	(ocaml: 1 CPUs. shatter: 1. |fringe| = 1. |finished| = 0.)
(python) Launching turtle -> turtle (1 tasks) w/ 1 CPUs. 0.000000 <= MDL < 1.500000. Timeout 1800.000000.
	(ocaml: 1 CPUs. shatter: 1. |fringe| = 1. |finished| = 0.)
(python) Launching turtle -> turtle (1 tasks) w/ 1 CPUs. 0.000000 <= MDL < 1.500000. Timeout 1800.000000.
	(ocaml: 1 CPUs. shatter: 1. |fringe| = 1. |finished| = 0.)
(python) Launching turtle -> turtle (1 tasks) w/ 1 CPUs. 0.000000 <= MDL < 1.500000. Timeout 1800.000000.
	(ocaml: 1 CPUs. shatter: 1. |fringe| = 1. |finished| = 0.)
(python) Launching turtle -> turtle (1 tasks) w/ 1 CPUs. 0.000000 <= MDL < 1.500000. Timeout 1800.000000.
	(ocaml: 1 CPUs. shatter: 1. |fringe| = 1. |finished| = 0.)
(python) Launching turtle -> turtle (1 tasks) w/ 1 CPUs. 1.500000 <= MDL < 3.000000. Timeout 1799.461137.
	(ocaml: 1 CPUs. shatter: 1. |fringe| = 1. |finished| = 0.)
(python) Launching turtle -> turtle (1 tasks) w/ 1 CPUs. 1.500000 <= MDL < 3.000000. Timeout 1799.463028.
	(ocaml: 1 CPUs. shatter: 1. |fringe| = 1. |finished| = 0.)
(python) Launching turtle -> turtle (1 tasks) w/ 1 CPUs. 1.500000 <= MDL < 3.000000. Timeout 1799.456025.
	(ocaml: 1 CPUs. shatter: 1. |fringe| = 1. |finished| = 0.)
(python) Launching turtle -> turtle (1 tasks) w/ 1 CPUs. 1.500000 <= MDL < 3.000000. Timeout 1799.458118.
	(ocaml: 1 CPUs. shatter: 1. |fringe| = 1. |finished| = 0.)
(python) Launching turtle -> turtle (1 tasks) w/ 1 CPUs. 1.500000 <= MDL < 3.000000. Timeout 1799.428544.
	(ocaml: 1 CPUs. shatter: 1. |fringe| = 1. |finished| = 0.)
(python) Launching turtle -> turtle (1 tasks) w/ 1 CPUs. 1.500000 <= MDL < 3.000000. Timeout 1799.432540.
	(ocaml: 1 CPUs. shatter: 1. |fringe| = 1. |finished| = 0.)
(python) Launching turtle -> turtle (1 tasks) w/ 1 CPUs. 1.500000 <= MDL < 3.000000. Timeout 1799.427526.
	(ocaml: 1 CPUs. shatter: 1. |fringe| = 1. |finished| = 0.)
(python) Launching turtle -> turtle (1 tasks) w/ 1 CPUs. 1.500000 <= MDL < 3.000000. Timeout 1799.425426.
	(ocaml: 1 CPUs. shatter: 1. |fringe| = 1. |finished| = 0.)
(python) Launching turtle -> turtle (1 tasks) w/ 1 CPUs. 1.500000 <= MDL < 3.000000. Timeout 1799.422543.
	(ocaml: 1 CPUs. shatter: 1. |fringe| = 1. |finished| = 0.)
(python) Launching turtle -> turtle (1 tasks) w/ 1 CPUs. 1.500000 <= MDL < 3.000000. Timeout 1799.413728.
	(ocaml: 1 CPUs. shatter: 1. |fringe| = 1. |finished| = 0.)
(python) Launching turtle -> turtle (1 tasks) w/ 1 CPUs. 1.500000 <= MDL < 3.000000. Timeout 1799.409742.
	(ocaml: 1 CPUs. shatter: 1. |fringe| = 1. |finished| = 0.)
(python) Launching turtle -> turtle (1 tasks) w/ 1 CPUs. 1.500000 <= MDL < 3.000000. Timeout 1799.410630.
	(ocaml: 1 CPUs. shatter: 1. |fringe| = 1. |finished| = 0.)
(python) Launching turtle -> turtle (1 tasks) w/ 1 CPUs. 1.500000 <= MDL < 3.000000. Timeout 1799.408993.
	(ocaml: 1 CPUs. shatter: 1. |fringe| = 1. |finished| = 0.)
(python) Launching turtle -> turtle (1 tasks) w/ 1 CPUs. 1.500000 <= MDL < 3.000000. Timeout 1799.404852.
	(ocaml: 1 CPUs. shatter: 1. |fringe| = 1. |finished| = 0.)
(python) Launching turtle -> turtle (1 tasks) w/ 1 CPUs. 1.500000 <= MDL < 3.000000. Timeout 1799.402833.
	(ocaml: 1 CPUs. shatter: 1. |fringe| = 1. |finished| = 0.)
(python) Launching turtle -> turtle (1 tasks) w/ 1 CPUs. 1.500000 <= MDL < 3.000000. Timeout 1799.400325.
	(ocaml: 1 CPUs. shatter: 1. |fringe| = 1. |finished| = 0.)
(python) Launching turtle -> turtle (1 tasks) w/ 1 CPUs. 1.500000 <= MDL < 3.000000. Timeout 1799.400151.
	(ocaml: 1 CPUs. shatter: 1. |fringe| = 1. |finished| = 0.)
(python) Launching turtle -> turtle (1 tasks) w/ 1 CPUs. 1.500000 <= MDL < 3.000000. Timeout 1799.399093.
	(ocaml: 1 CPUs. shatter: 1. |fringe| = 1. |finished| = 0.)
(python) Launching turtle -> turtle (1 tasks) w/ 1 CPUs. 1.500000 <= MDL < 3.000000. Timeout 1799.398990.
	(ocaml: 1 CPUs. shatter: 1. |fringe| = 1. |finished| = 0.)
(python) Launching turtle -> turtle (1 tasks) w/ 1 CPUs. 1.500000 <= MDL < 3.000000. Timeout 1799.396660.
	(ocaml: 1 CPUs. shatter: 1. |fringe| = 1. |finished| = 0.)
(python) Launching turtle -> turtle (1 tasks) w/ 1 CPUs. 1.500000 <= MDL < 3.000000. Timeout 1799.396907.
	(ocaml: 1 CPUs. shatter: 1. |fringe| = 1. |finished| = 0.)
(python) Launching turtle -> turtle (1 tasks) w/ 1 CPUs. 1.500000 <= MDL < 3.000000. Timeout 1799.393229.
	(ocaml: 1 CPUs. shatter: 1. |fringe| = 1. |finished| = 0.)
(python) Launching turtle -> turtle (1 tasks) w/ 1 CPUs. 1.500000 <= MDL < 3.000000. Timeout 1799.394665.
	(ocaml: 1 CPUs. shatter: 1. |fringe| = 1. |finished| = 0.)
(python) Launching turtle -> turtle (1 tasks) w/ 1 CPUs. 1.500000 <= MDL < 3.000000. Timeout 1799.395376.
	(ocaml: 1 CPUs. shatter: 1. |fringe| = 1. |finished| = 0.)
(python) Launching turtle -> turtle (1 tasks) w/ 1 CPUs. 1.500000 <= MDL < 3.000000. Timeout 1799.392942.
	(ocaml: 1 CPUs. shatter: 1. |fringe| = 1. |finished| = 0.)
(python) Launching turtle -> turtle (1 tasks) w/ 1 CPUs. 1.500000 <= MDL < 3.000000. Timeout 1799.390919.
	(ocaml: 1 CPUs. shatter: 1. |fringe| = 1. |finished| = 0.)
(python) Launching turtle -> turtle (1 tasks) w/ 1 CPUs. 1.500000 <= MDL < 3.000000. Timeout 1799.389842.
	(ocaml: 1 CPUs. shatter: 1. |fringe| = 1. |finished| = 0.)
(python) Launching turtle -> turtle (1 tasks) w/ 1 CPUs. 1.500000 <= MDL < 3.000000. Timeout 1799.389324.
	(ocaml: 1 CPUs. shatter: 1. |fringe| = 1. |finished| = 0.)
(python) Launching turtle -> turtle (1 tasks) w/ 1 CPUs. 1.500000 <= MDL < 3.000000. Timeout 1799.387703.
	(ocaml: 1 CPUs. shatter: 1. |fringe| = 1. |finished| = 0.)
(python) Launching turtle -> turtle (1 tasks) w/ 1 CPUs. 1.500000 <= MDL < 3.000000. Timeout 1799.385725.
	(ocaml: 1 CPUs. shatter: 1. |fringe| = 1. |finished| = 0.)
(python) Launching turtle -> turtle (1 tasks) w/ 1 CPUs. 1.500000 <= MDL < 3.000000. Timeout 1799.384575.
	(ocaml: 1 CPUs. shatter: 1. |fringe| = 1. |finished| = 0.)
(python) Launching turtle -> turtle (1 tasks) w/ 1 CPUs. 1.500000 <= MDL < 3.000000. Timeout 1799.386453.
	(ocaml: 1 CPUs. shatter: 1. |fringe| = 1. |finished| = 0.)
(python) Launching turtle -> turtle (1 tasks) w/ 1 CPUs. 3.000000 <= MDL < 4.500000. Timeout 1798.845499.
	(ocaml: 1 CPUs. shatter: 1. |fringe| = 1. |finished| = 0.)
(python) Launching turtle -> turtle (1 tasks) w/ 1 CPUs. 3.000000 <= MDL < 4.500000. Timeout 1798.845258.
	(ocaml: 1 CPUs. shatter: 1. |fringe| = 1. |finished| = 0.)
(python) Launching turtle -> turtle (1 tasks) w/ 1 CPUs. 3.000000 <= MDL < 4.500000. Timeout 1798.838458.
	(ocaml: 1 CPUs. shatter: 1. |fringe| = 1. |finished| = 0.)
(python) Launching turtle -> turtle (1 tasks) w/ 1 CPUs. 3.000000 <= MDL < 4.500000. Timeout 1798.837907.
	(ocaml: 1 CPUs. shatter: 1. |fringe| = 1. |finished| = 0.)
(python) Launching turtle -> turtle (1 tasks) w/ 1 CPUs. 3.000000 <= MDL < 4.500000. Timeout 1798.808120.
	(ocaml: 1 CPUs. shatter: 1. |fringe| = 1. |finished| = 0.)
(python) Launching turtle -> turtle (1 tasks) w/ 1 CPUs. 3.000000 <= MDL < 4.500000. Timeout 1798.816122.
	(ocaml: 1 CPUs. shatter: 1. |fringe| = 1. |finished| = 0.)
(python) Launching turtle -> turtle (1 tasks) w/ 1 CPUs. 3.000000 <= MDL < 4.500000. Timeout 1798.812206.
	(ocaml: 1 CPUs. shatter: 1. |fringe| = 1. |finished| = 0.)
(python) Launching turtle -> turtle (1 tasks) w/ 1 CPUs. 3.000000 <= MDL < 4.500000. Timeout 1798.810153.
	(ocaml: 1 CPUs. shatter: 1. |fringe| = 1. |finished| = 0.)
(python) Launching turtle -> turtle (1 tasks) w/ 1 CPUs. 3.000000 <= MDL < 4.500000. Timeout 1798.806981.
	(ocaml: 1 CPUs. shatter: 1. |fringe| = 1. |finished| = 0.)
(python) Launching turtle -> turtle (1 tasks) w/ 1 CPUs. 3.000000 <= MDL < 4.500000. Timeout 1798.800661.
	(ocaml: 1 CPUs. shatter: 1. |fringe| = 1. |finished| = 0.)
(python) Launching turtle -> turtle (1 tasks) w/ 1 CPUs. 3.000000 <= MDL < 4.500000. Timeout 1798.794661.
	(ocaml: 1 CPUs. shatter: 1. |fringe| = 1. |finished| = 0.)
(python) Launching turtle -> turtle (1 tasks) w/ 1 CPUs. 3.000000 <= MDL < 4.500000. Timeout 1798.793843.
	(ocaml: 1 CPUs. shatter: 1. |fringe| = 1. |finished| = 0.)
(python) Launching turtle -> turtle (1 tasks) w/ 1 CPUs. 3.000000 <= MDL < 4.500000. Timeout 1798.792371.
	(ocaml: 1 CPUs. shatter: 1. |fringe| = 1. |finished| = 0.)
(python) Launching turtle -> turtle (1 tasks) w/ 1 CPUs. 3.000000 <= MDL < 4.500000. Timeout 1798.791282.
	(ocaml: 1 CPUs. shatter: 1. |fringe| = 1. |finished| = 0.)
(python) Launching turtle -> turtle (1 tasks) w/ 1 CPUs. 3.000000 <= MDL < 4.500000. Timeout 1798.791471.
	(ocaml: 1 CPUs. shatter: 1. |fringe| = 1. |finished| = 0.)
(python) Launching turtle -> turtle (1 tasks) w/ 1 CPUs. 3.000000 <= MDL < 4.500000. Timeout 1798.794749.
	(ocaml: 1 CPUs. shatter: 1. |fringe| = 1. |finished| = 0.)
(python) Launching turtle -> turtle (1 tasks) w/ 1 CPUs. 3.000000 <= MDL < 4.500000. Timeout 1798.799268.
	(ocaml: 1 CPUs. shatter: 1. |fringe| = 1. |finished| = 0.)
(python) Launching turtle -> turtle (1 tasks) w/ 1 CPUs. 3.000000 <= MDL < 4.500000. Timeout 1798.802867.
	(ocaml: 1 CPUs. shatter: 1. |fringe| = 1. |finished| = 0.)
	(ocaml: 1 CPUs. shatter: 1. |fringe| = 1. |finished| = 0.)
(python) Launching turtle -> turtle (1 tasks) w/ 1 CPUs. 3.000000 <= MDL < 4.500000. Timeout 1798.807273.
(python) Launching turtle -> turtle (1 tasks) w/ 1 CPUs. 3.000000 <= MDL < 4.500000. Timeout 1798.810776.
	(ocaml: 1 CPUs. shatter: 1. |fringe| = 1. |finished| = 0.)
	(ocaml: 1 CPUs. shatter: 1. |fringe| = 1. |finished| = 0.)
(python) Launching turtle -> turtle (1 tasks) w/ 1 CPUs. 3.000000 <= MDL < 4.500000. Timeout 1798.815698.
(python) Launching turtle -> turtle (1 tasks) w/ 1 CPUs. 3.000000 <= MDL < 4.500000. Timeout 1798.813047.
	(ocaml: 1 CPUs. shatter: 1. |fringe| = 1. |finished| = 0.)
(python) Launching turtle -> turtle (1 tasks) w/ 1 CPUs. 3.000000 <= MDL < 4.500000. Timeout 1798.814078.
	(ocaml: 1 CPUs. shatter: 1. |fringe| = 1. |finished| = 0.)
(python) Launching turtle -> turtle (1 tasks) w/ 1 CPUs. 3.000000 <= MDL < 4.500000. Timeout 1798.813564.
	(ocaml: 1 CPUs. shatter: 1. |fringe| = 1. |finished| = 0.)
(python) Launching turtle -> turtle (1 tasks) w/ 1 CPUs. 3.000000 <= MDL < 4.500000. Timeout 1798.811867.
	(ocaml: 1 CPUs. shatter: 1. |fringe| = 1. |finished| = 0.)
(python) Launching turtle -> turtle (1 tasks) w/ 1 CPUs. 3.000000 <= MDL < 4.500000. Timeout 1798.810075.
	(ocaml: 1 CPUs. shatter: 1. |fringe| = 1. |finished| = 0.)
(python) Launching turtle -> turtle (1 tasks) w/ 1 CPUs. 3.000000 <= MDL < 4.500000. Timeout 1798.808490.
	(ocaml: 1 CPUs. shatter: 1. |fringe| = 1. |finished| = 0.)
(python) Launching turtle -> turtle (1 tasks) w/ 1 CPUs. 3.000000 <= MDL < 4.500000. Timeout 1798.807178.
	(ocaml: 1 CPUs. shatter: 1. |fringe| = 1. |finished| = 0.)
(python) Launching turtle -> turtle (1 tasks) w/ 1 CPUs. 3.000000 <= MDL < 4.500000. Timeout 1798.807674.
	(ocaml: 1 CPUs. shatter: 1. |fringe| = 1. |finished| = 0.)
(python) Launching turtle -> turtle (1 tasks) w/ 1 CPUs. 3.000000 <= MDL < 4.500000. Timeout 1798.806464.
	(ocaml: 1 CPUs. shatter: 1. |fringe| = 1. |finished| = 0.)
(python) Launching turtle -> turtle (1 tasks) w/ 1 CPUs. 3.000000 <= MDL < 4.500000. Timeout 1798.804992.
	(ocaml: 1 CPUs. shatter: 1. |fringe| = 1. |finished| = 0.)
(python) Launching turtle -> turtle (1 tasks) w/ 1 CPUs. 3.000000 <= MDL < 4.500000. Timeout 1798.808894.
	(ocaml: 1 CPUs. shatter: 1. |fringe| = 1. |finished| = 0.)
(python) Launching turtle -> turtle (1 tasks) w/ 1 CPUs. 4.500000 <= MDL < 6.000000. Timeout 1798.267058.
	(ocaml: 1 CPUs. shatter: 1. |fringe| = 1. |finished| = 0.)
(python) Launching turtle -> turtle (1 tasks) w/ 1 CPUs. 4.500000 <= MDL < 6.000000. Timeout 1798.266780.
	(ocaml: 1 CPUs. shatter: 1. |fringe| = 1. |finished| = 0.)
(python) Launching turtle -> turtle (1 tasks) w/ 1 CPUs. 4.500000 <= MDL < 6.000000. Timeout 1798.260786.
	(ocaml: 1 CPUs. shatter: 1. |fringe| = 1. |finished| = 0.)
(python) Launching turtle -> turtle (1 tasks) w/ 1 CPUs. 4.500000 <= MDL < 6.000000. Timeout 1798.260678.
	(ocaml: 1 CPUs. shatter: 1. |fringe| = 1. |finished| = 0.)
(python) Launching turtle -> turtle (1 tasks) w/ 1 CPUs. 4.500000 <= MDL < 6.000000. Timeout 1798.231934.
	(ocaml: 1 CPUs. shatter: 1. |fringe| = 1. |finished| = 0.)
(python) Launching turtle -> turtle (1 tasks) w/ 1 CPUs. 4.500000 <= MDL < 6.000000. Timeout 1798.236972.
	(ocaml: 1 CPUs. shatter: 1. |fringe| = 1. |finished| = 0.)
(python) Launching turtle -> turtle (1 tasks) w/ 1 CPUs. 4.500000 <= MDL < 6.000000. Timeout 1798.231956.
	(ocaml: 1 CPUs. shatter: 1. |fringe| = 1. |finished| = 0.)
(python) Launching turtle -> turtle (1 tasks) w/ 1 CPUs. 4.500000 <= MDL < 6.000000. Timeout 1798.232417.
	(ocaml: 1 CPUs. shatter: 1. |fringe| = 1. |finished| = 0.)
(python) Launching turtle -> turtle (1 tasks) w/ 1 CPUs. 4.500000 <= MDL < 6.000000. Timeout 1798.230348.
	(ocaml: 1 CPUs. shatter: 1. |fringe| = 1. |finished| = 0.)
(python) Launching turtle -> turtle (1 tasks) w/ 1 CPUs. 4.500000 <= MDL < 6.000000. Timeout 1798.223417.
	(ocaml: 1 CPUs. shatter: 1. |fringe| = 1. |finished| = 0.)
(python) Launching turtle -> turtle (1 tasks) w/ 1 CPUs. 4.500000 <= MDL < 6.000000. Timeout 1798.217151.
	(ocaml: 1 CPUs. shatter: 1. |fringe| = 1. |finished| = 0.)
(python) Launching turtle -> turtle (1 tasks) w/ 1 CPUs. 4.500000 <= MDL < 6.000000. Timeout 1798.216843.
	(ocaml: 1 CPUs. shatter: 1. |fringe| = 1. |finished| = 0.)
(python) Launching turtle -> turtle (1 tasks) w/ 1 CPUs. 4.500000 <= MDL < 6.000000. Timeout 1798.216118.
	(ocaml: 1 CPUs. shatter: 1. |fringe| = 1. |finished| = 0.)
(python) Launching turtle -> turtle (1 tasks) w/ 1 CPUs. 4.500000 <= MDL < 6.000000. Timeout 1798.214021.
	(ocaml: 1 CPUs. shatter: 1. |fringe| = 1. |finished| = 0.)
(python) Launching turtle -> turtle (1 tasks) w/ 1 CPUs. 4.500000 <= MDL < 6.000000. Timeout 1798.214754.
	(ocaml: 1 CPUs. shatter: 1. |fringe| = 1. |finished| = 0.)
(python) Launching turtle -> turtle (1 tasks) w/ 1 CPUs. 4.500000 <= MDL < 6.000000. Timeout 1798.213234.
	(ocaml: 1 CPUs. shatter: 1. |fringe| = 1. |finished| = 0.)
(python) Launching turtle -> turtle (1 tasks) w/ 1 CPUs. 4.500000 <= MDL < 6.000000. Timeout 1798.212836.
	(ocaml: 1 CPUs. shatter: 1. |fringe| = 1. |finished| = 0.)
(python) Launching turtle -> turtle (1 tasks) w/ 1 CPUs. 4.500000 <= MDL < 6.000000. Timeout 1798.211971.
	(ocaml: 1 CPUs. shatter: 1. |fringe| = 1. |finished| = 0.)
(python) Launching turtle -> turtle (1 tasks) w/ 1 CPUs. 4.500000 <= MDL < 6.000000. Timeout 1798.208965.
	(ocaml: 1 CPUs. shatter: 1. |fringe| = 1. |finished| = 0.)
(python) Launching turtle -> turtle (1 tasks) w/ 1 CPUs. 4.500000 <= MDL < 6.000000. Timeout 1798.206724.
	(ocaml: 1 CPUs. shatter: 1. |fringe| = 1. |finished| = 0.)
(python) Launching turtle -> turtle (1 tasks) w/ 1 CPUs. 4.500000 <= MDL < 6.000000. Timeout 1798.209344.
	(ocaml: 1 CPUs. shatter: 1. |fringe| = 1. |finished| = 0.)
(python) Launching turtle -> turtle (1 tasks) w/ 1 CPUs. 4.500000 <= MDL < 6.000000. Timeout 1798.204540.
	(ocaml: 1 CPUs. shatter: 1. |fringe| = 1. |finished| = 0.)
	(ocaml: 1 CPUs. shatter: 1. |fringe| = 1. |finished| = 0.)
(python) Launching turtle -> turtle (1 tasks) w/ 1 CPUs. 4.500000 <= MDL < 6.000000. Timeout 1798.210546.
(python) Launching turtle -> turtle (1 tasks) w/ 1 CPUs. 4.500000 <= MDL < 6.000000. Timeout 1798.215617.
	(ocaml: 1 CPUs. shatter: 1. |fringe| = 1. |finished| = 0.)
(python) Launching turtle -> turtle (1 tasks) w/ 1 CPUs. 4.500000 <= MDL < 6.000000. Timeout 1798.218726.
	(ocaml: 1 CPUs. shatter: 1. |fringe| = 1. |finished| = 0.)
(python) Launching turtle -> turtle (1 tasks) w/ 1 CPUs. 4.500000 <= MDL < 6.000000. Timeout 1798.219259.
	(ocaml: 1 CPUs. shatter: 1. |fringe| = 1. |finished| = 0.)
	(ocaml: 1 CPUs. shatter: 1. |fringe| = 1. |finished| = 0.)
(python) Launching turtle -> turtle (1 tasks) w/ 1 CPUs. 4.500000 <= MDL < 6.000000. Timeout 1798.223317.
(python) Launching turtle -> turtle (1 tasks) w/ 1 CPUs. 4.500000 <= MDL < 6.000000. Timeout 1798.225780.
(python) Launching turtle -> turtle (1 tasks) w/ 1 CPUs. 4.500000 <= MDL < 6.000000. Timeout 1798.231418.
	(ocaml: 1 CPUs. shatter: 1. |fringe| = 1. |finished| = 0.)
	(ocaml: 1 CPUs. shatter: 1. |fringe| = 1. |finished| = 0.)
(python) Launching turtle -> turtle (1 tasks) w/ 1 CPUs. 4.500000 <= MDL < 6.000000. Timeout 1798.240520.
(python) Launching turtle -> turtle (1 tasks) w/ 1 CPUs. 4.500000 <= MDL < 6.000000. Timeout 1798.244399.
	(ocaml: 1 CPUs. shatter: 1. |fringe| = 1. |finished| = 0.)
	(ocaml: 1 CPUs. shatter: 1. |fringe| = 1. |finished| = 0.)
(python) Launching turtle -> turtle (1 tasks) w/ 1 CPUs. 4.500000 <= MDL < 6.000000. Timeout 1798.248947.
	(ocaml: 1 CPUs. shatter: 1. |fringe| = 1. |finished| = 0.)
(python) Launching turtle -> turtle (1 tasks) w/ 2 CPUs. 6.000000 <= MDL < 7.500000. Timeout 1797.728405.
	(ocaml: 1 CPUs. shatter: 1. |fringe| = 1. |finished| = 0.)
(python) Launching turtle -> turtle (1 tasks) w/ 1 CPUs. 6.000000 <= MDL < 7.500000. Timeout 1797.725303.
(python) Launching turtle -> turtle (1 tasks) w/ 1 CPUs. 6.000000 <= MDL < 7.500000. Timeout 1797.725256.
	(ocaml: 1 CPUs. shatter: 1. |fringe| = 1. |finished| = 0.)
	(ocaml: 1 CPUs. shatter: 1. |fringe| = 1. |finished| = 0.)
(python) Launching turtle -> turtle (1 tasks) w/ 1 CPUs. 6.000000 <= MDL < 7.500000. Timeout 1797.694504.
	(ocaml: 2 CPUs. shatter: 10. |fringe| = 14. |finished| = 0.)
(python) Launching turtle -> turtle (1 tasks) w/ 1 CPUs. 6.000000 <= MDL < 7.500000. Timeout 1797.698176.
	(ocaml: 1 CPUs. shatter: 1. |fringe| = 1. |finished| = 0.)
(python) Launching turtle -> turtle (1 tasks) w/ 1 CPUs. 6.000000 <= MDL < 7.500000. Timeout 1797.694504.
	(ocaml: 1 CPUs. shatter: 1. |fringe| = 1. |finished| = 0.)
(python) Launching turtle -> turtle (1 tasks) w/ 1 CPUs. 6.000000 <= MDL < 7.500000. Timeout 1797.696455.
	(ocaml: 1 CPUs. shatter: 1. |fringe| = 1. |finished| = 0.)
(python) Launching turtle -> turtle (1 tasks) w/ 1 CPUs. 6.000000 <= MDL < 7.500000. Timeout 1797.694850.
	(ocaml: 1 CPUs. shatter: 1. |fringe| = 1. |finished| = 0.)
(python) Launching turtle -> turtle (1 tasks) w/ 1 CPUs. 6.000000 <= MDL < 7.500000. Timeout 1797.685128.
	(ocaml: 1 CPUs. shatter: 1. |fringe| = 1. |finished| = 0.)
(python) Launching turtle -> turtle (1 tasks) w/ 2 CPUs. 6.000000 <= MDL < 7.500000. Timeout 1797.699362.
	(ocaml: 1 CPUs. shatter: 1. |fringe| = 1. |finished| = 0.)
(python) Launching turtle -> turtle (1 tasks) w/ 1 CPUs. 6.000000 <= MDL < 7.500000. Timeout 1797.702351.
	(ocaml: 1 CPUs. shatter: 1. |fringe| = 1. |finished| = 0.)
(python) Launching turtle -> turtle (1 tasks) w/ 1 CPUs. 6.000000 <= MDL < 7.500000. Timeout 1797.699752.
	(ocaml: 1 CPUs. shatter: 1. |fringe| = 1. |finished| = 0.)
	(ocaml: 2 CPUs. shatter: 10. |fringe| = 18. |finished| = 1.)
(python) Launching turtle -> turtle (1 tasks) w/ 1 CPUs. 6.000000 <= MDL < 7.500000. Timeout 1797.705061.
(python) Launching turtle -> turtle (1 tasks) w/ 1 CPUs. 6.000000 <= MDL < 7.500000. Timeout 1797.706353.
(python) Launching turtle -> turtle (1 tasks) w/ 1 CPUs. 6.000000 <= MDL < 7.500000. Timeout 1797.707252.
	(ocaml: 1 CPUs. shatter: 1. |fringe| = 1. |finished| = 0.)
	(ocaml: 1 CPUs. shatter: 1. |fringe| = 1. |finished| = 0.)
(python) Launching turtle -> turtle (1 tasks) w/ 1 CPUs. 6.000000 <= MDL < 7.500000. Timeout 1797.706606.
	(ocaml: 1 CPUs. shatter: 1. |fringe| = 1. |finished| = 0.)
(python) Launching turtle -> turtle (1 tasks) w/ 1 CPUs. 6.000000 <= MDL < 7.500000. Timeout 1797.703559.
	(ocaml: 1 CPUs. shatter: 1. |fringe| = 1. |finished| = 0.)
(python) Launching turtle -> turtle (1 tasks) w/ 1 CPUs. 6.000000 <= MDL < 7.500000. Timeout 1797.701917.
	(ocaml: 1 CPUs. shatter: 1. |fringe| = 1. |finished| = 0.)
(python) Launching turtle -> turtle (1 tasks) w/ 1 CPUs. 6.000000 <= MDL < 7.500000. Timeout 1797.702637.
	(ocaml: 1 CPUs. shatter: 1. |fringe| = 1. |finished| = 0.)
(python) Launching turtle -> turtle (1 tasks) w/ 1 CPUs. 6.000000 <= MDL < 7.500000. Timeout 1797.698997.
	(ocaml: 1 CPUs. shatter: 1. |fringe| = 1. |finished| = 0.)
(python) Launching turtle -> turtle (1 tasks) w/ 1 CPUs. 6.000000 <= MDL < 7.500000. Timeout 1797.698094.
	(ocaml: 1 CPUs. shatter: 1. |fringe| = 1. |finished| = 0.)
(python) Launching turtle -> turtle (1 tasks) w/ 1 CPUs. 6.000000 <= MDL < 7.500000. Timeout 1797.697781.
	(ocaml: 1 CPUs. shatter: 1. |fringe| = 1. |finished| = 0.)
(python) Launching turtle -> turtle (1 tasks) w/ 1 CPUs. 6.000000 <= MDL < 7.500000. Timeout 1797.694428.
	(ocaml: 1 CPUs. shatter: 1. |fringe| = 1. |finished| = 0.)
(python) Launching turtle -> turtle (1 tasks) w/ 1 CPUs. 6.000000 <= MDL < 7.500000. Timeout 1797.695056.
	(ocaml: 1 CPUs. shatter: 1. |fringe| = 1. |finished| = 0.)
(python) Launching turtle -> turtle (1 tasks) w/ 1 CPUs. 6.000000 <= MDL < 7.500000. Timeout 1797.698789.
	(ocaml: 1 CPUs. shatter: 1. |fringe| = 1. |finished| = 0.)
(python) Launching turtle -> turtle (1 tasks) w/ 1 CPUs. 6.000000 <= MDL < 7.500000. Timeout 1797.701805.
(python) Launching turtle -> turtle (1 tasks) w/ 1 CPUs. 6.000000 <= MDL < 7.500000. Timeout 1797.706300.
	(ocaml: 1 CPUs. shatter: 1. |fringe| = 1. |finished| = 0.)
	(ocaml: 1 CPUs. shatter: 1. |fringe| = 1. |finished| = 0.)
(python) Launching turtle -> turtle (1 tasks) w/ 1 CPUs. 6.000000 <= MDL < 7.500000. Timeout 1797.710714.
(python) Launching turtle -> turtle (1 tasks) w/ 1 CPUs. 6.000000 <= MDL < 7.500000. Timeout 1797.732765.
	(ocaml: 1 CPUs. shatter: 1. |fringe| = 1. |finished| = 0.)
(python) Launching turtle -> turtle (1 tasks) w/ 3 CPUs. 7.500000 <= MDL < 9.000000. Timeout 1797.207882.
	(ocaml: 1 CPUs. shatter: 1. |fringe| = 1. |finished| = 0.)
	(ocaml: 1 CPUs. shatter: 1. |fringe| = 1. |finished| = 0.)
(python) Launching turtle -> turtle (1 tasks) w/ 1 CPUs. 7.500000 <= MDL < 9.000000. Timeout 1797.203867.
	(ocaml: 1 CPUs. shatter: 1. |fringe| = 1. |finished| = 0.)
(python) Launching turtle -> turtle (1 tasks) w/ 2 CPUs. 7.500000 <= MDL < 9.000000. Timeout 1797.194962.
	(ocaml: 1 CPUs. shatter: 1. |fringe| = 1. |finished| = 0.)
	(ocaml: 3 CPUs. shatter: 15. |fringe| = 18. |finished| = 0.)
(python) Launching turtle -> turtle (1 tasks) w/ 1 CPUs. 7.500000 <= MDL < 9.000000. Timeout 1797.205379.
(python) Launching turtle -> turtle (1 tasks) w/ 1 CPUs. 7.500000 <= MDL < 9.000000. Timeout 1797.202389.
	(ocaml: 1 CPUs. shatter: 1. |fringe| = 1. |finished| = 0.)
(python) Launching turtle -> turtle (1 tasks) w/ 1 CPUs. 7.500000 <= MDL < 9.000000. Timeout 1797.206296.
	(ocaml: 2 CPUs. shatter: 10. |fringe| = 14. |finished| = 0.)
(python) Launching turtle -> turtle (1 tasks) w/ 1 CPUs. 7.500000 <= MDL < 9.000000. Timeout 1797.207045.
	(ocaml: 1 CPUs. shatter: 1. |fringe| = 1. |finished| = 0.)
(python) Launching turtle -> turtle (1 tasks) w/ 1 CPUs. 7.500000 <= MDL < 9.000000. Timeout 1797.204630.
	(ocaml: 1 CPUs. shatter: 1. |fringe| = 1. |finished| = 0.)
(python) Launching turtle -> turtle (1 tasks) w/ 2 CPUs. 7.500000 <= MDL < 9.000000. Timeout 1797.220363.
	(ocaml: 1 CPUs. shatter: 1. |fringe| = 1. |finished| = 0.)
(python) Launching turtle -> turtle (1 tasks) w/ 1 CPUs. 7.500000 <= MDL < 9.000000. Timeout 1797.225839.
	(ocaml: 1 CPUs. shatter: 1. |fringe| = 1. |finished| = 0.)
(python) Launching turtle -> turtle (1 tasks) w/ 1 CPUs. 7.500000 <= MDL < 9.000000. Timeout 1797.226893.
	(ocaml: 1 CPUs. shatter: 1. |fringe| = 1. |finished| = 0.)
(python) Launching turtle -> turtle (1 tasks) w/ 1 CPUs. 7.500000 <= MDL < 9.000000. Timeout 1797.226219.
	(ocaml: 2 CPUs. shatter: 10. |fringe| = 18. |finished| = 0.)
(python) Launching turtle -> turtle (1 tasks) w/ 1 CPUs. 7.500000 <= MDL < 9.000000. Timeout 1797.224752.
	(ocaml: 1 CPUs. shatter: 1. |fringe| = 1. |finished| = 0.)
(python) Launching turtle -> turtle (1 tasks) w/ 1 CPUs. 7.500000 <= MDL < 9.000000. Timeout 1797.225034.
	(ocaml: 1 CPUs. shatter: 1. |fringe| = 1. |finished| = 0.)
(python) Launching turtle -> turtle (1 tasks) w/ 2 CPUs. 7.500000 <= MDL < 9.000000. Timeout 1797.240652.
	(ocaml: 1 CPUs. shatter: 1. |fringe| = 1. |finished| = 0.)
(python) Launching turtle -> turtle (1 tasks) w/ 1 CPUs. 7.500000 <= MDL < 9.000000. Timeout 1797.240091.
	(ocaml: 1 CPUs. shatter: 1. |fringe| = 1. |finished| = 0.)
(python) Launching turtle -> turtle (1 tasks) w/ 1 CPUs. 7.500000 <= MDL < 9.000000. Timeout 1797.239793.
	(ocaml: 1 CPUs. shatter: 1. |fringe| = 1. |finished| = 0.)
(python) Launching turtle -> turtle (1 tasks) w/ 1 CPUs. 7.500000 <= MDL < 9.000000. Timeout 1797.235101.
	(ocaml: 2 CPUs. shatter: 10. |fringe| = 12. |finished| = 0.)
(python) Launching turtle -> turtle (1 tasks) w/ 1 CPUs. 7.500000 <= MDL < 9.000000. Timeout 1797.235223.
	(ocaml: 1 CPUs. shatter: 1. |fringe| = 1. |finished| = 0.)
(python) Launching turtle -> turtle (1 tasks) w/ 1 CPUs. 7.500000 <= MDL < 9.000000. Timeout 1797.234148.
	(ocaml: 1 CPUs. shatter: 1. |fringe| = 1. |finished| = 0.)
(python) Launching turtle -> turtle (1 tasks) w/ 1 CPUs. 7.500000 <= MDL < 9.000000. Timeout 1797.251086.
	(ocaml: 1 CPUs. shatter: 1. |fringe| = 1. |finished| = 0.)
	(ocaml: 1 CPUs. shatter: 1. |fringe| = 1. |finished| = 0.)
(python) Launching turtle -> turtle (1 tasks) w/ 1 CPUs. 7.500000 <= MDL < 9.000000. Timeout 1797.219967.
(python) Launching turtle -> turtle (1 tasks) w/ 2 CPUs. 7.500000 <= MDL < 9.000000. Timeout 1797.273359.
	(ocaml: 1 CPUs. shatter: 1. |fringe| = 1. |finished| = 0.)
(python) Launching turtle -> turtle (1 tasks) w/ 1 CPUs. 7.500000 <= MDL < 9.000000. Timeout 1797.237730.
	(ocaml: 1 CPUs. shatter: 1. |fringe| = 1. |finished| = 0.)
(python) Launching turtle -> turtle (1 tasks) w/ 1 CPUs. 7.500000 <= MDL < 9.000000. Timeout 1797.256256.
	(ocaml: 1 CPUs. shatter: 1. |fringe| = 1. |finished| = 0.)
(python) Launching turtle -> turtle (1 tasks) w/ 1 CPUs. 7.500000 <= MDL < 9.000000. Timeout 1797.277581.
	(ocaml: 2 CPUs. shatter: 10. |fringe| = 12. |finished| = 0.)
(python) Launching turtle -> turtle (1 tasks) w/ 3 CPUs. 9.000000 <= MDL < 10.500000. Timeout 1796.752950.
	(ocaml: 1 CPUs. shatter: 1. |fringe| = 1. |finished| = 0.)
(python) Launching turtle -> turtle (1 tasks) w/ 1 CPUs. 9.000000 <= MDL < 10.500000. Timeout 1796.747032.
	(ocaml: 1 CPUs. shatter: 1. |fringe| = 1. |finished| = 0.)
(python) Launching turtle -> turtle (1 tasks) w/ 2 CPUs. 9.000000 <= MDL < 10.500000. Timeout 1796.734272.
	(ocaml: 1 CPUs. shatter: 1. |fringe| = 1. |finished| = 0.)
(python) Launching turtle -> turtle (1 tasks) w/ 1 CPUs. 9.000000 <= MDL < 10.500000. Timeout 1796.738875.
	(ocaml: 3 CPUs. shatter: 15. |fringe| = 18. |finished| = 0.)
(python) Launching turtle -> turtle (1 tasks) w/ 1 CPUs. 9.000000 <= MDL < 10.500000. Timeout 1796.733326.
	(ocaml: 1 CPUs. shatter: 1. |fringe| = 1. |finished| = 0.)
(python) Launching turtle -> turtle (1 tasks) w/ 1 CPUs. 9.000000 <= MDL < 10.500000. Timeout 1796.733702.
	(ocaml: 2 CPUs. shatter: 10. |fringe| = 14. |finished| = 0.)
(python) Launching turtle -> turtle (1 tasks) w/ 1 CPUs. 9.000000 <= MDL < 10.500000. Timeout 1796.731302.
	(ocaml: 1 CPUs. shatter: 1. |fringe| = 1. |finished| = 0.)
(python) Launching turtle -> turtle (1 tasks) w/ 1 CPUs. 9.000000 <= MDL < 10.500000. Timeout 1796.723634.
	(ocaml: 1 CPUs. shatter: 1. |fringe| = 1. |finished| = 0.)
(python) Launching turtle -> turtle (1 tasks) w/ 2 CPUs. 9.000000 <= MDL < 10.500000. Timeout 1796.736807.
	(ocaml: 1 CPUs. shatter: 1. |fringe| = 1. |finished| = 0.)
(python) Launching turtle -> turtle (1 tasks) w/ 1 CPUs. 9.000000 <= MDL < 10.500000. Timeout 1796.735199.
	(ocaml: 1 CPUs. shatter: 1. |fringe| = 1. |finished| = 0.)
(python) Launching turtle -> turtle (1 tasks) w/ 1 CPUs. 9.000000 <= MDL < 10.500000. Timeout 1796.731104.
	(ocaml: 1 CPUs. shatter: 1. |fringe| = 1. |finished| = 0.)
(python) Launching turtle -> turtle (1 tasks) w/ 2 CPUs. 9.000000 <= MDL < 10.500000. Timeout 1796.746356.
	(ocaml: 2 CPUs. shatter: 10. |fringe| = 18. |finished| = 0.)
(python) Launching turtle -> turtle (1 tasks) w/ 1 CPUs. 9.000000 <= MDL < 10.500000. Timeout 1796.750760.
	(ocaml: 1 CPUs. shatter: 1. |fringe| = 1. |finished| = 0.)
(python) Launching turtle -> turtle (1 tasks) w/ 2 CPUs. 9.000000 <= MDL < 10.500000. Timeout 1796.770276.
(python) Launching turtle -> turtle (1 tasks) w/ 1 CPUs. 9.000000 <= MDL < 10.500000. Timeout 1796.774920.
	(ocaml: 1 CPUs. shatter: 1. |fringe| = 1. |finished| = 0.)
	(ocaml: 2 CPUs. shatter: 10. |fringe| = 12. |finished| = 0.)
(python) Launching turtle -> turtle (1 tasks) w/ 1 CPUs. 9.000000 <= MDL < 10.500000. Timeout 1796.775287.
(python) Launching turtle -> turtle (1 tasks) w/ 1 CPUs. 9.000000 <= MDL < 10.500000. Timeout 1796.770652.
	(ocaml: 1 CPUs. shatter: 1. |fringe| = 1. |finished| = 0.)
	(ocaml: 2 CPUs. shatter: 10. |fringe| = 12. |finished| = 0.)
(python) Launching turtle -> turtle (1 tasks) w/ 1 CPUs. 9.000000 <= MDL < 10.500000. Timeout 1796.775110.
(python) Launching turtle -> turtle (1 tasks) w/ 1 CPUs. 9.000000 <= MDL < 10.500000. Timeout 1796.773532.
	(ocaml: 1 CPUs. shatter: 1. |fringe| = 1. |finished| = 0.)
	(ocaml: 1 CPUs. shatter: 1. |fringe| = 1. |finished| = 0.)
(python) Launching turtle -> turtle (1 tasks) w/ 1 CPUs. 9.000000 <= MDL < 10.500000. Timeout 1796.790674.
	(ocaml: 1 CPUs. shatter: 1. |fringe| = 1. |finished| = 0.)
(python) Launching turtle -> turtle (1 tasks) w/ 1 CPUs. 9.000000 <= MDL < 10.500000. Timeout 1796.755164.
	(ocaml: 1 CPUs. shatter: 1. |fringe| = 1. |finished| = 0.)
(python) Launching turtle -> turtle (1 tasks) w/ 2 CPUs. 9.000000 <= MDL < 10.500000. Timeout 1796.813308.
(python) Launching turtle -> turtle (1 tasks) w/ 1 CPUs. 9.000000 <= MDL < 10.500000. Timeout 1796.781293.
	(ocaml: 1 CPUs. shatter: 1. |fringe| = 1. |finished| = 0.)
	(ocaml: 1 CPUs. shatter: 1. |fringe| = 1. |finished| = 0.)
(python) Launching turtle -> turtle (1 tasks) w/ 1 CPUs. 9.000000 <= MDL < 10.500000. Timeout 1796.806958.
(python) Launching turtle -> turtle (1 tasks) w/ 1 CPUs. 9.000000 <= MDL < 10.500000. Timeout 1796.830929.
	(ocaml: 1 CPUs. shatter: 1. |fringe| = 1. |finished| = 0.)
(python) Launching turtle -> turtle (1 tasks) w/ 3 CPUs. 10.500000 <= MDL < 12.000000. Timeout 1796.314713.
	(ocaml: 2 CPUs. shatter: 10. |fringe| = 12. |finished| = 0.)
(python) Launching turtle -> turtle (1 tasks) w/ 1 CPUs. 10.500000 <= MDL < 12.000000. Timeout 1796.309069.
	(ocaml: 1 CPUs. shatter: 1. |fringe| = 1. |finished| = 0.)
	(ocaml: 1 CPUs. shatter: 1. |fringe| = 1. |finished| = 0.)
(python) Launching turtle -> turtle (1 tasks) w/ 2 CPUs. 10.500000 <= MDL < 12.000000. Timeout 1796.298922.
	(ocaml: 1 CPUs. shatter: 1. |fringe| = 1. |finished| = 0.)
(python) Launching turtle -> turtle (1 tasks) w/ 1 CPUs. 10.500000 <= MDL < 12.000000. Timeout 1796.305768.
	(ocaml: 1 CPUs. shatter: 1. |fringe| = 1. |finished| = 0.)
	(ocaml: 3 CPUs. shatter: 15. |fringe| = 18. |finished| = 0.)
(python) Launching turtle -> turtle (1 tasks) w/ 1 CPUs. 10.500000 <= MDL < 12.000000. Timeout 1796.303598.
(python) Launching turtle -> turtle (1 tasks) w/ 1 CPUs. 10.500000 <= MDL < 12.000000. Timeout 1796.302047.
	(ocaml: 2 CPUs. shatter: 10. |fringe| = 14. |finished| = 0.)
(python) Launching turtle -> turtle (1 tasks) w/ 1 CPUs. 10.500000 <= MDL < 12.000000. Timeout 1796.298777.
	(ocaml: 1 CPUs. shatter: 1. |fringe| = 1. |finished| = 0.)
(python) Launching turtle -> turtle (1 tasks) w/ 1 CPUs. 10.500000 <= MDL < 12.000000. Timeout 1796.292064.
	(ocaml: 1 CPUs. shatter: 1. |fringe| = 1. |finished| = 0.)
(python) Launching turtle -> turtle (1 tasks) w/ 2 CPUs. 10.500000 <= MDL < 12.000000. Timeout 1796.303994.
	(ocaml: 1 CPUs. shatter: 1. |fringe| = 1. |finished| = 0.)
(python) Launching turtle -> turtle (1 tasks) w/ 1 CPUs. 10.500000 <= MDL < 12.000000. Timeout 1796.303620.
	(ocaml: 1 CPUs. shatter: 1. |fringe| = 1. |finished| = 0.)
(python) Launching turtle -> turtle (1 tasks) w/ 1 CPUs. 10.500000 <= MDL < 12.000000. Timeout 1796.301656.
	(ocaml: 1 CPUs. shatter: 1. |fringe| = 1. |finished| = 0.)
	(ocaml: 2 CPUs. shatter: 10. |fringe| = 18. |finished| = 0.)
(python) Launching turtle -> turtle (1 tasks) w/ 2 CPUs. 10.500000 <= MDL < 12.000000. Timeout 1796.320398.
(python) Launching turtle -> turtle (1 tasks) w/ 1 CPUs. 10.500000 <= MDL < 12.000000. Timeout 1796.319709.
	(ocaml: 1 CPUs. shatter: 1. |fringe| = 1. |finished| = 0.)
	(ocaml: 1 CPUs. shatter: 1. |fringe| = 1. |finished| = 0.)
(python) Launching turtle -> turtle (1 tasks) w/ 2 CPUs. 10.500000 <= MDL < 12.000000. Timeout 1796.336982.
(python) Launching turtle -> turtle (1 tasks) w/ 1 CPUs. 10.500000 <= MDL < 12.000000. Timeout 1796.357694.
	(ocaml: 2 CPUs. shatter: 10. |fringe| = 12. |finished| = 0.)
(python) Launching turtle -> turtle (1 tasks) w/ 1 CPUs. 10.500000 <= MDL < 12.000000. Timeout 1796.321604.
	(ocaml: 1 CPUs. shatter: 1. |fringe| = 1. |finished| = 0.)
(python) Launching turtle -> turtle (1 tasks) w/ 1 CPUs. 10.500000 <= MDL < 12.000000. Timeout 1796.335857.
	(ocaml: 2 CPUs. shatter: 10. |fringe| = 12. |finished| = 0.)
(python) Launching turtle -> turtle (1 tasks) w/ 1 CPUs. 10.500000 <= MDL < 12.000000. Timeout 1796.335653.
	(ocaml: 1 CPUs. shatter: 1. |fringe| = 1. |finished| = 0.)
(python) Launching turtle -> turtle (1 tasks) w/ 1 CPUs. 10.500000 <= MDL < 12.000000. Timeout 1796.373239.
	(ocaml: 1 CPUs. shatter: 1. |fringe| = 1. |finished| = 0.)
(python) Launching turtle -> turtle (1 tasks) w/ 1 CPUs. 10.500000 <= MDL < 12.000000. Timeout 1796.317062.
	(ocaml: 1 CPUs. shatter: 1. |fringe| = 1. |finished| = 0.)
(python) Launching turtle -> turtle (1 tasks) w/ 1 CPUs. 10.500000 <= MDL < 12.000000. Timeout 1796.315528.
	(ocaml: 1 CPUs. shatter: 1. |fringe| = 1. |finished| = 0.)
(python) Launching turtle -> turtle (1 tasks) w/ 2 CPUs. 10.500000 <= MDL < 12.000000. Timeout 1796.369831.
	(ocaml: 1 CPUs. shatter: 1. |fringe| = 1. |finished| = 0.)
(python) Launching turtle -> turtle (1 tasks) w/ 1 CPUs. 10.500000 <= MDL < 12.000000. Timeout 1796.333164.
	(ocaml: 1 CPUs. shatter: 1. |fringe| = 1. |finished| = 0.)
(python) Launching turtle -> turtle (1 tasks) w/ 1 CPUs. 10.500000 <= MDL < 12.000000. Timeout 1796.350688.
	(ocaml: 1 CPUs. shatter: 1. |fringe| = 1. |finished| = 0.)
(python) Launching turtle -> turtle (1 tasks) w/ 1 CPUs. 10.500000 <= MDL < 12.000000. Timeout 1796.370373.
	(ocaml: 2 CPUs. shatter: 10. |fringe| = 12. |finished| = 0.)
(python) Launching turtle -> turtle (1 tasks) w/ 3 CPUs. 12.000000 <= MDL < 13.500000. Timeout 1795.850718.
(python) Launching turtle -> turtle (1 tasks) w/ 1 CPUs. 12.000000 <= MDL < 13.500000. Timeout 1795.855640.
	(ocaml: 1 CPUs. shatter: 1. |fringe| = 1. |finished| = 0.)
(python) Launching turtle -> turtle (1 tasks) w/ 2 CPUs. 12.000000 <= MDL < 13.500000. Timeout 1795.846171.
	(ocaml: 1 CPUs. shatter: 1. |fringe| = 1. |finished| = 0.)
(python) Launching turtle -> turtle (1 tasks) w/ 1 CPUs. 12.000000 <= MDL < 13.500000. Timeout 1795.852670.
	(ocaml: 3 CPUs. shatter: 15. |fringe| = 18. |finished| = 0.)
	(ocaml: 1 CPUs. shatter: 1. |fringe| = 1. |finished| = 0.)
(python) Launching turtle -> turtle (1 tasks) w/ 1 CPUs. 12.000000 <= MDL < 13.500000. Timeout 1795.845988.
	(ocaml: 1 CPUs. shatter: 1. |fringe| = 1. |finished| = 0.)
(python) Launching turtle -> turtle (1 tasks) w/ 1 CPUs. 12.000000 <= MDL < 13.500000. Timeout 1795.860978.
	(ocaml: 2 CPUs. shatter: 10. |fringe| = 14. |finished| = 0.)
(python) Launching turtle -> turtle (1 tasks) w/ 1 CPUs. 12.000000 <= MDL < 13.500000. Timeout 1795.822840.
	(ocaml: 1 CPUs. shatter: 1. |fringe| = 1. |finished| = 0.)
(python) Launching turtle -> turtle (1 tasks) w/ 1 CPUs. 12.000000 <= MDL < 13.500000. Timeout 1795.832295.
	(ocaml: 1 CPUs. shatter: 1. |fringe| = 1. |finished| = 0.)
(python) Launching turtle -> turtle (1 tasks) w/ 2 CPUs. 12.000000 <= MDL < 13.500000. Timeout 1795.844410.
	(ocaml: 1 CPUs. shatter: 1. |fringe| = 1. |finished| = 0.)
(python) Launching turtle -> turtle (1 tasks) w/ 1 CPUs. 12.000000 <= MDL < 13.500000. Timeout 1795.843214.
	(ocaml: 1 CPUs. shatter: 1. |fringe| = 1. |finished| = 0.)
(python) Launching turtle -> turtle (1 tasks) w/ 1 CPUs. 12.000000 <= MDL < 13.500000. Timeout 1795.843445.
	(ocaml: 1 CPUs. shatter: 1. |fringe| = 1. |finished| = 0.)
(python) Launching turtle -> turtle (1 tasks) w/ 2 CPUs. 12.000000 <= MDL < 13.500000. Timeout 1795.855919.
	(ocaml: 2 CPUs. shatter: 10. |fringe| = 18. |finished| = 0.)
	(ocaml: 1 CPUs. shatter: 1. |fringe| = 1. |finished| = 0.)
(python) Launching turtle -> turtle (1 tasks) w/ 1 CPUs. 12.000000 <= MDL < 13.500000. Timeout 1795.860582.
(python) Launching turtle -> turtle (1 tasks) w/ 2 CPUs. 12.000000 <= MDL < 13.500000. Timeout 1795.877211.
(python) Launching turtle -> turtle (1 tasks) w/ 1 CPUs. 12.000000 <= MDL < 13.500000. Timeout 1795.896137.
	(ocaml: 1 CPUs. shatter: 1. |fringe| = 1. |finished| = 0.)
(python) Launching turtle -> turtle (1 tasks) w/ 1 CPUs. 12.000000 <= MDL < 13.500000. Timeout 1795.857090.
	(ocaml: 2 CPUs. shatter: 10. |fringe| = 12. |finished| = 0.)
(python) Launching turtle -> turtle (1 tasks) w/ 1 CPUs. 12.000000 <= MDL < 13.500000. Timeout 1795.873871.
	(ocaml: 1 CPUs. shatter: 1. |fringe| = 1. |finished| = 0.)
	(ocaml: 2 CPUs. shatter: 10. |fringe| = 12. |finished| = 0.)
(python) Launching turtle -> turtle (1 tasks) w/ 1 CPUs. 12.000000 <= MDL < 13.500000. Timeout 1795.875201.
	(ocaml: 1 CPUs. shatter: 1. |fringe| = 1. |finished| = 0.)
(python) Launching turtle -> turtle (1 tasks) w/ 1 CPUs. 12.000000 <= MDL < 13.500000. Timeout 1795.910826.
	(ocaml: 1 CPUs. shatter: 1. |fringe| = 1. |finished| = 0.)
(python) Launching turtle -> turtle (1 tasks) w/ 1 CPUs. 12.000000 <= MDL < 13.500000. Timeout 1795.853861.
	(ocaml: 1 CPUs. shatter: 1. |fringe| = 1. |finished| = 0.)
(python) Launching turtle -> turtle (1 tasks) w/ 1 CPUs. 12.000000 <= MDL < 13.500000. Timeout 1795.851177.
	(ocaml: 1 CPUs. shatter: 1. |fringe| = 1. |finished| = 0.)
(python) Launching turtle -> turtle (1 tasks) w/ 2 CPUs. 12.000000 <= MDL < 13.500000. Timeout 1795.907928.
	(ocaml: 1 CPUs. shatter: 1. |fringe| = 1. |finished| = 0.)
(python) Launching turtle -> turtle (1 tasks) w/ 1 CPUs. 12.000000 <= MDL < 13.500000. Timeout 1795.872514.
(python) Launching turtle -> turtle (1 tasks) w/ 1 CPUs. 12.000000 <= MDL < 13.500000. Timeout 1795.929995.
	(ocaml: 1 CPUs. shatter: 1. |fringe| = 1. |finished| = 0.)
	(ocaml: 1 CPUs. shatter: 1. |fringe| = 1. |finished| = 0.)
(python) Launching turtle -> turtle (1 tasks) w/ 1 CPUs. 12.000000 <= MDL < 13.500000. Timeout 1795.874201.
(python) Launching turtle -> turtle (1 tasks) w/ 3 CPUs. 13.500000 <= MDL < 15.000000. Timeout 1795.394446.
	(ocaml: 2 CPUs. shatter: 10. |fringe| = 12. |finished| = 0.)
	(ocaml: 1 CPUs. shatter: 1. |fringe| = 1. |finished| = 0.)
(python) Launching turtle -> turtle (1 tasks) w/ 2 CPUs. 13.500000 <= MDL < 15.000000. Timeout 1795.392704.
	(ocaml: 1 CPUs. shatter: 1. |fringe| = 1. |finished| = 0.)
(python) Launching turtle -> turtle (1 tasks) w/ 1 CPUs. 13.500000 <= MDL < 15.000000. Timeout 1795.369777.
(python) Launching turtle -> turtle (1 tasks) w/ 1 CPUs. 13.500000 <= MDL < 15.000000. Timeout 1795.386304.
	(ocaml: 1 CPUs. shatter: 1. |fringe| = 1. |finished| = 0.)
(python) Launching turtle -> turtle (1 tasks) w/ 1 CPUs. 13.500000 <= MDL < 15.000000. Timeout 1795.382054.
	(ocaml: 3 CPUs. shatter: 15. |fringe| = 18. |finished| = 0.)
(python) Launching turtle -> turtle (1 tasks) w/ 2 CPUs. 13.500000 <= MDL < 15.000000. Timeout 1795.433711.
	(ocaml: 1 CPUs. shatter: 1. |fringe| = 1. |finished| = 0.)
	(ocaml: 2 CPUs. shatter: 10. |fringe| = 14. |finished| = 0.)
	(ocaml: 1 CPUs. shatter: 1. |fringe| = 1. |finished| = 0.)
(python) Launching turtle -> turtle (1 tasks) w/ 1 CPUs. 13.500000 <= MDL < 15.000000. Timeout 1795.358824.
	(ocaml: 1 CPUs. shatter: 1. |fringe| = 1. |finished| = 0.)
(python) Launching turtle -> turtle (1 tasks) w/ 1 CPUs. 13.500000 <= MDL < 15.000000. Timeout 1795.348365.
(python) Launching turtle -> turtle (1 tasks) w/ 2 CPUs. 13.500000 <= MDL < 15.000000. Timeout 1795.424138.
	(ocaml: 2 CPUs. shatter: 10. |fringe| = 18. |finished| = 0.)
	(ocaml: 1 CPUs. shatter: 1. |fringe| = 1. |finished| = 0.)
(python) Launching turtle -> turtle (1 tasks) w/ 1 CPUs. 13.500000 <= MDL < 15.000000. Timeout 1795.264316.
(python) Launching turtle -> turtle (1 tasks) w/ 1 CPUs. 13.500000 <= MDL < 15.000000. Timeout 1795.341687.
	(ocaml: 1 CPUs. shatter: 1. |fringe| = 1. |finished| = 0.)
(python) Launching turtle -> turtle (1 tasks) w/ 2 CPUs. 13.500000 <= MDL < 15.000000. Timeout 1795.410927.
	(ocaml: 2 CPUs. shatter: 10. |fringe| = 12. |finished| = 0.)
(python) Launching turtle -> turtle (1 tasks) w/ 1 CPUs. 13.500000 <= MDL < 15.000000. Timeout 1795.283762.
	(ocaml: 1 CPUs. shatter: 1. |fringe| = 1. |finished| = 0.)
(python) Launching turtle -> turtle (1 tasks) w/ 1 CPUs. 13.500000 <= MDL < 15.000000. Timeout 1795.329335.
	(ocaml: 1 CPUs. shatter: 1. |fringe| = 1. |finished| = 0.)
(python) Launching turtle -> turtle (1 tasks) w/ 1 CPUs. 13.500000 <= MDL < 15.000000. Timeout 1795.376593.
	(ocaml: 2 CPUs. shatter: 10. |fringe| = 12. |finished| = 0.)
(python) Launching turtle -> turtle (1 tasks) w/ 1 CPUs. 13.500000 <= MDL < 15.000000. Timeout 1795.333670.
	(ocaml: 1 CPUs. shatter: 1. |fringe| = 1. |finished| = 0.)
(python) Launching turtle -> turtle (1 tasks) w/ 1 CPUs. 13.500000 <= MDL < 15.000000. Timeout 1795.365605.
	(ocaml: 1 CPUs. shatter: 1. |fringe| = 1. |finished| = 0.)
(python) Launching turtle -> turtle (1 tasks) w/ 1 CPUs. 13.500000 <= MDL < 15.000000. Timeout 1795.323063.
(python) Launching turtle -> turtle (1 tasks) w/ 2 CPUs. 13.500000 <= MDL < 15.000000. Timeout 1795.428452.
	(ocaml: 1 CPUs. shatter: 1. |fringe| = 1. |finished| = 0.)
(python) Launching turtle -> turtle (1 tasks) w/ 1 CPUs. 13.500000 <= MDL < 15.000000. Timeout 1795.350375.
	(ocaml: 1 CPUs. shatter: 1. |fringe| = 1. |finished| = 0.)
	(ocaml: 1 CPUs. shatter: 1. |fringe| = 1. |finished| = 0.)
(python) Launching turtle -> turtle (1 tasks) w/ 1 CPUs. 13.500000 <= MDL < 15.000000. Timeout 1795.296291.
	(ocaml: 1 CPUs. shatter: 1. |fringe| = 1. |finished| = 0.)
(python) Launching turtle -> turtle (1 tasks) w/ 1 CPUs. 13.500000 <= MDL < 15.000000. Timeout 1795.290904.
(python) Launching turtle -> turtle (1 tasks) w/ 1 CPUs. 13.500000 <= MDL < 15.000000. Timeout 1795.325990.
	(ocaml: 2 CPUs. shatter: 10. |fringe| = 12. |finished| = 0.)
(python) Launching turtle -> turtle (1 tasks) w/ 1 CPUs. 13.500000 <= MDL < 15.000000. Timeout 1795.376422.
	(ocaml: 1 CPUs. shatter: 1. |fringe| = 1. |finished| = 0.)
(python) Launching turtle -> turtle (1 tasks) w/ 1 CPUs. 13.500000 <= MDL < 15.000000. Timeout 1795.306990.
	(ocaml: 1 CPUs. shatter: 1. |fringe| = 1. |finished| = 0.)
	(ocaml: 1 CPUs. shatter: 1. |fringe| = 1. |finished| = 0.)
(python) Launching turtle -> turtle (1 tasks) w/ 3 CPUs. 15.000000 <= MDL < 16.500000. Timeout 1794.806282.
	(ocaml: 1 CPUs. shatter: 1. |fringe| = 1. |finished| = 0.)
(python) Launching turtle -> turtle (1 tasks) w/ 2 CPUs. 15.000000 <= MDL < 16.500000. Timeout 1794.800485.
	(ocaml: 1 CPUs. shatter: 1. |fringe| = 1. |finished| = 0.)
	(ocaml: 1 CPUs. shatter: 1. |fringe| = 1. |finished| = 0.)
(python) Launching turtle -> turtle (1 tasks) w/ 2 CPUs. 15.000000 <= MDL < 16.500000. Timeout 1794.851940.
	(ocaml: 3 CPUs. shatter: 15. |fringe| = 18. |finished| = 0.)
	(ocaml: 2 CPUs. shatter: 10. |fringe| = 14. |finished| = 0.)
	(ocaml: 2 CPUs. shatter: 10. |fringe| = 18. |finished| = 0.)
(python) Launching turtle -> turtle (1 tasks) w/ 2 CPUs. 15.000000 <= MDL < 16.500000. Timeout 1794.795237.
(python) Launching turtle -> turtle (1 tasks) w/ 2 CPUs. 15.000000 <= MDL < 16.500000. Timeout 1794.776713.
	(ocaml: 2 CPUs. shatter: 10. |fringe| = 12. |finished| = 0.)
(python) Launching turtle -> turtle (1 tasks) w/ 1 CPUs. 15.000000 <= MDL < 16.500000. Timeout 1794.475043.
	(ocaml: 2 CPUs. shatter: 10. |fringe| = 12. |finished| = 0.)
(python) Launching turtle -> turtle (1 tasks) w/ 1 CPUs. 15.000000 <= MDL < 16.500000. Timeout 1794.424241.
	(ocaml: 1 CPUs. shatter: 1. |fringe| = 1. |finished| = 0.)
(python) Launching turtle -> turtle (1 tasks) w/ 2 CPUs. 15.000000 <= MDL < 16.500000. Timeout 1794.782876.
(python) Launching turtle -> turtle (1 tasks) w/ 1 CPUs. 15.000000 <= MDL < 16.500000. Timeout 1794.347852.
(python) Launching turtle -> turtle (1 tasks) w/ 1 CPUs. 15.000000 <= MDL < 16.500000. Timeout 1794.354905.
	(ocaml: 1 CPUs. shatter: 1. |fringe| = 1. |finished| = 0.)
	(ocaml: 2 CPUs. shatter: 10. |fringe| = 12. |finished| = 0.)
(python) Launching turtle -> turtle (1 tasks) w/ 1 CPUs. 15.000000 <= MDL < 16.500000. Timeout 1794.327047.
	(ocaml: 1 CPUs. shatter: 1. |fringe| = 1. |finished| = 0.)
	(ocaml: 1 CPUs. shatter: 1. |fringe| = 1. |finished| = 0.)
	(ocaml: 1 CPUs. shatter: 1. |fringe| = 1. |finished| = 0.)
(python) Launching turtle -> turtle (1 tasks) w/ 1 CPUs. 15.000000 <= MDL < 16.500000. Timeout 1794.339030.
(python) Launching turtle -> turtle (1 tasks) w/ 1 CPUs. 15.000000 <= MDL < 16.500000. Timeout 1794.169544.
(python) Launching turtle -> turtle (1 tasks) w/ 1 CPUs. 15.000000 <= MDL < 16.500000. Timeout 1794.060995.
(python) Launching turtle -> turtle (1 tasks) w/ 1 CPUs. 15.000000 <= MDL < 16.500000. Timeout 1794.123688.
	(ocaml: 1 CPUs. shatter: 1. |fringe| = 1. |finished| = 0.)
(python) Launching turtle -> turtle (1 tasks) w/ 1 CPUs. 15.000000 <= MDL < 16.500000. Timeout 1794.221939.
(python) Launching turtle -> turtle (1 tasks) w/ 1 CPUs. 15.000000 <= MDL < 16.500000. Timeout 1794.125197.
	(ocaml: 1 CPUs. shatter: 1. |fringe| = 1. |finished| = 0.)
(python) Launching turtle -> turtle (1 tasks) w/ 1 CPUs. 15.000000 <= MDL < 16.500000. Timeout 1794.247875.
	(ocaml: 1 CPUs. shatter: 1. |fringe| = 1. |finished| = 0.)
	(ocaml: 1 CPUs. shatter: 1. |fringe| = 1. |finished| = 0.)
(python) Launching turtle -> turtle (1 tasks) w/ 1 CPUs. 15.000000 <= MDL < 16.500000. Timeout 1794.155526.
(python) Launching turtle -> turtle (1 tasks) w/ 1 CPUs. 15.000000 <= MDL < 16.500000. Timeout 1794.104531.
	(ocaml: 1 CPUs. shatter: 1. |fringe| = 1. |finished| = 0.)
	(ocaml: 1 CPUs. shatter: 1. |fringe| = 1. |finished| = 0.)
	(ocaml: 1 CPUs. shatter: 1. |fringe| = 1. |finished| = 0.)
	(ocaml: 1 CPUs. shatter: 1. |fringe| = 1. |finished| = 0.)
(python) Launching turtle -> turtle (1 tasks) w/ 1 CPUs. 15.000000 <= MDL < 16.500000. Timeout 1794.074642.
	(ocaml: 1 CPUs. shatter: 1. |fringe| = 1. |finished| = 0.)
(python) Launching turtle -> turtle (1 tasks) w/ 1 CPUs. 15.000000 <= MDL < 16.500000. Timeout 1794.152781.
(python) Launching turtle -> turtle (1 tasks) w/ 1 CPUs. 15.000000 <= MDL < 16.500000. Timeout 1793.918385.
	(ocaml: 1 CPUs. shatter: 1. |fringe| = 1. |finished| = 0.)
	(ocaml: 1 CPUs. shatter: 1. |fringe| = 1. |finished| = 0.)
(python) Launching turtle -> turtle (1 tasks) w/ 1 CPUs. 15.000000 <= MDL < 16.500000. Timeout 1793.889506.
	(ocaml: 1 CPUs. shatter: 1. |fringe| = 1. |finished| = 0.)
	(ocaml: 1 CPUs. shatter: 1. |fringe| = 1. |finished| = 0.)
(python) Launching turtle -> turtle (1 tasks) w/ 1 CPUs. 15.000000 <= MDL < 16.500000. Timeout 1793.753145.
	(ocaml: 1 CPUs. shatter: 1. |fringe| = 1. |finished| = 0.)
(python) Launching turtle -> turtle (1 tasks) w/ 3 CPUs. 16.500000 <= MDL < 18.000000. Timeout 1793.113569.
	(ocaml: 3 CPUs. shatter: 15. |fringe| = 18. |finished| = 0.)
(python) Launching turtle -> turtle (1 tasks) w/ 2 CPUs. 16.500000 <= MDL < 18.000000. Timeout 1792.414965.
	(ocaml: 2 CPUs. shatter: 10. |fringe| = 14. |finished| = 0.)
(python) Launching turtle -> turtle (1 tasks) w/ 2 CPUs. 16.500000 <= MDL < 18.000000. Timeout 1792.289267.
(python) Launching turtle -> turtle (1 tasks) w/ 2 CPUs. 16.500000 <= MDL < 18.000000. Timeout 1792.383246.
	(ocaml: 2 CPUs. shatter: 10. |fringe| = 18. |finished| = 0.)
	(ocaml: 2 CPUs. shatter: 10. |fringe| = 12. |finished| = 0.)
(python) Launching turtle -> turtle (1 tasks) w/ 2 CPUs. 16.500000 <= MDL < 18.000000. Timeout 1792.161576.
(python) Launching turtle -> turtle (1 tasks) w/ 2 CPUs. 16.500000 <= MDL < 18.000000. Timeout 1792.312951.
	(ocaml: 2 CPUs. shatter: 10. |fringe| = 12. |finished| = 0.)
	(ocaml: 2 CPUs. shatter: 10. |fringe| = 12. |finished| = 0.)
(python) Launching turtle -> turtle (1 tasks) w/ 1 CPUs. 16.500000 <= MDL < 18.000000. Timeout 1790.349347.
(python) Launching turtle -> turtle (1 tasks) w/ 1 CPUs. 16.500000 <= MDL < 18.000000. Timeout 1790.363530.
	(ocaml: 1 CPUs. shatter: 1. |fringe| = 1. |finished| = 0.)
(python) Launching turtle -> turtle (1 tasks) w/ 1 CPUs. 16.500000 <= MDL < 18.000000. Timeout 1789.996775.
	(ocaml: 1 CPUs. shatter: 1. |fringe| = 1. |finished| = 0.)
	(ocaml: 1 CPUs. shatter: 1. |fringe| = 1. |finished| = 0.)
(python) Launching turtle -> turtle (1 tasks) w/ 1 CPUs. 16.500000 <= MDL < 18.000000. Timeout 1789.772365.
(python) Launching turtle -> turtle (1 tasks) w/ 1 CPUs. 16.500000 <= MDL < 18.000000. Timeout 1789.972552.
	(ocaml: 1 CPUs. shatter: 1. |fringe| = 1. |finished| = 0.)
	(ocaml: 1 CPUs. shatter: 1. |fringe| = 1. |finished| = 0.)
(python) Launching turtle -> turtle (1 tasks) w/ 1 CPUs. 16.500000 <= MDL < 18.000000. Timeout 1789.891436.
(python) Launching turtle -> turtle (1 tasks) w/ 1 CPUs. 16.500000 <= MDL < 18.000000. Timeout 1789.756366.
(python) Launching turtle -> turtle (1 tasks) w/ 1 CPUs. 16.500000 <= MDL < 18.000000. Timeout 1789.558262.
	(ocaml: 1 CPUs. shatter: 1. |fringe| = 1. |finished| = 0.)
(python) Launching turtle -> turtle (1 tasks) w/ 1 CPUs. 16.500000 <= MDL < 18.000000. Timeout 1789.870122.
	(ocaml: 1 CPUs. shatter: 1. |fringe| = 1. |finished| = 0.)
	(ocaml: 1 CPUs. shatter: 1. |fringe| = 1. |finished| = 0.)
	(ocaml: 1 CPUs. shatter: 1. |fringe| = 1. |finished| = 0.)
(python) Launching turtle -> turtle (1 tasks) w/ 1 CPUs. 16.500000 <= MDL < 18.000000. Timeout 1789.057347.
(python) Launching turtle -> turtle (1 tasks) w/ 1 CPUs. 16.500000 <= MDL < 18.000000. Timeout 1788.976287.
	(ocaml: 1 CPUs. shatter: 1. |fringe| = 1. |finished| = 0.)
	(ocaml: 1 CPUs. shatter: 1. |fringe| = 1. |finished| = 0.)
(python) Launching turtle -> turtle (1 tasks) w/ 1 CPUs. 16.500000 <= MDL < 18.000000. Timeout 1788.925838.
(python) Launching turtle -> turtle (1 tasks) w/ 1 CPUs. 16.500000 <= MDL < 18.000000. Timeout 1788.821022.
	(ocaml: 1 CPUs. shatter: 1. |fringe| = 1. |finished| = 0.)
	(ocaml: 1 CPUs. shatter: 1. |fringe| = 1. |finished| = 0.)
(python) Launching turtle -> turtle (1 tasks) w/ 1 CPUs. 16.500000 <= MDL < 18.000000. Timeout 1788.881690.
(python) Launching turtle -> turtle (1 tasks) w/ 1 CPUs. 16.500000 <= MDL < 18.000000. Timeout 1788.755858.
	(ocaml: 1 CPUs. shatter: 1. |fringe| = 1. |finished| = 0.)
	(ocaml: 1 CPUs. shatter: 1. |fringe| = 1. |finished| = 0.)
(python) Launching turtle -> turtle (1 tasks) w/ 1 CPUs. 16.500000 <= MDL < 18.000000. Timeout 1788.070528.
(python) Launching turtle -> turtle (1 tasks) w/ 1 CPUs. 16.500000 <= MDL < 18.000000. Timeout 1788.308562.
	(ocaml: 1 CPUs. shatter: 1. |fringe| = 1. |finished| = 0.)
	(ocaml: 1 CPUs. shatter: 1. |fringe| = 1. |finished| = 0.)
(python) Launching turtle -> turtle (1 tasks) w/ 1 CPUs. 16.500000 <= MDL < 18.000000. Timeout 1788.188955.
	(ocaml: 1 CPUs. shatter: 1. |fringe| = 1. |finished| = 0.)
(python) Launching turtle -> turtle (1 tasks) w/ 1 CPUs. 16.500000 <= MDL < 18.000000. Timeout 1786.228822.
(python) Launching turtle -> turtle (1 tasks) w/ 3 CPUs. 18.000000 <= MDL < 19.500000. Timeout 1785.640106.
	(ocaml: 1 CPUs. shatter: 1. |fringe| = 1. |finished| = 0.)
	(ocaml: 3 CPUs. shatter: 15. |fringe| = 18. |finished| = 0.)
(python) Launching turtle -> turtle (1 tasks) w/ 2 CPUs. 18.000000 <= MDL < 19.500000. Timeout 1782.106831.
	(ocaml: 2 CPUs. shatter: 10. |fringe| = 14. |finished| = 0.)
(python) Launching turtle -> turtle (1 tasks) w/ 2 CPUs. 18.000000 <= MDL < 19.500000. Timeout 1782.341385.
	(ocaml: 2 CPUs. shatter: 10. |fringe| = 12. |finished| = 0.)
(python) Launching turtle -> turtle (1 tasks) w/ 2 CPUs. 18.000000 <= MDL < 19.500000. Timeout 1781.564030.
(python) Launching turtle -> turtle (1 tasks) w/ 2 CPUs. 18.000000 <= MDL < 19.500000. Timeout 1781.611231.
	(ocaml: 2 CPUs. shatter: 10. |fringe| = 18. |finished| = 0.)
	(ocaml: 2 CPUs. shatter: 10. |fringe| = 12. |finished| = 0.)
(python) Launching turtle -> turtle (1 tasks) w/ 2 CPUs. 18.000000 <= MDL < 19.500000. Timeout 1781.136692.
	(ocaml: 2 CPUs. shatter: 10. |fringe| = 12. |finished| = 0.)
(python) Launching turtle -> turtle (1 tasks) w/ 1 CPUs. 18.000000 <= MDL < 19.500000. Timeout 1773.337153.
	(ocaml: 1 CPUs. shatter: 1. |fringe| = 1. |finished| = 0.)
(python) Launching turtle -> turtle (1 tasks) w/ 1 CPUs. 18.000000 <= MDL < 19.500000. Timeout 1771.929188.
	(ocaml: 1 CPUs. shatter: 1. |fringe| = 1. |finished| = 0.)
(python) Launching turtle -> turtle (1 tasks) w/ 1 CPUs. 18.000000 <= MDL < 19.500000. Timeout 1770.089255.
	(ocaml: 1 CPUs. shatter: 1. |fringe| = 1. |finished| = 0.)
(python) Launching turtle -> turtle (1 tasks) w/ 1 CPUs. 18.000000 <= MDL < 19.500000. Timeout 1769.861393.
	(ocaml: 1 CPUs. shatter: 1. |fringe| = 1. |finished| = 0.)
(python) Launching turtle -> turtle (1 tasks) w/ 1 CPUs. 18.000000 <= MDL < 19.500000. Timeout 1769.437095.
(python) Launching turtle -> turtle (1 tasks) w/ 1 CPUs. 18.000000 <= MDL < 19.500000. Timeout 1769.726020.
	(ocaml: 1 CPUs. shatter: 1. |fringe| = 1. |finished| = 0.)
(python) Launching turtle -> turtle (1 tasks) w/ 1 CPUs. 18.000000 <= MDL < 19.500000. Timeout 1769.306959.
	(ocaml: 1 CPUs. shatter: 1. |fringe| = 1. |finished| = 0.)
	(ocaml: 1 CPUs. shatter: 1. |fringe| = 1. |finished| = 0.)
(python) Launching turtle -> turtle (1 tasks) w/ 1 CPUs. 18.000000 <= MDL < 19.500000. Timeout 1768.527692.
(python) Launching turtle -> turtle (1 tasks) w/ 1 CPUs. 18.000000 <= MDL < 19.500000. Timeout 1768.352652.
	(ocaml: 1 CPUs. shatter: 1. |fringe| = 1. |finished| = 0.)
	(ocaml: 1 CPUs. shatter: 1. |fringe| = 1. |finished| = 0.)
(python) Launching turtle -> turtle (1 tasks) w/ 1 CPUs. 18.000000 <= MDL < 19.500000. Timeout 1767.601822.
	(ocaml: 1 CPUs. shatter: 1. |fringe| = 1. |finished| = 0.)
(python) Launching turtle -> turtle (1 tasks) w/ 1 CPUs. 18.000000 <= MDL < 19.500000. Timeout 1767.302741.
	(ocaml: 1 CPUs. shatter: 1. |fringe| = 1. |finished| = 0.)
(python) Launching turtle -> turtle (1 tasks) w/ 1 CPUs. 18.000000 <= MDL < 19.500000. Timeout 1766.166468.
	(ocaml: 1 CPUs. shatter: 1. |fringe| = 1. |finished| = 0.)
(python) Launching turtle -> turtle (1 tasks) w/ 1 CPUs. 18.000000 <= MDL < 19.500000. Timeout 1765.678496.
	(ocaml: 1 CPUs. shatter: 1. |fringe| = 1. |finished| = 0.)
(python) Launching turtle -> turtle (1 tasks) w/ 1 CPUs. 18.000000 <= MDL < 19.500000. Timeout 1765.058015.
	(ocaml: 1 CPUs. shatter: 1. |fringe| = 1. |finished| = 0.)
(python) Launching turtle -> turtle (1 tasks) w/ 1 CPUs. 18.000000 <= MDL < 19.500000. Timeout 1764.496724.
	(ocaml: 1 CPUs. shatter: 1. |fringe| = 1. |finished| = 0.)
(python) Launching turtle -> turtle (1 tasks) w/ 1 CPUs. 18.000000 <= MDL < 19.500000. Timeout 1764.184419.
	(ocaml: 1 CPUs. shatter: 1. |fringe| = 1. |finished| = 0.)
(python) Launching turtle -> turtle (1 tasks) w/ 1 CPUs. 18.000000 <= MDL < 19.500000. Timeout 1763.273549.
	(ocaml: 1 CPUs. shatter: 1. |fringe| = 1. |finished| = 0.)
(python) Launching turtle -> turtle (1 tasks) w/ 1 CPUs. 18.000000 <= MDL < 19.500000. Timeout 1760.285744.
	(ocaml: 1 CPUs. shatter: 1. |fringe| = 1. |finished| = 0.)
(python) Launching turtle -> turtle (1 tasks) w/ 1 CPUs. 18.000000 <= MDL < 19.500000. Timeout 1755.299335.
	(ocaml: 1 CPUs. shatter: 1. |fringe| = 1. |finished| = 0.)
(python) Launching turtle -> turtle (1 tasks) w/ 3 CPUs. 19.500000 <= MDL < 21.000000. Timeout 1751.136630.
	(ocaml: 3 CPUs. shatter: 15. |fringe| = 18. |finished| = 0.)
(python) Launching turtle -> turtle (1 tasks) w/ 2 CPUs. 19.500000 <= MDL < 21.000000. Timeout 1743.947204.
	(ocaml: 2 CPUs. shatter: 10. |fringe| = 12. |finished| = 0.)
(python) Launching turtle -> turtle (1 tasks) w/ 2 CPUs. 19.500000 <= MDL < 21.000000. Timeout 1738.805130.
	(ocaml: 2 CPUs. shatter: 10. |fringe| = 18. |finished| = 0.)
(python) Launching turtle -> turtle (1 tasks) w/ 2 CPUs. 19.500000 <= MDL < 21.000000. Timeout 1735.169016.
	(ocaml: 2 CPUs. shatter: 10. |fringe| = 14. |finished| = 0.)
(python) Launching turtle -> turtle (1 tasks) w/ 2 CPUs. 19.500000 <= MDL < 21.000000. Timeout 1734.484722.
	(ocaml: 2 CPUs. shatter: 10. |fringe| = 12. |finished| = 0.)
(python) Launching turtle -> turtle (1 tasks) w/ 2 CPUs. 19.500000 <= MDL < 21.000000. Timeout 1728.679351.
	(ocaml: 2 CPUs. shatter: 10. |fringe| = 12. |finished| = 0.)
(python) Launching turtle -> turtle (1 tasks) w/ 1 CPUs. 19.500000 <= MDL < 21.000000. Timeout 1703.384197.
	(ocaml: 1 CPUs. shatter: 1. |fringe| = 1. |finished| = 0.)
(python) Launching turtle -> turtle (1 tasks) w/ 1 CPUs. 19.500000 <= MDL < 21.000000. Timeout 1693.137516.
	(ocaml: 1 CPUs. shatter: 1. |fringe| = 1. |finished| = 0.)
(python) Launching turtle -> turtle (1 tasks) w/ 1 CPUs. 19.500000 <= MDL < 21.000000. Timeout 1689.687778.
	(ocaml: 1 CPUs. shatter: 1. |fringe| = 1. |finished| = 0.)
(python) Launching turtle -> turtle (1 tasks) w/ 1 CPUs. 19.500000 <= MDL < 21.000000. Timeout 1682.739884.
	(ocaml: 1 CPUs. shatter: 1. |fringe| = 1. |finished| = 0.)
(python) Launching turtle -> turtle (1 tasks) w/ 1 CPUs. 19.500000 <= MDL < 21.000000. Timeout 1682.015702.
	(ocaml: 1 CPUs. shatter: 1. |fringe| = 1. |finished| = 0.)
(python) Launching turtle -> turtle (1 tasks) w/ 1 CPUs. 19.500000 <= MDL < 21.000000. Timeout 1680.782088.
	(ocaml: 1 CPUs. shatter: 1. |fringe| = 1. |finished| = 0.)
(python) Launching turtle -> turtle (1 tasks) w/ 1 CPUs. 19.500000 <= MDL < 21.000000. Timeout 1680.493483.
	(ocaml: 1 CPUs. shatter: 1. |fringe| = 1. |finished| = 0.)
(python) Launching turtle -> turtle (1 tasks) w/ 1 CPUs. 19.500000 <= MDL < 21.000000. Timeout 1677.872754.
	(ocaml: 1 CPUs. shatter: 1. |fringe| = 1. |finished| = 0.)
(python) Launching turtle -> turtle (1 tasks) w/ 1 CPUs. 19.500000 <= MDL < 21.000000. Timeout 1674.595792.
	(ocaml: 1 CPUs. shatter: 1. |fringe| = 1. |finished| = 0.)
(python) Launching turtle -> turtle (1 tasks) w/ 1 CPUs. 19.500000 <= MDL < 21.000000. Timeout 1674.760455.
	(ocaml: 1 CPUs. shatter: 1. |fringe| = 1. |finished| = 0.)
(python) Launching turtle -> turtle (1 tasks) w/ 1 CPUs. 19.500000 <= MDL < 21.000000. Timeout 1673.773880.
	(ocaml: 1 CPUs. shatter: 1. |fringe| = 1. |finished| = 0.)
(python) Launching turtle -> turtle (1 tasks) w/ 1 CPUs. 19.500000 <= MDL < 21.000000. Timeout 1672.588315.
	(ocaml: 1 CPUs. shatter: 1. |fringe| = 1. |finished| = 0.)
(python) Launching turtle -> turtle (1 tasks) w/ 1 CPUs. 19.500000 <= MDL < 21.000000. Timeout 1661.170594.
	(ocaml: 1 CPUs. shatter: 1. |fringe| = 1. |finished| = 0.)
(python) Launching turtle -> turtle (1 tasks) w/ 1 CPUs. 19.500000 <= MDL < 21.000000. Timeout 1659.545653.
(python) Launching turtle -> turtle (1 tasks) w/ 1 CPUs. 19.500000 <= MDL < 21.000000. Timeout 1659.713438.
	(ocaml: 1 CPUs. shatter: 1. |fringe| = 1. |finished| = 0.)
	(ocaml: 1 CPUs. shatter: 1. |fringe| = 1. |finished| = 0.)
(python) Launching turtle -> turtle (1 tasks) w/ 1 CPUs. 19.500000 <= MDL < 21.000000. Timeout 1652.272816.
	(ocaml: 1 CPUs. shatter: 1. |fringe| = 1. |finished| = 0.)
(python) Launching turtle -> turtle (1 tasks) w/ 1 CPUs. 19.500000 <= MDL < 21.000000. Timeout 1649.149321.
	(ocaml: 1 CPUs. shatter: 1. |fringe| = 1. |finished| = 0.)
Fatal error: out of memory
response:
b''
error:
None
ERROR in enumeration, returning empty frontiers for this batch of tasks.
(python) Launching turtle -> turtle (1 tasks) w/ 1 CPUs. 19.500000 <= MDL < 21.000000. Timeout 1638.372938.
	(ocaml: 1 CPUs. shatter: 1. |fringe| = 1. |finished| = 0.)
Fatal error: out of memory
response:
b''
error:
None
ERROR in enumeration, returning empty frontiers for this batch of tasks.
(python) Launching turtle -> turtle (1 tasks) w/ 1 CPUs. 19.500000 <= MDL < 21.000000. Timeout 1623.139108.
	(ocaml: 1 CPUs. shatter: 1. |fringe| = 1. |finished| = 0.)
(python) Launching turtle -> turtle (1 tasks) w/ 3 CPUs. 21.000000 <= MDL < 22.500000. Timeout 1615.894662.
	(ocaml: 3 CPUs. shatter: 15. |fringe| = 18. |finished| = 0.)
(python) Launching turtle -> turtle (1 tasks) w/ 2 CPUs. 21.000000 <= MDL < 22.500000. Timeout 1567.564429.
	(ocaml: 2 CPUs. shatter: 10. |fringe| = 12. |finished| = 0.)
(python) Launching turtle -> turtle (1 tasks) w/ 2 CPUs. 21.000000 <= MDL < 22.500000. Timeout 1540.693533.
	(ocaml: 2 CPUs. shatter: 10. |fringe| = 14. |finished| = 0.)
(python) Launching turtle -> turtle (1 tasks) w/ 2 CPUs. 21.000000 <= MDL < 22.500000. Timeout 1536.804850.
	(ocaml: 2 CPUs. shatter: 10. |fringe| = 18. |finished| = 0.)
(python) Launching turtle -> turtle (1 tasks) w/ 2 CPUs. 21.000000 <= MDL < 22.500000. Timeout 1524.933768.
	(ocaml: 2 CPUs. shatter: 10. |fringe| = 12. |finished| = 0.)
(python) Launching turtle -> turtle (1 tasks) w/ 2 CPUs. 21.000000 <= MDL < 22.500000. Timeout 1519.115836.
	(ocaml: 2 CPUs. shatter: 10. |fringe| = 12. |finished| = 0.)
Fatal error: out of memory
response:
b''
error:
None
ERROR in enumeration, returning empty frontiers for this batch of tasks.
(python) Launching turtle -> turtle (1 tasks) w/ 1 CPUs. 21.000000 <= MDL < 22.500000. Timeout 1485.761631.
	(ocaml: 1 CPUs. shatter: 1. |fringe| = 1. |finished| = 0.)
Fatal error: out of memory
response:
b''
error:
None
ERROR in enumeration, returning empty frontiers for this batch of tasks.
(python) Launching turtle -> turtle (1 tasks) w/ 1 CPUs. 21.000000 <= MDL < 22.500000. Timeout 1409.753543.
	(ocaml: 1 CPUs. shatter: 1. |fringe| = 1. |finished| = 0.)
(python) Launching turtle -> turtle (1 tasks) w/ 1 CPUs. 21.000000 <= MDL < 22.500000. Timeout 1406.736954.
	(ocaml: 1 CPUs. shatter: 1. |fringe| = 1. |finished| = 0.)
(python) Launching turtle -> turtle (1 tasks) w/ 1 CPUs. 21.000000 <= MDL < 22.500000. Timeout 1365.830918.
	(ocaml: 1 CPUs. shatter: 1. |fringe| = 1. |finished| = 0.)
(python) Launching turtle -> turtle (1 tasks) w/ 1 CPUs. 21.000000 <= MDL < 22.500000. Timeout 1356.455299.
	(ocaml: 1 CPUs. shatter: 1. |fringe| = 1. |finished| = 0.)
(python) Launching turtle -> turtle (1 tasks) w/ 1 CPUs. 21.000000 <= MDL < 22.500000. Timeout 1334.152211.
	(ocaml: 1 CPUs. shatter: 1. |fringe| = 1. |finished| = 0.)
(python) Launching turtle -> turtle (1 tasks) w/ 1 CPUs. 21.000000 <= MDL < 22.500000. Timeout 1324.682782.
	(ocaml: 1 CPUs. shatter: 1. |fringe| = 1. |finished| = 0.)
Fatal error: out of memory
(python) Launching turtle -> turtle (1 tasks) w/ 1 CPUs. 21.000000 <= MDL < 22.500000. Timeout 1312.710868.
	(ocaml: 1 CPUs. shatter: 1. |fringe| = 1. |finished| = 0.)
(python) Launching turtle -> turtle (1 tasks) w/ 1 CPUs. 21.000000 <= MDL < 22.500000. Timeout 1309.104660.
	(ocaml: 1 CPUs. shatter: 1. |fringe| = 1. |finished| = 0.)
response:
b''
error:
None
ERROR in enumeration, returning empty frontiers for this batch of tasks.
(python) Launching turtle -> turtle (1 tasks) w/ 1 CPUs. 21.000000 <= MDL < 22.500000. Timeout 1306.466609.
	(ocaml: 1 CPUs. shatter: 1. |fringe| = 1. |finished| = 0.)
(python) Launching turtle -> turtle (1 tasks) w/ 1 CPUs. 21.000000 <= MDL < 22.500000. Timeout 1298.165753.
	(ocaml: 1 CPUs. shatter: 1. |fringe| = 1. |finished| = 0.)
(python) Launching turtle -> turtle (1 tasks) w/ 1 CPUs. 21.000000 <= MDL < 22.500000. Timeout 1273.016738.
	(ocaml: 1 CPUs. shatter: 1. |fringe| = 1. |finished| = 0.)
(python) Launching turtle -> turtle (1 tasks) w/ 1 CPUs. 21.000000 <= MDL < 22.500000. Timeout 1261.042476.
	(ocaml: 1 CPUs. shatter: 1. |fringe| = 1. |finished| = 0.)
(python) Launching turtle -> turtle (1 tasks) w/ 1 CPUs. 21.000000 <= MDL < 22.500000. Timeout 1255.670281.
	(ocaml: 1 CPUs. shatter: 1. |fringe| = 1. |finished| = 0.)
(python) Launching turtle -> turtle (1 tasks) w/ 1 CPUs. 21.000000 <= MDL < 22.500000. Timeout 1250.478999.
	(ocaml: 1 CPUs. shatter: 1. |fringe| = 1. |finished| = 0.)
(python) Launching turtle -> turtle (1 tasks) w/ 1 CPUs. 21.000000 <= MDL < 22.500000. Timeout 1247.059556.
	(ocaml: 1 CPUs. shatter: 1. |fringe| = 1. |finished| = 0.)
Fatal error: out of memory
(python) Launching turtle -> turtle (1 tasks) w/ 1 CPUs. 21.000000 <= MDL < 22.500000. Timeout 1242.736667.
	(ocaml: 1 CPUs. shatter: 1. |fringe| = 1. |finished| = 0.)
response:
b''
error:
None
ERROR in enumeration, returning empty frontiers for this batch of tasks.
(python) Launching turtle -> turtle (1 tasks) w/ 1 CPUs. 22.500000 <= MDL < 24.000000. Timeout 1241.780846.
	(ocaml: 1 CPUs. shatter: 1. |fringe| = 1. |finished| = 0.)
(python) Launching turtle -> turtle (1 tasks) w/ 1 CPUs. 21.000000 <= MDL < 22.500000. Timeout 1236.873698.
	(ocaml: 1 CPUs. shatter: 1. |fringe| = 1. |finished| = 0.)
(python) Launching turtle -> turtle (1 tasks) w/ 1 CPUs. 21.000000 <= MDL < 22.500000. Timeout 1188.436522.
	(ocaml: 1 CPUs. shatter: 1. |fringe| = 1. |finished| = 0.)
Fatal error: out of memory
response:
b''
error:
None
ERROR in enumeration, returning empty frontiers for this batch of tasks.
(python) Launching turtle -> turtle (1 tasks) w/ 1 CPUs. 24.000000 <= MDL < 25.500000. Timeout 1114.634429.
	(ocaml: 1 CPUs. shatter: 1. |fringe| = 1. |finished| = 0.)
(python) Launching turtle -> turtle (1 tasks) w/ 3 CPUs. 22.500000 <= MDL < 24.000000. Timeout 1062.439920.
	(ocaml: 3 CPUs. shatter: 15. |fringe| = 18. |finished| = 0.)
Fatal error: out of memory
response:
b''
error:
None
ERROR in enumeration, returning empty frontiers for this batch of tasks.
(python) Launching turtle -> turtle (1 tasks) w/ 1 CPUs. 25.500000 <= MDL < 27.000000. Timeout 842.686842.
	(ocaml: 1 CPUs. shatter: 1. |fringe| = 1. |finished| = 0.)
(python) Launching turtle -> turtle (1 tasks) w/ 2 CPUs. 22.500000 <= MDL < 24.000000. Timeout 787.806896.
	(ocaml: 2 CPUs. shatter: 10. |fringe| = 12. |finished| = 0.)
Fatal error: out of memory
Fatal error: out of memory
response:
b''
error:
None
ERROR in enumeration, returning empty frontiers for this batch of tasks.
(python) Launching turtle -> turtle (1 tasks) w/ 1 CPUs. 22.500000 <= MDL < 24.000000. Timeout 747.051497.
response:
b''
error:
None
ERROR in enumeration, returning empty frontiers for this batch of tasks.
(python) Launching turtle -> turtle (1 tasks) w/ 1 CPUs. 27.000000 <= MDL < 28.500000. Timeout 746.575365.
	(ocaml: 1 CPUs. shatter: 1. |fringe| = 1. |finished| = 0.)
	(ocaml: 1 CPUs. shatter: 1. |fringe| = 1. |finished| = 0.)
(python) Launching turtle -> turtle (1 tasks) w/ 2 CPUs. 22.500000 <= MDL < 24.000000. Timeout 688.976706.
(python) Launching turtle -> turtle (1 tasks) w/ 2 CPUs. 22.500000 <= MDL < 24.000000. Timeout 689.042546.
	(ocaml: 2 CPUs. shatter: 10. |fringe| = 14. |finished| = 0.)
	(ocaml: 2 CPUs. shatter: 10. |fringe| = 18. |finished| = 0.)
(python) Launching turtle -> turtle (1 tasks) w/ 2 CPUs. 22.500000 <= MDL < 24.000000. Timeout 670.404591.
	(ocaml: 2 CPUs. shatter: 10. |fringe| = 12. |finished| = 0.)
Fatal error: out of memory
(python) Launching turtle -> turtle (1 tasks) w/ 2 CPUs. 22.500000 <= MDL < 24.000000. Timeout 570.693293.
	(ocaml: 2 CPUs. shatter: 10. |fringe| = 12. |finished| = 0.)
Uncaught exception:
  
  End_of_file

Raised by primitive operation at Stdlib__Marshal in file "marshal.ml" (inlined), line 43, characters 0-60
Called from Dune__exe__Parallel.parallel_work.(fun) in file "parallel.ml", line 159, characters 40-65
Called from Base__List0.iter in file "src/list0.ml" (inlined), line 60, characters 4-7
Called from Dune__exe__Parallel.parallel_work in file "parallel.ml", line 156, characters 4-416
Called from Dune__exe__Enumeration.multicore_enumeration in file "enumeration.ml", line 446, characters 25-78
Called from Dune__exe__Task.enumerate_for_tasks in file "task.ml", line 452, characters 8-1023
Called from Dune__exe__Solver in file "solver.ml", line 143, characters 4-175
Fatal error: out of memory
response:
b''
error:
None
ERROR in enumeration, returning empty frontiers for this batch of tasks.
(python) Launching turtle -> turtle (1 tasks) w/ 1 CPUs. 24.000000 <= MDL < 25.500000. Timeout 535.844662.
	(ocaml: 1 CPUs. shatter: 1. |fringe| = 1. |finished| = 0.)
Fatal error: out of memory
response:
b''
error:
None
ERROR in enumeration, returning empty frontiers for this batch of tasks.
(python) Launching turtle -> turtle (1 tasks) w/ 1 CPUs. 28.500000 <= MDL < 30.000000. Timeout 521.364187.
	(ocaml: 1 CPUs. shatter: 1. |fringe| = 1. |finished| = 0.)
Fatal error: out of memory
response:
b''
error:
None
ERROR in enumeration, returning empty frontiers for this batch of tasks.
(python) Launching turtle -> turtle (1 tasks) w/ 1 CPUs. 22.500000 <= MDL < 24.000000. Timeout 494.356542.
	(ocaml: 1 CPUs. shatter: 1. |fringe| = 1. |finished| = 0.)
Fatal error: out of memory
response:
b''
error:
None
ERROR in enumeration, returning empty frontiers for this batch of tasks.
(python) Launching turtle -> turtle (1 tasks) w/ 1 CPUs. 22.500000 <= MDL < 24.000000. Timeout 471.202138.
	(ocaml: 1 CPUs. shatter: 1. |fringe| = 1. |finished| = 0.)
Fatal error: out of memory
Uncaught exception:
  
  End_of_file

Raised by primitive operation at Stdlib__Marshal in file "marshal.ml" (inlined), line 43, characters 0-60
Called from Dune__exe__Parallel.parallel_work.(fun) in file "parallel.ml", line 159, characters 40-65
Called from Base__List0.iter in file "src/list0.ml" (inlined), line 60, characters 4-7
Called from Dune__exe__Parallel.parallel_work in file "parallel.ml", line 156, characters 4-416
Called from Dune__exe__Enumeration.multicore_enumeration in file "enumeration.ml", line 446, characters 25-78
Called from Dune__exe__Task.enumerate_for_tasks in file "task.ml", line 452, characters 8-1023
Called from Dune__exe__Solver in file "solver.ml", line 143, characters 4-175
Fatal error: out of memory
response:
b''
error:
None
ERROR in enumeration, returning empty frontiers for this batch of tasks.
(python) Launching turtle -> turtle (1 tasks) w/ 1 CPUs. 22.500000 <= MDL < 24.000000. Timeout 431.121111.
	(ocaml: 1 CPUs. shatter: 1. |fringe| = 1. |finished| = 0.)
Fatal error: out of memory
Uncaught exception:
  
  End_of_file

Raised by primitive operation at Stdlib__Marshal in file "marshal.ml" (inlined), line 43, characters 0-60
Called from Dune__exe__Parallel.parallel_work.(fun) in file "parallel.ml", line 159, characters 40-65
Called from Base__List0.iter in file "src/list0.ml" (inlined), line 60, characters 4-7
Called from Dune__exe__Parallel.parallel_work in file "parallel.ml", line 156, characters 4-416
Called from Dune__exe__Enumeration.multicore_enumeration in file "enumeration.ml", line 446, characters 25-78
Called from Dune__exe__Task.enumerate_for_tasks in file "task.ml", line 452, characters 8-1023
Called from Dune__exe__Solver in file "solver.ml", line 143, characters 4-175
Fatal error: out of memory
Fatal error: out of memory
response:
b''
error:
None
ERROR in enumeration, returning empty frontiers for this batch of tasks.
(python) Launching turtle -> turtle (1 tasks) w/ 1 CPUs. 22.500000 <= MDL < 24.000000. Timeout 301.280967.
	(ocaml: 1 CPUs. shatter: 1. |fringe| = 1. |finished| = 0.)
response:
b''
error:
None
ERROR in enumeration, returning empty frontiers for this batch of tasks.
(python) Launching turtle -> turtle (1 tasks) w/ 1 CPUs. 30.000000 <= MDL < 31.500000. Timeout 299.651538.
	(ocaml: 1 CPUs. shatter: 1. |fringe| = 1. |finished| = 0.)
Fatal error: out of memory
response:
b''
error:
None
ERROR in enumeration, returning empty frontiers for this batch of tasks.
(python) Launching turtle -> turtle (1 tasks) w/ 1 CPUs. 22.500000 <= MDL < 24.000000. Timeout 275.156798.
	(ocaml: 1 CPUs. shatter: 1. |fringe| = 1. |finished| = 0.)
Fatal error: out of memory
response:
b''
error:
None
ERROR in enumeration, returning empty frontiers for this batch of tasks.
(python) Launching turtle -> turtle (1 tasks) w/ 1 CPUs. 31.500000 <= MDL < 33.000000. Timeout 192.356003.
	(ocaml: 1 CPUs. shatter: 1. |fringe| = 1. |finished| = 0.)
Fatal error: out of memory
response:
b''
error:
None
ERROR in enumeration, returning empty frontiers for this batch of tasks.
(python) Launching turtle -> turtle (1 tasks) w/ 1 CPUs. 22.500000 <= MDL < 24.000000. Timeout 152.629746.
	(ocaml: 1 CPUs. shatter: 1. |fringe| = 1. |finished| = 0.)
(python) Launching turtle -> turtle (1 tasks) w/ 2 CPUs. 22.500000 <= MDL < 24.000000. Timeout 0.561171.
	(ocaml: 2 CPUs. shatter: 10. |fringe| = 18. |finished| = 0.)
response:
b''
error:
None
ERROR in enumeration, returning empty frontiers for this batch of tasks.
response:
b''
error:
None
ERROR in enumeration, returning empty frontiers for this batch of tasks.
response:
b''
error:
None
ERROR in enumeration, returning empty frontiers for this batch of tasks.
We enumerated this many programs, for each task:
	 [13, 168784950, 65771589, 118330332, 89, 67866196, 55212931, 9452590, 62147144, 36791907, 12, 119698965, 61655705, 63923458, 51, 68713281, 55554755, 96, 69991498, 39678294, 26452466, 27122310, 52341545, 48770863, 21854018, 22499073, 87, 50548040, 75130037, 21255552, 8, 61065679]
Wrote experiments_iterative/outputs/paperfaithful_init_seed111_20260507/domains/logo/dreamcoder/seed_111/dreamcoder_32/0/metrics.json
====================================
iteration: 0
amortized_synthesis : infer_programs_for_tasks
Completed in 1801.272s
====================================
============LOGGING FRONTIERS============
	 total_solved_tasks_train @ iteration 0: 8 / 199
	 total_solved_tasks_test @ iteration 0: 0 / 111
====================================
reset_task_frontiers for split: test
============LOGGING FRONTIERS============
	 total_solved_tasks_train @ iteration 0: 8 / 199
	 total_solved_tasks_test @ iteration 0: 0 / 111
====================================
============LOGGING MODEL_FN============
	iteration: 0
	experiment_block_type: model_fn
	model_type: grammar
	task_batch_sizes: ['all']
	run_every_n_iterations: 3
	task_splits: ['test']
	params: {'compute_likelihoods': True, 'compute_description_lengths': True, 'save_filename': 'test_likelihoods.json'}
	model_fn: evaluate_frontiers
task_ids test: 111 tasks: a greek spiral with 7 turns -- 5 sided snowflake with 2 small 5 gon s as arms
====================================
<original-workspace>/lilo_sec/.conda/envs/lilo/lib/python3.7/site-packages/numpy/core/fromnumeric.py:3441: RuntimeWarning: Mean of empty slice.
  out=out, **kwargs)
<original-workspace>/lilo_sec/.conda/envs/lilo/lib/python3.7/site-packages/numpy/core/_methods.py:189: RuntimeWarning: invalid value encountered in double_scalars
  ret = ret.dtype.type(ret / rcount)
EVALUATION: evaluate_frontiers : mean log likelihood of 0 programs in splits: ['test'] is: nan
EVALUATION: evaluate_frontiers : mean description length of 0 programs in splits: ['test'] is: nan
============Checkpointing frontiers to experiments_iterative/outputs/paperfaithful_init_seed111_20260507/domains/logo/dreamcoder/seed_111/dreamcoder_32/0/frontiers.json===========
============LOGGING MODEL_FN============
	iteration: 0
	experiment_block_type: model_fn
	model_type: library_learner
	task_batch_sizes: ['all']
	task_splits: ['train']
	params: {'max_arity': 3, 'iterations': 10, 'candidates_per_iteration': 1, 'include_samples': False, 'use_mdl_program': False, 'beta_reduce_programs': True, 'update_grammar': True, 'replace_existing_abstractions': True}
	model_fn: get_compressed_grammar_mdl_prior_rank
task_ids train: 200 tasks: 5 sided snowflake with a medium semicircle and a small semicircle as arms -- 6 sided snowflake with a short space and a short line and a short space and a medium semicircle as arms
====================================
Updated grammar (productions=27) with 10 new abstractions.
reset_task_frontiers for split: train
reset_samples for split: train
============LOGGING TASK_BATCHER============
Task batcher: random_shuffle_ordered_task_batcher
Initializing batcher over tasks: 
train tasks: 200
test tasks: 111
global_batch_size: 32
====================================
random_seed: 111
