============LOGGING METADATA============
	iteration: 0
	human_readable: Autogenerated iterative experiment.
	experiment_id: dreamcoder_32
	encoder: re2
	init_frontiers_every_iteration: False
	enumeration_timeout: 1000
	tasks_loader: re2
	task_language_loader: re2_synthetic
	timestamped_experiment_id: dreamcoder_32
	init_grammar_from_checkpoint: False
	init_frontiers_from_checkpoint: False
	resume_checkpoint_directory: None
	export_with_timestamp: False
	ocaml_special_handler: re2
	timestamp: 
	curr_iteration: 0
	global_batch_size: 32
	experiment_name: paperfaithful_init_seed111_20260507
	dsl_description_prefix: This is a domain-specific language for regular expressions that specify string transformations.
	log_directory: experiments_iterative/logs/paperfaithful_init_seed111_20260507/domains/re2/dreamcoder/seed_111/dreamcoder_32
	random_generator: Generator(PCG64)
	export_directory: experiments_iterative/outputs/paperfaithful_init_seed111_20260507/domains/re2/dreamcoder/seed_111/dreamcoder_32
	recognition_train_steps: 10000
	random_seed: 111
====================================
============LOGGING FRONTIERS============
	 total_solved_tasks_train @ iteration 0: 0 / 491
	 total_solved_tasks_test @ iteration 0: 0 / 500
====================================
============LOGGING MODEL_FN============
	iteration: 0
	experiment_block_type: model_fn
	model_type: grammar
	run_every_n_iterations: 1000
	params: {'enumeration_timeout': 1000, 'compute_likelihoods': True}
	task_split: train
	model_fn: infer_programs_for_tasks
	task_batch_size: global_batch_size
task_ids: 32 tasks: re2_train_489_if_there_is_any_letter_consonant_replace_that_with_b -- re2_train_34_if_the_word_ends_with_any_letter_add_d_after_that
====================================
Beginning enumeration on a total of 32 tasks with a total of 32 CPUs.
Disabling parallelism on the Python side because we only have one job.
If you are using ocaml, there could still be parallelism.
(python) Launching tfullstr -> tfullstr (32 tasks) w/ 32 CPUs. 0.000000 <= MDL < 1.500000. Timeout 1000.000000.
	(ocaml: 32 CPUs. shatter: 320. |fringe| = 0. |finished| = 1.)
(python) Launching tfullstr -> tfullstr (32 tasks) w/ 32 CPUs. 1.500000 <= MDL < 3.000000. Timeout 999.961003.
	(ocaml: 32 CPUs. shatter: 320. |fringe| = 0. |finished| = 0.)
(python) Launching tfullstr -> tfullstr (32 tasks) w/ 32 CPUs. 3.000000 <= MDL < 4.500000. Timeout 999.925424.
	(ocaml: 32 CPUs. shatter: 320. |fringe| = 0. |finished| = 0.)
(python) Launching tfullstr -> tfullstr (32 tasks) w/ 32 CPUs. 4.500000 <= MDL < 6.000000. Timeout 999.890445.
	(ocaml: 32 CPUs. shatter: 320. |fringe| = 0. |finished| = 0.)
(python) Launching tfullstr -> tfullstr (32 tasks) w/ 32 CPUs. 6.000000 <= MDL < 7.500000. Timeout 999.855871.
	(ocaml: 32 CPUs. shatter: 320. |fringe| = 320. |finished| = 0.)
(python) Launching tfullstr -> tfullstr (32 tasks) w/ 32 CPUs. 7.500000 <= MDL < 9.000000. Timeout 999.753159.
	(ocaml: 32 CPUs. shatter: 320. |fringe| = 321. |finished| = 0.)
(python) Launching tfullstr -> tfullstr (32 tasks) w/ 32 CPUs. 9.000000 <= MDL < 10.500000. Timeout 999.652114.
	(ocaml: 32 CPUs. shatter: 320. |fringe| = 321. |finished| = 0.)
(python) Launching tfullstr -> tfullstr (32 tasks) w/ 32 CPUs. 10.500000 <= MDL < 12.000000. Timeout 999.551013.
	(ocaml: 32 CPUs. shatter: 320. |fringe| = 321. |finished| = 0.)
(python) Launching tfullstr -> tfullstr (32 tasks) w/ 32 CPUs. 12.000000 <= MDL < 13.500000. Timeout 999.364214.
	(ocaml: 32 CPUs. shatter: 320. |fringe| = 321. |finished| = 0.)
(python) Launching tfullstr -> tfullstr (32 tasks) w/ 32 CPUs. 13.500000 <= MDL < 15.000000. Timeout 999.253055.
	(ocaml: 32 CPUs. shatter: 320. |fringe| = 321. |finished| = 0.)
(python) Launching tfullstr -> tfullstr (31 tasks) w/ 32 CPUs. 15.000000 <= MDL < 16.500000. Timeout 999.108271.
	(ocaml: 32 CPUs. shatter: 320. |fringe| = 321. |finished| = 0.)
(python) Launching tfullstr -> tfullstr (31 tasks) w/ 32 CPUs. 16.500000 <= MDL < 18.000000. Timeout 998.771365.
	(ocaml: 32 CPUs. shatter: 320. |fringe| = 321. |finished| = 0.)
(python) Launching tfullstr -> tfullstr (31 tasks) w/ 32 CPUs. 18.000000 <= MDL < 19.500000. Timeout 997.864554.
	(ocaml: 32 CPUs. shatter: 320. |fringe| = 321. |finished| = 0.)
(python) Launching tfullstr -> tfullstr (31 tasks) w/ 32 CPUs. 19.500000 <= MDL < 21.000000. Timeout 993.546707.
	(ocaml: 32 CPUs. shatter: 320. |fringe| = 321. |finished| = 0.)
(python) Launching tfullstr -> tfullstr (29 tasks) w/ 32 CPUs. 21.000000 <= MDL < 22.500000. Timeout 979.054757.
	(ocaml: 32 CPUs. shatter: 320. |fringe| = 321. |finished| = 0.)
(python) Launching tfullstr -> tfullstr (29 tasks) w/ 32 CPUs. 22.500000 <= MDL < 24.000000. Timeout 904.590808.
	(ocaml: 32 CPUs. shatter: 320. |fringe| = 321. |finished| = 0.)
(python) Launching tfullstr -> tfullstr (29 tasks) w/ 32 CPUs. 24.000000 <= MDL < 25.500000. Timeout 607.462449.
	(ocaml: 32 CPUs. shatter: 320. |fringe| = 321. |finished| = 0.)
We enumerated this many programs, for each task:
	 [22835848, 22835848, 3782, 22835848, 22835848, 22835848, 22835848, 22835848, 22835848, 22835848, 22835848, 22835848, 655874, 22835848, 22835848, 22835848, 22835848, 22835848, 22835848, 22835848, 22835848, 22835848, 22835848, 22835848, 22835848, 655874, 22835848, 22835848, 22835848, 22835848, 22835848, 22835848]
Wrote experiments_iterative/outputs/paperfaithful_init_seed111_20260507/domains/re2/dreamcoder/seed_111/dreamcoder_32/0/metrics.json
====================================
iteration: 0
grammar : infer_programs_for_tasks
Completed in 1000.527s
====================================
============LOGGING FRONTIERS============
	 total_solved_tasks_train @ iteration 0: 6 / 491
	 total_solved_tasks_test @ iteration 0: 0 / 500
====================================
============LOGGING MODEL_FN============
	iteration: 0
	experiment_block_type: model_fn
	model_type: amortized_synthesis
	params: {'recognition_train_steps': 10000}
	task_split: train
	model_fn: optimize_model_for_frontiers
	task_batch_size: all
task_ids: 491 tasks: re2_train_489_if_there_is_any_letter_consonant_replace_that_with_b -- re2_train_432_if_the_word_ends_with_vowel_any_letter_replace_that_with_h_i
====================================
No pre-enumerated helmholtzFrontiers: we will sample randomly during the training loop.
Attempted frontier likelihood normalization. Initial frontiers: 6. Now: 6
(ID=0): Training a recognition model from 6 frontiers, 50% Helmholtz
Feature extractors: [['StringFeatureExtractor']]
(ID=0): Got 0 Helmholtz frontiers - random Helmholtz training? : True
(ID=0): Contextual? True
(ID=0): Bias optimal? True
(ID=0): Aux loss? True (n.b. we train a 'auxiliary' classifier anyway - this controls if gradients propagate back to the future extractor)
Sampling new helmholtz frontiers during training.
Sampling 500 programs from the prior on 32 CPUs...


Got 498/500 valid samples.
We now have 498 Helmholtz entries.
(ID=0):  Epoch 1 Loss 15.377889692783356
(ID=0):  		(real loss):  18.14911880493164 	(dream loss): 1.5217441320419312
(ID=0):  	vs MDL (w/o neural net) 15.891885184106433
		(real MDL):  18.793003348703742 	(dream MDL): 1.3862943611198906
(ID=0):  	6 cumulative gradient steps. 6.822571 steps/sec
(ID=0):  	42-way auxiliary classification loss 0.6657183766365051
(ID=0):  Epoch 5 Loss 9.822532311081886
(ID=0):  		(real loss):  14.080024973551433 	(dream loss): 2.7267112069659762
(ID=0):  	vs MDL (w/o neural net) 13.127512778767958
		(real MDL):  19.443982358680785 	(dream MDL): 2.6000634789132477
(ID=0):  	30 cumulative gradient steps. 26.846226 steps/sec
(ID=0):  	42-way auxiliary classification loss 0.5233938843011856
(ID=0):  Epoch 10 Loss 5.196278502543767
(ID=0):  		(real loss):  7.6364783218928745 	(dream loss): 3.0611036606132984
(ID=0):  	vs MDL (w/o neural net) 10.315150154137832
		(real MDL):  18.187129407246605 	(dream MDL): 3.427168307667656
(ID=0):  	60 cumulative gradient steps. 43.869450 steps/sec
(ID=0):  	42-way auxiliary classification loss 0.2779503251115481
(ID=0):  Epoch 15 Loss 5.2226869086424506
(ID=0):  		(real loss):  5.255231913398294 	(dream loss): 5.180128056269425
(ID=0):  	vs MDL (w/o neural net) 12.21829899379349
		(real MDL):  18.05191972727807 	(dream MDL): 4.5897180346213435
(ID=0):  	90 cumulative gradient steps. 55.336316 steps/sec
(ID=0):  	42-way auxiliary classification loss 0.2197039355834325
(ID=0):  Epoch 20 Loss 4.808038407564164
(ID=0):  		(real loss):  4.6711808204650875 	(dream loss): 4.876467201113701
(ID=0):  	vs MDL (w/o neural net) 8.759334942119846
		(real MDL):  17.066986559084086 	(dream MDL): 4.605509133637728
(ID=0):  	120 cumulative gradient steps. 63.937472 steps/sec
(ID=0):  	42-way auxiliary classification loss 0.19424224918087324
(ID=0):  Epoch 25 Loss 3.29095734556516
(ID=0):  		(real loss):  4.52407044172287 	(dream loss): 1.8816852356706346
(ID=0):  	vs MDL (w/o neural net) 10.848334066880318
		(real MDL):  18.340250153563698 	(dream MDL): 2.2861442535278824
(ID=0):  	150 cumulative gradient steps. 70.286237 steps/sec
(ID=0):  	42-way auxiliary classification loss 0.18988732372721037
(ID=0):  Epoch 30 Loss 3.514222178856532
(ID=0):  		(real loss):  4.173006670815604 	(dream loss): 2.9377857483923435
(ID=0):  	vs MDL (w/o neural net) 10.105813365788727
		(real MDL):  18.077566436278314 	(dream MDL): 3.1305294291103354
(ID=0):  	180 cumulative gradient steps. 75.362137 steps/sec
(ID=0):  	42-way auxiliary classification loss 0.17932144328951835
(ID=0):  Epoch 35 Loss 3.813086545467377
(ID=0):  		(real loss):  4.001824827755199 	(dream loss): 3.5662749455525327
(ID=0):  	vs MDL (w/o neural net) 12.039687131155624
		(real MDL):  18.29655990865217 	(dream MDL): 3.8576227298139836
(ID=0):  	210 cumulative gradient steps. 79.406867 steps/sec
(ID=0):  	42-way auxiliary classification loss 0.19029963811238607
(ID=0):  Epoch 40 Loss 4.389496562878291
(ID=0):  		(real loss):  3.632552078792027 	(dream loss): 5.051822986453772
(ID=0):  	vs MDL (w/o neural net) 10.433245031502848
		(real MDL):  17.102791810495415 	(dream MDL): 4.597391599884354
(ID=0):  	240 cumulative gradient steps. 82.726312 steps/sec
(ID=0):  	42-way auxiliary classification loss 0.1918337921301524
(ID=0):  Epoch 45 Loss 4.6139851093292235
(ID=0):  		(real loss):  4.088875566210065 	(dream loss): 5.073455959558487
(ID=0):  	vs MDL (w/o neural net) 11.185683541425133
		(real MDL):  19.285021351243152 	(dream MDL): 4.09876295783437
(ID=0):  	270 cumulative gradient steps. 85.505097 steps/sec
(ID=0):  	42-way auxiliary classification loss 0.1866991291443507
(ID=0):  Epoch 50 Loss 3.6041850209236146
(ID=0):  		(real loss):  4.210295995076497 	(dream loss): 3.200111038155026
(ID=0):  	vs MDL (w/o neural net) 9.321902095201434
		(real MDL):  18.21028505720871 	(dream MDL): 3.396313453863245
(ID=0):  	300 cumulative gradient steps. 87.913841 steps/sec
(ID=0):  	42-way auxiliary classification loss 0.1778172860542933
(ID=0):  Epoch 55 Loss 3.517634125550588
(ID=0):  		(real loss):  3.802454812186105 	(dream loss): 3.2684160247445107
(ID=0):  	vs MDL (w/o neural net) 10.549875569099008
		(real MDL):  18.265066542692857 	(dream MDL): 3.799083467204388
(ID=0):  	330 cumulative gradient steps. 89.842292 steps/sec
(ID=0):  	42-way auxiliary classification loss 0.17392657026648523
(ID=0):  Epoch 60 Loss 3.891780952612559
(ID=0):  		(real loss):  3.654524530683245 	(dream loss): 4.099380321800709
(ID=0):  	vs MDL (w/o neural net) 11.051608393047784
		(real MDL):  19.323989918966276 	(dream MDL): 3.8132745578690983
(ID=0):  	360 cumulative gradient steps. 91.605942 steps/sec
(ID=0):  	42-way auxiliary classification loss 0.17688967436552047
(ID=0):  Epoch 65 Loss 3.688335426648458
(ID=0):  		(real loss):  3.185530153910319 	(dream loss): 4.1911406993865965
(ID=0):  	vs MDL (w/o neural net) 11.363920459115718
		(real MDL):  18.696542083174652 	(dream MDL): 4.031298835056783
(ID=0):  	390 cumulative gradient steps. 92.899942 steps/sec
(ID=0):  	42-way auxiliary classification loss 0.1750507451593876
(ID=0):  Epoch 70 Loss 2.475451664129893
(ID=0):  		(real loss):  3.287936508655548 	(dream loss): 1.546897556100573
(ID=0):  	vs MDL (w/o neural net) 11.254998259481129
		(real MDL):  19.10274551469022 	(dream MDL): 2.2861442535278824
(ID=0):  	420 cumulative gradient steps. 93.957295 steps/sec
(ID=0):  	42-way auxiliary classification loss 0.14988786776860555
(ID=0):  Epoch 75 Loss 2.0567403117815655
(ID=0):  		(real loss):  2.881413409584447 	(dream loss): 0.6323049610311334
(ID=0):  	vs MDL (w/o neural net) 12.0648128579015
		(real MDL):  18.24711304024875 	(dream MDL): 1.3862943611198906
(ID=0):  	450 cumulative gradient steps. 95.076365 steps/sec
(ID=0):  	42-way auxiliary classification loss 0.1464023729165395
(ID=0):  Epoch 80 Loss 2.6396468460559843
(ID=0):  		(real loss):  2.951191021845891 	(dream loss): 2.4014071822166443
(ID=0):  	vs MDL (w/o neural net) 9.359150691369795
		(real MDL):  17.815865731271057 	(dream MDL): 2.892250954974709
(ID=0):  	480 cumulative gradient steps. 96.251111 steps/sec
(ID=0):  	42-way auxiliary classification loss 0.14435976867874464
(ID=0):  Epoch 85 Loss 3.366875733931859
(ID=0):  		(real loss):  2.7698386510213218 	(dream loss): 3.963912816842397
(ID=0):  	vs MDL (w/o neural net) 11.894455364584898
		(real MDL):  19.106632884135966 	(dream MDL): 4.682277845033825
(ID=0):  	510 cumulative gradient steps. 97.265667 steps/sec
(ID=0):  	42-way auxiliary classification loss 0.1530458778142929
(ID=0):  Epoch 90 Loss 1.4658232529958088
(ID=0):  		(real loss):  2.856426239013672 	(dream loss): 0.869850544702439
(ID=0):  	vs MDL (w/o neural net) 6.9505412349861055
		(real MDL):  18.534017441372615 	(dream MDL): 1.986194289391884
(ID=0):  	540 cumulative gradient steps. 98.210393 steps/sec
(ID=0):  	42-way auxiliary classification loss 0.11216489834090074
(ID=0):  Epoch 95 Loss 1.9217448472976684
(ID=0):  		(real loss):  1.8993343052111173 	(dream loss): 1.9604539654471658
(ID=0):  	vs MDL (w/o neural net) 12.349978376496344
		(real MDL):  17.923357144752973 	(dream MDL): 2.723233231325797
(ID=0):  	570 cumulative gradient steps. 98.825594 steps/sec
(ID=0):  	42-way auxiliary classification loss 0.1334051325917244
(ID=0):  Epoch 100 Loss 2.0782809714476267
(ID=0):  		(real loss):  1.7004550298055012 	(dream loss): 2.6450198839108148
(ID=0):  	vs MDL (w/o neural net) 12.305072880371142
		(real MDL):  18.58892419945219 	(dream MDL): 2.879295901749566
(ID=0):  	600 cumulative gradient steps. 99.316822 steps/sec
(ID=0):  	42-way auxiliary classification loss 0.12136193849146366
(ID=0):  Epoch 105 Loss 4.6358163297176365
(ID=0):  		(real loss):  1.9616013306837816 	(dream loss): 6.680804270155289
(ID=0):  	vs MDL (w/o neural net) 11.87926676320448
		(real MDL):  18.003191933453262 	(dream MDL): 7.196265162425995
(ID=0):  	630 cumulative gradient steps. 99.939411 steps/sec
(ID=0):  	42-way auxiliary classification loss 0.1624375229080518
(ID=0):  Epoch 110 Loss 2.7307841797669727
(ID=0):  		(real loss):  2.4644914627075196 	(dream loss): 2.9970768968264263
(ID=0):  	vs MDL (w/o neural net) 10.707683810041118
		(real MDL):  18.118304399614107 	(dream MDL): 3.297063220468123
(ID=0):  	660 cumulative gradient steps. 100.594595 steps/sec
(ID=0):  	42-way auxiliary classification loss 0.13661477752029896
(ID=0):  Epoch 115 Loss 1.290354037284851
(ID=0):  		(real loss):  1.8340594951923077 	(dream loss): 0.8745792753556195
(ID=0):  	vs MDL (w/o neural net) 9.19663874815194
		(real MDL):  18.712355410494176 	(dream MDL): 1.919914241654933
(ID=0):  	690 cumulative gradient steps. 101.153484 steps/sec
(ID=0):  	42-way auxiliary classification loss 0.09559044142564138
(ID=0):  Epoch 120 Loss 1.4680813988049826
(ID=0):  		(real loss):  1.0694282756132238 	(dream loss): 1.9893970214403593
(ID=0):  	vs MDL (w/o neural net) 11.716666501717624
		(real MDL):  18.4077175957254 	(dream MDL): 2.966830455707457
(ID=0):  	720 cumulative gradient steps. 101.495607 steps/sec
(ID=0):  	42-way auxiliary classification loss 0.0951201876004537
(ID=0):  Epoch 125 Loss 2.5573825617631276
(ID=0):  		(real loss):  1.7677837518545299 	(dream loss): 3.161193416399114
(ID=0):  	vs MDL (w/o neural net) 10.402650203797952
		(real MDL):  18.983613912387725 	(dream MDL): 3.840736779582241
(ID=0):  	750 cumulative gradient steps. 101.868942 steps/sec
(ID=0):  	42-way auxiliary classification loss 0.11538434339066346
(ID=0):  Epoch 130 Loss 1.6255329867204031
(ID=0):  		(real loss):  1.7920101951150333 	(dream loss): 1.4078320218966558
(ID=0):  	vs MDL (w/o neural net) 11.964047051051798
		(real MDL):  19.311863902546087 	(dream MDL): 2.355363476020805
(ID=0):  	780 cumulative gradient steps. 102.144093 steps/sec
(ID=0):  	42-way auxiliary classification loss 0.09938872257868449
(ID=0):  Epoch 135 Loss 1.9558750212192535
(ID=0):  		(real loss):  1.5214992250714983 	(dream loss): 2.3359538428485394
(ID=0):  	vs MDL (w/o neural net) 10.367685328222993
		(real MDL):  18.052152215800543 	(dream MDL): 3.6437768015926375
(ID=0):  	810 cumulative gradient steps. 102.433613 steps/sec
(ID=0):  	42-way auxiliary classification loss 0.11595104659597079
(ID=0):  Epoch 140 Loss 0.7568023324012756
(ID=0):  		(real loss):  1.3242980321248372 	(dream loss): 0.18930663267771403
(ID=0):  	vs MDL (w/o neural net) 10.396953028296213
		(real MDL):  19.407611695472536 	(dream MDL): 1.3862943611198906
(ID=0):  	840 cumulative gradient steps. 102.698061 steps/sec
(ID=0):  	42-way auxiliary classification loss 0.07026009770731131
(ID=0):  Epoch 145 Loss 1.2130191445350647
(ID=0):  		(real loss):  1.604810274564303 	(dream loss): 0.9134141627480002
(ID=0):  	vs MDL (w/o neural net) 8.738845169099262
		(real MDL):  17.81586573127106 	(dream MDL): 1.7975941509678839
(ID=0):  	870 cumulative gradient steps. 103.050416 steps/sec
(ID=0):  	42-way auxiliary classification loss 0.0848268716285626
(ID=0):  Epoch 150 Loss 3.2479457815488177
(ID=0):  		(real loss):  1.5802565256754557 	(dream loss): 4.91563503742218
(ID=0):  	vs MDL (w/o neural net) 12.056906211530638
		(real MDL):  18.154675062822356 	(dream MDL): 5.959137360238923
(ID=0):  	900 cumulative gradient steps. 103.359052 steps/sec
(ID=0):  	42-way auxiliary classification loss 0.127512996767958
(ID=0):  Epoch 155 Loss 1.8648669600486756
(ID=0):  		(real loss):  1.0028190612792969 	(dream loss): 2.8500645586422513
(ID=0):  	vs MDL (w/o neural net) 11.7963385650085
		(real MDL):  18.588320292434 	(dream MDL): 4.03407373366507
(ID=0):  	930 cumulative gradient steps. 103.516112 steps/sec
(ID=0):  	42-way auxiliary classification loss 0.09887021121879419
(ID=0):  Epoch 160 Loss 0.3431189775466919
(ID=0):  		(real loss):  0.6978010697798296 	(dream loss): 0.13777671362224378
(ID=0):  	vs MDL (w/o neural net) 7.066065765079431
		(real MDL):  16.876580008282268 	(dream MDL): 1.3862943611198906
(ID=0):  	960 cumulative gradient steps. 103.809725 steps/sec
(ID=0):  	42-way auxiliary classification loss 0.06074198745191097
Sampling new helmholtz frontiers during training.
Sampling 500 programs from the prior on 32 CPUs...


Got 497/500 valid samples.
We now have 497 Helmholtz entries.
(ID=0):  Epoch 165 Loss 1.4359341581662497
(ID=0):  		(real loss):  1.449346160888672 	(dream loss): 1.4225221554438272
(ID=0):  	vs MDL (w/o neural net) 10.663494818731001
		(real MDL):  18.630653973479163 	(dream MDL): 2.696335663982836
(ID=0):  	990 cumulative gradient steps. 95.993946 steps/sec
(ID=0):  	42-way auxiliary classification loss 0.08450885949035486
(ID=0):  Epoch 170 Loss 0.8782496452331543
(ID=0):  		(real loss):  0.7606552441914877 	(dream loss): 0.9566459125942655
(ID=0):  	vs MDL (w/o neural net) 8.274975974412769
		(real MDL):  17.69767155600707 	(dream MDL): 1.9931789200165686
(ID=0):  	1020 cumulative gradient steps. 96.522205 steps/sec
(ID=0):  	42-way auxiliary classification loss 0.07038171999156476
(ID=0):  Epoch 175 Loss 0.8723026394844056
(ID=0):  		(real loss):  0.9966641939603366 	(dream loss): 0.7772026272381053
(ID=0):  	vs MDL (w/o neural net) 9.089710147247683
		(real MDL):  18.32310601678862 	(dream MDL): 2.028878011716374
(ID=0):  	1050 cumulative gradient steps. 97.093904 steps/sec
(ID=0):  	42-way auxiliary classification loss 0.07546718412389358
(ID=0):  Epoch 180 Loss 0.8273090958595276
(ID=0):  		(real loss):  0.9176289240519205 	(dream loss): 0.7670958770645989
(ID=0):  	vs MDL (w/o neural net) 8.825905682355197
		(real MDL):  18.933082161659392 	(dream MDL): 2.087788029485731
(ID=0):  	1080 cumulative gradient steps. 97.662288 steps/sec
(ID=0):  	42-way auxiliary classification loss 0.06273400584856668
(ID=0):  Epoch 185 Loss 1.6703955014546712
(ID=0):  		(real loss):  0.9057882749117337 	(dream loss): 2.2550951452816235
(ID=0):  	vs MDL (w/o neural net) 10.337200490658393
		(real MDL):  19.101604804199734 	(dream MDL): 3.6350089567738344
(ID=0):  	1110 cumulative gradient steps. 98.155060 steps/sec
(ID=0):  	42-way auxiliary classification loss 0.07589674846579632
(ID=0):  Epoch 190 Loss 1.181037425994873
(ID=0):  		(real loss):  0.4316103318158318 	(dream loss): 2.161057472229004
(ID=0):  	vs MDL (w/o neural net) 10.927487933765393
		(real MDL):  17.360321840177146 	(dream MDL): 2.5153205176884845
(ID=0):  	1140 cumulative gradient steps. 98.549117 steps/sec
(ID=0):  	42-way auxiliary classification loss 0.06974003408104182
(ID=0):  Epoch 195 Loss 1.6594059904416403
(ID=0):  		(real loss):  1.0271764643052046 	(dream loss): 2.48616767846621
(ID=0):  	vs MDL (w/o neural net) 11.701907778474004
		(real MDL):  18.174239817965116 	(dream MDL): 3.2380889576010072
(ID=0):  	1170 cumulative gradient steps. 98.984111 steps/sec
(ID=0):  	42-way auxiliary classification loss 0.08129036668688058
(ID=0):  Epoch 200 Loss 1.5948991735776266
(ID=0):  		(real loss):  0.8861876726150513 	(dream loss): 2.4048551746777127
(ID=0):  	vs MDL (w/o neural net) 11.611560413131292
		(real MDL):  18.75238288554672 	(dream MDL): 3.450620444656516
(ID=0):  	1200 cumulative gradient steps. 99.385346 steps/sec
(ID=0):  	42-way auxiliary classification loss 0.08633800204843282
(ID=0):  Epoch 205 Loss 1.0073031226793925
(ID=0):  		(real loss):  1.1343294382095337 	(dream loss): 0.8621301906449454
(ID=0):  	vs MDL (w/o neural net) 10.492799260731378
		(real MDL):  18.023985021177936 	(dream MDL): 1.8857298202210255
(ID=0):  	1230 cumulative gradient steps. 99.719170 steps/sec
(ID=0):  	42-way auxiliary classification loss 0.0638558253645897
(ID=0):  Epoch 210 Loss 0.9553775111834208
(ID=0):  		(real loss):  0.7071858723958333 	(dream loss): 1.2035691499710084
(ID=0):  	vs MDL (w/o neural net) 10.269568528646596
		(real MDL):  18.22056317251785 	(dream MDL): 2.3185738847753417
(ID=0):  	1260 cumulative gradient steps. 100.092441 steps/sec
(ID=0):  	42-way auxiliary classification loss 0.058165906680126986
(ID=0):  Epoch 215 Loss 1.4687835892041525
(ID=0):  		(real loss):  0.8654732704162598 	(dream loss): 2.675404226779938
(ID=0):  	vs MDL (w/o neural net) 13.645620692669981
		(real MDL):  18.747935396963108 	(dream MDL): 3.440991284083727
(ID=0):  	1290 cumulative gradient steps. 100.427196 steps/sec
(ID=0):  	42-way auxiliary classification loss 0.05880852459619443
(ID=0):  Epoch 220 Loss 1.0684751788775126
(ID=0):  		(real loss):  0.8150284290313721 	(dream loss): 1.3581286072731018
(ID=0):  	vs MDL (w/o neural net) 11.414083594338479
		(real MDL):  19.068648017932485 	(dream MDL): 2.6660099673738977
(ID=0):  	1320 cumulative gradient steps. 100.711956 steps/sec
(ID=0):  	42-way auxiliary classification loss 0.061797495310505234
(ID=0):  Epoch 225 Loss 1.2626048843065898
(ID=0):  		(real loss):  0.8380353450775146 	(dream loss): 1.747827214854104
(ID=0):  	vs MDL (w/o neural net) 11.373509861530778
		(real MDL):  18.752382885546723 	(dream MDL): 2.9405121197982673
(ID=0):  	1350 cumulative gradient steps. 101.059721 steps/sec
(ID=0):  	42-way auxiliary classification loss 0.061329499321679276
(ID=0):  Epoch 230 Loss 0.21283493836720785
(ID=0):  		(real loss):  0.433136719923753 	(dream loss): 0.044368870118085074
(ID=0):  	vs MDL (w/o neural net) 9.114058272906359
		(real MDL):  19.21959569601174 	(dream MDL): 1.3862943611198906
(ID=0):  	1380 cumulative gradient steps. 101.345265 steps/sec
(ID=0):  	42-way auxiliary classification loss 0.03152882568538189
(ID=0):  Epoch 235 Loss 0.8541705211003622
(ID=0):  		(real loss):  0.7502803802490234 	(dream loss): 1.0965808497534857
(ID=0):  	vs MDL (w/o neural net) 13.951071023597779
		(real MDL):  19.003018334782784 	(dream MDL): 2.1631939641661004
(ID=0):  	1410 cumulative gradient steps. 101.540086 steps/sec
(ID=0):  	42-way auxiliary classification loss 0.043687903818984825
(ID=0):  Epoch 240 Loss 1.1577024141947427
(ID=0):  		(real loss):  0.4645723615373884 	(dream loss): 1.764191210269928
(ID=0):  	vs MDL (w/o neural net) 9.944079023658071
		(real MDL):  17.67715200297146 	(dream MDL): 3.1776401667588585
(ID=0):  	1440 cumulative gradient steps. 101.795891 steps/sec
(ID=0):  	42-way auxiliary classification loss 0.061003801164527735
(ID=0):  Epoch 245 Loss 0.687463927268982
(ID=0):  		(real loss):  0.9319634070763221 	(dream loss): 0.5004937368280747
(ID=0):  	vs MDL (w/o neural net) 9.720848291573288
		(real MDL):  20.082026783134204 	(dream MDL): 1.797594150967884
(ID=0):  	1470 cumulative gradient steps. 102.066883 steps/sec
(ID=0):  	42-way auxiliary classification loss 0.04515450910354654
(ID=0):  Epoch 250 Loss 1.503029477596283
(ID=0):  		(real loss):  0.8294931139264788 	(dream loss): 2.0923737958073616
(ID=0):  	vs MDL (w/o neural net) 10.116430115705008
		(real MDL):  18.413598081384276 	(dream MDL): 2.856408145735646
(ID=0):  	1500 cumulative gradient steps. 102.293092 steps/sec
(ID=0):  	42-way auxiliary classification loss 0.061389841108272475
(ID=0):  Epoch 255 Loss 0.34616546233495077
(ID=0):  		(real loss):  0.5985912322998047 	(dream loss): 0.09373969237009684
(ID=0):  	vs MDL (w/o neural net) 9.97210350409128
		(real MDL):  18.557912647062665 	(dream MDL): 1.3862943611198906
(ID=0):  	1530 cumulative gradient steps. 102.543644 steps/sec
(ID=0):  	42-way auxiliary classification loss 0.03576560973500212
(ID=0):  Epoch 260 Loss 1.1580772042274474
(ID=0):  		(real loss):  0.8130959102085659 	(dream loss): 1.459935836493969
(ID=0):  	vs MDL (w/o neural net) 9.985369261280862
		(real MDL):  18.413598081384272 	(dream MDL): 2.610669043690376
(ID=0):  	1560 cumulative gradient steps. 102.741765 steps/sec
(ID=0):  	42-way auxiliary classification loss 0.04909343598410487
(ID=0):  Epoch 265 Loss 0.43479252656300865
(ID=0):  		(real loss):  0.6659540600246854 	(dream loss): 0.08805022637049358
(ID=0):  	vs MDL (w/o neural net) 11.726057595723397
		(real MDL):  18.619233085459065 	(dream MDL): 1.3862943611198906
(ID=0):  	1590 cumulative gradient steps. 102.954291 steps/sec
(ID=0):  	42-way auxiliary classification loss 0.033858575175205866
(ID=0):  Epoch 270 Loss 0.6357970794041952
(ID=0):  		(real loss):  0.6641492282643038 	(dream loss): 0.5987211924332839
(ID=0):  	vs MDL (w/o neural net) 11.777186982175264
		(real MDL):  19.311863902546083 	(dream MDL): 1.9241479324595745
(ID=0):  	1620 cumulative gradient steps. 103.107010 steps/sec
(ID=0):  	42-way auxiliary classification loss 0.035541644940773644
(ID=0):  Epoch 275 Loss 1.6675324122111002
(ID=0):  		(real loss):  0.6446583087627704 	(dream loss): 2.449730256024529
(ID=0):  	vs MDL (w/o neural net) 9.460531531313423
		(real MDL):  17.294028456412345 	(dream MDL): 3.4702103532965975
(ID=0):  	1650 cumulative gradient steps. 103.293329 steps/sec
(ID=0):  	42-way auxiliary classification loss 0.07422305718064308
(ID=0):  Epoch 280 Loss 1.0521643996238708
(ID=0):  		(real loss):  0.41774829228719074 	(dream loss): 1.4751084711816576
(ID=0):  	vs MDL (w/o neural net) 8.51763525774169
		(real MDL):  17.52438476086708 	(dream MDL): 2.51313558899143
(ID=0):  	1680 cumulative gradient steps. 103.475951 steps/sec
(ID=0):  	42-way auxiliary classification loss 0.045124926635374624
(ID=0):  Epoch 285 Loss 1.7418401439984639
(ID=0):  		(real loss):  0.6190824006733141 	(dream loss): 3.681148973378268
(ID=0):  	vs MDL (w/o neural net) 13.120523558021143
		(real MDL):  18.108955067101196 	(dream MDL): 4.504141860519231
(ID=0):  	1710 cumulative gradient steps. 103.607603 steps/sec
(ID=0):  	42-way auxiliary classification loss 0.053832635780175525
(ID=0):  Epoch 290 Loss 0.606948717435201
(ID=0):  		(real loss):  0.877463870578342 	(dream loss): 0.2011759877204895
(ID=0):  	vs MDL (w/o neural net) 12.051547100711916
		(real MDL):  19.161715593773263 	(dream MDL): 1.3862943611198906
(ID=0):  	1740 cumulative gradient steps. 103.759892 steps/sec
(ID=0):  	42-way auxiliary classification loss 0.03188672835628192
(ID=0):  Epoch 295 Loss 2.024908431371053
(ID=0):  		(real loss):  0.5542261941092355 	(dream loss): 3.3117553889751434
(ID=0):  	vs MDL (w/o neural net) 10.78128991596556
		(real MDL):  18.439012301862046 	(dream MDL): 4.080782828306131
(ID=0):  	1770 cumulative gradient steps. 103.927582 steps/sec
(ID=0):  	42-way auxiliary classification loss 0.0736238185937206
(ID=0):  Epoch 300 Loss 0.4275126775105794
(ID=0):  		(real loss):  0.6224881278143989 	(dream loss): 0.13504950205485025
(ID=0):  	vs MDL (w/o neural net) 11.894732332995803
		(real MDL):  18.900357647579742 	(dream MDL): 1.3862943611198906
(ID=0):  	1800 cumulative gradient steps. 104.075887 steps/sec
(ID=0):  	42-way auxiliary classification loss 0.02892662078763048
(ID=0):  Epoch 305 Loss 0.5498620510101319
(ID=0):  		(real loss):  0.45541424221462673 	(dream loss): 0.6915337642033895
(ID=0):  	vs MDL (w/o neural net) 11.772267407760724
		(real MDL):  18.307799637331506 	(dream MDL): 1.968969063404548
(ID=0):  	1830 cumulative gradient steps. 104.190527 steps/sec
(ID=0):  	42-way auxiliary classification loss 0.033630835451185705
(ID=0):  Epoch 310 Loss 0.38097063700358075
(ID=0):  		(real loss):  0.6962158203125 	(dream loss): 0.06572545369466146
(ID=0):  	vs MDL (w/o neural net) 10.228278291023804
		(real MDL):  19.070262220927717 	(dream MDL): 1.3862943611198906
(ID=0):  	1860 cumulative gradient steps. 104.314662 steps/sec
(ID=0):  	42-way auxiliary classification loss 0.022144782387961946
(ID=0):  Epoch 315 Loss 0.27826090653737384
(ID=0):  		(real loss):  0.514935557047526 	(dream loss): 0.04158625602722168
(ID=0):  	vs MDL (w/o neural net) 10.041418222147273
		(real MDL):  18.696542083174652 	(dream MDL): 1.3862943611198906
(ID=0):  	1890 cumulative gradient steps. 104.421440 steps/sec
(ID=0):  	42-way auxiliary classification loss 0.022832908388227224
(ID=0):  Epoch 320 Loss 1.438062556584676
(ID=0):  		(real loss):  0.8098048041848576 	(dream loss): 2.2596303866459775
(ID=0):  	vs MDL (w/o neural net) 11.931102996204055
		(real MDL):  18.801654181757367 	(dream MDL): 2.946536061249714
(ID=0):  	1920 cumulative gradient steps. 104.510876 steps/sec
(ID=0):  	42-way auxiliary classification loss 0.044804671127349135
(ID=0):  Epoch 325 Loss 1.136560332775116
(ID=0):  		(real loss):  0.5788337389628092 	(dream loss): 1.5083780619833205
(ID=0):  	vs MDL (w/o neural net) 9.119755448408101
		(real MDL):  18.586508571379415 	(dream MDL): 2.8085866997605518
(ID=0):  	1950 cumulative gradient steps. 104.634213 steps/sec
(ID=0):  	42-way auxiliary classification loss 0.047806948671738306
(ID=0):  Epoch 330 Loss 1.2447930057843526
(ID=0):  		(real loss):  0.41346486409505206 	(dream loss): 1.6010764950797671
(ID=0):  	vs MDL (w/o neural net) 7.49293611001158
		(real MDL):  18.24235060917222 	(dream MDL): 2.886044181799876
(ID=0):  	1980 cumulative gradient steps. 104.746225 steps/sec
(ID=0):  	42-way auxiliary classification loss 0.05603548285240929
Sampling new helmholtz frontiers during training.
Sampling 500 programs from the prior on 32 CPUs...


Got 497/500 valid samples.
We now have 497 Helmholtz entries.
(ID=0):  Epoch 335 Loss 1.14410852988561
(ID=0):  		(real loss):  0.32194723401750835 	(dream loss): 1.8634996637701988
(ID=0):  	vs MDL (w/o neural net) 10.207194205732355
		(real MDL):  18.335660945938024 	(dream MDL): 3.094785808052393
(ID=0):  	2010 cumulative gradient steps. 100.550537 steps/sec
(ID=0):  	42-way auxiliary classification loss 0.04210695630560319
(ID=0):  Epoch 340 Loss 2.4304067055384317
(ID=0):  		(real loss):  0.8905484816607308 	(dream loss): 4.444067459840041
(ID=0):  	vs MDL (w/o neural net) 12.751214456544197
		(real MDL):  18.530037686412445 	(dream MDL): 5.1942917713318675
(ID=0):  	2040 cumulative gradient steps. 100.715807 steps/sec
(ID=0):  	42-way auxiliary classification loss 0.06288170007367928
(ID=0):  Epoch 345 Loss 0.8161574999491373
(ID=0):  		(real loss):  0.7619833628336589 	(dream loss): 0.8703316370646159
(ID=0):  	vs MDL (w/o neural net) 10.461348171937667
		(real MDL):  19.070262220927717 	(dream MDL): 1.8524341229476164
(ID=0):  	2070 cumulative gradient steps. 100.895942 steps/sec
(ID=0):  	42-way auxiliary classification loss 0.03362406631931662
(ID=0):  Epoch 350 Loss 0.6330260634422302
(ID=0):  		(real loss):  0.7184645334879557 	(dream loss): 0.5475875933965048
(ID=0):  	vs MDL (w/o neural net) 10.154043998553272
		(real MDL):  18.455653874158923 	(dream MDL): 1.8524341229476167
(ID=0):  	2100 cumulative gradient steps. 101.122114 steps/sec
(ID=0):  	42-way auxiliary classification loss 0.03110645239551862
(ID=0):  Epoch 355 Loss 0.39510894219080606
(ID=0):  		(real loss):  0.6010190116034614 	(dream loss): 0.08624383807182312
(ID=0):  	vs MDL (w/o neural net) 11.696012294562978
		(real MDL):  18.569157583525033 	(dream MDL): 1.3862943611198906
(ID=0):  	2130 cumulative gradient steps. 101.315911 steps/sec
(ID=0):  	42-way auxiliary classification loss 0.024350988678634167
(ID=0):  Epoch 360 Loss 1.8302387475967408
(ID=0):  		(real loss):  0.4673915189855239 	(dream loss): 3.612423585011409
(ID=0):  	vs MDL (w/o neural net) 11.921263847374975
		(real MDL):  17.42450536348582 	(dream MDL): 4.724717249383861
(ID=0):  	2160 cumulative gradient steps. 101.539313 steps/sec
(ID=0):  	42-way auxiliary classification loss 0.05423471825197339
(ID=0):  Epoch 365 Loss 0.40846378008524575
(ID=0):  		(real loss):  0.5622248876662481 	(dream loss): 0.049687862396240234
(ID=0):  	vs MDL (w/o neural net) 13.094431580046152
		(real MDL):  18.11220467387169 	(dream MDL): 1.3862943611198906
(ID=0):  	2190 cumulative gradient steps. 101.699827 steps/sec
(ID=0):  	42-way auxiliary classification loss 0.024369420763105155
(ID=0):  Epoch 370 Loss 0.45506465832392373
(ID=0):  		(real loss):  0.807523250579834 	(dream loss): 0.05225483860288348
(ID=0):  	vs MDL (w/o neural net) 10.835068309690735
		(real MDL):  19.102745514690223 	(dream MDL): 1.3862943611198906
(ID=0):  	2220 cumulative gradient steps. 101.865396 steps/sec
(ID=0):  	42-way auxiliary classification loss 0.020858377466599146
(ID=0):  Epoch 375 Loss 0.16644446849822997
(ID=0):  		(real loss):  0.29135119120279945 	(dream loss): 0.04153774579366048
(ID=0):  	vs MDL (w/o neural net) 9.54725397988634
		(real MDL):  17.70821359865279 	(dream MDL): 1.3862943611198906
(ID=0):  	2250 cumulative gradient steps. 102.036732 steps/sec
(ID=0):  	42-way auxiliary classification loss 0.01897914269939065
(ID=0):  Epoch 380 Loss 0.2524588187535604
(ID=0):  		(real loss):  0.44048404693603516 	(dream loss): 0.03757284368787493
(ID=0):  	vs MDL (w/o neural net) 10.93732708259447
		(real MDL):  19.294480713884727 	(dream MDL): 1.3862943611198906
(ID=0):  	2280 cumulative gradient steps. 102.179969 steps/sec
(ID=0):  	42-way auxiliary classification loss 0.017572447067747514
(ID=0):  Epoch 385 Loss 0.5248461087544759
(ID=0):  		(real loss):  0.9657548666000366 	(dream loss): 0.020950385502406528
(ID=0):  	vs MDL (w/o neural net) 11.091243096623261
		(real MDL):  19.58307324018871 	(dream MDL): 1.3862943611198906
(ID=0):  	2310 cumulative gradient steps. 102.350427 steps/sec
(ID=0):  	42-way auxiliary classification loss 0.015370063902810215
(ID=0):  Epoch 390 Loss 1.4331775744756063
(ID=0):  		(real loss):  0.829623071770919 	(dream loss): 2.475680806420066
(ID=0):  	vs MDL (w/o neural net) 13.26222838435845
		(real MDL):  18.69903949513235 	(dream MDL): 3.871372829385346
(ID=0):  	2340 cumulative gradient steps. 102.483538 steps/sec
(ID=0):  	42-way auxiliary classification loss 0.03916667737066746
(ID=0):  Epoch 395 Loss 1.3274155696233114
(ID=0):  		(real loss):  0.6654083251953125 	(dream loss): 1.9894228140513102
(ID=0):  	vs MDL (w/o neural net) 10.78786502442741
		(real MDL):  18.7329127463829 	(dream MDL): 2.8428173024719188
(ID=0):  	2370 cumulative gradient steps. 102.629410 steps/sec
(ID=0):  	42-way auxiliary classification loss 0.05178976207971573
(ID=0):  Epoch 400 Loss 1.4299554030100505
(ID=0):  		(real loss):  0.28651128496442524 	(dream loss): 2.4304690062999725
(ID=0):  	vs MDL (w/o neural net) 10.851820631664683
		(real MDL):  19.207084215796904 	(dream MDL): 3.540964995548987
(ID=0):  	2400 cumulative gradient steps. 102.762436 steps/sec
(ID=0):  	42-way auxiliary classification loss 0.04601084974904855
(ID=0):  Epoch 405 Loss 0.6453153570493062
(ID=0):  		(real loss):  0.6592019399007162 	(dream loss): 0.6314287741978963
(ID=0):  	vs MDL (w/o neural net) 10.292673434665259
		(real MDL):  18.7329127463829 	(dream MDL): 1.8524341229476167
(ID=0):  	2430 cumulative gradient steps. 102.884022 steps/sec
(ID=0):  	42-way auxiliary classification loss 0.02677152622491121
(ID=0):  Epoch 410 Loss 1.529112728436788
(ID=0):  		(real loss):  0.5287349098607114 	(dream loss): 3.257038051431829
(ID=0):  	vs MDL (w/o neural net) 13.526221499392841
		(real MDL):  18.860500715506674 	(dream MDL): 4.312466489741677
(ID=0):  	2460 cumulative gradient steps. 102.997887 steps/sec
(ID=0):  	42-way auxiliary classification loss 0.05113693495901923
(ID=0):  Epoch 415 Loss 1.5137677868207295
(ID=0):  		(real loss):  0.3264589309692383 	(dream loss): 2.305307024055057
(ID=0):  	vs MDL (w/o neural net) 8.473367606429962
		(real MDL):  16.507724279365053 	(dream MDL): 3.1171298244732286
(ID=0):  	2490 cumulative gradient steps. 103.158437 steps/sec
(ID=0):  	42-way auxiliary classification loss 0.04007875816896558
(ID=0):  Epoch 420 Loss 1.3196786642074585
(ID=0):  		(real loss):  0.34622331099076703 	(dream loss): 1.8832580792276483
(ID=0):  	vs MDL (w/o neural net) 8.371270261671244
		(real MDL):  17.575238518098253 	(dream MDL): 3.0426570605819205
(ID=0):  	2520 cumulative gradient steps. 103.308671 steps/sec
(ID=0):  	42-way auxiliary classification loss 0.05348251626516382
(ID=0):  Epoch 425 Loss 1.6375603238741556
(ID=0):  		(real loss):  0.36718576604669745 	(dream loss): 2.373040331037421
(ID=0):  	vs MDL (w/o neural net) 8.711070435080075
		(real MDL):  17.575238518098256 	(dream MDL): 3.5791836501748135
(ID=0):  	2550 cumulative gradient steps. 103.438856 steps/sec
(ID=0):  	42-way auxiliary classification loss 0.06764698397989075
(ID=0):  Epoch 430 Loss 1.7709285775820414
(ID=0):  		(real loss):  0.28423436482747394 	(dream loss): 3.257622790336609
(ID=0):  	vs MDL (w/o neural net) 11.337200294594641
		(real MDL):  18.521541983854412 	(dream MDL): 4.152858605334863
(ID=0):  	2580 cumulative gradient steps. 103.542050 steps/sec
(ID=0):  	42-way auxiliary classification loss 0.06772041986696423
(ID=0):  Epoch 435 Loss 0.9087733109792073
(ID=0):  		(real loss):  0.9282100677490235 	(dream loss): 0.8990549325942994
(ID=0):  	vs MDL (w/o neural net) 7.504181046473951
		(real MDL):  18.34153513169889 	(dream MDL): 2.085504003861479
(ID=0):  	2610 cumulative gradient steps. 103.698545 steps/sec
(ID=0):  	42-way auxiliary classification loss 0.032176000718027356
(ID=0):  Epoch 440 Loss 0.8112455487251282
(ID=0):  		(real loss):  0.4531856536865234 	(dream loss): 1.169305443763733
(ID=0):  	vs MDL (w/o neural net) 10.38446487219383
		(real MDL):  18.419283210950674 	(dream MDL): 2.3496465334369816
(ID=0):  	2640 cumulative gradient steps. 103.804885 steps/sec
(ID=0):  	42-way auxiliary classification loss 0.03329700321579973
(ID=0):  Epoch 445 Loss 0.813425878683726
(ID=0):  		(real loss):  0.6840154102870396 	(dream loss): 0.9266600385308266
(ID=0):  	vs MDL (w/o neural net) 9.627185447858617
		(real MDL):  18.265066542692857 	(dream MDL): 2.0690394898786537
(ID=0):  	2670 cumulative gradient steps. 103.920311 steps/sec
(ID=0):  	42-way auxiliary classification loss 0.027666034549474715
(ID=0):  Epoch 450 Loss 0.3578066269556681
(ID=0):  		(real loss):  0.6441872914632162 	(dream loss): 0.07142596244812012
(ID=0):  	vs MDL (w/o neural net) 9.514309925038598
		(real MDL):  17.6423254889573 	(dream MDL): 1.3862943611198906
(ID=0):  	2700 cumulative gradient steps. 104.027679 steps/sec
(ID=0):  	42-way auxiliary classification loss 0.015787527368714412
(ID=0):  Epoch 455 Loss 1.194278359413147
(ID=0):  		(real loss):  0.4514821370442708 	(dream loss): 1.9370745817820232
(ID=0):  	vs MDL (w/o neural net) 10.73570829047432
		(real MDL):  18.08193373640586 	(dream MDL): 3.389482844542782
(ID=0):  	2730 cumulative gradient steps. 104.115395 steps/sec
(ID=0):  	42-way auxiliary classification loss 0.0426942798619469
(ID=0):  Epoch 460 Loss 0.8605844418207804
(ID=0):  		(real loss):  0.558591365814209 	(dream loss): 1.0619131591584947
(ID=0):  	vs MDL (w/o neural net) 8.526231186930756
		(real MDL):  17.74313488501738 	(dream MDL): 2.381628721539673
(ID=0):  	2760 cumulative gradient steps. 104.172339 steps/sec
(ID=0):  	42-way auxiliary classification loss 0.039450735319405794
(ID=0):  Epoch 465 Loss 0.9560294389724732
(ID=0):  		(real loss):  0.5686635410084444 	(dream loss): 1.462584844002357
(ID=0):  	vs MDL (w/o neural net) 11.388708121178583
		(real MDL):  18.05191972727808 	(dream MDL): 2.6752775593561635
(ID=0):  	2790 cumulative gradient steps. 104.227969 steps/sec
(ID=0):  	42-way auxiliary classification loss 0.027938653870175283
(ID=0):  Epoch 470 Loss 1.2496316492557527
(ID=0):  		(real loss):  0.45277264912923176 	(dream loss): 2.046490649382273
(ID=0):  	vs MDL (w/o neural net) 10.826445158504784
		(real MDL):  18.419283210950674 	(dream MDL): 3.233607106058891
(ID=0):  	2820 cumulative gradient steps. 104.305176 steps/sec
(ID=0):  	42-way auxiliary classification loss 0.043570437685896954
(ID=0):  Epoch 475 Loss 0.2522533655166626
(ID=0):  		(real loss):  0.38575850592719185 	(dream loss): 0.051995654900868736
(ID=0):  	vs MDL (w/o neural net) 11.063218616190058
		(real MDL):  17.514501452903502 	(dream MDL): 1.3862943611198906
(ID=0):  	2850 cumulative gradient steps. 104.382182 steps/sec
(ID=0):  	42-way auxiliary classification loss 0.013058121921494604
(ID=0):  Epoch 480 Loss 1.4009245077768961
(ID=0):  		(real loss):  0.6550359224018297 	(dream loss): 2.6892775188792837
(ID=0):  	vs MDL (w/o neural net) 12.97398747553829
		(real MDL):  18.137668748581394 	(dream MDL): 4.054901640282021
(ID=0):  	2880 cumulative gradient steps. 104.460164 steps/sec
(ID=0):  	42-way auxiliary classification loss 0.042515077628195286
(ID=0):  Epoch 485 Loss 0.633797303835551
(ID=0):  		(real loss):  0.2628237860543387 	(dream loss): 0.9583991318941116
(ID=0):  	vs MDL (w/o neural net) 9.617534949171445
		(real MDL):  17.825683541662876 	(dream MDL): 2.4354049307414405
(ID=0):  	2910 cumulative gradient steps. 104.560925 steps/sec
(ID=0):  	42-way auxiliary classification loss 0.022128058690577747
(ID=0):  Epoch 490 Loss 1.0933861215909322
(ID=0):  		(real loss):  0.6880056593153212 	(dream loss): 1.7014568150043488
(ID=0):  	vs MDL (w/o neural net) 12.327928039975784
		(real MDL):  18.64954197146594 	(dream MDL): 2.845507142740552
(ID=0):  	2940 cumulative gradient steps. 104.613509 steps/sec
(ID=0):  	42-way auxiliary classification loss 0.03331352042344709
(ID=0):  Epoch 495 Loss 1.4470944166183473
(ID=0):  		(real loss):  0.46899618421282085 	(dream loss): 2.3029303699731827
(ID=0):  	vs MDL (w/o neural net) 10.788770179384406
		(real MDL):  18.884606917936292 	(dream MDL): 3.7049130331515006
(ID=0):  	2970 cumulative gradient steps. 104.667472 steps/sec
(ID=0):  	42-way auxiliary classification loss 0.035986025165766475
(ID=0):  Epoch 500 Loss 0.6684200843175252
(ID=0):  		(real loss):  0.2592614491780599 	(dream loss): 1.0775787194569906
(ID=0):  	vs MDL (w/o neural net) 9.967183929676738
		(real MDL):  17.70821359865279 	(dream MDL): 2.2261542607006826
(ID=0):  	3000 cumulative gradient steps. 104.740013 steps/sec
(ID=0):  	42-way auxiliary classification loss 0.030052060494199395
Sampling new helmholtz frontiers during training.
Sampling 500 programs from the prior on 32 CPUs...


Got 499/500 valid samples.
We now have 499 Helmholtz entries.
(ID=0):  Epoch 505 Loss 0.7372539440790812
(ID=0):  		(real loss):  0.37197918362087673 	(dream loss): 0.8938002699897403
(ID=0):  	vs MDL (w/o neural net) 7.287890709530921
		(real MDL):  19.266697853786876 	(dream MDL): 2.154116219135511
(ID=0):  	3030 cumulative gradient steps. 102.111605 steps/sec
(ID=0):  	42-way auxiliary classification loss 0.030530014106382928
(ID=0):  Epoch 510 Loss 0.24090755383173626
(ID=0):  		(real loss):  0.5688313570889559 	(dream loss): 0.051056930893345884
(ID=0):  	vs MDL (w/o neural net) 7.747090076216893
		(real MDL):  18.73391903865717 	(dream MDL): 1.3862943611198906
(ID=0):  	3060 cumulative gradient steps. 102.238331 steps/sec
(ID=0):  	42-way auxiliary classification loss 0.01196328039901952
(ID=0):  Epoch 515 Loss 0.4175091743469238
(ID=0):  		(real loss):  0.7558740377426147 	(dream loss): 0.030806473323277066
(ID=0):  	vs MDL (w/o neural net) 10.904383027746727
		(real MDL):  19.23271061104521 	(dream MDL): 1.3862943611198906
(ID=0):  	3090 cumulative gradient steps. 102.380304 steps/sec
(ID=0):  	42-way auxiliary classification loss 0.01007930226624012
(ID=0):  Epoch 520 Loss 1.3536173582077027
(ID=0):  		(real loss):  0.2716261056753305 	(dream loss): 2.1810224336736344
(ID=0):  	vs MDL (w/o neural net) 9.719803380342563
		(real MDL):  17.961225783597587 	(dream MDL): 3.417539189618132
(ID=0):  	3120 cumulative gradient steps. 102.525150 steps/sec
(ID=0):  	42-way auxiliary classification loss 0.040033290488645436
(ID=0):  Epoch 525 Loss 1.011477009455363
(ID=0):  		(real loss):  0.4135775566101074 	(dream loss): 1.228894992308183
(ID=0):  	vs MDL (w/o neural net) 6.414093281876392
		(real MDL):  17.509559798921714 	(dream MDL): 2.3793781847689996
(ID=0):  	3150 cumulative gradient steps. 102.693822 steps/sec
(ID=0):  	42-way auxiliary classification loss 0.04613449514533083
(ID=0):  Epoch 530 Loss 1.4842728853225708
(ID=0):  		(real loss):  0.32061160694469104 	(dream loss): 2.1579715201729224
(ID=0):  	vs MDL (w/o neural net) 8.418275238525277
		(real MDL):  17.575238518098253 	(dream MDL): 3.1168754450882887
(ID=0):  	3180 cumulative gradient steps. 102.837370 steps/sec
(ID=0):  	42-way auxiliary classification loss 0.060618132414917154
(ID=0):  Epoch 535 Loss 1.3523186326026917
(ID=0):  		(real loss):  0.43327967325846356 	(dream loss): 2.2713575919469196
(ID=0):  	vs MDL (w/o neural net) 10.891894871644345
		(real MDL):  18.08193373640586 	(dream MDL): 3.7018560068828292
(ID=0):  	3210 cumulative gradient steps. 102.942803 steps/sec
(ID=0):  	42-way auxiliary classification loss 0.03968626693822443
(ID=0):  Epoch 540 Loss 1.2182945450146994
(ID=0):  		(real loss):  0.2987856864929199 	(dream loss): 1.8313004506958857
(ID=0):  	vs MDL (w/o neural net) 9.465700852141982
		(real MDL):  18.88761883264908 	(dream MDL): 3.1844221984705836
(ID=0):  	3240 cumulative gradient steps. 103.044660 steps/sec
(ID=0):  	42-way auxiliary classification loss 0.05261462687825163
(ID=0):  Epoch 545 Loss 0.6177326997121175
(ID=0):  		(real loss):  0.6675622122628349 	(dream loss): 0.5741318762302399
(ID=0):  	vs MDL (w/o neural net) 9.902788786035282
		(real MDL):  19.136489812551737 	(dream MDL): 1.8233003878333836
(ID=0):  	3270 cumulative gradient steps. 103.168870 steps/sec
(ID=0):  	42-way auxiliary classification loss 0.022600238413239517
(ID=0):  Epoch 550 Loss 0.349424942334493
(ID=0):  		(real loss):  0.5238576465182834 	(dream loss): 0.08777588605880737
(ID=0):  	vs MDL (w/o neural net) 11.726057595723397
		(real MDL):  18.619233085459065 	(dream MDL): 1.3862943611198906
(ID=0):  	3300 cumulative gradient steps. 103.274580 steps/sec
(ID=0):  	42-way auxiliary classification loss 0.012555395485833287
(ID=0):  Epoch 555 Loss 1.1332101305325826
(ID=0):  		(real loss):  0.5824750661849976 	(dream loss): 1.7626216326441084
(ID=0):  	vs MDL (w/o neural net) 11.389674372407686
		(real MDL):  18.566082849515944 	(dream MDL): 3.188064684283963
(ID=0):  	3330 cumulative gradient steps. 103.379409 steps/sec
(ID=0):  	42-way auxiliary classification loss 0.03599712566162149
(ID=0):  Epoch 560 Loss 2.5409178535143533
(ID=0):  		(real loss):  0.4596430914742606 	(dream loss): 4.362033270299435
(ID=0):  	vs MDL (w/o neural net) 10.972454526162712
		(real MDL):  17.50320624380227 	(dream MDL): 5.258046773228096
(ID=0):  	3360 cumulative gradient steps. 103.480566 steps/sec
(ID=0):  	42-way auxiliary classification loss 0.07282835802373787
(ID=0):  Epoch 565 Loss 0.37752626339594525
(ID=0):  		(real loss):  0.5525965971105239 	(dream loss): 0.14858813469226545
(ID=0):  	vs MDL (w/o neural net) 10.830148735276195
		(real MDL):  18.051919727278072 	(dream MDL): 1.3862943611198906
(ID=0):  	3390 cumulative gradient steps. 103.568130 steps/sec
(ID=0):  	42-way auxiliary classification loss 0.015226103613773983
(ID=0):  Epoch 570 Loss 0.8100134253501892
(ID=0):  		(real loss):  0.698208735539363 	(dream loss): 0.895511129323174
(ID=0):  	vs MDL (w/o neural net) 9.601370438294534
		(real MDL):  19.372863306093283 	(dream MDL): 2.1290523629190155
(ID=0):  	3420 cumulative gradient steps. 103.680229 steps/sec
(ID=0):  	42-way auxiliary classification loss 0.02509789471514523
(ID=0):  Epoch 575 Loss 0.3523773233095805
(ID=0):  		(real loss):  0.4698660850524902 	(dream loss): 0.11739979982376099
(ID=0):  	vs MDL (w/o neural net) 12.803906950632589
		(real MDL):  18.512713245388937 	(dream MDL): 1.3862943611198906
(ID=0):  	3450 cumulative gradient steps. 103.745420 steps/sec
(ID=0):  	42-way auxiliary classification loss 0.012841209691638747
(ID=0):  Epoch 580 Loss 0.7251385450363159
(ID=0):  		(real loss):  0.21100796593560112 	(dream loss): 1.4963344136873882
(ID=0):  	vs MDL (w/o neural net) 11.624676755779767
		(real MDL):  17.715241627083273 	(dream MDL): 2.488829448824507
(ID=0):  	3480 cumulative gradient steps. 103.826680 steps/sec
(ID=0):  	42-way auxiliary classification loss 0.022469528143604596
(ID=0):  Epoch 585 Loss 0.4122071027755737
(ID=0):  		(real loss):  0.8556438173566546 	(dream loss): 0.02419997751712799
(ID=0):  	vs MDL (w/o neural net) 9.449914781397142
		(real MDL):  18.665480975999714 	(dream MDL): 1.3862943611198906
(ID=0):  	3510 cumulative gradient steps. 103.936954 steps/sec
(ID=0):  	42-way auxiliary classification loss 0.0110806489828974
(ID=0):  Epoch 590 Loss 0.13516762256622314
(ID=0):  		(real loss):  0.22090844547047334 	(dream loss): 0.02304500799912673
(ID=0):  	vs MDL (w/o neural net) 10.69441805285153
		(real MDL):  17.81239499358749 	(dream MDL): 1.3862943611198906
(ID=0):  	3540 cumulative gradient steps. 104.007696 steps/sec
(ID=0):  	42-way auxiliary classification loss 0.010741733790685734
(ID=0):  Epoch 595 Loss 0.6149431626001994
(ID=0):  		(real loss):  0.5146562788221571 	(dream loss): 0.7653734882672628
(ID=0):  	vs MDL (w/o neural net) 11.92908217547684
		(real MDL):  18.22258399324506 	(dream MDL): 2.488829448824507
(ID=0):  	3570 cumulative gradient steps. 104.072498 steps/sec
(ID=0):  	42-way auxiliary classification loss 0.018817334218571583
(ID=0):  Epoch 600 Loss 0.4235039393107096
(ID=0):  		(real loss):  0.2374042510986328 	(dream loss): 0.6096036275227864
(ID=0):  	vs MDL (w/o neural net) 9.948998598072613
		(real MDL):  18.045563073197606 	(dream MDL): 1.8524341229476164
(ID=0):  	3600 cumulative gradient steps. 104.146411 steps/sec
(ID=0):  	42-way auxiliary classification loss 0.019691679036865632
(ID=0):  Epoch 605 Loss 0.32259926001230876
(ID=0):  		(real loss):  0.4931387650339227 	(dream loss): 0.028031024065884678
(ID=0):  	vs MDL (w/o neural net) 12.046627526297378
		(real MDL):  18.21839935876855 	(dream MDL): 1.3862943611198906
(ID=0):  	3630 cumulative gradient steps. 104.212543 steps/sec
(ID=0):  	42-way auxiliary classification loss 0.010477017425000668
(ID=0):  Epoch 610 Loss 1.9379225571950276
(ID=0):  		(real loss):  0.2853453954060872 	(dream loss): 3.0396406650543213
(ID=0):  	vs MDL (w/o neural net) 9.604080541839952
		(real MDL):  17.870958351147053 	(dream MDL): 4.092828668968549
(ID=0):  	3660 cumulative gradient steps. 104.281050 steps/sec
(ID=0):  	42-way auxiliary classification loss 0.059447250049561265
(ID=0):  Epoch 615 Loss 0.4258726676305135
(ID=0):  		(real loss):  0.5410806407099185 	(dream loss): 0.04733218465532575
(ID=0):  	vs MDL (w/o neural net) 14.458501023048294
		(real MDL):  18.436998702765635 	(dream MDL): 1.3862943611198906
(ID=0):  	3690 cumulative gradient steps. 104.325441 steps/sec
(ID=0):  	42-way auxiliary classification loss 0.010285665808866421
(ID=0):  Epoch 620 Loss 0.6278699239095052
(ID=0):  		(real loss):  0.38730868171243105 	(dream loss): 0.9424500098595252
(ID=0):  	vs MDL (w/o neural net) 11.314723575122065
		(real MDL):  18.26446814699783 	(dream MDL): 2.226596058053753
(ID=0):  	3720 cumulative gradient steps. 104.374466 steps/sec
(ID=0):  	42-way auxiliary classification loss 0.02709107263945043
(ID=0):  Epoch 625 Loss 1.4845492243766785
(ID=0):  		(real loss):  0.6424029214041573 	(dream loss): 2.2214272394776344
(ID=0):  	vs MDL (w/o neural net) 10.224386064110487
		(real MDL):  18.11653500400144 	(dream MDL): 3.3187557417058966
(ID=0):  	3750 cumulative gradient steps. 104.435145 steps/sec
(ID=0):  	42-way auxiliary classification loss 0.04721907583686213
(ID=0):  Epoch 630 Loss 0.42249743938446044
(ID=0):  		(real loss):  0.5291457176208496 	(dream loss): 0.3513985872268677
(ID=0):  	vs MDL (w/o neural net) 7.894065695103928
		(real MDL):  16.89976119865534 	(dream MDL): 1.8902686927363195
(ID=0):  	3780 cumulative gradient steps. 104.532233 steps/sec
(ID=0):  	42-way auxiliary classification loss 0.018339867532874147
(ID=0):  Epoch 635 Loss 2.378416033585866
(ID=0):  		(real loss):  0.6030465443929036 	(dream loss): 4.153785522778829
(ID=0):  	vs MDL (w/o neural net) 11.948660141262089
		(real MDL):  18.79300334870374 	(dream MDL): 5.104316933820436
(ID=0):  	3810 cumulative gradient steps. 104.583598 steps/sec
(ID=0):  	42-way auxiliary classification loss 0.06428494574502111
(ID=0):  Epoch 640 Loss 0.9856779138247173
(ID=0):  		(real loss):  0.5153373082478842 	(dream loss): 1.2992383175426059
(ID=0):  	vs MDL (w/o neural net) 8.932895379531567
		(real MDL):  18.759795366519402 	(dream MDL): 2.3816287215396725
(ID=0):  	3840 cumulative gradient steps. 104.642814 steps/sec
(ID=0):  	42-way auxiliary classification loss 0.03795449199775855
(ID=0):  Epoch 645 Loss 1.829009238878886
(ID=0):  		(real loss):  0.40479815006256104 	(dream loss): 3.4566790546689714
(ID=0):  	vs MDL (w/o neural net) 11.646108564021615
		(real MDL):  17.76948999163169 	(dream MDL): 4.647958361038675
(ID=0):  	3870 cumulative gradient steps. 104.703925 steps/sec
(ID=0):  	42-way auxiliary classification loss 0.04659317336045206
(ID=0):  Epoch 650 Loss 1.2078658858935039
(ID=0):  		(real loss):  0.2683227245624249 	(dream loss): 1.9263400680878584
(ID=0):  	vs MDL (w/o neural net) 9.435604112976835
		(real MDL):  17.571976389892033 	(dream MDL): 3.2136723718063847
(ID=0):  	3900 cumulative gradient steps. 104.759240 steps/sec
(ID=0):  	42-way auxiliary classification loss 0.03488100248699387
(ID=0):  Epoch 655 Loss 0.9605366110801696
(ID=0):  		(real loss):  0.5112486945258247 	(dream loss): 1.6344684859116871
(ID=0):  	vs MDL (w/o neural net) 12.709466505830713
		(real MDL):  19.13140670776639 	(dream MDL): 3.076556202927199
(ID=0):  	3930 cumulative gradient steps. 104.805323 steps/sec
(ID=0):  	42-way auxiliary classification loss 0.02500262789738675
(ID=0):  Epoch 660 Loss 1.2848053614298502
(ID=0):  		(real loss):  0.37930847616756663 	(dream loss): 2.4689166729266825
(ID=0):  	vs MDL (w/o neural net) 11.51512636959909
		(real MDL):  17.59984657386773 	(dream MDL): 3.5581845640170187
(ID=0):  	3960 cumulative gradient steps. 104.847176 steps/sec
(ID=0):  	42-way auxiliary classification loss 0.0306039166636765
(ID=0):  Epoch 665 Loss 1.7510845859845479
(ID=0):  		(real loss):  0.23396644592285157 	(dream loss): 3.2682027260462445
(ID=0):  	vs MDL (w/o neural net) 11.131738169429347
		(real MDL):  17.70821359865279 	(dream MDL): 4.555262740205903
(ID=0):  	3990 cumulative gradient steps. 104.885984 steps/sec
(ID=0):  	42-way auxiliary classification loss 0.06389288899954408
Sampling new helmholtz frontiers during training.
Sampling 500 programs from the prior on 32 CPUs...


Got 498/500 valid samples.
We now have 498 Helmholtz entries.
(ID=0):  Epoch 670 Loss 0.6043738524119059
(ID=0):  		(real loss):  0.477967775785006 	(dream loss): 0.7010373227736529
(ID=0):  	vs MDL (w/o neural net) 9.327699602576084
		(real MDL):  18.872312452161857 	(dream MDL): 2.028878011716374
(ID=0):  	4020 cumulative gradient steps. 102.584260 steps/sec
(ID=0):  	42-way auxiliary classification loss 0.02679277998395264
(ID=0):  Epoch 675 Loss 0.2468460480372111
(ID=0):  		(real loss):  0.3827144398408778 	(dream loss): 0.06917199721703163
(ID=0):  	vs MDL (w/o neural net) 10.811963403672072
		(real MDL):  18.019827965623737 	(dream MDL): 1.3862943611198906
(ID=0):  	4050 cumulative gradient steps. 102.668580 steps/sec
(ID=0):  	42-way auxiliary classification loss 0.010446261862913768
(ID=0):  Epoch 680 Loss 0.5946206370989482
(ID=0):  		(real loss):  0.6562603541782924 	(dream loss): 0.5406858846545219
(ID=0):  	vs MDL (w/o neural net) 9.80342876681887
		(real MDL):  18.923575485659423 	(dream MDL): 1.8233003878333838
(ID=0):  	4080 cumulative gradient steps. 102.785123 steps/sec
(ID=0):  	42-way auxiliary classification loss 0.019541367360701164
(ID=0):  Epoch 685 Loss 0.7935792922973632
(ID=0):  		(real loss):  0.7916695912679036 	(dream loss): 0.7954889933268229
(ID=0):  	vs MDL (w/o neural net) 10.67990907602193
		(real MDL):  19.245262320247953 	(dream MDL): 2.1145558317959052
(ID=0):  	4110 cumulative gradient steps. 102.879529 steps/sec
(ID=0):  	42-way auxiliary classification loss 0.022258084608862798
(ID=0):  Epoch 690 Loss 2.8418537537256876
(ID=0):  		(real loss):  0.37833213806152344 	(dream loss): 6.0633820203634405
(ID=0):  	vs MDL (w/o neural net) 13.165050614014273
		(real MDL):  18.142148056310784 	(dream MDL): 6.65653857408807
(ID=0):  	4140 cumulative gradient steps. 102.973904 steps/sec
(ID=0):  	42-way auxiliary classification loss 0.06887588294533392
(ID=0):  Epoch 695 Loss 2.026302393277486
(ID=0):  		(real loss):  0.5362776587991154 	(dream loss): 3.974796276826125
(ID=0):  	vs MDL (w/o neural net) 12.785704055298963
		(real MDL):  18.594221209721127 	(dream MDL): 5.189950853362285
(ID=0):  	4170 cumulative gradient steps. 103.064771 steps/sec
(ID=0):  	42-way auxiliary classification loss 0.058694573615988094
(ID=0):  Epoch 700 Loss 1.2381258964538575
(ID=0):  		(real loss):  0.04674217917702415 	(dream loss): 1.9278743643509715
(ID=0):  	vs MDL (w/o neural net) 8.877035068807066
		(real MDL):  18.44568618066377 	(dream MDL): 3.337289688258443
(ID=0):  	4200 cumulative gradient steps. 103.167901 steps/sec
(ID=0):  	42-way auxiliary classification loss 0.03515642168931663
(ID=0):  Epoch 705 Loss 1.8022427399953207
(ID=0):  		(real loss):  0.7042203791001264 	(dream loss): 3.238118135012113
(ID=0):  	vs MDL (w/o neural net) 12.318966824106814
		(real MDL):  18.32865167030651 	(dream MDL): 4.460148179076446
(ID=0):  	4230 cumulative gradient steps. 103.249786 steps/sec
(ID=0):  	42-way auxiliary classification loss 0.03872130961778263
(ID=0):  Epoch 710 Loss 2.0894869446754454
(ID=0):  		(real loss):  0.5723340511322021 	(dream loss): 3.8233759658677235
(ID=0):  	vs MDL (w/o neural net) 12.371520174878482
		(real MDL):  18.978215581498965 	(dream MDL): 4.821011138740793
(ID=0):  	4260 cumulative gradient steps. 103.341120 steps/sec
(ID=0):  	42-way auxiliary classification loss 0.056336904487883054
(ID=0):  Epoch 715 Loss 1.0641127208868661
(ID=0):  		(real loss):  0.6885156631469727 	(dream loss): 1.3927601464092731
(ID=0):  	vs MDL (w/o neural net) 10.098244784100881
		(real MDL):  18.775043946968005 	(dream MDL): 2.5060455165921462
(ID=0):  	4290 cumulative gradient steps. 103.420664 steps/sec
(ID=0):  	42-way auxiliary classification loss 0.040118432107071084
(ID=0):  Epoch 720 Loss 0.35815225044886273
(ID=0):  		(real loss):  0.616734504699707 	(dream loss): 0.06262967416218349
(ID=0):  	vs MDL (w/o neural net) 10.479533503541795
		(real MDL):  18.436117753160957 	(dream MDL): 1.3862943611198906
(ID=0):  	4320 cumulative gradient steps. 103.511640 steps/sec
(ID=0):  	42-way auxiliary classification loss 0.013154154208799203
(ID=0):  Epoch 725 Loss 0.46590912342071533
(ID=0):  		(real loss):  0.35709847344292533 	(dream loss): 0.6291250983874003
(ID=0):  	vs MDL (w/o neural net) 12.248246318417529
		(real MDL):  19.101097821759517 	(dream MDL): 1.968969063404548
(ID=0):  	4350 cumulative gradient steps. 103.574014 steps/sec
(ID=0):  	42-way auxiliary classification loss 0.019028258556500078
(ID=0):  Epoch 730 Loss 0.996343723932902
(ID=0):  		(real loss):  0.547273809259588 	(dream loss): 1.2563315692700838
(ID=0):  	vs MDL (w/o neural net) 8.244065690092281
		(real MDL):  18.733919038657167 	(dream MDL): 2.170992698817872
(ID=0):  	4380 cumulative gradient steps. 103.670798 steps/sec
(ID=0):  	42-way auxiliary classification loss 0.030513382718587913
(ID=0):  Epoch 735 Loss 1.3585929234822591
(ID=0):  		(real loss):  0.054414015549879804 	(dream loss): 2.3559062060187843
(ID=0):  	vs MDL (w/o neural net) 9.726910753754934
		(real MDL):  18.148551985779793 	(dream MDL): 3.2868321645594487
(ID=0):  	4410 cumulative gradient steps. 103.755942 steps/sec
(ID=0):  	42-way auxiliary classification loss 0.0542842669878155
(ID=0):  Epoch 740 Loss 1.1467823147773744
(ID=0):  		(real loss):  0.9773446400960286 	(dream loss): 1.3162199894587199
(ID=0):  	vs MDL (w/o neural net) 10.542883735952524
		(real MDL):  18.3296751621426 	(dream MDL): 2.756092309762447
(ID=0):  	4440 cumulative gradient steps. 103.841345 steps/sec
(ID=0):  	42-way auxiliary classification loss 0.021822152147069573
(ID=0):  Epoch 745 Loss 0.39082353115081786
(ID=0):  		(real loss):  0.2687724186823918 	(dream loss): 0.4841567348031437
(ID=0):  	vs MDL (w/o neural net) 8.395170332506614
		(real MDL):  17.022769954518797 	(dream MDL): 1.7975941509678839
(ID=0):  	4470 cumulative gradient steps. 103.926563 steps/sec
(ID=0):  	42-way auxiliary classification loss 0.01756133687061568
(ID=0):  Epoch 750 Loss 1.215632724761963
(ID=0):  		(real loss):  0.2637814741868239 	(dream loss): 1.943518975201775
(ID=0):  	vs MDL (w/o neural net) 9.972103504091278
		(real MDL):  18.510432218970823 	(dream MDL): 3.442793310359857
(ID=0):  	4500 cumulative gradient steps. 104.010914 steps/sec
(ID=0):  	42-way auxiliary classification loss 0.03128340005253752
(ID=0):  Epoch 755 Loss 1.039464279015859
(ID=0):  		(real loss):  0.33948978624845805 	(dream loss): 2.2485111301595513
(ID=0):  	vs MDL (w/o neural net) 12.843514432211181
		(real MDL):  18.237125626489018 	(dream MDL): 3.527276914822195
(ID=0):  	4530 cumulative gradient steps. 104.053493 steps/sec
(ID=0):  	42-way auxiliary classification loss 0.03410968449898064
(ID=0):  Epoch 760 Loss 0.4117767572402954
(ID=0):  		(real loss):  0.5983159065246582 	(dream loss): 0.038698458671569826
(ID=0):  	vs MDL (w/o neural net) 13.129396455621109
		(real MDL):  19.000947502871718 	(dream MDL): 1.3862943611198906
(ID=0):  	4560 cumulative gradient steps. 104.097868 steps/sec
(ID=0):  	42-way auxiliary classification loss 0.007639275320495169
(ID=0):  Epoch 765 Loss 1.2543261806170145
(ID=0):  		(real loss):  0.5483847531405363 	(dream loss): 1.6630291123139231
(ID=0):  	vs MDL (w/o neural net) 8.538719343033142
		(real MDL):  18.73391903865717 	(dream MDL): 2.6362353087244923
(ID=0):  	4590 cumulative gradient steps. 104.173392 steps/sec
(ID=0):  	42-way auxiliary classification loss 0.045642632486609123
(ID=0):  Epoch 770 Loss 1.4294355193773904
(ID=0):  		(real loss):  0.5633331537246704 	(dream loss): 2.419266794409071
(ID=0):  	vs MDL (w/o neural net) 11.922479845018103
		(real MDL):  18.75238288554672 	(dream MDL): 4.116876370128251
(ID=0):  	4620 cumulative gradient steps. 104.221906 steps/sec
(ID=0):  	42-way auxiliary classification loss 0.0429831337571765
(ID=0):  Epoch 775 Loss 1.6160377740859986
(ID=0):  		(real loss):  0.3528583314683702 	(dream loss): 3.510806938012441
(ID=0):  	vs MDL (w/o neural net) 12.690037954586579
		(real MDL):  17.911150545117504 	(dream MDL): 4.858369068790184
(ID=0):  	4650 cumulative gradient steps. 104.269756 steps/sec
(ID=0):  	42-way auxiliary classification loss 0.05381428535717229
(ID=0):  Epoch 780 Loss 0.8791373610496521
(ID=0):  		(real loss):  0.6748746525157582 	(dream loss): 1.4408598095178604
(ID=0):  	vs MDL (w/o neural net) 14.014222947599219
		(real MDL):  18.10965506722169 	(dream MDL): 2.7517846186374175
(ID=0):  	4680 cumulative gradient steps. 104.317269 steps/sec
(ID=0):  	42-way auxiliary classification loss 0.022823523466164865
(ID=0):  Epoch 785 Loss 2.3070104519526162
(ID=0):  		(real loss):  0.5294343162985409 	(dream loss): 4.631533090884869
(ID=0):  	vs MDL (w/o neural net) 13.20944757200106
		(real MDL):  18.471901119034076 	(dream MDL): 6.3277775489578865
(ID=0):  	4710 cumulative gradient steps. 104.368425 steps/sec
(ID=0):  	42-way auxiliary classification loss 0.061962007273299
(ID=0):  Epoch 790 Loss 0.8533420920372009
(ID=0):  		(real loss):  0.3643757315242992 	(dream loss): 1.4927596404002264
(ID=0):  	vs MDL (w/o neural net) 11.57783875719635
		(real MDL):  18.317489266692693 	(dream MDL): 2.7644496293934364
(ID=0):  	4740 cumulative gradient steps. 104.411816 steps/sec
(ID=0):  	42-way auxiliary classification loss 0.03172144192891816
(ID=0):  Epoch 795 Loss 1.5857029239336649
(ID=0):  		(real loss):  0.5097821553548177 	(dream loss): 2.302983436319563
(ID=0):  	vs MDL (w/o neural net) 9.32480084888876
		(real MDL):  18.51139531847837 	(dream MDL): 3.200404535829014
(ID=0):  	4770 cumulative gradient steps. 104.476995 steps/sec
(ID=0):  	42-way auxiliary classification loss 0.043488047240922846
(ID=0):  Epoch 800 Loss 0.5476825118064881
(ID=0):  		(real loss):  0.5144607226053873 	(dream loss): 0.5698303712738885
(ID=0):  	vs MDL (w/o neural net) 8.538719343033142
		(real MDL):  18.684682113618358 	(dream MDL): 1.7747441626429956
(ID=0):  	4800 cumulative gradient steps. 104.537522 steps/sec
(ID=0):  	42-way auxiliary classification loss 0.022726950266708932
(ID=0):  Epoch 805 Loss 0.41717005570729576
(ID=0):  		(real loss):  0.7379086017608643 	(dream loss): 0.050611717360360284
(ID=0):  	vs MDL (w/o neural net) 10.76575359163474
		(real MDL):  18.97278041833523 	(dream MDL): 1.3862943611198906
(ID=0):  	4830 cumulative gradient steps. 104.580862 steps/sec
(ID=0):  	42-way auxiliary classification loss 0.0087720943071569
(ID=0):  Epoch 810 Loss 0.31513357957204186
(ID=0):  		(real loss):  0.5303607267491958 	(dream loss): 0.03368269480191744
(ID=0):  	vs MDL (w/o neural net) 11.643477120477817
		(real MDL):  19.48720511292799 	(dream MDL): 1.3862943611198906
(ID=0):  	4860 cumulative gradient steps. 104.618288 steps/sec
(ID=0):  	42-way auxiliary classification loss 0.007326970451201001
(ID=0):  Epoch 815 Loss 0.5929530779520671
(ID=0):  		(real loss):  0.5967765808105469 	(dream loss): 0.5891295750935872
(ID=0):  	vs MDL (w/o neural net) 9.916054543224869
		(real MDL):  17.97967496350212 	(dream MDL): 1.8524341229476167
(ID=0):  	4890 cumulative gradient steps. 104.673647 steps/sec
(ID=0):  	42-way auxiliary classification loss 0.018881618340189258
(ID=0):  Epoch 820 Loss 0.9282593806584676
(ID=0):  		(real loss):  0.2213592529296875 	(dream loss): 1.7361452409199305
(ID=0):  	vs MDL (w/o neural net) 10.68949847843699
		(real MDL):  17.605427398518966 	(dream MDL): 2.785579712629016
(ID=0):  	4920 cumulative gradient steps. 104.722154 steps/sec
(ID=0):  	42-way auxiliary classification loss 0.020970646540323892
(ID=0):  Epoch 825 Loss 0.40067230065663656
(ID=0):  		(real loss):  0.5356739362080892 	(dream loss): 0.31067121028900146
(ID=0):  	vs MDL (w/o neural net) 8.231415169648743
		(real MDL):  17.74313488501738 	(dream MDL): 1.8902686927363195
(ID=0):  	4950 cumulative gradient steps. 104.776906 steps/sec
(ID=0):  	42-way auxiliary classification loss 0.014566689279551308
(ID=0):  Epoch 830 Loss 1.5699651956558227
(ID=0):  		(real loss):  0.44322422572544645 	(dream loss): 2.555863544344902
(ID=0):  	vs MDL (w/o neural net) 10.438164605917388
		(real MDL):  17.864652109386 	(dream MDL): 3.939988040382348
(ID=0):  	4980 cumulative gradient steps. 104.823331 steps/sec
(ID=0):  	42-way auxiliary classification loss 0.04446526713048418
(ID=0):  Epoch 835 Loss 0.8574565013249715
(ID=0):  		(real loss):  0.6333682196480888 	(dream loss): 1.053533747792244
(ID=0):  	vs MDL (w/o neural net) 10.32271873582568
		(real MDL):  19.136489812551734 	(dream MDL): 2.6106690436903763
(ID=0):  	5010 cumulative gradient steps. 104.862180 steps/sec
(ID=0):  	42-way auxiliary classification loss 0.029376118319729964
Sampling new helmholtz frontiers during training.
Sampling 500 programs from the prior on 32 CPUs...


Got 498/500 valid samples.
We now have 498 Helmholtz entries.
(ID=0):  Epoch 840 Loss 0.320631210009257
(ID=0):  		(real loss):  0.453155517578125 	(dream loss): 0.05558259487152099
(ID=0):  	vs MDL (w/o neural net) 12.228568020759372
		(real MDL):  17.64970485057911 	(dream MDL): 1.3862943611198906
(ID=0):  	5040 cumulative gradient steps. 103.145575 steps/sec
(ID=0):  	42-way auxiliary classification loss 0.007141684445862969
(ID=0):  Epoch 845 Loss 2.6740075747172036
(ID=0):  		(real loss):  0.6320856639317104 	(dream loss): 4.4606892466545105
(ID=0):  	vs MDL (w/o neural net) 11.446481397387016
		(real MDL):  18.265066542692857 	(dream MDL): 5.480219395244403
(ID=0):  	5070 cumulative gradient steps. 103.212874 steps/sec
(ID=0):  	42-way auxiliary classification loss 0.10335564700265726
(ID=0):  Epoch 850 Loss 1.550102694829305
(ID=0):  		(real loss):  0.5576211214065552 	(dream loss): 2.6843673501695906
(ID=0):  	vs MDL (w/o neural net) 11.68940996410424
		(real MDL):  18.75238288554672 	(dream MDL): 3.6174409110271175
(ID=0):  	5100 cumulative gradient steps. 103.297588 steps/sec
(ID=0):  	42-way auxiliary classification loss 0.04316819333471358
(ID=0):  Epoch 855 Loss 0.9214530467987061
(ID=0):  		(real loss):  0.4768848419189453 	(dream loss): 1.689343582500111
(ID=0):  	vs MDL (w/o neural net) 13.129396455621109
		(real MDL):  18.860500715506674 	(dream MDL): 3.230216370364228
(ID=0):  	5130 cumulative gradient steps. 103.365506 steps/sec
(ID=0):  	42-way auxiliary classification loss 0.02216044516923527
(ID=0):  Epoch 860 Loss 0.3234252611796061
(ID=0):  		(real loss):  0.4556879043579102 	(dream loss): 0.058899974822998045
(ID=0):  	vs MDL (w/o neural net) 12.397242758031778
		(real MDL):  17.902716956487723 	(dream MDL): 1.3862943611198906
(ID=0):  	5160 cumulative gradient steps. 103.452747 steps/sec
(ID=0):  	42-way auxiliary classification loss 0.0071396276044348875
(ID=0):  Epoch 865 Loss 0.6211807012557984
(ID=0):  		(real loss):  0.22314313252766926 	(dream loss): 1.0192182699839274
(ID=0):  	vs MDL (w/o neural net) 10.036498647732733
		(real MDL):  17.708213598652794 	(dream MDL): 2.364783696812671
(ID=0):  	5190 cumulative gradient steps. 103.538034 steps/sec
(ID=0):  	42-way auxiliary classification loss 0.022264215148364505
(ID=0):  Epoch 870 Loss 0.3368335525194804
(ID=0):  		(real loss):  0.5257167816162109 	(dream loss): 0.08983240677760197
(ID=0):  	vs MDL (w/o neural net) 11.16749820982101
		(real MDL):  18.647242329415985 	(dream MDL): 1.3862943611198906
(ID=0):  	5220 cumulative gradient steps. 103.611353 steps/sec
(ID=0):  	42-way auxiliary classification loss 0.010035016403223077
(ID=0):  Epoch 875 Loss 0.9838264505068461
(ID=0):  		(real loss):  0.21894162495930988 	(dream loss): 1.7487112760543824
(ID=0):  	vs MDL (w/o neural net) 10.676232721247407
		(real MDL):  18.521541983854416 	(dream MDL): 2.8309234586403966
(ID=0):  	5250 cumulative gradient steps. 103.672213 steps/sec
(ID=0):  	42-way auxiliary classification loss 0.0356245837562407
(ID=0):  Epoch 880 Loss 0.3359681487083435
(ID=0):  		(real loss):  0.47192412928531047 	(dream loss): 0.10113509134812788
(ID=0):  	vs MDL (w/o neural net) 11.947267507080962
		(real MDL):  18.06151511790053 	(dream MDL): 1.3862943611198906
(ID=0):  	5280 cumulative gradient steps. 103.742479 steps/sec
(ID=0):  	42-way auxiliary classification loss 0.00754786158601443
(ID=0):  Epoch 885 Loss 2.316869008541107
(ID=0):  		(real loss):  0.6277848652430943 	(dream loss): 3.7948176339268684
(ID=0):  	vs MDL (w/o neural net) 10.898558298375196
		(real MDL):  17.75508913841771 	(dream MDL): 4.89909381333799
(ID=0):  	5310 cumulative gradient steps. 103.815879 steps/sec
(ID=0):  	42-way auxiliary classification loss 0.07047883802248786
(ID=0):  Epoch 890 Loss 0.3257718006769816
(ID=0):  		(real loss):  0.556501030921936 	(dream loss): 0.06208125182560512
(ID=0):  	vs MDL (w/o neural net) 10.310858766269385
		(real MDL):  18.11985262077519 	(dream MDL): 1.3862943611198906
(ID=0):  	5340 cumulative gradient steps. 103.879616 steps/sec
(ID=0):  	42-way auxiliary classification loss 0.007632759803285202
(ID=0):  Epoch 895 Loss 0.5431419452031453
(ID=0):  		(real loss):  0.3435482449001736 	(dream loss): 0.8425324956576029
(ID=0):  	vs MDL (w/o neural net) 11.803968242968455
		(real MDL):  18.142199605304153 	(dream MDL): 2.2966211994649086
(ID=0):  	5370 cumulative gradient steps. 103.942949 steps/sec
(ID=0):  	42-way auxiliary classification loss 0.02288098766002804
(ID=0):  Epoch 900 Loss 0.6791622956593831
(ID=0):  		(real loss):  0.3458987341986762 	(dream loss): 1.1790576378504436
(ID=0):  	vs MDL (w/o neural net) 11.49666406958406
		(real MDL):  17.630025982996827 	(dream MDL): 2.2966211994649086
(ID=0):  	5400 cumulative gradient steps. 104.004697 steps/sec
(ID=0):  	42-way auxiliary classification loss 0.023701905009026327
(ID=0):  Epoch 905 Loss 0.6248643477757772
(ID=0):  		(real loss):  0.21910680135091146 	(dream loss): 1.0306218942006429
(ID=0):  	vs MDL (w/o neural net) 10.344769072346237
		(real MDL):  18.184192509309593 	(dream MDL): 2.5053456353828776
(ID=0):  	5430 cumulative gradient steps. 104.060818 steps/sec
(ID=0):  	42-way auxiliary classification loss 0.017349583826338253
(ID=0):  Epoch 910 Loss 0.6031166553497315
(ID=0):  		(real loss):  0.5235879561480354 	(dream loss): 0.7071157235365647
(ID=0):  	vs MDL (w/o neural net) 11.370522789574455
		(real MDL):  18.594221209721123 	(dream MDL): 1.9241479324595745
(ID=0):  	5460 cumulative gradient steps. 104.110923 steps/sec
(ID=0):  	42-way auxiliary classification loss 0.019647374485308924
(ID=0):  Epoch 915 Loss 0.407964825630188
(ID=0):  		(real loss):  0.7256791591644287 	(dream loss): 0.04486273016248431
(ID=0):  	vs MDL (w/o neural net) 10.597078854362334
		(real MDL):  18.656515285949467 	(dream MDL): 1.3862943611198906
(ID=0):  	5490 cumulative gradient steps. 104.177366 steps/sec
(ID=0):  	42-way auxiliary classification loss 0.007010466721840203
(ID=0):  Epoch 920 Loss 0.4025371233622233
(ID=0):  		(real loss):  0.6150267751593339 	(dream loss): 0.03550954298539595
(ID=0):  	vs MDL (w/o neural net) 12.47147705050231
		(real MDL):  18.88921439698687 	(dream MDL): 1.3862943611198906
(ID=0):  	5520 cumulative gradient steps. 104.217201 steps/sec
(ID=0):  	42-way auxiliary classification loss 0.005893734772689641
(ID=0):  Epoch 925 Loss 0.606228502591451
(ID=0):  		(real loss):  0.35748952977797566 	(dream loss): 0.9315025439629188
(ID=0):  	vs MDL (w/o neural net) 11.612803632771307
		(real MDL):  18.790491778143547 	(dream MDL): 2.2265960580537536
(ID=0):  	5550 cumulative gradient steps. 104.261383 steps/sec
(ID=0):  	42-way auxiliary classification loss 0.0220313826110214
(ID=0):  Epoch 930 Loss 1.8745182116826375
(ID=0):  		(real loss):  0.49364280700683594 	(dream loss): 2.7951018147998385
(ID=0):  	vs MDL (w/o neural net) 9.852625650812522
		(real MDL):  19.106368956799376 	(dream MDL): 3.6834634468212823
(ID=0):  	5580 cumulative gradient steps. 104.318069 steps/sec
(ID=0):  	42-way auxiliary classification loss 0.05822164926212281
(ID=0):  Epoch 935 Loss 0.6784772356351216
(ID=0):  		(real loss):  0.495913028717041 	(dream loss): 0.8001867069138421
(ID=0):  	vs MDL (w/o neural net) 8.801834525107422
		(real MDL):  18.58650857137942 	(dream MDL): 2.2787184942594245
(ID=0):  	5610 cumulative gradient steps. 104.372641 steps/sec
(ID=0):  	42-way auxiliary classification loss 0.026396871668597062
(ID=0):  Epoch 940 Loss 0.820004940032959
(ID=0):  		(real loss):  0.45857561551607573 	(dream loss): 1.0963920705458696
(ID=0):  	vs MDL (w/o neural net) 9.598383366338208
		(real MDL):  19.10160480419973 	(dream MDL): 2.3312140315029257
(ID=0):  	5640 cumulative gradient steps. 104.417829 steps/sec
(ID=0):  	42-way auxiliary classification loss 0.02632775865495205
(ID=0):  Epoch 945 Loss 1.2478148539861043
(ID=0):  		(real loss):  0.3775564432144165 	(dream loss): 2.242395894868033
(ID=0):  	vs MDL (w/o neural net) 11.103454284314743
		(real MDL):  17.50955979892171 	(dream MDL): 3.78219083904963
(ID=0):  	5670 cumulative gradient steps. 104.470375 steps/sec
(ID=0):  	42-way auxiliary classification loss 0.02341004789341241
(ID=0):  Epoch 950 Loss 0.22461432615915936
(ID=0):  		(real loss):  0.33967410193549263 	(dream loss): 0.052024662494659424
(ID=0):  	vs MDL (w/o neural net) 11.638557546063277
		(real MDL):  18.47339966935887 	(dream MDL): 1.3862943611198906
(ID=0):  	5700 cumulative gradient steps. 104.510218 steps/sec
(ID=0):  	42-way auxiliary classification loss 0.007472848527443906
(ID=0):  Epoch 955 Loss 0.12671098709106446
(ID=0):  		(real loss):  0.28221251747824927 	(dream loss): 0.03668378528795744
(ID=0):  	vs MDL (w/o neural net) 7.391555270067952
		(real MDL):  17.764278658250966 	(dream MDL): 1.3862943611198906
(ID=0):  	5730 cumulative gradient steps. 104.575568 steps/sec
(ID=0):  	42-way auxiliary classification loss 0.006635236895332733
(ID=0):  Epoch 960 Loss 0.30673980712890625
(ID=0):  		(real loss):  0.5501943826675415 	(dream loss): 0.028506006513323103
(ID=0):  	vs MDL (w/o neural net) 10.479533503541793
		(real MDL):  18.436117753160957 	(dream MDL): 1.3862943611198906
(ID=0):  	5760 cumulative gradient steps. 104.625748 steps/sec
(ID=0):  	42-way auxiliary classification loss 0.006180276054268082
(ID=0):  Epoch 965 Loss 0.5445877949396769
(ID=0):  		(real loss):  0.20380008220672607 	(dream loss): 0.9340594666344779
(ID=0):  	vs MDL (w/o neural net) 10.69441805285153
		(real MDL):  17.791727434549745 	(dream MDL): 2.583207330910715
(ID=0):  	5790 cumulative gradient steps. 104.667536 steps/sec
(ID=0):  	42-way auxiliary classification loss 0.01968968688355138
(ID=0):  Epoch 970 Loss 0.7087784131368001
(ID=0):  		(real loss):  0.457881340613732 	(dream loss): 0.9006408803603229
(ID=0):  	vs MDL (w/o neural net) 9.006879925588082
		(real MDL):  18.00319193345326 	(dream MDL): 2.127347213691177
(ID=0):  	5820 cumulative gradient steps. 104.705080 steps/sec
(ID=0):  	42-way auxiliary classification loss 0.026785550615750255
(ID=0):  Epoch 975 Loss 0.12370280424753825
(ID=0):  		(real loss):  0.1971279593075023 	(dream loss): 0.02768529378450834
(ID=0):  	vs MDL (w/o neural net) 10.625103334795536
		(real MDL):  17.690074902900438 	(dream MDL): 1.3862943611198906
(ID=0):  	5850 cumulative gradient steps. 104.742755 steps/sec
(ID=0):  	42-way auxiliary classification loss 0.005980222695507109
(ID=0):  Epoch 980 Loss 2.724142344792684
(ID=0):  		(real loss):  0.7723581949869792 	(dream loss): 4.6759264945983885
(ID=0):  	vs MDL (w/o neural net) 12.243226412130081
		(real MDL):  18.630653973479163 	(dream MDL): 5.855798850781
(ID=0):  	5880 cumulative gradient steps. 104.772571 steps/sec
(ID=0):  	42-way auxiliary classification loss 0.09957890188476691
(ID=0):  Epoch 985 Loss 0.3997658093770345
(ID=0):  		(real loss):  0.264189879099528 	(dream loss): 0.49014976289537215
(ID=0):  	vs MDL (w/o neural net) 8.312589857261033
		(real MDL):  18.119358399188084 	(dream MDL): 1.7747441626429956
(ID=0):  	5910 cumulative gradient steps. 104.815922 steps/sec
(ID=0):  	42-way auxiliary classification loss 0.013932124455459416
(ID=0):  Epoch 990 Loss 0.9673937479654948
(ID=0):  		(real loss):  0.3567986207849839 	(dream loss): 1.765864298893855
(ID=0):  	vs MDL (w/o neural net) 11.21848109117268
		(real MDL):  17.84448675524183 	(dream MDL): 2.5537044535437916
(ID=0):  	5940 cumulative gradient steps. 104.844641 steps/sec
(ID=0):  	42-way auxiliary classification loss 0.03162343991765131
(ID=0):  Epoch 995 Loss 2.1776464303334553
(ID=0):  		(real loss):  0.6743284372182993 	(dream loss): 3.327242542715634
(ID=0):  	vs MDL (w/o neural net) 10.661385679734789
		(real MDL):  18.59436451868217 	(dream MDL): 4.594990097010322
(ID=0):  	5970 cumulative gradient steps. 104.886710 steps/sec
(ID=0):  	42-way auxiliary classification loss 0.04696166329085827
(ID=0):  Epoch 1000 Loss 0.6863508145014445
(ID=0):  		(real loss):  0.7828240712483724 	(dream loss): 0.5898775577545166
(ID=0):  	vs MDL (w/o neural net) 10.578893522758205
		(real MDL):  19.305352922568794 	(dream MDL): 1.8524341229476167
(ID=0):  	6000 cumulative gradient steps. 104.919339 steps/sec
(ID=0):  	42-way auxiliary classification loss 0.01632685064493368
(ID=0):  Epoch 1005 Loss 2.0101440072059633
(ID=0):  		(real loss):  0.5472006364302202 	(dream loss): 2.857111221865604
(ID=0):  	vs MDL (w/o neural net) 9.20797200288331
		(real MDL):  17.624834877018596 	(dream MDL): 4.335051391541828
(ID=0):  	6030 cumulative gradient steps. 104.959269 steps/sec
(ID=0):  	42-way auxiliary classification loss 0.06588149258556465
Sampling new helmholtz frontiers during training.
Sampling 500 programs from the prior on 32 CPUs...


Got 498/500 valid samples.
We now have 498 Helmholtz entries.
(ID=0):  Epoch 1010 Loss 1.8421908974647523
(ID=0):  		(real loss):  0.21153056621551514 	(dream loss): 3.705802704606737
(ID=0):  	vs MDL (w/o neural net) 11.83578461844207
		(real MDL):  17.735392494873956 	(dream MDL): 5.093375616805626
(ID=0):  	6060 cumulative gradient steps. 103.665909 steps/sec
(ID=0):  	42-way auxiliary classification loss 0.07516473142895848
(ID=0):  Epoch 1015 Loss 1.4948049545288087
(ID=0):  		(real loss):  0.7229488690694174 	(dream loss): 2.0093756781684027
(ID=0):  	vs MDL (w/o neural net) 9.496124593434471
		(real MDL):  18.631971900389733 	(dream MDL): 3.405559722130963
(ID=0):  	6090 cumulative gradient steps. 103.736100 steps/sec
(ID=0):  	42-way auxiliary classification loss 0.04676279874984175
(ID=0):  Epoch 1020 Loss 0.4828766942024231
(ID=0):  		(real loss):  0.02946332295735677 	(dream loss): 0.9362900654474894
(ID=0):  	vs MDL (w/o neural net) 9.948998598072615
		(real MDL):  17.53321349933255 	(dream MDL): 2.3647836968126716
(ID=0):  	6120 cumulative gradient steps. 103.810174 steps/sec
(ID=0):  	42-way auxiliary classification loss 0.018209141811045507
(ID=0):  Epoch 1025 Loss 2.3384596586227415
(ID=0):  		(real loss):  0.7900881333784624 	(dream loss): 3.2348852785010087
(ID=0):  	vs MDL (w/o neural net) 9.353602930409163
		(real MDL):  18.323493386834578 	(dream MDL): 4.160508455636554
(ID=0):  	6150 cumulative gradient steps. 103.884870 steps/sec
(ID=0):  	42-way auxiliary classification loss 0.07196992683845262
(ID=0):  Epoch 1030 Loss 2.156855126221975
(ID=0):  		(real loss):  0.23418780735560826 	(dream loss): 3.8391890302300453
(ID=0):  	vs MDL (w/o neural net) 10.694567467392641
		(real MDL):  17.464237676079144 	(dream MDL): 4.771106034791949
(ID=0):  	6180 cumulative gradient steps. 103.942518 steps/sec
(ID=0):  	42-way auxiliary classification loss 0.0652632074120144
(ID=0):  Epoch 1035 Loss 1.2699478626251222
(ID=0):  		(real loss):  0.5884652455647786 	(dream loss): 1.9514304796854656
(ID=0):  	vs MDL (w/o neural net) 11.338105449551636
		(real MDL):  19.606331733905357 	(dream MDL): 3.0698791651979085
(ID=0):  	6210 cumulative gradient steps. 104.002474 steps/sec
(ID=0):  	42-way auxiliary classification loss 0.029592036595568062
(ID=0):  Epoch 1040 Loss 0.8502864917119344
(ID=0):  		(real loss):  0.6417702266148159 	(dream loss): 1.0327382236719131
(ID=0):  	vs MDL (w/o neural net) 10.207194205732353
		(real MDL):  19.285021351243152 	(dream MDL): 2.264095453410403
(ID=0):  	6240 cumulative gradient steps. 104.066124 steps/sec
(ID=0):  	42-way auxiliary classification loss 0.027317768397430577
(ID=0):  Epoch 1045 Loss 0.4263938268025716
(ID=0):  		(real loss):  0.7440015077590942 	(dream loss): 0.06341361999511719
(ID=0):  	vs MDL (w/o neural net) 10.666393572418325
		(real MDL):  18.786480382304454 	(dream MDL): 1.3862943611198906
(ID=0):  	6270 cumulative gradient steps. 104.131178 steps/sec
(ID=0):  	42-way auxiliary classification loss 0.010689852099555234
(ID=0):  Epoch 1050 Loss 0.3180210828781128
(ID=0):  		(real loss):  0.6382793698992048 	(dream loss): 0.03779508173465729
(ID=0):  	vs MDL (w/o neural net) 9.401684148632597
		(real MDL):  18.56212962007569 	(dream MDL): 1.3862943611198906
(ID=0):  	6300 cumulative gradient steps. 104.197663 steps/sec
(ID=0):  	42-way auxiliary classification loss 0.009115144649210075
(ID=0):  Epoch 1055 Loss 0.40265997250874835
(ID=0):  		(real loss):  0.778906504313151 	(dream loss): 0.026413440704345703
(ID=0):  	vs MDL (w/o neural net) 10.077788885355522
		(real MDL):  18.76928340959115 	(dream MDL): 1.3862943611198906
(ID=0):  	6330 cumulative gradient steps. 104.268138 steps/sec
(ID=0):  	42-way auxiliary classification loss 0.008067735952014725
(ID=0):  Epoch 1060 Loss 1.879717755317688
(ID=0):  		(real loss):  0.3879810571670532 	(dream loss): 3.5845596960612705
(ID=0):  	vs MDL (w/o neural net) 11.772956690578926
		(real MDL):  17.639524895276704 	(dream MDL): 5.0683073137814745
(ID=0):  	6360 cumulative gradient steps. 104.323972 steps/sec
(ID=0):  	42-way auxiliary classification loss 0.0523344438135003
(ID=0):  Epoch 1065 Loss 2.389597471555074
(ID=0):  		(real loss):  0.647711541917589 	(dream loss): 5.002426366011302
(ID=0):  	vs MDL (w/o neural net) 13.675467685421113
		(real MDL):  19.04619106367994 	(dream MDL): 5.619382618032865
(ID=0):  	6390 cumulative gradient steps. 104.358549 steps/sec
(ID=0):  	42-way auxiliary classification loss 0.05132978269830346
(ID=0):  Epoch 1070 Loss 1.0485549608866374
(ID=0):  		(real loss):  0.8698736190795898 	(dream loss): 1.1378956317901612
(ID=0):  	vs MDL (w/o neural net) 7.6352419008980945
		(real MDL):  18.34153513169889 	(dream MDL): 2.282095285497694
(ID=0):  	6420 cumulative gradient steps. 104.406577 steps/sec
(ID=0):  	42-way auxiliary classification loss 0.03590967303607613
(ID=0):  Epoch 1075 Loss 0.333929439385732
(ID=0):  		(real loss):  0.33937115139431423 	(dream loss): 0.3315972770963396
(ID=0):  	vs MDL (w/o neural net) 6.884125270617436
		(real MDL):  18.704448729545515 	(dream MDL): 1.8182723596482577
(ID=0):  	6450 cumulative gradient steps. 104.463706 steps/sec
(ID=0):  	42-way auxiliary classification loss 0.01755296466872096
(ID=0):  Epoch 1080 Loss 0.7430851419766744
(ID=0):  		(real loss):  0.5530445575714111 	(dream loss): 0.9602743812969753
(ID=0):  	vs MDL (w/o neural net) 11.207733877945694
		(real MDL):  18.75238288554672 	(dream MDL): 2.5852778692588045
(ID=0):  	6480 cumulative gradient steps. 104.512841 steps/sec
(ID=0):  	42-way auxiliary classification loss 0.015710382310984036
(ID=0):  Epoch 1085 Loss 1.157374652226766
(ID=0):  		(real loss):  0.6696683443509616 	(dream loss): 1.530326534720028
(ID=0):  	vs MDL (w/o neural net) 10.158963572967812
		(real MDL):  19.532820347760964 	(dream MDL): 2.990720156949514
(ID=0):  	6510 cumulative gradient steps. 104.557251 steps/sec
(ID=0):  	42-way auxiliary classification loss 0.03101625944642971
(ID=0):  Epoch 1090 Loss 0.678523043791453
(ID=0):  		(real loss):  0.5873331705729167 	(dream loss): 0.7697129170099895
(ID=0):  	vs MDL (w/o neural net) 10.285104852977414
		(real MDL):  18.455653874158923 	(dream MDL): 2.1145558317959052
(ID=0):  	6540 cumulative gradient steps. 104.594182 steps/sec
(ID=0):  	42-way auxiliary classification loss 0.023809058816793065
(ID=0):  Epoch 1095 Loss 0.2241151014963786
(ID=0):  		(real loss):  0.3230460317511308 	(dream loss): 0.053234403783624824
(ID=0):  	vs MDL (w/o neural net) 11.79045273936485
		(real MDL):  17.81391285308562 	(dream MDL): 1.3862943611198906
(ID=0):  	6570 cumulative gradient steps. 104.633606 steps/sec
(ID=0):  	42-way auxiliary classification loss 0.007521324744448066
(ID=0):  Epoch 1100 Loss 0.3151294628779093
(ID=0):  		(real loss):  0.5865767161051433 	(dream loss): 0.04368220965067546
(ID=0):  	vs MDL (w/o neural net) 9.682984662311005
		(real MDL):  17.97967496350212 	(dream MDL): 1.3862943611198906
(ID=0):  	6600 cumulative gradient steps. 104.689537 steps/sec
(ID=0):  	42-way auxiliary classification loss 0.007515402068383992
(ID=0):  Epoch 1105 Loss 0.032803634802500405
(ID=0):  		(real loss):  0.03015721638997396 	(dream loss): 0.03545005321502685
(ID=0):  	vs MDL (w/o neural net) 9.429708629065805
		(real MDL):  17.473122897011717 	(dream MDL): 1.3862943611198906
(ID=0):  	6630 cumulative gradient steps. 104.740083 steps/sec
(ID=0):  	42-way auxiliary classification loss 0.008018944288293521
(ID=0):  Epoch 1110 Loss 1.2362356821695963
(ID=0):  		(real loss):  0.40144793192545575 	(dream loss): 2.071023432413737
(ID=0):  	vs MDL (w/o neural net) 10.280185278562874
		(real MDL):  17.605954825749052 	(dream MDL): 2.954415731376697
(ID=0):  	6660 cumulative gradient steps. 104.779514 steps/sec
(ID=0):  	42-way auxiliary classification loss 0.04134348471804212
(ID=0):  Epoch 1115 Loss 2.052948069572449
(ID=0):  		(real loss):  0.7237378358840942 	(dream loss): 3.572045479501997
(ID=0):  	vs MDL (w/o neural net) 12.660330718109178
		(real MDL):  19.23271061104521 	(dream MDL): 5.149039411896566
(ID=0):  	6690 cumulative gradient steps. 104.809189 steps/sec
(ID=0):  	42-way auxiliary classification loss 0.06220087496719013
(ID=0):  Epoch 1120 Loss 0.9682100454966227
(ID=0):  		(real loss):  0.5590710639953613 	(dream loss): 1.4357974529266357
(ID=0):  	vs MDL (w/o neural net) 11.017008804152727
		(real MDL):  18.176187560450977 	(dream MDL): 2.8350902255261548
(ID=0):  	6720 cumulative gradient steps. 104.843667 steps/sec
(ID=0):  	42-way auxiliary classification loss 0.020262312702834608
(ID=0):  Epoch 1125 Loss 0.6459970792134603
(ID=0):  		(real loss):  0.6865614722756779 	(dream loss): 0.5929513344397912
(ID=0):  	vs MDL (w/o neural net) 11.458022839234571
		(real MDL):  18.626312971375462 	(dream MDL): 2.084104974127254
(ID=0):  	6750 cumulative gradient steps. 104.891283 steps/sec
(ID=0):  	42-way auxiliary classification loss 0.015710020329182346
(ID=0):  Epoch 1130 Loss 1.532927974065145
(ID=0):  		(real loss):  0.588448429107666 	(dream loss): 3.4218870639801025
(ID=0):  	vs MDL (w/o neural net) 13.581743745434325
		(real MDL):  18.137939108061893 	(dream MDL): 4.469353020179192
(ID=0):  	6780 cumulative gradient steps. 104.918254 steps/sec
(ID=0):  	42-way auxiliary classification loss 0.039766258412661654
(ID=0):  Epoch 1135 Loss 0.12459051609039307
(ID=0):  		(real loss):  0.18461100260416666 	(dream loss): 0.034559786319732666
(ID=0):  	vs MDL (w/o neural net) 11.114348002641927
		(real MDL):  17.59971709698995 	(dream MDL): 1.3862943611198906
(ID=0):  	6810 cumulative gradient steps. 104.947529 steps/sec
(ID=0):  	42-way auxiliary classification loss 0.006229130077796677
(ID=0):  Epoch 1140 Loss 2.6404501597086587
(ID=0):  		(real loss):  0.25742705663045246 	(dream loss): 4.2291322284274635
(ID=0):  	vs MDL (w/o neural net) 10.435743673186806
		(real MDL):  18.292645194328074 	(dream MDL): 5.197809325759298
(ID=0):  	6840 cumulative gradient steps. 104.978733 steps/sec
(ID=0):  	42-way auxiliary classification loss 0.07435349489096552
(ID=0):  Epoch 1145 Loss 1.2944801489512126
(ID=0):  		(real loss):  0.8634555816650391 	(dream loss): 1.5099924325942993
(ID=0):  	vs MDL (w/o neural net) 8.116856890784527
		(real MDL):  18.847559343516114 	(dream MDL): 2.7515056644187323
(ID=0):  	6870 cumulative gradient steps. 105.025781 steps/sec
(ID=0):  	42-way auxiliary classification loss 0.024960781858923534
(ID=0):  Epoch 1150 Loss 1.1316706856091818
(ID=0):  		(real loss):  0.6236328397478376 	(dream loss): 1.5762038007378578
(ID=0):  	vs MDL (w/o neural net) 10.102914612101397
		(real MDL):  18.413598081384272 	(dream MDL): 2.8310665764788867
(ID=0):  	6900 cumulative gradient steps. 105.049782 steps/sec
(ID=0):  	42-way auxiliary classification loss 0.037838954206866525
(ID=0):  Epoch 1155 Loss 2.678112347920736
(ID=0):  		(real loss):  0.026081965519831732 	(dream loss): 4.706135581521427
(ID=0):  	vs MDL (w/o neural net) 10.950964778742302
		(real MDL):  17.530010240036358 	(dream MDL): 5.91993001422332
(ID=0):  	6930 cumulative gradient steps. 105.070909 steps/sec
(ID=0):  	42-way auxiliary classification loss 0.08184285894967616
(ID=0):  Epoch 1160 Loss 0.5273630817731222
(ID=0):  		(real loss):  0.28226973793723364 	(dream loss): 0.669259228204426
(ID=0):  	vs MDL (w/o neural net) 8.07951997634717
		(real MDL):  18.3062423994314 	(dream MDL): 2.15878594192998
(ID=0):  	6960 cumulative gradient steps. 105.102333 steps/sec
(ID=0):  	42-way auxiliary classification loss 0.023618788124683
(ID=0):  Epoch 1165 Loss 1.2058591365814209
(ID=0):  		(real loss):  0.37562310695648193 	(dream loss): 2.154700313295637
(ID=0):  	vs MDL (w/o neural net) 11.539197526846861
		(real MDL):  18.718285388788985 	(dream MDL): 3.3345256846272906
(ID=0):  	6990 cumulative gradient steps. 105.120185 steps/sec
(ID=0):  	42-way auxiliary classification loss 0.026572381216101348
Sampling new helmholtz frontiers during training.
Sampling 500 programs from the prior on 32 CPUs...


Got 498/500 valid samples.
We now have 498 Helmholtz entries.
(ID=0):  Epoch 1170 Loss 0.536414623260498
(ID=0):  		(real loss):  0.4051185607910156 	(dream loss): 0.6677106857299805
(ID=0):  	vs MDL (w/o neural net) 9.897869211620742
		(real MDL):  17.943304300293867 	(dream MDL): 1.8524341229476167
(ID=0):  	7020 cumulative gradient steps. 103.970473 steps/sec
(ID=0):  	42-way auxiliary classification loss 0.01765767247028028
(ID=0):  Epoch 1175 Loss 0.38994208971659344
(ID=0):  		(real loss):  0.2869720458984375 	(dream loss): 0.44955632561131526
(ID=0):  	vs MDL (w/o neural net) 7.248006259541425
		(real MDL):  16.7371362270499 	(dream MDL): 1.7542994362470425
(ID=0):  	7050 cumulative gradient steps. 104.029442 steps/sec
(ID=0):  	42-way auxiliary classification loss 0.019699355121701956
(ID=0):  Epoch 1180 Loss 0.5447017232577006
(ID=0):  		(real loss):  0.4528697087214543 	(dream loss): 0.6149262049618889
(ID=0):  	vs MDL (w/o neural net) 9.55313980552999
		(real MDL):  19.261561845867412 	(dream MDL): 2.129052362919016
(ID=0):  	7080 cumulative gradient steps. 104.085765 steps/sec
(ID=0):  	42-way auxiliary classification loss 0.015307126535723607
(ID=0):  Epoch 1185 Loss 0.6192832152048747
(ID=0):  		(real loss):  0.2875080108642578 	(dream loss): 0.8113635966652318
(ID=0):  	vs MDL (w/o neural net) 8.010205258291176
		(real MDL):  18.3062423994314 	(dream MDL): 2.0493416502626203
(ID=0):  	7110 cumulative gradient steps. 104.137114 steps/sec
(ID=0):  	42-way auxiliary classification loss 0.025808642257470638
(ID=0):  Epoch 1190 Loss 1.5621683994928997
(ID=0):  		(real loss):  0.7230238914489746 	(dream loss): 2.5211906944002425
(ID=0):  	vs MDL (w/o neural net) 11.849498430454965
		(real MDL):  18.97278041833523 	(dream MDL): 3.708604730020371
(ID=0):  	7140 cumulative gradient steps. 104.193800 steps/sec
(ID=0):  	42-way auxiliary classification loss 0.037679662419638285
(ID=0):  Epoch 1195 Loss 1.1496403018633525
(ID=0):  		(real loss):  0.4239248548235212 	(dream loss): 1.7846413180232048
(ID=0):  	vs MDL (w/o neural net) 10.38446487219383
		(real MDL):  18.8846069179363 	(dream MDL): 2.946840582169166
(ID=0):  	7170 cumulative gradient steps. 104.253037 steps/sec
(ID=0):  	42-way auxiliary classification loss 0.03535460031513746
(ID=0):  Epoch 1200 Loss 0.31843317349751793
(ID=0):  		(real loss):  0.46406414634303045 	(dream loss): 0.066888765855269
(ID=0):  	vs MDL (w/o neural net) 12.552651738114601
		(real MDL):  19.017384956374695 	(dream MDL): 1.3862943611198906
(ID=0):  	7200 cumulative gradient steps. 104.303242 steps/sec
(ID=0):  	42-way auxiliary classification loss 0.005880337495667239
(ID=0):  Epoch 1205 Loss 0.7794296026229859
(ID=0):  		(real loss):  0.2230851309640067 	(dream loss): 1.2662310153245926
(ID=0):  	vs MDL (w/o neural net) 9.893199383620223
		(real MDL):  18.335660945938024 	(dream MDL): 2.5060455165921462
(ID=0):  	7230 cumulative gradient steps. 104.345637 steps/sec
(ID=0):  	42-way auxiliary classification loss 0.024942305381409825
(ID=0):  Epoch 1210 Loss 1.175351083278656
(ID=0):  		(real loss):  0.6789708978989545 	(dream loss): 1.8244636333905733
(ID=0):  	vs MDL (w/o neural net) 11.752838856516586
		(real MDL):  18.259352699314316 	(dream MDL): 3.244320754396476
(ID=0):  	7260 cumulative gradient steps. 104.395053 steps/sec
(ID=0):  	42-way auxiliary classification loss 0.02592641069398572
(ID=0):  Epoch 1215 Loss 0.7375538587570191
(ID=0):  		(real loss):  0.18647552939022288 	(dream loss): 1.4581947510059063
(ID=0):  	vs MDL (w/o neural net) 11.684767358100604
		(real MDL):  18.28539750503835 	(dream MDL): 3.0531740890281673
(ID=0):  	7290 cumulative gradient steps. 104.436984 steps/sec
(ID=0):  	42-way auxiliary classification loss 0.028115733720672626
(ID=0):  Epoch 1220 Loss 0.686463592449824
(ID=0):  		(real loss):  0.8792024759145883 	(dream loss): 0.5390750345061807
(ID=0):  	vs MDL (w/o neural net) 9.21289157729785
		(real MDL):  18.476373626870163 	(dream MDL): 2.1290523629190155
(ID=0):  	7320 cumulative gradient steps. 104.476191 steps/sec
(ID=0):  	42-way auxiliary classification loss 0.017117657815106213
(ID=0):  Epoch 1225 Loss 0.40765511989593506
(ID=0):  		(real loss):  0.7679466247558594 	(dream loss): 0.04736361503601074
(ID=0):  	vs MDL (w/o neural net) 9.839799430027117
		(real MDL):  18.293304498934347 	(dream MDL): 1.3862943611198906
(ID=0):  	7350 cumulative gradient steps. 104.514888 steps/sec
(ID=0):  	42-way auxiliary classification loss 0.006353173878354331
(ID=0):  Epoch 1230 Loss 0.7463440736134846
(ID=0):  		(real loss):  0.8775766812838041 	(dream loss): 0.6459897265714758
(ID=0):  	vs MDL (w/o neural net) 9.225440829672346
		(real MDL):  18.636330668537845 	(dream MDL): 2.028878011716374
(ID=0):  	7380 cumulative gradient steps. 104.569403 steps/sec
(ID=0):  	42-way auxiliary classification loss 0.022210111228438714
(ID=0):  Epoch 1235 Loss 2.250152508417765
(ID=0):  		(real loss):  0.578197987874349 	(dream loss): 3.9221070289611815
(ID=0):  	vs MDL (w/o neural net) 11.825768833074992
		(real MDL):  18.256933835726098 	(dream MDL): 5.394603830423892
(ID=0):  	7410 cumulative gradient steps. 104.620457 steps/sec
(ID=0):  	42-way auxiliary classification loss 0.04478485538469006
(ID=0):  Epoch 1240 Loss 0.3053850809733073
(ID=0):  		(real loss):  0.6175836835588727 	(dream loss): 0.0322113037109375
(ID=0):  	vs MDL (w/o neural net) 9.808348341233406
		(real MDL):  19.433552889934568 	(dream MDL): 1.3862943611198906
(ID=0):  	7440 cumulative gradient steps. 104.649393 steps/sec
(ID=0):  	42-way auxiliary classification loss 0.0054602825897745785
(ID=0):  Epoch 1245 Loss 2.121343755722046
(ID=0):  		(real loss):  0.3753476142883301 	(dream loss): 4.116767917360578
(ID=0):  	vs MDL (w/o neural net) 11.899384597266817
		(real MDL):  17.6395248952767 	(dream MDL): 5.339224256684099
(ID=0):  	7470 cumulative gradient steps. 104.692584 steps/sec
(ID=0):  	42-way auxiliary classification loss 0.06395879177531848
(ID=0):  Epoch 1250 Loss 0.633559783299764
(ID=0):  		(real loss):  0.02256933848063151 	(dream loss): 1.040886746512519
(ID=0):  	vs MDL (w/o neural net) 8.797164697106902
		(real MDL):  18.073895070177773 	(dream MDL): 2.6126777817263207
(ID=0):  	7500 cumulative gradient steps. 104.737409 steps/sec
(ID=0):  	42-way auxiliary classification loss 0.03101281514003252
(ID=0):  Epoch 1255 Loss 0.21961915493011475
(ID=0):  		(real loss):  0.3949197133382161 	(dream loss): 0.044318596522013344
(ID=0):  	vs MDL (w/o neural net) 9.664799330706877
		(real MDL):  17.943304300293867 	(dream MDL): 1.3862943611198906
(ID=0):  	7530 cumulative gradient steps. 104.774292 steps/sec
(ID=0):  	42-way auxiliary classification loss 0.006384668386696528
(ID=0):  Epoch 1260 Loss 0.5932257652282715
(ID=0):  		(real loss):  0.5116880080279183 	(dream loss): 0.6998520631056565
(ID=0):  	vs MDL (w/o neural net) 11.539197526846863
		(real MDL):  18.89188251079008 	(dream MDL): 1.9241479324595745
(ID=0):  	7560 cumulative gradient steps. 104.806510 steps/sec
(ID=0):  	42-way auxiliary classification loss 0.0182304351668184
(ID=0):  Epoch 1265 Loss 0.5775004545847575
(ID=0):  		(real loss):  0.7801586497913707 	(dream loss): 0.46017202578092875
(ID=0):  	vs MDL (w/o neural net) 7.829670551462473
		(real MDL):  18.323493386834578 	(dream MDL): 1.7542994362470425
(ID=0):  	7590 cumulative gradient steps. 104.850172 steps/sec
(ID=0):  	42-way auxiliary classification loss 0.016483872011303902
(ID=0):  Epoch 1270 Loss 0.4447378158569336
(ID=0):  		(real loss):  0.4500582768366887 	(dream loss): 0.4406692280488856
(ID=0):  	vs MDL (w/o neural net) 8.988694593983956
		(real MDL):  18.392441327158817 	(dream MDL): 1.797594150967884
(ID=0):  	7620 cumulative gradient steps. 104.887943 steps/sec
(ID=0):  	42-way auxiliary classification loss 0.0159385686662669
(ID=0):  Epoch 1275 Loss 1.2533843119939168
(ID=0):  		(real loss):  0.3152642501027961 	(dream loss): 2.8737735098058526
(ID=0):  	vs MDL (w/o neural net) 12.464624973629556
		(real MDL):  17.657028612217594 	(dream MDL): 3.4959277797047643
(ID=0):  	7650 cumulative gradient steps. 104.916416 steps/sec
(ID=0):  	42-way auxiliary classification loss 0.04009055867015074
(ID=0):  Epoch 1280 Loss 0.4131692171096802
(ID=0):  		(real loss):  0.6409216986762153 	(dream loss): 0.07154049475987752
(ID=0):  	vs MDL (w/o neural net) 11.575568190055114
		(real MDL):  18.36841740934526 	(dream MDL): 1.3862943611198906
(ID=0):  	7680 cumulative gradient steps. 104.952760 steps/sec
(ID=0):  	42-way auxiliary classification loss 0.006588904086189965
(ID=0):  Epoch 1285 Loss 1.0061821023623148
(ID=0):  		(real loss):  0.6155989510672433 	(dream loss): 1.3479423597455025
(ID=0):  	vs MDL (w/o neural net) 10.67825354197462
		(real MDL):  19.7949987555183 	(dream MDL): 2.701101480123896
(ID=0):  	7710 cumulative gradient steps. 104.984933 steps/sec
(ID=0):  	42-way auxiliary classification loss 0.03528035805017377
(ID=0):  Epoch 1290 Loss 0.6261454105377198
(ID=0):  		(real loss):  0.7637070973714193 	(dream loss): 0.4885837237040202
(ID=0):  	vs MDL (w/o neural net) 10.172229330157395
		(real MDL):  18.492024537367172 	(dream MDL): 1.8524341229476164
(ID=0):  	7740 cumulative gradient steps. 105.023828 steps/sec
(ID=0):  	42-way auxiliary classification loss 0.01292628450319171
(ID=0):  Epoch 1295 Loss 0.5884511470794678
(ID=0):  		(real loss):  0.8181303569248745 	(dream loss): 0.38748183846473694
(ID=0):  	vs MDL (w/o neural net) 9.514309925038598
		(real MDL):  18.155503571724562 	(dream MDL): 1.9532654841883734
(ID=0):  	7770 cumulative gradient steps. 105.065588 steps/sec
(ID=0):  	42-way auxiliary classification loss 0.015182431286666543
(ID=0):  Epoch 1300 Loss 1.2606484254201253
(ID=0):  		(real loss):  0.947674560546875 	(dream loss): 1.5736222902933756
(ID=0):  	vs MDL (w/o neural net) 11.19919904502874
		(real MDL):  19.81770249643385 	(dream MDL): 2.5806955936236298
(ID=0):  	7800 cumulative gradient steps. 105.093043 steps/sec
(ID=0):  	42-way auxiliary classification loss 0.023821732948999853
(ID=0):  Epoch 1305 Loss 0.800509246190389
(ID=0):  		(real loss):  0.42351995195661274 	(dream loss): 1.1303748786449432
(ID=0):  	vs MDL (w/o neural net) 9.822580349652103
		(real MDL):  18.01318364807742 	(dream MDL): 2.65580246352995
(ID=0):  	7830 cumulative gradient steps. 105.131933 steps/sec
(ID=0):  	42-way auxiliary classification loss 0.01689513211604208
(ID=0):  Epoch 1310 Loss 1.2482909043629964
(ID=0):  		(real loss):  0.48663997650146484 	(dream loss): 1.7560581896040175
(ID=0):  	vs MDL (w/o neural net) 9.287125869768381
		(real MDL):  18.338108523338384 	(dream MDL): 3.253137434055046
(ID=0):  	7860 cumulative gradient steps. 105.160618 steps/sec
(ID=0):  	42-way auxiliary classification loss 0.03979593304296335
(ID=0):  Epoch 1315 Loss 0.6542234102884928
(ID=0):  		(real loss):  0.6840311686197916 	(dream loss): 0.5846719741821289
(ID=0):  	vs MDL (w/o neural net) 13.939211054041484
		(real MDL):  18.887054495336653 	(dream MDL): 2.3942430243527486
(ID=0):  	7890 cumulative gradient steps. 105.178685 steps/sec
(ID=0):  	42-way auxiliary classification loss 0.011663125983128944
(ID=0):  Epoch 1320 Loss 0.4061990022659302
(ID=0):  		(real loss):  0.638721677992079 	(dream loss): 0.05741498867670695
(ID=0):  	vs MDL (w/o neural net) 11.813557645383515
		(real MDL):  18.76506650155926 	(dream MDL): 1.3862943611198906
(ID=0):  	7920 cumulative gradient steps. 105.194941 steps/sec
(ID=0):  	42-way auxiliary classification loss 0.00464041424371923
(ID=0):  Epoch 1325 Loss 0.22461201349894205
(ID=0):  		(real loss):  0.44991111755371094 	(dream loss): 0.052324463339412916
(ID=0):  	vs MDL (w/o neural net) 8.824939431126088
		(real MDL):  18.552398368826495 	(dream MDL): 1.3862943611198906
(ID=0):  	7950 cumulative gradient steps. 105.222974 steps/sec
(ID=0):  	42-way auxiliary classification loss 0.005811115214601159
(ID=0):  Epoch 1330 Loss 1.45640336672465
(ID=0):  		(real loss):  0.7156516313552856 	(dream loss): 2.3029767785753523
(ID=0):  	vs MDL (w/o neural net) 11.453103264820035
		(real MDL):  18.47021524991869 	(dream MDL): 3.433546710421568
(ID=0):  	7980 cumulative gradient steps. 105.250454 steps/sec
(ID=0):  	42-way auxiliary classification loss 0.04580814740232502
Sampling new helmholtz frontiers during training.
Sampling 500 programs from the prior on 32 CPUs...


Got 497/500 valid samples.
We now have 497 Helmholtz entries.
(ID=0):  Epoch 1335 Loss 2.6653601209322613
(ID=0):  		(real loss):  0.5420501232147217 	(dream loss): 5.0920001183237344
(ID=0):  	vs MDL (w/o neural net) 12.376251099151117
		(real MDL):  17.859922428065207 	(dream MDL): 6.109198151820725
(ID=0):  	8010 cumulative gradient steps. 104.152343 steps/sec
(ID=0):  	42-way auxiliary classification loss 0.055368336231913416
(ID=0):  Epoch 1340 Loss 0.9092490315437317
(ID=0):  		(real loss):  0.5428729057312012 	(dream loss): 1.3279646039009094
(ID=0):  	vs MDL (w/o neural net) 10.956488323695087
		(real MDL):  18.176187560450977 	(dream MDL): 2.7054034816883568
(ID=0):  	8040 cumulative gradient steps. 104.193732 steps/sec
(ID=0):  	42-way auxiliary classification loss 0.020096372766420244
(ID=0):  Epoch 1345 Loss 0.3097274700800578
(ID=0):  		(real loss):  0.665240214421199 	(dream loss): 0.03786478323094985
(ID=0):  	vs MDL (w/o neural net) 8.535820589345814
		(real MDL):  17.885201041641253 	(dream MDL): 1.3862943611198906
(ID=0):  	8070 cumulative gradient steps. 104.249613 steps/sec
(ID=0):  	42-way auxiliary classification loss 0.006696579721756279
(ID=0):  Epoch 1350 Loss 0.3029456377029419
(ID=0):  		(real loss):  0.5124970604391659 	(dream loss): 0.02891685412480281
(ID=0):  	vs MDL (w/o neural net) 10.899463453332187
		(real MDL):  18.17423981796512 	(dream MDL): 1.3862943611198906
(ID=0):  	8100 cumulative gradient steps. 104.286818 steps/sec
(ID=0):  	42-way auxiliary classification loss 0.005745463306084275
(ID=0):  Epoch 1355 Loss 0.3018327713012695
(ID=0):  		(real loss):  0.5126848781810087 	(dream loss): 0.026103093073918268
(ID=0):  	vs MDL (w/o neural net) 10.968778171388184
		(real MDL):  18.29655990865217 	(dream MDL): 1.3862943611198906
(ID=0):  	8130 cumulative gradient steps. 104.332457 steps/sec
(ID=0):  	42-way auxiliary classification loss 0.005736297431091468
(ID=0):  Epoch 1360 Loss 1.2284951686859131
(ID=0):  		(real loss):  0.760387674967448 	(dream loss): 1.6966026624043782
(ID=0):  	vs MDL (w/o neural net) 11.04011371017139
		(real MDL):  19.10663288413597 	(dream MDL): 2.9735945362068152
(ID=0):  	8160 cumulative gradient steps. 104.382425 steps/sec
(ID=0):  	42-way auxiliary classification loss 0.023014361888635905
(ID=0):  Epoch 1365 Loss 0.7549511830012003
(ID=0):  		(real loss):  0.4521903991699219 	(dream loss): 0.9864741353427663
(ID=0):  	vs MDL (w/o neural net) 9.076194643644076
		(real MDL):  18.16314897512094 	(dream MDL): 2.127347213691177
(ID=0):  	8190 cumulative gradient steps. 104.432793 steps/sec
(ID=0):  	42-way auxiliary classification loss 0.026749172313914944
(ID=0):  Epoch 1370 Loss 0.751879604657491
(ID=0):  		(real loss):  0.8742810762845553 	(dream loss): 0.6582784792956184
(ID=0):  	vs MDL (w/o neural net) 9.394115566944752
		(real MDL):  19.0255800622434 	(dream MDL): 2.028878011716374
(ID=0):  	8220 cumulative gradient steps. 104.484092 steps/sec
(ID=0):  	42-way auxiliary classification loss 0.020424479634190598
(ID=0):  Epoch 1375 Loss 0.3944377819697062
(ID=0):  		(real loss):  0.7617173512776693 	(dream loss): 0.027158212661743165
(ID=0):  	vs MDL (w/o neural net) 9.701169993915132
		(real MDL):  18.016045626710373 	(dream MDL): 1.3862943611198906
(ID=0):  	8250 cumulative gradient steps. 104.537288 steps/sec
(ID=0):  	42-way auxiliary classification loss 0.0048141928622499105
(ID=0):  Epoch 1380 Loss 2.425606449445089
(ID=0):  		(real loss):  0.5112704108743107 	(dream loss): 4.92896896142226
(ID=0):  	vs MDL (w/o neural net) 12.660080971695157
		(real MDL):  17.876578516896167 	(dream MDL): 5.838507258739989
(ID=0):  	8280 cumulative gradient steps. 104.573340 steps/sec
(ID=0):  	42-way auxiliary classification loss 0.06922978650933752
(ID=0):  Epoch 1385 Loss 1.1006953676541646
(ID=0):  		(real loss):  0.6749495337991154 	(dream loss): 1.65743991961846
(ID=0):  	vs MDL (w/o neural net) 11.921513593788994
		(real MDL):  18.923974272444422 	(dream MDL): 2.7644496293934364
(ID=0):  	8310 cumulative gradient steps. 104.606651 steps/sec
(ID=0):  	42-way auxiliary classification loss 0.030500095283302168
(ID=0):  Epoch 1390 Loss 0.8717948913574218
(ID=0):  		(real loss):  0.7142570813496908 	(dream loss): 0.9768200980292426
(ID=0):  	vs MDL (w/o neural net) 8.912439480786208
		(real MDL):  18.80525869552972 	(dream MDL): 2.3172266709571994
(ID=0):  	8340 cumulative gradient steps. 104.651449 steps/sec
(ID=0):  	42-way auxiliary classification loss 0.01671303603798151
(ID=0):  Epoch 1395 Loss 1.1605579853057861
(ID=0):  		(real loss):  0.5235035636208274 	(dream loss): 1.5293789662812884
(ID=0):  	vs MDL (w/o neural net) 8.822839950397258
		(real MDL):  18.273897027914238 	(dream MDL): 3.351175326571636
(ID=0):  	8370 cumulative gradient steps. 104.699451 steps/sec
(ID=0):  	42-way auxiliary classification loss 0.023159496773344775
(ID=0):  Epoch 1400 Loss 0.9665937423706055
(ID=0):  		(real loss):  0.7137990951538086 	(dream loss): 1.4721830368041993
(ID=0):  	vs MDL (w/o neural net) 12.936373592690025
		(real MDL):  18.16521710546808 	(dream MDL): 2.478686567133912
(ID=0):  	8400 cumulative gradient steps. 104.740781 steps/sec
(ID=0):  	42-way auxiliary classification loss 0.021140189135136704
(ID=0):  Epoch 1405 Loss 2.906660215059916
(ID=0):  		(real loss):  0.484297964307997 	(dream loss): 6.540203591187795
(ID=0):  	vs MDL (w/o neural net) 14.028103737882727
		(real MDL):  18.503708555365737 	(dream MDL): 7.314696511658211
(ID=0):  	8430 cumulative gradient steps. 104.762178 steps/sec
(ID=0):  	42-way auxiliary classification loss 0.08407153621471176
(ID=0):  Epoch 1410 Loss 0.8674612005551656
(ID=0):  		(real loss):  0.8740670130803034 	(dream loss): 0.8624096968594719
(ID=0):  	vs MDL (w/o neural net) 9.449914781397146
		(real MDL):  19.0255800622434 	(dream MDL): 2.127347213691177
(ID=0):  	8460 cumulative gradient steps. 104.799768 steps/sec
(ID=0):  	42-way auxiliary classification loss 0.022102751039589443
(ID=0):  Epoch 1415 Loss 0.41115377346674603
(ID=0):  		(real loss):  0.6368544896443685 	(dream loss): 0.0726026992003123
(ID=0):  	vs MDL (w/o neural net) 11.406893452782702
		(real MDL):  18.087292847224578 	(dream MDL): 1.3862943611198906
(ID=0):  	8490 cumulative gradient steps. 104.829033 steps/sec
(ID=0):  	42-way auxiliary classification loss 0.006901531068918606
(ID=0):  Epoch 1420 Loss 0.6179500500361125
(ID=0):  		(real loss):  0.021972084045410158 	(dream loss): 0.9159390330314636
(ID=0):  	vs MDL (w/o neural net) 7.252925833955962
		(real MDL):  16.957874569459335 	(dream MDL): 2.4004514662042746
(ID=0):  	8520 cumulative gradient steps. 104.870520 steps/sec
(ID=0):  	42-way auxiliary classification loss 0.029661920635650554
(ID=0):  Epoch 1425 Loss 0.6011343558629354
(ID=0):  		(real loss):  0.5134792327880859 	(dream loss): 0.7157602860377386
(ID=0):  	vs MDL (w/o neural net) 11.30120807151846
		(real MDL):  18.471901119034076 	(dream MDL): 1.9241479324595743
(ID=0):  	8550 cumulative gradient steps. 104.902384 steps/sec
(ID=0):  	42-way auxiliary classification loss 0.019069045137924453
(ID=0):  Epoch 1430 Loss 0.8002164642016093
(ID=0):  		(real loss):  0.4203878130231585 	(dream loss): 1.1325665339827538
(ID=0):  	vs MDL (w/o neural net) 10.149374170552752
		(real MDL):  18.73607537924488 	(dream MDL): 2.636010612947137
(ID=0):  	8580 cumulative gradient steps. 104.937965 steps/sec
(ID=0):  	42-way auxiliary classification loss 0.02844051334541291
(ID=0):  Epoch 1435 Loss 1.1044438799222311
(ID=0):  		(real loss):  0.576787821451823 	(dream loss): 1.6320999383926391
(ID=0):  	vs MDL (w/o neural net) 10.506680051014886
		(real MDL):  18.455653874158923 	(dream MDL): 2.5577062278708476
(ID=0):  	8610 cumulative gradient steps. 104.974676 steps/sec
(ID=0):  	42-way auxiliary classification loss 0.028596695411639908
(ID=0):  Epoch 1440 Loss 1.0562585790952046
(ID=0):  		(real loss):  0.3280771043565538 	(dream loss): 1.3683363539831979
(ID=0):  	vs MDL (w/o neural net) 7.737865960481737
		(real MDL):  19.597897917841586 	(dream MDL): 2.654995121613228
(ID=0):  	8640 cumulative gradient steps. 105.010322 steps/sec
(ID=0):  	42-way auxiliary classification loss 0.042497539714289205
(ID=0):  Epoch 1445 Loss 0.960755455493927
(ID=0):  		(real loss):  0.3907477060953776 	(dream loss): 1.5307632048924764
(ID=0):  	vs MDL (w/o neural net) 10.457394848752235
		(real MDL):  18.220563172517846 	(dream MDL): 2.6942265249866244
(ID=0):  	8670 cumulative gradient steps. 105.043253 steps/sec
(ID=0):  	42-way auxiliary classification loss 0.016401283524464814
(ID=0):  Epoch 1450 Loss 1.9008570472399393
(ID=0):  		(real loss):  0.23623965336726263 	(dream loss): 3.173799760201398
(ID=0):  	vs MDL (w/o neural net) 9.745447303494243
		(real MDL):  16.793477602480916 	(dream MDL): 4.355777074857376
(ID=0):  	8700 cumulative gradient steps. 105.075220 steps/sec
(ID=0):  	42-way auxiliary classification loss 0.07323956399535139
(ID=0):  Epoch 1455 Loss 0.42195778687795005
(ID=0):  		(real loss):  0.6374029583401151 	(dream loss): 0.09879002968470256
(ID=0):  	vs MDL (w/o neural net) 11.238218715510296
		(real MDL):  17.8061682851039 	(dream MDL): 1.3862943611198906
(ID=0):  	8730 cumulative gradient steps. 105.104118 steps/sec
(ID=0):  	42-way auxiliary classification loss 0.0055623645583788555
(ID=0):  Epoch 1460 Loss 0.8037032365798951
(ID=0):  		(real loss):  0.4170013155255999 	(dream loss): 1.1420674175024033
(ID=0):  	vs MDL (w/o neural net) 10.098443092510172
		(real MDL):  18.73607537924488 	(dream MDL): 2.540514841617299
(ID=0):  	8760 cumulative gradient steps. 105.139631 steps/sec
(ID=0):  	42-way auxiliary classification loss 0.017402476576777796
(ID=0):  Epoch 1465 Loss 1.2206451535224914
(ID=0):  		(real loss):  0.5773050944010417 	(dream loss): 1.8639852126439413
(ID=0):  	vs MDL (w/o neural net) 11.064184867419165
		(real MDL):  18.455653874158923 	(dream MDL): 3.672715860679405
(ID=0):  	8790 cumulative gradient steps. 105.167958 steps/sec
(ID=0):  	42-way auxiliary classification loss 0.03378619071251402
(ID=0):  Epoch 1470 Loss 2.0733999888102215
(ID=0):  		(real loss):  0.7209568023681641 	(dream loss): 3.6190493447440013
(ID=0):  	vs MDL (w/o neural net) 12.369218277598574
		(real MDL):  18.656515285949464 	(dream MDL): 5.183735982340415
(ID=0):  	8820 cumulative gradient steps. 105.185543 steps/sec
(ID=0):  	42-way auxiliary classification loss 0.046291992805587746
(ID=0):  Epoch 1475 Loss 0.3142246166865031
(ID=0):  		(real loss):  0.5239750357235179 	(dream loss): 0.039935607176560625
(ID=0):  	vs MDL (w/o neural net) 11.13745290866059
		(real MDL):  18.594221209721127 	(dream MDL): 1.3862943611198906
(ID=0):  	8850 cumulative gradient steps. 105.203631 steps/sec
(ID=0):  	42-way auxiliary classification loss 0.005820875110415121
(ID=0):  Epoch 1480 Loss 1.046418261528015
(ID=0):  		(real loss):  0.24168528043306792 	(dream loss): 1.6618023058947395
(ID=0):  	vs MDL (w/o neural net) 9.299675122142878
		(real MDL):  17.73193343155971 	(dream MDL): 2.8514775914123596
(ID=0):  	8880 cumulative gradient steps. 105.231324 steps/sec
(ID=0):  	42-way auxiliary classification loss 0.03811078491465499
(ID=0):  Epoch 1485 Loss 0.5060417572657268
(ID=0):  		(real loss):  0.7923803329467773 	(dream loss): 0.0765338937441508
(ID=0):  	vs MDL (w/o neural net) 11.762428258931646
		(real MDL):  18.679850857472815 	(dream MDL): 1.3862943611198906
(ID=0):  	8910 cumulative gradient steps. 105.257892 steps/sec
(ID=0):  	42-way auxiliary classification loss 0.005560967551233868
(ID=0):  Epoch 1490 Loss 1.2802708546320598
(ID=0):  		(real loss):  0.5137189977309283 	(dream loss): 2.2826848213489237
(ID=0):  	vs MDL (w/o neural net) 11.220033383906172
		(real MDL):  17.75425842620912 	(dream MDL): 2.6752775593561635
(ID=0):  	8940 cumulative gradient steps. 105.274638 steps/sec
(ID=0):  	42-way auxiliary classification loss 0.012082156290610631
(ID=0):  Epoch 1495 Loss 0.2730318546295166
(ID=0):  		(real loss):  0.6221472422281901 	(dream loss): 0.0402882628970676
(ID=0):  	vs MDL (w/o neural net) 8.167020026007288
		(real MDL):  18.338108523338388 	(dream MDL): 1.3862943611198906
(ID=0):  	8970 cumulative gradient steps. 105.296168 steps/sec
(ID=0):  	42-way auxiliary classification loss 0.006608662086849412
Sampling new helmholtz frontiers during training.
Sampling 500 programs from the prior on 32 CPUs...


Got 498/500 valid samples.
We now have 498 Helmholtz entries.
(ID=0):  Epoch 1500 Loss 1.956550908088684
(ID=0):  		(real loss):  0.42442389896937777 	(dream loss): 3.297162041068077
(ID=0):  	vs MDL (w/o neural net) 11.101859846539542
		(real MDL):  18.523161052352567 	(dream MDL): 4.6082212914531455
(ID=0):  	9000 cumulative gradient steps. 104.312588 steps/sec
(ID=0):  	42-way auxiliary classification loss 0.06734792147763073
(ID=0):  Epoch 1505 Loss 0.32024468580881754
(ID=0):  		(real loss):  0.7132747968037924 	(dream loss): 0.0582246118121677
(ID=0):  	vs MDL (w/o neural net) 8.353880094883824
		(real MDL):  18.80525869552972 	(dream MDL): 1.3862943611198906
(ID=0):  	9030 cumulative gradient steps. 104.352731 steps/sec
(ID=0):  	42-way auxiliary classification loss 0.006802640956205626
(ID=0):  Epoch 1510 Loss 0.6715363581975301
(ID=0):  		(real loss):  0.39102745056152344 	(dream loss): 0.9520452658335368
(ID=0):  	vs MDL (w/o neural net) 10.269568528646595
		(real MDL):  18.08193373640586 	(dream MDL): 2.4572033208873316
(ID=0):  	9060 cumulative gradient steps. 104.396104 steps/sec
(ID=0):  	42-way auxiliary classification loss 0.02519253345672041
(ID=0):  Epoch 1515 Loss 0.12481507460276285
(ID=0):  		(real loss):  0.2335365001971905 	(dream loss): 0.04167516091290642
(ID=0):  	vs MDL (w/o neural net) 8.568764644193559
		(real MDL):  17.96122578359759 	(dream MDL): 1.3862943611198906
(ID=0):  	9090 cumulative gradient steps. 104.429830 steps/sec
(ID=0):  	42-way auxiliary classification loss 0.005640539457090199
(ID=0):  Epoch 1520 Loss 1.7832695166269938
(ID=0):  		(real loss):  0.2350003169133113 	(dream loss): 2.9672400811139275
(ID=0):  	vs MDL (w/o neural net) 10.497968581559936
		(real MDL):  18.510432218970827 	(dream MDL): 4.3707905058927885
(ID=0):  	9120 cumulative gradient steps. 104.460811 steps/sec
(ID=0):  	42-way auxiliary classification loss 0.06718079609175523
(ID=0):  Epoch 1525 Loss 1.9096402366956076
(ID=0):  		(real loss):  0.3311920166015625 	(dream loss): 4.277312566836675
(ID=0):  	vs MDL (w/o neural net) 12.494581956520978
		(real MDL):  18.423324167424834 	(dream MDL): 3.6014686401651956
(ID=0):  	9150 cumulative gradient steps. 104.497548 steps/sec
(ID=0):  	42-way auxiliary classification loss 0.023385244184949746
(ID=0):  Epoch 1530 Loss 1.5977418621381123
(ID=0):  		(real loss):  0.04866194725036621 	(dream loss): 3.368118907724108
(ID=0):  	vs MDL (w/o neural net) 11.25602560698235
		(real MDL):  17.25506476937547 	(dream MDL): 4.399980849961645
(ID=0):  	9180 cumulative gradient steps. 104.536773 steps/sec
(ID=0):  	42-way auxiliary classification loss 0.05807459676094974
(ID=0):  Epoch 1535 Loss 0.9616814454396566
(ID=0):  		(real loss):  0.7609757875141344 	(dream loss): 1.3083548545837402
(ID=0):  	vs MDL (w/o neural net) 13.148548038454345
		(real MDL):  19.07481231933509 	(dream MDL): 2.9122733714785096
(ID=0):  	9210 cumulative gradient steps. 104.570132 steps/sec
(ID=0):  	42-way auxiliary classification loss 0.01411581573386987
(ID=0):  Epoch 1540 Loss 3.4208266814549764
(ID=0):  		(real loss):  0.6789312998453776 	(dream loss): 6.162722063064575
(ID=0):  	vs MDL (w/o neural net) 12.793473489532648
		(real MDL):  18.59428331027091 	(dream MDL): 6.992663668794384
(ID=0):  	9240 cumulative gradient steps. 104.608003 steps/sec
(ID=0):  	42-way auxiliary classification loss 0.08191911027921985
(ID=0):  Epoch 1545 Loss 1.2108671426773072
(ID=0):  		(real loss):  1.7174405455589294 	(dream loss): 0.6319261108125959
(ID=0):  	vs MDL (w/o neural net) 10.881278121728064
		(real MDL):  18.75238288554672 	(dream MDL): 1.8857298202210255
(ID=0):  	9270 cumulative gradient steps. 104.645384 steps/sec
(ID=0):  	42-way auxiliary classification loss 0.030882950150407852
(ID=0):  Epoch 1550 Loss 0.8494287530581156
(ID=0):  		(real loss):  0.6511438914707729 	(dream loss): 1.0229280069470406
(ID=0):  	vs MDL (w/o neural net) 9.937138628516319
		(real MDL):  18.710661158767106 	(dream MDL): 2.2603064145468763
(ID=0):  	9300 cumulative gradient steps. 104.682708 steps/sec
(ID=0):  	42-way auxiliary classification loss 0.031604618788696824
(ID=0):  Epoch 1555 Loss 0.4157649358113607
(ID=0):  		(real loss):  0.4823590792142428 	(dream loss): 0.3648400026209214
(ID=0):  	vs MDL (w/o neural net) 9.127324030095945
		(real MDL):  18.552398368826495 	(dream MDL): 1.919914241654933
(ID=0):  	9330 cumulative gradient steps. 104.713547 steps/sec
(ID=0):  	42-way auxiliary classification loss 0.015902061380135515
(ID=0):  Epoch 1560 Loss 0.319771679242452
(ID=0):  		(real loss):  0.6148841164328835 	(dream loss): 0.14891711034272848
(ID=0):  	vs MDL (w/o neural net) 7.271111165560089
		(real MDL):  17.435794736865883 	(dream MDL): 1.3862943611198906
(ID=0):  	9360 cumulative gradient steps. 104.753290 steps/sec
(ID=0):  	42-way auxiliary classification loss 0.0152697309696426
(ID=0):  Epoch 1565 Loss 2.068877617518107
(ID=0):  		(real loss):  0.24970025282639724 	(dream loss): 3.4600132493411793
(ID=0):  	vs MDL (w/o neural net) 10.293700782166484
		(real MDL):  17.73193343155971 	(dream MDL): 4.605640520865775
(ID=0):  	9390 cumulative gradient steps. 104.781176 steps/sec
(ID=0):  	42-way auxiliary classification loss 0.06414709416373322
(ID=0):  Epoch 1570 Loss 0.23298067251841229
(ID=0):  		(real loss):  0.42386272975376676 	(dream loss): 0.06595887243747711
(ID=0):  	vs MDL (w/o neural net) 9.512904137405306
		(real MDL):  18.800458167445775 	(dream MDL): 1.3862943611198906
(ID=0):  	9420 cumulative gradient steps. 104.810578 steps/sec
(ID=0):  	42-way auxiliary classification loss 0.0069878549625476205
(ID=0):  Epoch 1575 Loss 0.656654167175293
(ID=0):  		(real loss):  0.42074610392252604 	(dream loss): 0.8925622304280599
(ID=0):  	vs MDL (w/o neural net) 10.362954403950363
		(real MDL):  18.22056317251785 	(dream MDL): 2.5053456353828776
(ID=0):  	9450 cumulative gradient steps. 104.844039 steps/sec
(ID=0):  	42-way auxiliary classification loss 0.01572025833496203
(ID=0):  Epoch 1580 Loss 0.8337283452351888
(ID=0):  		(real loss):  0.6681608053354117 	(dream loss): 0.9603388169232536
(ID=0):  	vs MDL (w/o neural net) 9.239949806501945
		(real MDL):  18.43440747701449 	(dream MDL): 2.2088939408158765
(ID=0):  	9480 cumulative gradient steps. 104.875393 steps/sec
(ID=0):  	42-way auxiliary classification loss 0.027191496376569074
(ID=0):  Epoch 1585 Loss 0.7023379325866699
(ID=0):  		(real loss):  0.6720135028545673 	(dream loss): 0.7255272023818072
(ID=0):  	vs MDL (w/o neural net) 9.038580760795812
		(real MDL):  18.205115124976615 	(dream MDL): 2.028878011716374
(ID=0):  	9510 cumulative gradient steps. 104.912035 steps/sec
(ID=0):  	42-way auxiliary classification loss 0.023889656318351625
(ID=0):  Epoch 1590 Loss 0.3201700448989868
(ID=0):  		(real loss):  0.5174462935503792 	(dream loss): 0.062193412047166094
(ID=0):  	vs MDL (w/o neural net) 10.968778171388182
		(real MDL):  18.29655990865217 	(dream MDL): 1.3862943611198906
(ID=0):  	9540 cumulative gradient steps. 104.943705 steps/sec
(ID=0):  	42-way auxiliary classification loss 0.006661631298872332
(ID=0):  Epoch 1595 Loss 0.7202314535776774
(ID=0):  		(real loss):  0.5772111256917317 	(dream loss): 0.863251781463623
(ID=0):  	vs MDL (w/o neural net) 10.523094308305817
		(real MDL):  18.93163278481573 	(dream MDL): 2.1145558317959052
(ID=0):  	9570 cumulative gradient steps. 104.975061 steps/sec
(ID=0):  	42-way auxiliary classification loss 0.022861548714960614
(ID=0):  Epoch 1600 Loss 0.13387480576833088
(ID=0):  		(real loss):  0.2811083360151811 	(dream loss): 0.0486343408885755
(ID=0):  	vs MDL (w/o neural net) 7.252925833955964
		(real MDL):  17.38619837794554 	(dream MDL): 1.3862943611198906
(ID=0):  	9600 cumulative gradient steps. 105.012716 steps/sec
(ID=0):  	42-way auxiliary classification loss 0.007008163483502964
(ID=0):  Epoch 1605 Loss 0.8272860765457153
(ID=0):  		(real loss):  0.1763448715209961 	(dream loss): 1.8036978840827942
(ID=0):  	vs MDL (w/o neural net) 12.080598928646342
		(real MDL):  17.996366189203954 	(dream MDL): 3.2069480378099264
(ID=0):  	9630 cumulative gradient steps. 105.028643 steps/sec
(ID=0):  	42-way auxiliary classification loss 0.03357405297768613
(ID=0):  Epoch 1610 Loss 0.5492680350939433
(ID=0):  		(real loss):  0.51416015625 	(dream loss): 0.5951783381975614
(ID=0):  	vs MDL (w/o neural net) 10.89454387891765
		(real MDL):  17.75425842620912 	(dream MDL): 1.9241479324595745
(ID=0):  	9660 cumulative gradient steps. 105.052303 steps/sec
(ID=0):  	42-way auxiliary classification loss 0.019444303237833083
(ID=0):  Epoch 1615 Loss 0.3215039094289144
(ID=0):  		(real loss):  0.5413141250610352 	(dream loss): 0.07029223442077637
(ID=0):  	vs MDL (w/o neural net) 10.578893522758205
		(real MDL):  18.62241778919173 	(dream MDL): 1.3862943611198906
(ID=0):  	9690 cumulative gradient steps. 105.073390 steps/sec
(ID=0):  	42-way auxiliary classification loss 0.006466269004158675
(ID=0):  Epoch 1620 Loss 0.3104906479517619
(ID=0):  		(real loss):  0.5098415823543773 	(dream loss): 0.04980096450218788
(ID=0):  	vs MDL (w/o neural net) 10.998823472548603
		(real MDL):  18.34958102834703 	(dream MDL): 1.3862943611198906
(ID=0):  	9720 cumulative gradient steps. 105.092854 steps/sec
(ID=0):  	42-way auxiliary classification loss 0.005379908143853148
(ID=0):  Epoch 1625 Loss 0.9588894367218017
(ID=0):  		(real loss):  0.6466526455349393 	(dream loss): 1.4272446235020955
(ID=0):  	vs MDL (w/o neural net) 12.130174252772067
		(real MDL):  18.202817377317903 	(dream MDL): 3.0212095659533085
(ID=0):  	9750 cumulative gradient steps. 105.118725 steps/sec
(ID=0):  	42-way auxiliary classification loss 0.02766349642382314
(ID=0):  Epoch 1630 Loss 0.8063780466715494
(ID=0):  		(real loss):  0.6163012640816825 	(dream loss): 0.9726952314376831
(ID=0):  	vs MDL (w/o neural net) 9.768463891243913
		(real MDL):  18.20068375449196 	(dream MDL): 2.390271510901866
(ID=0):  	9780 cumulative gradient steps. 105.151291 steps/sec
(ID=0):  	42-way auxiliary classification loss 0.025266742194071413
(ID=0):  Epoch 1635 Loss 0.6517050266265869
(ID=0):  		(real loss):  0.3442679012522978 	(dream loss): 1.0537381905775804
(ID=0):  	vs MDL (w/o neural net) 11.516092620828198
		(real MDL):  18.317489266692693 	(dream MDL): 2.621958545466938
(ID=0):  	9810 cumulative gradient steps. 105.164321 steps/sec
(ID=0):  	42-way auxiliary classification loss 0.01893136592892309
(ID=0):  Epoch 1640 Loss 1.3172143737475077
(ID=0):  		(real loss):  0.7124848365783691 	(dream loss): 1.7203673985269334
(ID=0):  	vs MDL (w/o neural net) 9.272616892938784
		(real MDL):  18.383571852348698 	(dream MDL): 3.198646919998837
(ID=0):  	9840 cumulative gradient steps. 105.189393 steps/sec
(ID=0):  	42-way auxiliary classification loss 0.033028307805458706
(ID=0):  Epoch 1645 Loss 0.8141156037648519
(ID=0):  		(real loss):  0.5103417564840877 	(dream loss): 1.211358327132005
(ID=0):  	vs MDL (w/o neural net) 11.557382858450987
		(real MDL):  18.471901119034076 	(dream MDL): 2.5153205176884845
(ID=0):  	9870 cumulative gradient steps. 105.211927 steps/sec
(ID=0):  	42-way auxiliary classification loss 0.014728376727240781
(ID=0):  Epoch 1650 Loss 0.4451360464096069
(ID=0):  		(real loss):  0.36818253993988037 	(dream loss): 0.5330829109464373
(ID=0):  	vs MDL (w/o neural net) 10.525743315579124
		(real MDL):  17.955790027662466 	(dream MDL): 2.0342613589124423
(ID=0):  	9900 cumulative gradient steps. 105.238365 steps/sec
(ID=0):  	42-way auxiliary classification loss 0.01493522950913757
(ID=0):  Epoch 1655 Loss 0.5581837852795919
(ID=0):  		(real loss):  0.23483628493088943 	(dream loss): 0.8054495208403644
(ID=0):  	vs MDL (w/o neural net) 9.408874290188372
		(real MDL):  19.059638654344063 	(dream MDL): 2.0288780117163734
(ID=0):  	9930 cumulative gradient steps. 105.257277 steps/sec
(ID=0):  	42-way auxiliary classification loss 0.02095687728918468
(ID=0):  Epoch 1660 Loss 1.6639753421147665
(ID=0):  		(real loss):  0.6151450020926339 	(dream loss): 2.5817018896341324
(ID=0):  	vs MDL (w/o neural net) 10.964327124967364
		(real MDL):  18.92357548565942 	(dream MDL): 3.9999848093618136
(ID=0):  	9960 cumulative gradient steps. 105.271497 steps/sec
(ID=0):  	42-way auxiliary classification loss 0.04339816178350399
Sampling new helmholtz frontiers during training.
Sampling 500 programs from the prior on 32 CPUs...


Got 498/500 valid samples.
We now have 498 Helmholtz entries.
(ID=0):  Epoch 1665 Loss 0.5323060035705567
(ID=0):  		(real loss):  0.4815487331814236 	(dream loss): 0.6084419091542562
(ID=0):  	vs MDL (w/o neural net) 11.790452739364849
		(real MDL):  18.22258399324506 	(dream MDL): 2.142255858544534
(ID=0):  	9990 cumulative gradient steps. 104.401996 steps/sec
(ID=0):  	42-way auxiliary classification loss 0.010996912695312252
(ID=0):   Trained recognition model in 95.83773112297058 seconds
Wrote experiments_iterative/outputs/paperfaithful_init_seed111_20260507/domains/re2/dreamcoder/seed_111/dreamcoder_32/0/metrics.json
====================================
iteration: 0
amortized_synthesis : optimize_model_for_frontiers
Completed in 95.878s
====================================
============LOGGING MODEL_FN============
	iteration: 0
	experiment_block_type: model_fn
	model_type: amortized_synthesis
	params: {'enumeration_timeout': 1000}
	task_split: train
	model_fn: infer_programs_for_tasks
	task_batch_size: global_batch_size
task_ids: 32 tasks: re2_train_489_if_there_is_any_letter_consonant_replace_that_with_b -- re2_train_34_if_the_word_ends_with_any_letter_add_d_after_that
====================================
Evaluated recognition model in 0.4 seconds
Beginning enumeration on a total of 32 tasks with a total of 32 CPUs.
(python) Launching tfullstr -> tfullstr (1 tasks) w/ 1 CPUs. 0.000000 <= MDL < 1.500000. Timeout 1000.000000.
(python) Launching tfullstr -> tfullstr (1 tasks) w/ 1 CPUs. 0.000000 <= MDL < 1.500000. Timeout 1000.000000.
(python) Launching tfullstr -> tfullstr (1 tasks) w/ 1 CPUs. 0.000000 <= MDL < 1.500000. Timeout 1000.000000.
(python) Launching tfullstr -> tfullstr (1 tasks) w/ 1 CPUs. 0.000000 <= MDL < 1.500000. Timeout 1000.000000.
(python) Launching tfullstr -> tfullstr (1 tasks) w/ 1 CPUs. 0.000000 <= MDL < 1.500000. Timeout 1000.000000.
(python) Launching tfullstr -> tfullstr (1 tasks) w/ 1 CPUs. 0.000000 <= MDL < 1.500000. Timeout 1000.000000.
	(ocaml: 1 CPUs. shatter: 1. |fringe| = 1. |finished| = 0.)
(python) Launching tfullstr -> tfullstr (1 tasks) w/ 1 CPUs. 0.000000 <= MDL < 1.500000. Timeout 1000.000000.
	(ocaml: 1 CPUs. shatter: 1. |fringe| = 1. |finished| = 0.)
(python) Launching tfullstr -> tfullstr (1 tasks) w/ 1 CPUs. 0.000000 <= MDL < 1.500000. Timeout 1000.000000.
(python) Launching tfullstr -> tfullstr (1 tasks) w/ 1 CPUs. 0.000000 <= MDL < 1.500000. Timeout 1000.000000.
	(ocaml: 1 CPUs. shatter: 1. |fringe| = 1. |finished| = 0.)
	(ocaml: 1 CPUs. shatter: 1. |fringe| = 1. |finished| = 0.)
(python) Launching tfullstr -> tfullstr (1 tasks) w/ 1 CPUs. 0.000000 <= MDL < 1.500000. Timeout 1000.000000.
	(ocaml: 1 CPUs. shatter: 1. |fringe| = 1. |finished| = 0.)
(python) Launching tfullstr -> tfullstr (1 tasks) w/ 1 CPUs. 0.000000 <= MDL < 1.500000. Timeout 1000.000000.
	(ocaml: 1 CPUs. shatter: 1. |fringe| = 1. |finished| = 0.)
(python) Launching tfullstr -> tfullstr (1 tasks) w/ 1 CPUs. 0.000000 <= MDL < 1.500000. Timeout 1000.000000.
	(ocaml: 1 CPUs. shatter: 1. |fringe| = 1. |finished| = 0.)
(python) Launching tfullstr -> tfullstr (1 tasks) w/ 1 CPUs. 0.000000 <= MDL < 1.500000. Timeout 1000.000000.
	(ocaml: 1 CPUs. shatter: 1. |fringe| = 1. |finished| = 0.)
(python) Launching tfullstr -> tfullstr (1 tasks) w/ 1 CPUs. 0.000000 <= MDL < 1.500000. Timeout 1000.000000.
	(ocaml: 1 CPUs. shatter: 1. |fringe| = 1. |finished| = 0.)
(python) Launching tfullstr -> tfullstr (1 tasks) w/ 1 CPUs. 0.000000 <= MDL < 1.500000. Timeout 1000.000000.
	(ocaml: 1 CPUs. shatter: 1. |fringe| = 1. |finished| = 0.)
(python) Launching tfullstr -> tfullstr (1 tasks) w/ 1 CPUs. 0.000000 <= MDL < 1.500000. Timeout 1000.000000.
(python) Launching tfullstr -> tfullstr (1 tasks) w/ 1 CPUs. 0.000000 <= MDL < 1.500000. Timeout 1000.000000.
	(ocaml: 1 CPUs. shatter: 1. |fringe| = 1. |finished| = 0.)
	(ocaml: 1 CPUs. shatter: 1. |fringe| = 1. |finished| = 0.)
(python) Launching tfullstr -> tfullstr (1 tasks) w/ 1 CPUs. 0.000000 <= MDL < 1.500000. Timeout 1000.000000.
	(ocaml: 1 CPUs. shatter: 1. |fringe| = 1. |finished| = 0.)
(python) Launching tfullstr -> tfullstr (1 tasks) w/ 1 CPUs. 0.000000 <= MDL < 1.500000. Timeout 1000.000000.
	(ocaml: 1 CPUs. shatter: 1. |fringe| = 1. |finished| = 0.)
	(ocaml: 1 CPUs. shatter: 1. |fringe| = 1. |finished| = 0.)
(python) Launching tfullstr -> tfullstr (1 tasks) w/ 1 CPUs. 0.000000 <= MDL < 1.500000. Timeout 1000.000000.
(python) Launching tfullstr -> tfullstr (1 tasks) w/ 1 CPUs. 0.000000 <= MDL < 1.500000. Timeout 1000.000000.
(python) Launching tfullstr -> tfullstr (1 tasks) w/ 1 CPUs. 0.000000 <= MDL < 1.500000. Timeout 1000.000000.
	(ocaml: 1 CPUs. shatter: 1. |fringe| = 1. |finished| = 0.)
(python) Launching tfullstr -> tfullstr (1 tasks) w/ 1 CPUs. 0.000000 <= MDL < 1.500000. Timeout 1000.000000.
	(ocaml: 1 CPUs. shatter: 1. |fringe| = 1. |finished| = 0.)
	(ocaml: 1 CPUs. shatter: 1. |fringe| = 1. |finished| = 0.)
(python) Launching tfullstr -> tfullstr (1 tasks) w/ 1 CPUs. 0.000000 <= MDL < 1.500000. Timeout 1000.000000.
(python) Launching tfullstr -> tfullstr (1 tasks) w/ 1 CPUs. 0.000000 <= MDL < 1.500000. Timeout 1000.000000.
	(ocaml: 1 CPUs. shatter: 1. |fringe| = 1. |finished| = 0.)
(python) Launching tfullstr -> tfullstr (1 tasks) w/ 1 CPUs. 0.000000 <= MDL < 1.500000. Timeout 1000.000000.
	(ocaml: 1 CPUs. shatter: 1. |fringe| = 1. |finished| = 0.)
	(ocaml: 1 CPUs. shatter: 1. |fringe| = 1. |finished| = 0.)
(python) Launching tfullstr -> tfullstr (1 tasks) w/ 1 CPUs. 0.000000 <= MDL < 1.500000. Timeout 1000.000000.
	(ocaml: 1 CPUs. shatter: 1. |fringe| = 1. |finished| = 0.)
	(ocaml: 1 CPUs. shatter: 1. |fringe| = 1. |finished| = 0.)
(python) Launching tfullstr -> tfullstr (1 tasks) w/ 1 CPUs. 0.000000 <= MDL < 1.500000. Timeout 1000.000000.
(python) Launching tfullstr -> tfullstr (1 tasks) w/ 1 CPUs. 0.000000 <= MDL < 1.500000. Timeout 1000.000000.
	(ocaml: 1 CPUs. shatter: 1. |fringe| = 1. |finished| = 0.)
(python) Launching tfullstr -> tfullstr (1 tasks) w/ 1 CPUs. 0.000000 <= MDL < 1.500000. Timeout 1000.000000.
(python) Launching tfullstr -> tfullstr (1 tasks) w/ 1 CPUs. 0.000000 <= MDL < 1.500000. Timeout 1000.000000.
	(ocaml: 1 CPUs. shatter: 1. |fringe| = 1. |finished| = 0.)
	(ocaml: 1 CPUs. shatter: 1. |fringe| = 1. |finished| = 0.)
	(ocaml: 1 CPUs. shatter: 1. |fringe| = 1. |finished| = 0.)
(python) Launching tfullstr -> tfullstr (1 tasks) w/ 1 CPUs. 0.000000 <= MDL < 1.500000. Timeout 1000.000000.
(python) Launching tfullstr -> tfullstr (1 tasks) w/ 1 CPUs. 1.500000 <= MDL < 3.000000. Timeout 999.827796.
	(ocaml: 1 CPUs. shatter: 1. |fringe| = 1. |finished| = 0.)
(python) Launching tfullstr -> tfullstr (1 tasks) w/ 1 CPUs. 1.500000 <= MDL < 3.000000. Timeout 999.829925.
	(ocaml: 1 CPUs. shatter: 1. |fringe| = 1. |finished| = 0.)
	(ocaml: 1 CPUs. shatter: 1. |fringe| = 1. |finished| = 0.)
(python) Launching tfullstr -> tfullstr (1 tasks) w/ 1 CPUs. 1.500000 <= MDL < 3.000000. Timeout 999.832033.
(python) Launching tfullstr -> tfullstr (1 tasks) w/ 1 CPUs. 1.500000 <= MDL < 3.000000. Timeout 999.822747.
	(ocaml: 1 CPUs. shatter: 1. |fringe| = 1. |finished| = 0.)
(python) Launching tfullstr -> tfullstr (1 tasks) w/ 1 CPUs. 1.500000 <= MDL < 3.000000. Timeout 999.825783.
(python) Launching tfullstr -> tfullstr (1 tasks) w/ 1 CPUs. 1.500000 <= MDL < 3.000000. Timeout 999.824421.
	(ocaml: 1 CPUs. shatter: 1. |fringe| = 1. |finished| = 0.)
	(ocaml: 1 CPUs. shatter: 1. |fringe| = 1. |finished| = 0.)
	(ocaml: 1 CPUs. shatter: 1. |fringe| = 1. |finished| = 0.)
(python) Launching tfullstr -> tfullstr (1 tasks) w/ 1 CPUs. 1.500000 <= MDL < 3.000000. Timeout 999.822200.
	(ocaml: 1 CPUs. shatter: 1. |fringe| = 1. |finished| = 0.)
(python) Launching tfullstr -> tfullstr (1 tasks) w/ 1 CPUs. 1.500000 <= MDL < 3.000000. Timeout 999.820503.
	(ocaml: 1 CPUs. shatter: 1. |fringe| = 1. |finished| = 0.)
(python) Launching tfullstr -> tfullstr (1 tasks) w/ 1 CPUs. 1.500000 <= MDL < 3.000000. Timeout 999.820985.
	(ocaml: 1 CPUs. shatter: 1. |fringe| = 1. |finished| = 0.)
(python) Launching tfullstr -> tfullstr (1 tasks) w/ 1 CPUs. 1.500000 <= MDL < 3.000000. Timeout 999.822188.
(python) Launching tfullstr -> tfullstr (1 tasks) w/ 1 CPUs. 1.500000 <= MDL < 3.000000. Timeout 999.821894.
	(ocaml: 1 CPUs. shatter: 1. |fringe| = 1. |finished| = 0.)
(python) Launching tfullstr -> tfullstr (1 tasks) w/ 1 CPUs. 1.500000 <= MDL < 3.000000. Timeout 999.820787.
	(ocaml: 1 CPUs. shatter: 1. |fringe| = 1. |finished| = 0.)
(python) Launching tfullstr -> tfullstr (1 tasks) w/ 1 CPUs. 1.500000 <= MDL < 3.000000. Timeout 999.820485.
	(ocaml: 1 CPUs. shatter: 1. |fringe| = 1. |finished| = 0.)
(python) Launching tfullstr -> tfullstr (1 tasks) w/ 1 CPUs. 1.500000 <= MDL < 3.000000. Timeout 999.826113.
	(ocaml: 1 CPUs. shatter: 1. |fringe| = 1. |finished| = 0.)
	(ocaml: 1 CPUs. shatter: 1. |fringe| = 1. |finished| = 0.)
(python) Launching tfullstr -> tfullstr (1 tasks) w/ 1 CPUs. 1.500000 <= MDL < 3.000000. Timeout 999.815796.
(python) Launching tfullstr -> tfullstr (1 tasks) w/ 1 CPUs. 1.500000 <= MDL < 3.000000. Timeout 999.819866.
	(ocaml: 1 CPUs. shatter: 1. |fringe| = 1. |finished| = 0.)
(python) Launching tfullstr -> tfullstr (1 tasks) w/ 1 CPUs. 1.500000 <= MDL < 3.000000. Timeout 999.820173.
	(ocaml: 1 CPUs. shatter: 1. |fringe| = 1. |finished| = 0.)
	(ocaml: 1 CPUs. shatter: 1. |fringe| = 1. |finished| = 0.)
(python) Launching tfullstr -> tfullstr (1 tasks) w/ 1 CPUs. 1.500000 <= MDL < 3.000000. Timeout 999.819108.
(python) Launching tfullstr -> tfullstr (1 tasks) w/ 1 CPUs. 1.500000 <= MDL < 3.000000. Timeout 999.819557.
	(ocaml: 1 CPUs. shatter: 1. |fringe| = 1. |finished| = 0.)
(python) Launching tfullstr -> tfullstr (1 tasks) w/ 1 CPUs. 1.500000 <= MDL < 3.000000. Timeout 999.823587.
	(ocaml: 1 CPUs. shatter: 1. |fringe| = 1. |finished| = 0.)
(python) Launching tfullstr -> tfullstr (1 tasks) w/ 1 CPUs. 1.500000 <= MDL < 3.000000. Timeout 999.823433.
	(ocaml: 1 CPUs. shatter: 1. |fringe| = 1. |finished| = 0.)
(python) Launching tfullstr -> tfullstr (1 tasks) w/ 1 CPUs. 1.500000 <= MDL < 3.000000. Timeout 999.821494.
	(ocaml: 1 CPUs. shatter: 1. |fringe| = 1. |finished| = 0.)
(python) Launching tfullstr -> tfullstr (1 tasks) w/ 1 CPUs. 1.500000 <= MDL < 3.000000. Timeout 999.823585.
(python) Launching tfullstr -> tfullstr (1 tasks) w/ 1 CPUs. 1.500000 <= MDL < 3.000000. Timeout 999.826314.
	(ocaml: 1 CPUs. shatter: 1. |fringe| = 1. |finished| = 0.)
	(ocaml: 1 CPUs. shatter: 1. |fringe| = 1. |finished| = 0.)
(python) Launching tfullstr -> tfullstr (1 tasks) w/ 1 CPUs. 1.500000 <= MDL < 3.000000. Timeout 999.825415.
	(ocaml: 1 CPUs. shatter: 1. |fringe| = 1. |finished| = 0.)
(python) Launching tfullstr -> tfullstr (1 tasks) w/ 1 CPUs. 1.500000 <= MDL < 3.000000. Timeout 999.824220.
(python) Launching tfullstr -> tfullstr (1 tasks) w/ 1 CPUs. 1.500000 <= MDL < 3.000000. Timeout 999.823559.
	(ocaml: 1 CPUs. shatter: 1. |fringe| = 1. |finished| = 0.)
(python) Launching tfullstr -> tfullstr (1 tasks) w/ 1 CPUs. 1.500000 <= MDL < 3.000000. Timeout 999.825130.
	(ocaml: 1 CPUs. shatter: 1. |fringe| = 1. |finished| = 0.)
	(ocaml: 1 CPUs. shatter: 1. |fringe| = 1. |finished| = 0.)
(python) Launching tfullstr -> tfullstr (1 tasks) w/ 1 CPUs. 1.500000 <= MDL < 3.000000. Timeout 999.828277.
(python) Launching tfullstr -> tfullstr (1 tasks) w/ 1 CPUs. 1.500000 <= MDL < 3.000000. Timeout 999.818830.
	(ocaml: 1 CPUs. shatter: 1. |fringe| = 1. |finished| = 0.)
(python) Launching tfullstr -> tfullstr (1 tasks) w/ 1 CPUs. 1.500000 <= MDL < 3.000000. Timeout 999.821328.
	(ocaml: 1 CPUs. shatter: 1. |fringe| = 1. |finished| = 0.)
	(ocaml: 1 CPUs. shatter: 1. |fringe| = 1. |finished| = 0.)
(python) Launching tfullstr -> tfullstr (1 tasks) w/ 1 CPUs. 1.500000 <= MDL < 3.000000. Timeout 999.822094.
	(ocaml: 1 CPUs. shatter: 1. |fringe| = 1. |finished| = 0.)
	(ocaml: 1 CPUs. shatter: 1. |fringe| = 1. |finished| = 0.)
(python) Launching tfullstr -> tfullstr (1 tasks) w/ 1 CPUs. 3.000000 <= MDL < 4.500000. Timeout 999.659587.
(python) Launching tfullstr -> tfullstr (1 tasks) w/ 1 CPUs. 3.000000 <= MDL < 4.500000. Timeout 999.646627.
	(ocaml: 1 CPUs. shatter: 1. |fringe| = 1. |finished| = 0.)
	(ocaml: 1 CPUs. shatter: 1. |fringe| = 1. |finished| = 0.)
(python) Launching tfullstr -> tfullstr (1 tasks) w/ 1 CPUs. 3.000000 <= MDL < 4.500000. Timeout 999.657919.
(python) Launching tfullstr -> tfullstr (1 tasks) w/ 1 CPUs. 3.000000 <= MDL < 4.500000. Timeout 999.647700.
(python) Launching tfullstr -> tfullstr (1 tasks) w/ 1 CPUs. 3.000000 <= MDL < 4.500000. Timeout 999.652235.
	(ocaml: 1 CPUs. shatter: 1. |fringe| = 1. |finished| = 0.)
(python) Launching tfullstr -> tfullstr (1 tasks) w/ 1 CPUs. 3.000000 <= MDL < 4.500000. Timeout 999.652172.
	(ocaml: 1 CPUs. shatter: 1. |fringe| = 1. |finished| = 0.)
	(ocaml: 1 CPUs. shatter: 1. |fringe| = 1. |finished| = 0.)
(python) Launching tfullstr -> tfullstr (1 tasks) w/ 1 CPUs. 3.000000 <= MDL < 4.500000. Timeout 999.652620.
	(ocaml: 1 CPUs. shatter: 1. |fringe| = 1. |finished| = 0.)
(python) Launching tfullstr -> tfullstr (1 tasks) w/ 1 CPUs. 3.000000 <= MDL < 4.500000. Timeout 999.652473.
	(ocaml: 1 CPUs. shatter: 1. |fringe| = 1. |finished| = 0.)
(python) Launching tfullstr -> tfullstr (1 tasks) w/ 1 CPUs. 3.000000 <= MDL < 4.500000. Timeout 999.654109.
(python) Launching tfullstr -> tfullstr (1 tasks) w/ 1 CPUs. 3.000000 <= MDL < 4.500000. Timeout 999.657156.
	(ocaml: 1 CPUs. shatter: 1. |fringe| = 1. |finished| = 0.)
	(ocaml: 1 CPUs. shatter: 1. |fringe| = 1. |finished| = 0.)
(python) Launching tfullstr -> tfullstr (1 tasks) w/ 1 CPUs. 3.000000 <= MDL < 4.500000. Timeout 999.656791.
(python) Launching tfullstr -> tfullstr (1 tasks) w/ 1 CPUs. 3.000000 <= MDL < 4.500000. Timeout 999.663249.
	(ocaml: 1 CPUs. shatter: 1. |fringe| = 1. |finished| = 0.)
	(ocaml: 1 CPUs. shatter: 1. |fringe| = 1. |finished| = 0.)
(python) Launching tfullstr -> tfullstr (1 tasks) w/ 1 CPUs. 3.000000 <= MDL < 4.500000. Timeout 999.651996.
(python) Launching tfullstr -> tfullstr (1 tasks) w/ 1 CPUs. 3.000000 <= MDL < 4.500000. Timeout 999.664975.
	(ocaml: 1 CPUs. shatter: 1. |fringe| = 1. |finished| = 0.)
	(ocaml: 1 CPUs. shatter: 1. |fringe| = 1. |finished| = 0.)
(python) Launching tfullstr -> tfullstr (1 tasks) w/ 1 CPUs. 3.000000 <= MDL < 4.500000. Timeout 999.654627.
	(ocaml: 1 CPUs. shatter: 1. |fringe| = 1. |finished| = 0.)
(python) Launching tfullstr -> tfullstr (1 tasks) w/ 1 CPUs. 3.000000 <= MDL < 4.500000. Timeout 999.658038.
	(ocaml: 1 CPUs. shatter: 1. |fringe| = 1. |finished| = 0.)
(python) Launching tfullstr -> tfullstr (1 tasks) w/ 1 CPUs. 3.000000 <= MDL < 4.500000. Timeout 999.656916.
	(ocaml: 1 CPUs. shatter: 1. |fringe| = 1. |finished| = 0.)
	(ocaml: 1 CPUs. shatter: 1. |fringe| = 1. |finished| = 0.)
(python) Launching tfullstr -> tfullstr (1 tasks) w/ 1 CPUs. 3.000000 <= MDL < 4.500000. Timeout 999.655566.
(python) Launching tfullstr -> tfullstr (1 tasks) w/ 1 CPUs. 3.000000 <= MDL < 4.500000. Timeout 999.656655.
	(ocaml: 1 CPUs. shatter: 1. |fringe| = 1. |finished| = 0.)
(python) Launching tfullstr -> tfullstr (1 tasks) w/ 1 CPUs. 3.000000 <= MDL < 4.500000. Timeout 999.659590.
(python) Launching tfullstr -> tfullstr (1 tasks) w/ 1 CPUs. 3.000000 <= MDL < 4.500000. Timeout 999.660542.
	(ocaml: 1 CPUs. shatter: 1. |fringe| = 1. |finished| = 0.)
(python) Launching tfullstr -> tfullstr (1 tasks) w/ 1 CPUs. 3.000000 <= MDL < 4.500000. Timeout 999.665782.
	(ocaml: 1 CPUs. shatter: 1. |fringe| = 1. |finished| = 0.)
	(ocaml: 1 CPUs. shatter: 1. |fringe| = 1. |finished| = 0.)
(python) Launching tfullstr -> tfullstr (1 tasks) w/ 1 CPUs. 3.000000 <= MDL < 4.500000. Timeout 999.650992.
	(ocaml: 1 CPUs. shatter: 1. |fringe| = 1. |finished| = 0.)
	(ocaml: 1 CPUs. shatter: 1. |fringe| = 1. |finished| = 0.)
(python) Launching tfullstr -> tfullstr (1 tasks) w/ 1 CPUs. 3.000000 <= MDL < 4.500000. Timeout 999.661912.
	(ocaml: 1 CPUs. shatter: 1. |fringe| = 1. |finished| = 0.)
(python) Launching tfullstr -> tfullstr (1 tasks) w/ 1 CPUs. 3.000000 <= MDL < 4.500000. Timeout 999.658544.
(python) Launching tfullstr -> tfullstr (1 tasks) w/ 1 CPUs. 3.000000 <= MDL < 4.500000. Timeout 999.657570.
	(ocaml: 1 CPUs. shatter: 1. |fringe| = 1. |finished| = 0.)
	(ocaml: 1 CPUs. shatter: 1. |fringe| = 1. |finished| = 0.)
(python) Launching tfullstr -> tfullstr (1 tasks) w/ 1 CPUs. 3.000000 <= MDL < 4.500000. Timeout 999.656699.
	(ocaml: 1 CPUs. shatter: 1. |fringe| = 1. |finished| = 0.)
(python) Launching tfullstr -> tfullstr (1 tasks) w/ 1 CPUs. 3.000000 <= MDL < 4.500000. Timeout 999.656315.
	(ocaml: 1 CPUs. shatter: 1. |fringe| = 1. |finished| = 0.)
(python) Launching tfullstr -> tfullstr (1 tasks) w/ 1 CPUs. 3.000000 <= MDL < 4.500000. Timeout 999.660545.
	(ocaml: 1 CPUs. shatter: 1. |fringe| = 1. |finished| = 0.)
(python) Launching tfullstr -> tfullstr (1 tasks) w/ 1 CPUs. 3.000000 <= MDL < 4.500000. Timeout 999.651209.
	(ocaml: 1 CPUs. shatter: 1. |fringe| = 1. |finished| = 0.)
(python) Launching tfullstr -> tfullstr (1 tasks) w/ 1 CPUs. 3.000000 <= MDL < 4.500000. Timeout 999.653676.
	(ocaml: 1 CPUs. shatter: 1. |fringe| = 1. |finished| = 0.)
(python) Launching tfullstr -> tfullstr (1 tasks) w/ 1 CPUs. 4.500000 <= MDL < 6.000000. Timeout 999.498231.
(python) Launching tfullstr -> tfullstr (1 tasks) w/ 1 CPUs. 3.000000 <= MDL < 4.500000. Timeout 999.650705.
	(ocaml: 1 CPUs. shatter: 1. |fringe| = 1. |finished| = 0.)
(python) Launching tfullstr -> tfullstr (1 tasks) w/ 1 CPUs. 4.500000 <= MDL < 6.000000. Timeout 999.481281.
	(ocaml: 1 CPUs. shatter: 1. |fringe| = 1. |finished| = 0.)
(python) Launching tfullstr -> tfullstr (1 tasks) w/ 1 CPUs. 4.500000 <= MDL < 6.000000. Timeout 999.493034.
	(ocaml: 1 CPUs. shatter: 1. |fringe| = 1. |finished| = 0.)
(python) Launching tfullstr -> tfullstr (1 tasks) w/ 1 CPUs. 4.500000 <= MDL < 6.000000. Timeout 999.483017.
	(ocaml: 1 CPUs. shatter: 1. |fringe| = 1. |finished| = 0.)
	(ocaml: 1 CPUs. shatter: 1. |fringe| = 1. |finished| = 0.)
(python) Launching tfullstr -> tfullstr (1 tasks) w/ 1 CPUs. 4.500000 <= MDL < 6.000000. Timeout 999.487472.
(python) Launching tfullstr -> tfullstr (1 tasks) w/ 1 CPUs. 4.500000 <= MDL < 6.000000. Timeout 999.487655.
(python) Launching tfullstr -> tfullstr (1 tasks) w/ 1 CPUs. 4.500000 <= MDL < 6.000000. Timeout 999.489203.
	(ocaml: 1 CPUs. shatter: 1. |fringe| = 1. |finished| = 0.)
	(ocaml: 1 CPUs. shatter: 1. |fringe| = 1. |finished| = 0.)
(python) Launching tfullstr -> tfullstr (1 tasks) w/ 1 CPUs. 4.500000 <= MDL < 6.000000. Timeout 999.495681.
(python) Launching tfullstr -> tfullstr (1 tasks) w/ 1 CPUs. 4.500000 <= MDL < 6.000000. Timeout 999.484085.
	(ocaml: 1 CPUs. shatter: 1. |fringe| = 1. |finished| = 0.)
(python) Launching tfullstr -> tfullstr (1 tasks) w/ 1 CPUs. 4.500000 <= MDL < 6.000000. Timeout 999.490980.
	(ocaml: 1 CPUs. shatter: 1. |fringe| = 1. |finished| = 0.)
	(ocaml: 1 CPUs. shatter: 1. |fringe| = 1. |finished| = 0.)
	(ocaml: 1 CPUs. shatter: 1. |fringe| = 1. |finished| = 0.)
(python) Launching tfullstr -> tfullstr (1 tasks) w/ 1 CPUs. 4.500000 <= MDL < 6.000000. Timeout 999.488474.
(python) Launching tfullstr -> tfullstr (1 tasks) w/ 1 CPUs. 4.500000 <= MDL < 6.000000. Timeout 999.494237.
	(ocaml: 1 CPUs. shatter: 1. |fringe| = 1. |finished| = 0.)
	(ocaml: 1 CPUs. shatter: 1. |fringe| = 1. |finished| = 0.)
(python) Launching tfullstr -> tfullstr (1 tasks) w/ 1 CPUs. 4.500000 <= MDL < 6.000000. Timeout 999.478232.
(python) Launching tfullstr -> tfullstr (1 tasks) w/ 1 CPUs. 4.500000 <= MDL < 6.000000. Timeout 999.490710.
(python) Launching tfullstr -> tfullstr (1 tasks) w/ 1 CPUs. 4.500000 <= MDL < 6.000000. Timeout 999.478492.
	(ocaml: 1 CPUs. shatter: 1. |fringe| = 1. |finished| = 0.)
	(ocaml: 1 CPUs. shatter: 1. |fringe| = 1. |finished| = 0.)
	(ocaml: 1 CPUs. shatter: 1. |fringe| = 1. |finished| = 0.)
(python) Launching tfullstr -> tfullstr (1 tasks) w/ 1 CPUs. 4.500000 <= MDL < 6.000000. Timeout 999.482073.
(python) Launching tfullstr -> tfullstr (1 tasks) w/ 1 CPUs. 4.500000 <= MDL < 6.000000. Timeout 999.481215.
	(ocaml: 1 CPUs. shatter: 1. |fringe| = 1. |finished| = 0.)
	(ocaml: 1 CPUs. shatter: 1. |fringe| = 1. |finished| = 0.)
(python) Launching tfullstr -> tfullstr (1 tasks) w/ 1 CPUs. 4.500000 <= MDL < 6.000000. Timeout 999.484940.
	(ocaml: 1 CPUs. shatter: 1. |fringe| = 1. |finished| = 0.)
(python) Launching tfullstr -> tfullstr (1 tasks) w/ 1 CPUs. 4.500000 <= MDL < 6.000000. Timeout 999.473387.
(python) Launching tfullstr -> tfullstr (1 tasks) w/ 1 CPUs. 4.500000 <= MDL < 6.000000. Timeout 999.481328.
(python) Launching tfullstr -> tfullstr (1 tasks) w/ 1 CPUs. 4.500000 <= MDL < 6.000000. Timeout 999.481650.
	(ocaml: 1 CPUs. shatter: 1. |fringe| = 1. |finished| = 0.)
	(ocaml: 1 CPUs. shatter: 1. |fringe| = 1. |finished| = 0.)
(python) Launching tfullstr -> tfullstr (1 tasks) w/ 1 CPUs. 4.500000 <= MDL < 6.000000. Timeout 999.486876.
	(ocaml: 1 CPUs. shatter: 1. |fringe| = 1. |finished| = 0.)
	(ocaml: 1 CPUs. shatter: 1. |fringe| = 1. |finished| = 0.)
(python) Launching tfullstr -> tfullstr (1 tasks) w/ 1 CPUs. 4.500000 <= MDL < 6.000000. Timeout 999.471996.
(python) Launching tfullstr -> tfullstr (1 tasks) w/ 1 CPUs. 4.500000 <= MDL < 6.000000. Timeout 999.480500.
	(ocaml: 1 CPUs. shatter: 1. |fringe| = 1. |finished| = 0.)
	(ocaml: 1 CPUs. shatter: 1. |fringe| = 1. |finished| = 0.)
(python) Launching tfullstr -> tfullstr (1 tasks) w/ 1 CPUs. 4.500000 <= MDL < 6.000000. Timeout 999.478164.
(python) Launching tfullstr -> tfullstr (1 tasks) w/ 1 CPUs. 4.500000 <= MDL < 6.000000. Timeout 999.478083.
	(ocaml: 1 CPUs. shatter: 1. |fringe| = 1. |finished| = 0.)
(python) Launching tfullstr -> tfullstr (1 tasks) w/ 1 CPUs. 4.500000 <= MDL < 6.000000. Timeout 999.477260.
	(ocaml: 1 CPUs. shatter: 1. |fringe| = 1. |finished| = 0.)
(python) Launching tfullstr -> tfullstr (1 tasks) w/ 1 CPUs. 4.500000 <= MDL < 6.000000. Timeout 999.478043.
(python) Launching tfullstr -> tfullstr (1 tasks) w/ 1 CPUs. 4.500000 <= MDL < 6.000000. Timeout 999.482665.
	(ocaml: 1 CPUs. shatter: 1. |fringe| = 1. |finished| = 0.)
	(ocaml: 1 CPUs. shatter: 1. |fringe| = 1. |finished| = 0.)
	(ocaml: 1 CPUs. shatter: 1. |fringe| = 1. |finished| = 0.)
(python) Launching tfullstr -> tfullstr (1 tasks) w/ 1 CPUs. 4.500000 <= MDL < 6.000000. Timeout 999.472474.
(python) Launching tfullstr -> tfullstr (1 tasks) w/ 1 CPUs. 4.500000 <= MDL < 6.000000. Timeout 999.473718.
	(ocaml: 1 CPUs. shatter: 1. |fringe| = 1. |finished| = 0.)
	(ocaml: 1 CPUs. shatter: 1. |fringe| = 1. |finished| = 0.)
(python) Launching tfullstr -> tfullstr (1 tasks) w/ 1 CPUs. 6.000000 <= MDL < 7.500000. Timeout 999.317760.
	(ocaml: 1 CPUs. shatter: 1. |fringe| = 1. |finished| = 0.)
(python) Launching tfullstr -> tfullstr (1 tasks) w/ 1 CPUs. 4.500000 <= MDL < 6.000000. Timeout 999.468716.
	(ocaml: 1 CPUs. shatter: 1. |fringe| = 1. |finished| = 0.)
(python) Launching tfullstr -> tfullstr (1 tasks) w/ 1 CPUs. 6.000000 <= MDL < 7.500000. Timeout 999.298424.
	(ocaml: 1 CPUs. shatter: 1. |fringe| = 1. |finished| = 0.)
(python) Launching tfullstr -> tfullstr (1 tasks) w/ 1 CPUs. 6.000000 <= MDL < 7.500000. Timeout 999.307203.
(python) Launching tfullstr -> tfullstr (1 tasks) w/ 1 CPUs. 6.000000 <= MDL < 7.500000. Timeout 999.306229.
	(ocaml: 1 CPUs. shatter: 1. |fringe| = 1. |finished| = 0.)
(python) Launching tfullstr -> tfullstr (1 tasks) w/ 1 CPUs. 6.000000 <= MDL < 7.500000. Timeout 999.307114.
	(ocaml: 1 CPUs. shatter: 1. |fringe| = 1. |finished| = 0.)
(python) Launching tfullstr -> tfullstr (1 tasks) w/ 1 CPUs. 6.000000 <= MDL < 7.500000. Timeout 999.307094.
(python) Launching tfullstr -> tfullstr (1 tasks) w/ 1 CPUs. 6.000000 <= MDL < 7.500000. Timeout 999.320545.
	(ocaml: 1 CPUs. shatter: 1. |fringe| = 1. |finished| = 0.)
(python) Launching tfullstr -> tfullstr (1 tasks) w/ 1 CPUs. 6.000000 <= MDL < 7.500000. Timeout 999.303393.
	(ocaml: 1 CPUs. shatter: 1. |fringe| = 1. |finished| = 0.)
	(ocaml: 1 CPUs. shatter: 1. |fringe| = 1. |finished| = 0.)
(python) Launching tfullstr -> tfullstr (1 tasks) w/ 1 CPUs. 6.000000 <= MDL < 7.500000. Timeout 999.315207.
	(ocaml: 1 CPUs. shatter: 1. |fringe| = 1. |finished| = 0.)
	(ocaml: 1 CPUs. shatter: 1. |fringe| = 1. |finished| = 0.)
(python) Launching tfullstr -> tfullstr (1 tasks) w/ 1 CPUs. 6.000000 <= MDL < 7.500000. Timeout 999.296123.
(python) Launching tfullstr -> tfullstr (1 tasks) w/ 1 CPUs. 6.000000 <= MDL < 7.500000. Timeout 999.309478.
	(ocaml: 1 CPUs. shatter: 1. |fringe| = 1. |finished| = 0.)
(python) Launching tfullstr -> tfullstr (1 tasks) w/ 1 CPUs. 6.000000 <= MDL < 7.500000. Timeout 999.315500.
	(ocaml: 1 CPUs. shatter: 1. |fringe| = 1. |finished| = 0.)
(python) Launching tfullstr -> tfullstr (1 tasks) w/ 1 CPUs. 6.000000 <= MDL < 7.500000. Timeout 999.303937.
	(ocaml: 1 CPUs. shatter: 1. |fringe| = 1. |finished| = 0.)
(python) Launching tfullstr -> tfullstr (1 tasks) w/ 1 CPUs. 6.000000 <= MDL < 7.500000. Timeout 999.315540.
(python) Launching tfullstr -> tfullstr (1 tasks) w/ 1 CPUs. 6.000000 <= MDL < 7.500000. Timeout 999.313108.
	(ocaml: 1 CPUs. shatter: 1. |fringe| = 1. |finished| = 0.)
	(ocaml: 1 CPUs. shatter: 1. |fringe| = 1. |finished| = 0.)
	(ocaml: 1 CPUs. shatter: 1. |fringe| = 1. |finished| = 0.)
(python) Launching tfullstr -> tfullstr (1 tasks) w/ 1 CPUs. 6.000000 <= MDL < 7.500000. Timeout 999.294600.
(python) Launching tfullstr -> tfullstr (1 tasks) w/ 1 CPUs. 6.000000 <= MDL < 7.500000. Timeout 999.304111.
	(ocaml: 1 CPUs. shatter: 1. |fringe| = 1. |finished| = 0.)
	(ocaml: 1 CPUs. shatter: 1. |fringe| = 1. |finished| = 0.)
(python) Launching tfullstr -> tfullstr (1 tasks) w/ 1 CPUs. 6.000000 <= MDL < 7.500000. Timeout 999.306657.
	(ocaml: 1 CPUs. shatter: 1. |fringe| = 1. |finished| = 0.)
(python) Launching tfullstr -> tfullstr (1 tasks) w/ 1 CPUs. 6.000000 <= MDL < 7.500000. Timeout 999.309369.
	(ocaml: 1 CPUs. shatter: 1. |fringe| = 1. |finished| = 0.)
	(ocaml: 1 CPUs. shatter: 1. |fringe| = 1. |finished| = 0.)
(python) Launching tfullstr -> tfullstr (1 tasks) w/ 1 CPUs. 6.000000 <= MDL < 7.500000. Timeout 999.288180.
(python) Launching tfullstr -> tfullstr (1 tasks) w/ 1 CPUs. 6.000000 <= MDL < 7.500000. Timeout 999.300490.
(python) Launching tfullstr -> tfullstr (1 tasks) w/ 1 CPUs. 6.000000 <= MDL < 7.500000. Timeout 999.307211.
	(ocaml: 1 CPUs. shatter: 1. |fringe| = 1. |finished| = 0.)
	(ocaml: 1 CPUs. shatter: 1. |fringe| = 1. |finished| = 0.)
(python) Launching tfullstr -> tfullstr (1 tasks) w/ 1 CPUs. 6.000000 <= MDL < 7.500000. Timeout 999.308841.
	(ocaml: 1 CPUs. shatter: 1. |fringe| = 1. |finished| = 0.)
(python) Launching tfullstr -> tfullstr (1 tasks) w/ 1 CPUs. 6.000000 <= MDL < 7.500000. Timeout 999.286457.
	(ocaml: 1 CPUs. shatter: 1. |fringe| = 1. |finished| = 0.)
(python) Launching tfullstr -> tfullstr (1 tasks) w/ 1 CPUs. 6.000000 <= MDL < 7.500000. Timeout 999.298028.
	(ocaml: 1 CPUs. shatter: 1. |fringe| = 1. |finished| = 0.)
(python) Launching tfullstr -> tfullstr (1 tasks) w/ 1 CPUs. 6.000000 <= MDL < 7.500000. Timeout 999.297307.
	(ocaml: 1 CPUs. shatter: 1. |fringe| = 1. |finished| = 0.)
(python) Launching tfullstr -> tfullstr (1 tasks) w/ 1 CPUs. 6.000000 <= MDL < 7.500000. Timeout 999.297692.
(python) Launching tfullstr -> tfullstr (1 tasks) w/ 1 CPUs. 6.000000 <= MDL < 7.500000. Timeout 999.299581.
	(ocaml: 1 CPUs. shatter: 1. |fringe| = 1. |finished| = 0.)
(python) Launching tfullstr -> tfullstr (1 tasks) w/ 1 CPUs. 6.000000 <= MDL < 7.500000. Timeout 999.305098.
	(ocaml: 1 CPUs. shatter: 1. |fringe| = 1. |finished| = 0.)
(python) Launching tfullstr -> tfullstr (1 tasks) w/ 1 CPUs. 6.000000 <= MDL < 7.500000. Timeout 999.294781.
	(ocaml: 1 CPUs. shatter: 1. |fringe| = 1. |finished| = 0.)
(python) Launching tfullstr -> tfullstr (1 tasks) w/ 1 CPUs. 6.000000 <= MDL < 7.500000. Timeout 999.296601.
	(ocaml: 1 CPUs. shatter: 1. |fringe| = 1. |finished| = 0.)
(python) Launching tfullstr -> tfullstr (1 tasks) w/ 1 CPUs. 7.500000 <= MDL < 9.000000. Timeout 999.141478.
	(ocaml: 1 CPUs. shatter: 1. |fringe| = 1. |finished| = 0.)
	(ocaml: 1 CPUs. shatter: 1. |fringe| = 1. |finished| = 0.)
(python) Launching tfullstr -> tfullstr (1 tasks) w/ 1 CPUs. 6.000000 <= MDL < 7.500000. Timeout 999.292454.
(python) Launching tfullstr -> tfullstr (1 tasks) w/ 1 CPUs. 7.500000 <= MDL < 9.000000. Timeout 999.135794.
	(ocaml: 1 CPUs. shatter: 1. |fringe| = 1. |finished| = 0.)
(python) Launching tfullstr -> tfullstr (1 tasks) w/ 1 CPUs. 7.500000 <= MDL < 9.000000. Timeout 999.116865.
(python) Launching tfullstr -> tfullstr (1 tasks) w/ 1 CPUs. 7.500000 <= MDL < 9.000000. Timeout 999.135027.
	(ocaml: 1 CPUs. shatter: 1. |fringe| = 1. |finished| = 0.)
	(ocaml: 1 CPUs. shatter: 1. |fringe| = 1. |finished| = 0.)
(python) Launching tfullstr -> tfullstr (1 tasks) w/ 1 CPUs. 7.500000 <= MDL < 9.000000. Timeout 999.123756.
	(ocaml: 1 CPUs. shatter: 1. |fringe| = 1. |finished| = 0.)
(python) Launching tfullstr -> tfullstr (1 tasks) w/ 1 CPUs. 7.500000 <= MDL < 9.000000. Timeout 999.128029.
	(ocaml: 1 CPUs. shatter: 1. |fringe| = 1. |finished| = 0.)
(python) Launching tfullstr -> tfullstr (1 tasks) w/ 1 CPUs. 7.500000 <= MDL < 9.000000. Timeout 999.140442.
	(ocaml: 1 CPUs. shatter: 1. |fringe| = 1. |finished| = 0.)
	(ocaml: 1 CPUs. shatter: 1. |fringe| = 1. |finished| = 0.)
(python) Launching tfullstr -> tfullstr (1 tasks) w/ 1 CPUs. 7.500000 <= MDL < 9.000000. Timeout 999.122716.
(python) Launching tfullstr -> tfullstr (1 tasks) w/ 1 CPUs. 7.500000 <= MDL < 9.000000. Timeout 999.134797.
(python) Launching tfullstr -> tfullstr (1 tasks) w/ 1 CPUs. 7.500000 <= MDL < 9.000000. Timeout 999.116630.
	(ocaml: 1 CPUs. shatter: 1. |fringe| = 1. |finished| = 0.)
	(ocaml: 1 CPUs. shatter: 1. |fringe| = 1. |finished| = 0.)
(python) Launching tfullstr -> tfullstr (1 tasks) w/ 1 CPUs. 7.500000 <= MDL < 9.000000. Timeout 999.128513.
	(ocaml: 1 CPUs. shatter: 1. |fringe| = 1. |finished| = 0.)
(python) Launching tfullstr -> tfullstr (1 tasks) w/ 1 CPUs. 7.500000 <= MDL < 9.000000. Timeout 999.131655.
	(ocaml: 1 CPUs. shatter: 1. |fringe| = 1. |finished| = 0.)
(python) Launching tfullstr -> tfullstr (1 tasks) w/ 1 CPUs. 7.500000 <= MDL < 9.000000. Timeout 999.119179.
(python) Launching tfullstr -> tfullstr (1 tasks) w/ 1 CPUs. 7.500000 <= MDL < 9.000000. Timeout 999.131526.
	(ocaml: 1 CPUs. shatter: 1. |fringe| = 1. |finished| = 0.)
	(ocaml: 1 CPUs. shatter: 1. |fringe| = 1. |finished| = 0.)
(python) Launching tfullstr -> tfullstr (1 tasks) w/ 1 CPUs. 7.500000 <= MDL < 9.000000. Timeout 999.131104.
	(ocaml: 1 CPUs. shatter: 1. |fringe| = 1. |finished| = 0.)
	(ocaml: 1 CPUs. shatter: 1. |fringe| = 1. |finished| = 0.)
(python) Launching tfullstr -> tfullstr (1 tasks) w/ 1 CPUs. 7.500000 <= MDL < 9.000000. Timeout 999.114670.
(python) Launching tfullstr -> tfullstr (1 tasks) w/ 1 CPUs. 7.500000 <= MDL < 9.000000. Timeout 999.124573.
(python) Launching tfullstr -> tfullstr (1 tasks) w/ 1 CPUs. 7.500000 <= MDL < 9.000000. Timeout 999.129018.
	(ocaml: 1 CPUs. shatter: 1. |fringe| = 1. |finished| = 0.)
(python) Launching tfullstr -> tfullstr (1 tasks) w/ 1 CPUs. 7.500000 <= MDL < 9.000000. Timeout 999.132876.
	(ocaml: 1 CPUs. shatter: 1. |fringe| = 1. |finished| = 0.)
	(ocaml: 1 CPUs. shatter: 1. |fringe| = 1. |finished| = 0.)
(python) Launching tfullstr -> tfullstr (1 tasks) w/ 1 CPUs. 7.500000 <= MDL < 9.000000. Timeout 999.112161.
	(ocaml: 1 CPUs. shatter: 1. |fringe| = 1. |finished| = 0.)
(python) Launching tfullstr -> tfullstr (1 tasks) w/ 1 CPUs. 7.500000 <= MDL < 9.000000. Timeout 999.123322.
	(ocaml: 1 CPUs. shatter: 1. |fringe| = 1. |finished| = 0.)
(python) Launching tfullstr -> tfullstr (1 tasks) w/ 1 CPUs. 7.500000 <= MDL < 9.000000. Timeout 999.128265.
	(ocaml: 1 CPUs. shatter: 1. |fringe| = 1. |finished| = 0.)
	(ocaml: 1 CPUs. shatter: 1. |fringe| = 1. |finished| = 0.)
(python) Launching tfullstr -> tfullstr (1 tasks) w/ 1 CPUs. 7.500000 <= MDL < 9.000000. Timeout 999.128963.
	(ocaml: 1 CPUs. shatter: 1. |fringe| = 1. |finished| = 0.)
(python) Launching tfullstr -> tfullstr (1 tasks) w/ 1 CPUs. 7.500000 <= MDL < 9.000000. Timeout 999.106452.
	(ocaml: 1 CPUs. shatter: 1. |fringe| = 1. |finished| = 0.)
(python) Launching tfullstr -> tfullstr (1 tasks) w/ 1 CPUs. 7.500000 <= MDL < 9.000000. Timeout 999.119551.
(python) Launching tfullstr -> tfullstr (1 tasks) w/ 1 CPUs. 7.500000 <= MDL < 9.000000. Timeout 999.119260.
(python) Launching tfullstr -> tfullstr (1 tasks) w/ 1 CPUs. 7.500000 <= MDL < 9.000000. Timeout 999.119521.
	(ocaml: 1 CPUs. shatter: 1. |fringe| = 1. |finished| = 0.)
	(ocaml: 1 CPUs. shatter: 1. |fringe| = 1. |finished| = 0.)
(python) Launching tfullstr -> tfullstr (1 tasks) w/ 1 CPUs. 7.500000 <= MDL < 9.000000. Timeout 999.120171.
	(ocaml: 1 CPUs. shatter: 1. |fringe| = 1. |finished| = 0.)
(python) Launching tfullstr -> tfullstr (1 tasks) w/ 1 CPUs. 7.500000 <= MDL < 9.000000. Timeout 999.123597.
	(ocaml: 1 CPUs. shatter: 1. |fringe| = 1. |finished| = 0.)
(python) Launching tfullstr -> tfullstr (1 tasks) w/ 1 CPUs. 7.500000 <= MDL < 9.000000. Timeout 999.114084.
(python) Launching tfullstr -> tfullstr (1 tasks) w/ 1 CPUs. 7.500000 <= MDL < 9.000000. Timeout 999.117727.
	(ocaml: 1 CPUs. shatter: 1. |fringe| = 1. |finished| = 0.)
	(ocaml: 1 CPUs. shatter: 1. |fringe| = 1. |finished| = 0.)
(python) Launching tfullstr -> tfullstr (1 tasks) w/ 1 CPUs. 9.000000 <= MDL < 10.500000. Timeout 998.962765.
	(ocaml: 1 CPUs. shatter: 1. |fringe| = 1. |finished| = 0.)
(python) Launching tfullstr -> tfullstr (1 tasks) w/ 1 CPUs. 7.500000 <= MDL < 9.000000. Timeout 999.114125.
	(ocaml: 1 CPUs. shatter: 1. |fringe| = 1. |finished| = 0.)
(python) Launching tfullstr -> tfullstr (1 tasks) w/ 1 CPUs. 9.000000 <= MDL < 10.500000. Timeout 998.956676.
(python) Launching tfullstr -> tfullstr (1 tasks) w/ 1 CPUs. 9.000000 <= MDL < 10.500000. Timeout 998.939728.
	(ocaml: 1 CPUs. shatter: 1. |fringe| = 1. |finished| = 0.)
	(ocaml: 1 CPUs. shatter: 1. |fringe| = 1. |finished| = 0.)
(python) Launching tfullstr -> tfullstr (1 tasks) w/ 1 CPUs. 9.000000 <= MDL < 10.500000. Timeout 998.954827.
	(ocaml: 1 CPUs. shatter: 1. |fringe| = 1. |finished| = 0.)
(python) Launching tfullstr -> tfullstr (1 tasks) w/ 1 CPUs. 9.000000 <= MDL < 10.500000. Timeout 998.943194.
	(ocaml: 1 CPUs. shatter: 1. |fringe| = 1. |finished| = 0.)
(python) Launching tfullstr -> tfullstr (1 tasks) w/ 1 CPUs. 9.000000 <= MDL < 10.500000. Timeout 998.946385.
(python) Launching tfullstr -> tfullstr (1 tasks) w/ 1 CPUs. 9.000000 <= MDL < 10.500000. Timeout 998.958665.
	(ocaml: 1 CPUs. shatter: 1. |fringe| = 1. |finished| = 0.)
	(ocaml: 1 CPUs. shatter: 1. |fringe| = 1. |finished| = 0.)
(python) Launching tfullstr -> tfullstr (1 tasks) w/ 1 CPUs. 9.000000 <= MDL < 10.500000. Timeout 998.959183.
(python) Launching tfullstr -> tfullstr (1 tasks) w/ 1 CPUs. 9.000000 <= MDL < 10.500000. Timeout 998.936657.
	(ocaml: 1 CPUs. shatter: 1. |fringe| = 1. |finished| = 0.)
(python) Launching tfullstr -> tfullstr (1 tasks) w/ 1 CPUs. 9.000000 <= MDL < 10.500000. Timeout 998.935057.
	(ocaml: 1 CPUs. shatter: 1. |fringe| = 1. |finished| = 0.)
	(ocaml: 1 CPUs. shatter: 1. |fringe| = 1. |finished| = 0.)
(python) Launching tfullstr -> tfullstr (1 tasks) w/ 1 CPUs. 9.000000 <= MDL < 10.500000. Timeout 998.946984.
	(ocaml: 1 CPUs. shatter: 1. |fringe| = 1. |finished| = 0.)
	(ocaml: 1 CPUs. shatter: 1. |fringe| = 1. |finished| = 0.)
(python) Launching tfullstr -> tfullstr (1 tasks) w/ 1 CPUs. 9.000000 <= MDL < 10.500000. Timeout 998.945627.
	(ocaml: 1 CPUs. shatter: 1. |fringe| = 1. |finished| = 0.)
(python) Launching tfullstr -> tfullstr (1 tasks) w/ 1 CPUs. 9.000000 <= MDL < 10.500000. Timeout 998.956033.
	(ocaml: 1 CPUs. shatter: 1. |fringe| = 1. |finished| = 0.)
(python) Launching tfullstr -> tfullstr (1 tasks) w/ 1 CPUs. 9.000000 <= MDL < 10.500000. Timeout 998.938550.
	(ocaml: 1 CPUs. shatter: 1. |fringe| = 1. |finished| = 0.)
(python) Launching tfullstr -> tfullstr (1 tasks) w/ 1 CPUs. 9.000000 <= MDL < 10.500000. Timeout 998.948289.
	(ocaml: 1 CPUs. shatter: 1. |fringe| = 1. |finished| = 0.)
(python) Launching tfullstr -> tfullstr (1 tasks) w/ 1 CPUs. 9.000000 <= MDL < 10.500000. Timeout 998.930282.
(python) Launching tfullstr -> tfullstr (1 tasks) w/ 1 CPUs. 9.000000 <= MDL < 10.500000. Timeout 998.941230.
(python) Launching tfullstr -> tfullstr (1 tasks) w/ 1 CPUs. 9.000000 <= MDL < 10.500000. Timeout 998.946522.
	(ocaml: 1 CPUs. shatter: 1. |fringe| = 1. |finished| = 0.)
(python) Launching tfullstr -> tfullstr (1 tasks) w/ 1 CPUs. 9.000000 <= MDL < 10.500000. Timeout 998.948882.
	(ocaml: 1 CPUs. shatter: 1. |fringe| = 1. |finished| = 0.)
	(ocaml: 1 CPUs. shatter: 1. |fringe| = 1. |finished| = 0.)
(python) Launching tfullstr -> tfullstr (1 tasks) w/ 1 CPUs. 9.000000 <= MDL < 10.500000. Timeout 998.929647.
	(ocaml: 1 CPUs. shatter: 1. |fringe| = 1. |finished| = 0.)
	(ocaml: 1 CPUs. shatter: 1. |fringe| = 1. |finished| = 0.)
(python) Launching tfullstr -> tfullstr (1 tasks) w/ 1 CPUs. 9.000000 <= MDL < 10.500000. Timeout 998.940708.
	(ocaml: 1 CPUs. shatter: 1. |fringe| = 1. |finished| = 0.)
(python) Launching tfullstr -> tfullstr (1 tasks) w/ 1 CPUs. 9.000000 <= MDL < 10.500000. Timeout 998.945590.
(python) Launching tfullstr -> tfullstr (1 tasks) w/ 1 CPUs. 9.000000 <= MDL < 10.500000. Timeout 998.946982.
(python) Launching tfullstr -> tfullstr (1 tasks) w/ 1 CPUs. 9.000000 <= MDL < 10.500000. Timeout 998.927370.
	(ocaml: 1 CPUs. shatter: 1. |fringe| = 1. |finished| = 0.)
(python) Launching tfullstr -> tfullstr (1 tasks) w/ 1 CPUs. 9.000000 <= MDL < 10.500000. Timeout 998.942487.
(python) Launching tfullstr -> tfullstr (1 tasks) w/ 1 CPUs. 9.000000 <= MDL < 10.500000. Timeout 998.942479.
	(ocaml: 1 CPUs. shatter: 1. |fringe| = 1. |finished| = 0.)
	(ocaml: 1 CPUs. shatter: 1. |fringe| = 1. |finished| = 0.)
	(ocaml: 1 CPUs. shatter: 1. |fringe| = 1. |finished| = 0.)
(python) Launching tfullstr -> tfullstr (1 tasks) w/ 1 CPUs. 9.000000 <= MDL < 10.500000. Timeout 998.941003.
(python) Launching tfullstr -> tfullstr (1 tasks) w/ 1 CPUs. 9.000000 <= MDL < 10.500000. Timeout 998.941313.
	(ocaml: 1 CPUs. shatter: 1. |fringe| = 1. |finished| = 0.)
	(ocaml: 1 CPUs. shatter: 1. |fringe| = 1. |finished| = 0.)
(python) Launching tfullstr -> tfullstr (1 tasks) w/ 1 CPUs. 9.000000 <= MDL < 10.500000. Timeout 998.939881.
(python) Launching tfullstr -> tfullstr (1 tasks) w/ 1 CPUs. 9.000000 <= MDL < 10.500000. Timeout 998.939033.
	(ocaml: 1 CPUs. shatter: 1. |fringe| = 1. |finished| = 0.)
	(ocaml: 1 CPUs. shatter: 1. |fringe| = 1. |finished| = 0.)
(python) Launching tfullstr -> tfullstr (1 tasks) w/ 1 CPUs. 9.000000 <= MDL < 10.500000. Timeout 998.937190.
	(ocaml: 1 CPUs. shatter: 1. |fringe| = 1. |finished| = 0.)
(python) Launching tfullstr -> tfullstr (1 tasks) w/ 1 CPUs. 10.500000 <= MDL < 12.000000. Timeout 998.781896.
	(ocaml: 1 CPUs. shatter: 1. |fringe| = 1. |finished| = 0.)
(python) Launching tfullstr -> tfullstr (1 tasks) w/ 2 CPUs. 9.000000 <= MDL < 10.500000. Timeout 998.932962.
	(ocaml: 1 CPUs. shatter: 1. |fringe| = 1. |finished| = 0.)
(python) Launching tfullstr -> tfullstr (1 tasks) w/ 1 CPUs. 10.500000 <= MDL < 12.000000. Timeout 998.762124.
	(ocaml: 1 CPUs. shatter: 1. |fringe| = 1. |finished| = 0.)
	(ocaml: 1 CPUs. shatter: 1. |fringe| = 1. |finished| = 0.)
(python) Launching tfullstr -> tfullstr (1 tasks) w/ 1 CPUs. 10.500000 <= MDL < 12.000000. Timeout 998.773533.
(python) Launching tfullstr -> tfullstr (1 tasks) w/ 1 CPUs. 10.500000 <= MDL < 12.000000. Timeout 998.773442.
	(ocaml: 1 CPUs. shatter: 1. |fringe| = 1. |finished| = 0.)
(python) Launching tfullstr -> tfullstr (1 tasks) w/ 1 CPUs. 10.500000 <= MDL < 12.000000. Timeout 998.789760.
	(ocaml: 2 CPUs. shatter: 20. |fringe| = 43. |finished| = 0.)
	(ocaml: 1 CPUs. shatter: 1. |fringe| = 1. |finished| = 0.)
(python) Launching tfullstr -> tfullstr (1 tasks) w/ 1 CPUs. 10.500000 <= MDL < 12.000000. Timeout 998.765813.
(python) Launching tfullstr -> tfullstr (1 tasks) w/ 1 CPUs. 10.500000 <= MDL < 12.000000. Timeout 998.785310.
(python) Launching tfullstr -> tfullstr (1 tasks) w/ 1 CPUs. 10.500000 <= MDL < 12.000000. Timeout 998.762051.
	(ocaml: 1 CPUs. shatter: 1. |fringe| = 1. |finished| = 0.)
	(ocaml: 1 CPUs. shatter: 1. |fringe| = 1. |finished| = 0.)
(python) Launching tfullstr -> tfullstr (1 tasks) w/ 1 CPUs. 10.500000 <= MDL < 12.000000. Timeout 998.760853.
	(ocaml: 1 CPUs. shatter: 1. |fringe| = 1. |finished| = 0.)
(python) Launching tfullstr -> tfullstr (1 tasks) w/ 1 CPUs. 10.500000 <= MDL < 12.000000. Timeout 998.770365.
	(ocaml: 1 CPUs. shatter: 1. |fringe| = 1. |finished| = 0.)
(python) Launching tfullstr -> tfullstr (1 tasks) w/ 1 CPUs. 10.500000 <= MDL < 12.000000. Timeout 998.769104.
	(ocaml: 1 CPUs. shatter: 1. |fringe| = 1. |finished| = 0.)
	(ocaml: 1 CPUs. shatter: 1. |fringe| = 1. |finished| = 0.)
(python) Launching tfullstr -> tfullstr (1 tasks) w/ 1 CPUs. 10.500000 <= MDL < 12.000000. Timeout 998.770544.
(python) Launching tfullstr -> tfullstr (1 tasks) w/ 1 CPUs. 10.500000 <= MDL < 12.000000. Timeout 998.776451.
	(ocaml: 1 CPUs. shatter: 1. |fringe| = 1. |finished| = 0.)
(python) Launching tfullstr -> tfullstr (1 tasks) w/ 1 CPUs. 10.500000 <= MDL < 12.000000. Timeout 998.764621.
	(ocaml: 1 CPUs. shatter: 1. |fringe| = 1. |finished| = 0.)
(python) Launching tfullstr -> tfullstr (1 tasks) w/ 1 CPUs. 10.500000 <= MDL < 12.000000. Timeout 998.775501.
	(ocaml: 1 CPUs. shatter: 1. |fringe| = 1. |finished| = 0.)
	(ocaml: 1 CPUs. shatter: 1. |fringe| = 1. |finished| = 0.)
(python) Launching tfullstr -> tfullstr (1 tasks) w/ 2 CPUs. 10.500000 <= MDL < 12.000000. Timeout 998.777881.
(python) Launching tfullstr -> tfullstr (1 tasks) w/ 1 CPUs. 10.500000 <= MDL < 12.000000. Timeout 998.769181.
	(ocaml: 1 CPUs. shatter: 1. |fringe| = 1. |finished| = 0.)
(python) Launching tfullstr -> tfullstr (1 tasks) w/ 1 CPUs. 10.500000 <= MDL < 12.000000. Timeout 998.781782.
	(ocaml: 1 CPUs. shatter: 1. |fringe| = 1. |finished| = 0.)
	(ocaml: 1 CPUs. shatter: 1. |fringe| = 1. |finished| = 0.)
(python) Launching tfullstr -> tfullstr (1 tasks) w/ 1 CPUs. 10.500000 <= MDL < 12.000000. Timeout 998.771834.
(python) Launching tfullstr -> tfullstr (1 tasks) w/ 1 CPUs. 10.500000 <= MDL < 12.000000. Timeout 998.788455.
	(ocaml: 1 CPUs. shatter: 1. |fringe| = 1. |finished| = 0.)
(python) Launching tfullstr -> tfullstr (1 tasks) w/ 1 CPUs. 10.500000 <= MDL < 12.000000. Timeout 998.776844.
(python) Launching tfullstr -> tfullstr (1 tasks) w/ 1 CPUs. 10.500000 <= MDL < 12.000000. Timeout 998.763559.
	(ocaml: 1 CPUs. shatter: 1. |fringe| = 1. |finished| = 0.)
	(ocaml: 2 CPUs. shatter: 20. |fringe| = 43. |finished| = 0.)
	(ocaml: 1 CPUs. shatter: 1. |fringe| = 1. |finished| = 0.)
(python) Launching tfullstr -> tfullstr (1 tasks) w/ 1 CPUs. 10.500000 <= MDL < 12.000000. Timeout 998.774182.
(python) Launching tfullstr -> tfullstr (1 tasks) w/ 1 CPUs. 10.500000 <= MDL < 12.000000. Timeout 998.774390.
(python) Launching tfullstr -> tfullstr (1 tasks) w/ 1 CPUs. 10.500000 <= MDL < 12.000000. Timeout 998.773908.
	(ocaml: 1 CPUs. shatter: 1. |fringe| = 1. |finished| = 0.)
	(ocaml: 1 CPUs. shatter: 1. |fringe| = 1. |finished| = 0.)
	(ocaml: 1 CPUs. shatter: 1. |fringe| = 1. |finished| = 0.)
(python) Launching tfullstr -> tfullstr (1 tasks) w/ 1 CPUs. 10.500000 <= MDL < 12.000000. Timeout 998.771351.
(python) Launching tfullstr -> tfullstr (1 tasks) w/ 1 CPUs. 10.500000 <= MDL < 12.000000. Timeout 998.771428.
(python) Launching tfullstr -> tfullstr (1 tasks) w/ 1 CPUs. 10.500000 <= MDL < 12.000000. Timeout 998.771142.
	(ocaml: 1 CPUs. shatter: 1. |fringe| = 1. |finished| = 0.)
	(ocaml: 1 CPUs. shatter: 1. |fringe| = 1. |finished| = 0.)
(python) Launching tfullstr -> tfullstr (1 tasks) w/ 1 CPUs. 10.500000 <= MDL < 12.000000. Timeout 998.768623.
	(ocaml: 1 CPUs. shatter: 1. |fringe| = 1. |finished| = 0.)
(python) Launching tfullstr -> tfullstr (1 tasks) w/ 1 CPUs. 12.000000 <= MDL < 13.500000. Timeout 998.612835.
	(ocaml: 1 CPUs. shatter: 1. |fringe| = 1. |finished| = 0.)
	(ocaml: 1 CPUs. shatter: 1. |fringe| = 1. |finished| = 0.)
(python) Launching tfullstr -> tfullstr (1 tasks) w/ 1 CPUs. 12.000000 <= MDL < 13.500000. Timeout 998.616081.
(python) Launching tfullstr -> tfullstr (1 tasks) w/ 1 CPUs. 12.000000 <= MDL < 13.500000. Timeout 998.590141.
	(ocaml: 1 CPUs. shatter: 1. |fringe| = 1. |finished| = 0.)
(python) Launching tfullstr -> tfullstr (1 tasks) w/ 1 CPUs. 12.000000 <= MDL < 13.500000. Timeout 998.605333.
	(ocaml: 1 CPUs. shatter: 1. |fringe| = 1. |finished| = 0.)
(python) Launching tfullstr -> tfullstr (1 tasks) w/ 2 CPUs. 10.500000 <= MDL < 12.000000. Timeout 998.742769.
	(ocaml: 1 CPUs. shatter: 1. |fringe| = 1. |finished| = 0.)
	(ocaml: 1 CPUs. shatter: 1. |fringe| = 1. |finished| = 0.)
(python) Launching tfullstr -> tfullstr (1 tasks) w/ 1 CPUs. 12.000000 <= MDL < 13.500000. Timeout 998.614797.
	(ocaml: 1 CPUs. shatter: 1. |fringe| = 1. |finished| = 0.)
(python) Launching tfullstr -> tfullstr (1 tasks) w/ 1 CPUs. 12.000000 <= MDL < 13.500000. Timeout 998.615677.
	(ocaml: 1 CPUs. shatter: 1. |fringe| = 1. |finished| = 0.)
(python) Launching tfullstr -> tfullstr (1 tasks) w/ 1 CPUs. 12.000000 <= MDL < 13.500000. Timeout 998.584425.
(python) Launching tfullstr -> tfullstr (1 tasks) w/ 1 CPUs. 12.000000 <= MDL < 13.500000. Timeout 998.584451.
	(ocaml: 2 CPUs. shatter: 20. |fringe| = 43. |finished| = 0.)
(python) Launching tfullstr -> tfullstr (1 tasks) w/ 1 CPUs. 12.000000 <= MDL < 13.500000. Timeout 998.600858.
	(ocaml: 1 CPUs. shatter: 1. |fringe| = 1. |finished| = 0.)
	(ocaml: 1 CPUs. shatter: 1. |fringe| = 1. |finished| = 0.)
(python) Launching tfullstr -> tfullstr (1 tasks) w/ 1 CPUs. 12.000000 <= MDL < 13.500000. Timeout 998.576126.
	(ocaml: 1 CPUs. shatter: 1. |fringe| = 1. |finished| = 0.)
(python) Launching tfullstr -> tfullstr (1 tasks) w/ 1 CPUs. 12.000000 <= MDL < 13.500000. Timeout 998.598676.
(python) Launching tfullstr -> tfullstr (1 tasks) w/ 1 CPUs. 12.000000 <= MDL < 13.500000. Timeout 998.586662.
	(ocaml: 1 CPUs. shatter: 1. |fringe| = 1. |finished| = 0.)
	(ocaml: 1 CPUs. shatter: 1. |fringe| = 1. |finished| = 0.)
(python) Launching tfullstr -> tfullstr (1 tasks) w/ 1 CPUs. 12.000000 <= MDL < 13.500000. Timeout 998.598738.
(python) Launching tfullstr -> tfullstr (1 tasks) w/ 1 CPUs. 12.000000 <= MDL < 13.500000. Timeout 998.586177.
	(ocaml: 1 CPUs. shatter: 1. |fringe| = 1. |finished| = 0.)
(python) Launching tfullstr -> tfullstr (1 tasks) w/ 1 CPUs. 12.000000 <= MDL < 13.500000. Timeout 998.595539.
	(ocaml: 1 CPUs. shatter: 1. |fringe| = 1. |finished| = 0.)
(python) Launching tfullstr -> tfullstr (1 tasks) w/ 1 CPUs. 12.000000 <= MDL < 13.500000. Timeout 998.592270.
	(ocaml: 1 CPUs. shatter: 1. |fringe| = 1. |finished| = 0.)
(python) Launching tfullstr -> tfullstr (1 tasks) w/ 1 CPUs. 12.000000 <= MDL < 13.500000. Timeout 998.603790.
(python) Launching tfullstr -> tfullstr (1 tasks) w/ 2 CPUs. 12.000000 <= MDL < 13.500000. Timeout 998.582060.
	(ocaml: 1 CPUs. shatter: 1. |fringe| = 1. |finished| = 0.)
	(ocaml: 1 CPUs. shatter: 1. |fringe| = 1. |finished| = 0.)
	(ocaml: 1 CPUs. shatter: 1. |fringe| = 1. |finished| = 0.)
(python) Launching tfullstr -> tfullstr (1 tasks) w/ 1 CPUs. 12.000000 <= MDL < 13.500000. Timeout 998.607779.
(python) Launching tfullstr -> tfullstr (1 tasks) w/ 1 CPUs. 12.000000 <= MDL < 13.500000. Timeout 998.581314.
	(ocaml: 1 CPUs. shatter: 1. |fringe| = 1. |finished| = 0.)
	(ocaml: 1 CPUs. shatter: 1. |fringe| = 1. |finished| = 0.)
(python) Launching tfullstr -> tfullstr (1 tasks) w/ 1 CPUs. 12.000000 <= MDL < 13.500000. Timeout 998.591697.
(python) Launching tfullstr -> tfullstr (1 tasks) w/ 1 CPUs. 12.000000 <= MDL < 13.500000. Timeout 998.577219.
(python) Launching tfullstr -> tfullstr (1 tasks) w/ 1 CPUs. 12.000000 <= MDL < 13.500000. Timeout 998.591586.
	(ocaml: 1 CPUs. shatter: 1. |fringe| = 1. |finished| = 0.)
(python) Launching tfullstr -> tfullstr (1 tasks) w/ 1 CPUs. 13.500000 <= MDL < 15.000000. Timeout 998.498940.
	(ocaml: 2 CPUs. shatter: 20. |fringe| = 43. |finished| = 0.)
	(ocaml: 1 CPUs. shatter: 1. |fringe| = 1. |finished| = 0.)
	(ocaml: 1 CPUs. shatter: 1. |fringe| = 1. |finished| = 0.)
(python) Launching tfullstr -> tfullstr (1 tasks) w/ 1 CPUs. 12.000000 <= MDL < 13.500000. Timeout 998.587533.
	(ocaml: 1 CPUs. shatter: 1. |fringe| = 1. |finished| = 0.)
(python) Launching tfullstr -> tfullstr (1 tasks) w/ 1 CPUs. 12.000000 <= MDL < 13.500000. Timeout 998.586342.
	(ocaml: 1 CPUs. shatter: 1. |fringe| = 1. |finished| = 0.)
(python) Launching tfullstr -> tfullstr (1 tasks) w/ 1 CPUs. 12.000000 <= MDL < 13.500000. Timeout 998.584608.
	(ocaml: 1 CPUs. shatter: 1. |fringe| = 1. |finished| = 0.)
(python) Launching tfullstr -> tfullstr (1 tasks) w/ 1 CPUs. 12.000000 <= MDL < 13.500000. Timeout 998.582453.
	(ocaml: 1 CPUs. shatter: 1. |fringe| = 1. |finished| = 0.)
(python) Launching tfullstr -> tfullstr (1 tasks) w/ 1 CPUs. 12.000000 <= MDL < 13.500000. Timeout 998.580362.
(python) Launching tfullstr -> tfullstr (1 tasks) w/ 1 CPUs. 13.500000 <= MDL < 15.000000. Timeout 998.425308.
	(ocaml: 1 CPUs. shatter: 1. |fringe| = 1. |finished| = 0.)
	(ocaml: 1 CPUs. shatter: 1. |fringe| = 1. |finished| = 0.)
(python) Launching tfullstr -> tfullstr (1 tasks) w/ 1 CPUs. 13.500000 <= MDL < 15.000000. Timeout 998.427741.
	(ocaml: 1 CPUs. shatter: 1. |fringe| = 1. |finished| = 0.)
(python) Launching tfullstr -> tfullstr (1 tasks) w/ 1 CPUs. 13.500000 <= MDL < 15.000000. Timeout 998.402102.
(python) Launching tfullstr -> tfullstr (1 tasks) w/ 1 CPUs. 13.500000 <= MDL < 15.000000. Timeout 998.418616.
	(ocaml: 1 CPUs. shatter: 1. |fringe| = 1. |finished| = 0.)
	(ocaml: 1 CPUs. shatter: 1. |fringe| = 1. |finished| = 0.)
(python) Launching tfullstr -> tfullstr (1 tasks) w/ 2 CPUs. 13.500000 <= MDL < 15.000000. Timeout 998.436983.
	(ocaml: 1 CPUs. shatter: 1. |fringe| = 1. |finished| = 0.)
(python) Launching tfullstr -> tfullstr (1 tasks) w/ 1 CPUs. 13.500000 <= MDL < 15.000000. Timeout 998.435782.
	(ocaml: 1 CPUs. shatter: 1. |fringe| = 1. |finished| = 0.)
(python) Launching tfullstr -> tfullstr (1 tasks) w/ 1 CPUs. 13.500000 <= MDL < 15.000000. Timeout 998.400761.
	(ocaml: 1 CPUs. shatter: 1. |fringe| = 1. |finished| = 0.)
(python) Launching tfullstr -> tfullstr (1 tasks) w/ 2 CPUs. 12.000000 <= MDL < 13.500000. Timeout 998.534325.
(python) Launching tfullstr -> tfullstr (1 tasks) w/ 2 CPUs. 13.500000 <= MDL < 15.000000. Timeout 998.400376.
	(ocaml: 1 CPUs. shatter: 1. |fringe| = 1. |finished| = 0.)
(python) Launching tfullstr -> tfullstr (1 tasks) w/ 2 CPUs. 13.500000 <= MDL < 15.000000. Timeout 998.434638.
	(ocaml: 2 CPUs. shatter: 20. |fringe| = 43. |finished| = 0.)
	(ocaml: 1 CPUs. shatter: 1. |fringe| = 1. |finished| = 0.)
(python) Launching tfullstr -> tfullstr (1 tasks) w/ 1 CPUs. 13.500000 <= MDL < 15.000000. Timeout 998.422345.
(python) Launching tfullstr -> tfullstr (1 tasks) w/ 1 CPUs. 13.500000 <= MDL < 15.000000. Timeout 998.406133.
(python) Launching tfullstr -> tfullstr (1 tasks) w/ 1 CPUs. 13.500000 <= MDL < 15.000000. Timeout 998.427327.
	(ocaml: 1 CPUs. shatter: 1. |fringe| = 1. |finished| = 0.)
	(ocaml: 2 CPUs. shatter: 20. |fringe| = 43. |finished| = 0.)
(python) Launching tfullstr -> tfullstr (1 tasks) w/ 1 CPUs. 13.500000 <= MDL < 15.000000. Timeout 998.427128.
(python) Launching tfullstr -> tfullstr (1 tasks) w/ 1 CPUs. 13.500000 <= MDL < 15.000000. Timeout 998.439255.
	(ocaml: 2 CPUs. shatter: 20. |fringe| = 43. |finished| = 0.)
(python) Launching tfullstr -> tfullstr (1 tasks) w/ 1 CPUs. 13.500000 <= MDL < 15.000000. Timeout 998.449621.
	(ocaml: 2 CPUs. shatter: 20. |fringe| = 44. |finished| = 0.)
	(ocaml: 1 CPUs. shatter: 1. |fringe| = 1. |finished| = 0.)
(python) Launching tfullstr -> tfullstr (1 tasks) w/ 1 CPUs. 13.500000 <= MDL < 15.000000. Timeout 998.419934.
	(ocaml: 1 CPUs. shatter: 1. |fringe| = 1. |finished| = 0.)
(python) Launching tfullstr -> tfullstr (1 tasks) w/ 1 CPUs. 13.500000 <= MDL < 15.000000. Timeout 998.428925.
	(ocaml: 1 CPUs. shatter: 1. |fringe| = 1. |finished| = 0.)
	(ocaml: 1 CPUs. shatter: 1. |fringe| = 1. |finished| = 0.)
(python) Launching tfullstr -> tfullstr (1 tasks) w/ 2 CPUs. 13.500000 <= MDL < 15.000000. Timeout 998.394809.
(python) Launching tfullstr -> tfullstr (1 tasks) w/ 1 CPUs. 13.500000 <= MDL < 15.000000. Timeout 998.402366.
	(ocaml: 1 CPUs. shatter: 1. |fringe| = 1. |finished| = 0.)
(python) Launching tfullstr -> tfullstr (1 tasks) w/ 1 CPUs. 13.500000 <= MDL < 15.000000. Timeout 998.412274.
	(ocaml: 1 CPUs. shatter: 1. |fringe| = 1. |finished| = 0.)
	(ocaml: 1 CPUs. shatter: 1. |fringe| = 1. |finished| = 0.)
(python) Launching tfullstr -> tfullstr (1 tasks) w/ 1 CPUs. 13.500000 <= MDL < 15.000000. Timeout 998.419386.
	(ocaml: 1 CPUs. shatter: 1. |fringe| = 1. |finished| = 0.)
(python) Launching tfullstr -> tfullstr (1 tasks) w/ 1 CPUs. 13.500000 <= MDL < 15.000000. Timeout 998.417808.
	(ocaml: 2 CPUs. shatter: 20. |fringe| = 43. |finished| = 0.)
(python) Launching tfullstr -> tfullstr (1 tasks) w/ 1 CPUs. 13.500000 <= MDL < 15.000000. Timeout 998.400020.
(python) Launching tfullstr -> tfullstr (1 tasks) w/ 1 CPUs. 15.000000 <= MDL < 16.500000. Timeout 998.298832.
(python) Launching tfullstr -> tfullstr (1 tasks) w/ 1 CPUs. 13.500000 <= MDL < 15.000000. Timeout 998.404867.
	(ocaml: 1 CPUs. shatter: 1. |fringe| = 1. |finished| = 0.)
	(ocaml: 1 CPUs. shatter: 1. |fringe| = 1. |finished| = 0.)
(python) Launching tfullstr -> tfullstr (1 tasks) w/ 1 CPUs. 13.500000 <= MDL < 15.000000. Timeout 998.401449.
(python) Launching tfullstr -> tfullstr (1 tasks) w/ 1 CPUs. 15.000000 <= MDL < 16.500000. Timeout 998.245379.
	(ocaml: 1 CPUs. shatter: 1. |fringe| = 1. |finished| = 0.)
(python) Launching tfullstr -> tfullstr (1 tasks) w/ 2 CPUs. 15.000000 <= MDL < 16.500000. Timeout 998.250240.
	(ocaml: 1 CPUs. shatter: 1. |fringe| = 1. |finished| = 0.)
	(ocaml: 1 CPUs. shatter: 1. |fringe| = 1. |finished| = 0.)
(python) Launching tfullstr -> tfullstr (1 tasks) w/ 1 CPUs. 15.000000 <= MDL < 16.500000. Timeout 998.276620.
	(ocaml: 1 CPUs. shatter: 1. |fringe| = 1. |finished| = 0.)
(python) Launching tfullstr -> tfullstr (1 tasks) w/ 2 CPUs. 15.000000 <= MDL < 16.500000. Timeout 998.266916.
	(ocaml: 1 CPUs. shatter: 1. |fringe| = 1. |finished| = 0.)
(python) Launching tfullstr -> tfullstr (1 tasks) w/ 1 CPUs. 15.000000 <= MDL < 16.500000. Timeout 998.210722.
	(ocaml: 1 CPUs. shatter: 1. |fringe| = 1. |finished| = 0.)
(python) Launching tfullstr -> tfullstr (1 tasks) w/ 1 CPUs. 15.000000 <= MDL < 16.500000. Timeout 998.274385.
	(ocaml: 1 CPUs. shatter: 1. |fringe| = 1. |finished| = 0.)
(python) Launching tfullstr -> tfullstr (1 tasks) w/ 2 CPUs. 15.000000 <= MDL < 16.500000. Timeout 998.273874.
	(ocaml: 2 CPUs. shatter: 20. |fringe| = 38. |finished| = 0.)
	(ocaml: 1 CPUs. shatter: 1. |fringe| = 1. |finished| = 0.)
(python) Launching tfullstr -> tfullstr (1 tasks) w/ 2 CPUs. 15.000000 <= MDL < 16.500000. Timeout 998.228282.
	(ocaml: 2 CPUs. shatter: 20. |fringe| = 43. |finished| = 0.)
(python) Launching tfullstr -> tfullstr (1 tasks) w/ 1 CPUs. 15.000000 <= MDL < 16.500000. Timeout 998.243831.
(python) Launching tfullstr -> tfullstr (1 tasks) w/ 1 CPUs. 15.000000 <= MDL < 16.500000. Timeout 998.264050.
	(ocaml: 1 CPUs. shatter: 1. |fringe| = 1. |finished| = 0.)
(python) Launching tfullstr -> tfullstr (1 tasks) w/ 1 CPUs. 15.000000 <= MDL < 16.500000. Timeout 998.262261.
	(ocaml: 1 CPUs. shatter: 1. |fringe| = 1. |finished| = 0.)
(python) Launching tfullstr -> tfullstr (1 tasks) w/ 1 CPUs. 15.000000 <= MDL < 16.500000. Timeout 998.271032.
	(ocaml: 2 CPUs. shatter: 20. |fringe| = 44. |finished| = 0.)
(python) Launching tfullstr -> tfullstr (1 tasks) w/ 1 CPUs. 15.000000 <= MDL < 16.500000. Timeout 998.282964.
(python) Launching tfullstr -> tfullstr (1 tasks) w/ 1 CPUs. 15.000000 <= MDL < 16.500000. Timeout 998.254357.
	(ocaml: 2 CPUs. shatter: 20. |fringe| = 43. |finished| = 0.)
	(ocaml: 1 CPUs. shatter: 1. |fringe| = 1. |finished| = 0.)
(python) Launching tfullstr -> tfullstr (1 tasks) w/ 1 CPUs. 15.000000 <= MDL < 16.500000. Timeout 998.170711.
	(ocaml: 1 CPUs. shatter: 1. |fringe| = 1. |finished| = 0.)
(python) Launching tfullstr -> tfullstr (1 tasks) w/ 1 CPUs. 15.000000 <= MDL < 16.500000. Timeout 998.253187.
	(ocaml: 1 CPUs. shatter: 1. |fringe| = 1. |finished| = 0.)
	(ocaml: 1 CPUs. shatter: 1. |fringe| = 1. |finished| = 0.)
(python) Launching tfullstr -> tfullstr (1 tasks) w/ 2 CPUs. 13.500000 <= MDL < 15.000000. Timeout 998.288574.
	(ocaml: 1 CPUs. shatter: 1. |fringe| = 1. |finished| = 0.)
(python) Launching tfullstr -> tfullstr (1 tasks) w/ 2 CPUs. 15.000000 <= MDL < 16.500000. Timeout 998.208355.
	(ocaml: 1 CPUs. shatter: 1. |fringe| = 1. |finished| = 0.)
(python) Launching tfullstr -> tfullstr (1 tasks) w/ 1 CPUs. 15.000000 <= MDL < 16.500000. Timeout 998.216115.
	(ocaml: 1 CPUs. shatter: 1. |fringe| = 1. |finished| = 0.)
(python) Launching tfullstr -> tfullstr (1 tasks) w/ 1 CPUs. 15.000000 <= MDL < 16.500000. Timeout 998.227477.
(python) Launching tfullstr -> tfullstr (1 tasks) w/ 1 CPUs. 15.000000 <= MDL < 16.500000. Timeout 998.237565.
	(ocaml: 1 CPUs. shatter: 1. |fringe| = 1. |finished| = 0.)
(python) Launching tfullstr -> tfullstr (1 tasks) w/ 1 CPUs. 15.000000 <= MDL < 16.500000. Timeout 998.236248.
(python) Launching tfullstr -> tfullstr (1 tasks) w/ 1 CPUs. 15.000000 <= MDL < 16.500000. Timeout 998.220188.
	(ocaml: 2 CPUs. shatter: 20. |fringe| = 43. |finished| = 0.)
(python) Launching tfullstr -> tfullstr (1 tasks) w/ 1 CPUs. 15.000000 <= MDL < 16.500000. Timeout 998.231592.
	(ocaml: 2 CPUs. shatter: 20. |fringe| = 43. |finished| = 0.)
(python) Launching tfullstr -> tfullstr (1 tasks) w/ 1 CPUs. 15.000000 <= MDL < 16.500000. Timeout 998.226539.
(python) Launching tfullstr -> tfullstr (1 tasks) w/ 1 CPUs. 16.500000 <= MDL < 18.000000. Timeout 998.115617.
(python) Launching tfullstr -> tfullstr (1 tasks) w/ 1 CPUs. 16.500000 <= MDL < 18.000000. Timeout 998.098111.
	(ocaml: 1 CPUs. shatter: 1. |fringe| = 1. |finished| = 0.)
	(ocaml: 1 CPUs. shatter: 1. |fringe| = 1. |finished| = 0.)
	(ocaml: 1 CPUs. shatter: 1. |fringe| = 1. |finished| = 0.)
	(ocaml: 1 CPUs. shatter: 1. |fringe| = 1. |finished| = 0.)
(python) Launching tfullstr -> tfullstr (1 tasks) w/ 2 CPUs. 16.500000 <= MDL < 18.000000. Timeout 998.068667.
(python) Launching tfullstr -> tfullstr (1 tasks) w/ 2 CPUs. 16.500000 <= MDL < 18.000000. Timeout 998.115515.
	(ocaml: 1 CPUs. shatter: 1. |fringe| = 1. |finished| = 0.)
(python) Launching tfullstr -> tfullstr (1 tasks) w/ 1 CPUs. 16.500000 <= MDL < 18.000000. Timeout 998.039245.
	(ocaml: 1 CPUs. shatter: 1. |fringe| = 1. |finished| = 0.)
	(ocaml: 1 CPUs. shatter: 1. |fringe| = 1. |finished| = 0.)
(python) Launching tfullstr -> tfullstr (1 tasks) w/ 2 CPUs. 16.500000 <= MDL < 18.000000. Timeout 998.072128.
	(ocaml: 1 CPUs. shatter: 1. |fringe| = 1. |finished| = 0.)
	(ocaml: 1 CPUs. shatter: 1. |fringe| = 1. |finished| = 0.)
(python) Launching tfullstr -> tfullstr (1 tasks) w/ 1 CPUs. 16.500000 <= MDL < 18.000000. Timeout 998.078230.
(python) Launching tfullstr -> tfullstr (1 tasks) w/ 1 CPUs. 16.500000 <= MDL < 18.000000. Timeout 998.121206.
	(ocaml: 2 CPUs. shatter: 20. |fringe| = 44. |finished| = 0.)
	(ocaml: 2 CPUs. shatter: 20. |fringe| = 38. |finished| = 0.)
	(ocaml: 1 CPUs. shatter: 1. |fringe| = 1. |finished| = 0.)
(python) Launching tfullstr -> tfullstr (1 tasks) w/ 1 CPUs. 16.500000 <= MDL < 18.000000. Timeout 998.068537.
(python) Launching tfullstr -> tfullstr (1 tasks) w/ 1 CPUs. 16.500000 <= MDL < 18.000000. Timeout 998.031282.
	(ocaml: 1 CPUs. shatter: 1. |fringe| = 1. |finished| = 0.)
	(ocaml: 2 CPUs. shatter: 20. |fringe| = 43. |finished| = 0.)
(python) Launching tfullstr -> tfullstr (1 tasks) w/ 1 CPUs. 16.500000 <= MDL < 18.000000. Timeout 998.070955.
(python) Launching tfullstr -> tfullstr (1 tasks) w/ 1 CPUs. 16.500000 <= MDL < 18.000000. Timeout 998.041552.
(python) Launching tfullstr -> tfullstr (1 tasks) w/ 1 CPUs. 16.500000 <= MDL < 18.000000. Timeout 998.045997.
(python) Launching tfullstr -> tfullstr (1 tasks) w/ 2 CPUs. 16.500000 <= MDL < 18.000000. Timeout 997.973495.
	(ocaml: 1 CPUs. shatter: 1. |fringe| = 1. |finished| = 0.)
	(ocaml: 1 CPUs. shatter: 1. |fringe| = 1. |finished| = 0.)
(python) Launching tfullstr -> tfullstr (1 tasks) w/ 1 CPUs. 16.500000 <= MDL < 18.000000. Timeout 998.046860.
(python) Launching tfullstr -> tfullstr (1 tasks) w/ 2 CPUs. 16.500000 <= MDL < 18.000000. Timeout 998.011640.
	(ocaml: 1 CPUs. shatter: 1. |fringe| = 1. |finished| = 0.)
(python) Launching tfullstr -> tfullstr (1 tasks) w/ 1 CPUs. 16.500000 <= MDL < 18.000000. Timeout 998.057414.
	(ocaml: 1 CPUs. shatter: 1. |fringe| = 1. |finished| = 0.)
	(ocaml: 1 CPUs. shatter: 1. |fringe| = 1. |finished| = 0.)
	(ocaml: 1 CPUs. shatter: 1. |fringe| = 1. |finished| = 0.)
(python) Launching tfullstr -> tfullstr (1 tasks) w/ 1 CPUs. 16.500000 <= MDL < 18.000000. Timeout 998.042977.
(python) Launching tfullstr -> tfullstr (1 tasks) w/ 1 CPUs. 16.500000 <= MDL < 18.000000. Timeout 997.999334.
	(ocaml: 2 CPUs. shatter: 20. |fringe| = 43. |finished| = 0.)
(python) Launching tfullstr -> tfullstr (1 tasks) w/ 1 CPUs. 16.500000 <= MDL < 18.000000. Timeout 998.038028.
(python) Launching tfullstr -> tfullstr (1 tasks) w/ 1 CPUs. 16.500000 <= MDL < 18.000000. Timeout 997.998713.
	(ocaml: 2 CPUs. shatter: 20. |fringe| = 43. |finished| = 0.)
	(ocaml: 1 CPUs. shatter: 1. |fringe| = 1. |finished| = 0.)
(python) Launching tfullstr -> tfullstr (1 tasks) w/ 1 CPUs. 16.500000 <= MDL < 18.000000. Timeout 998.010550.
(python) Launching tfullstr -> tfullstr (1 tasks) w/ 1 CPUs. 16.500000 <= MDL < 18.000000. Timeout 997.981806.
	(ocaml: 1 CPUs. shatter: 1. |fringe| = 1. |finished| = 0.)
	(ocaml: 1 CPUs. shatter: 1. |fringe| = 1. |finished| = 0.)
	(ocaml: 1 CPUs. shatter: 1. |fringe| = 1. |finished| = 0.)
(python) Launching tfullstr -> tfullstr (1 tasks) w/ 2 CPUs. 18.000000 <= MDL < 19.500000. Timeout 997.904125.
(python) Launching tfullstr -> tfullstr (1 tasks) w/ 1 CPUs. 16.500000 <= MDL < 18.000000. Timeout 997.811327.
	(ocaml: 1 CPUs. shatter: 1. |fringe| = 1. |finished| = 0.)
	(ocaml: 1 CPUs. shatter: 1. |fringe| = 1. |finished| = 0.)
	(ocaml: 1 CPUs. shatter: 1. |fringe| = 1. |finished| = 0.)
(python) Launching tfullstr -> tfullstr (1 tasks) w/ 2 CPUs. 18.000000 <= MDL < 19.500000. Timeout 997.801114.
	(ocaml: 1 CPUs. shatter: 1. |fringe| = 1. |finished| = 0.)
	(ocaml: 2 CPUs. shatter: 20. |fringe| = 44. |finished| = 0.)
(python) Launching tfullstr -> tfullstr (1 tasks) w/ 2 CPUs. 15.000000 <= MDL < 16.500000. Timeout 997.916750.
	(ocaml: 1 CPUs. shatter: 1. |fringe| = 1. |finished| = 0.)
	(ocaml: 2 CPUs. shatter: 20. |fringe| = 38. |finished| = 0.)
(python) Launching tfullstr -> tfullstr (1 tasks) w/ 2 CPUs. 18.000000 <= MDL < 19.500000. Timeout 997.724770.
	(ocaml: 2 CPUs. shatter: 20. |fringe| = 43. |finished| = 0.)
(python) Launching tfullstr -> tfullstr (1 tasks) w/ 1 CPUs. 18.000000 <= MDL < 19.500000. Timeout 997.703529.
(python) Launching tfullstr -> tfullstr (1 tasks) w/ 1 CPUs. 18.000000 <= MDL < 19.500000. Timeout 997.701360.
	(ocaml: 2 CPUs. shatter: 20. |fringe| = 43. |finished| = 0.)
(python) Launching tfullstr -> tfullstr (1 tasks) w/ 1 CPUs. 16.500000 <= MDL < 18.000000. Timeout 997.626089.
(python) Launching tfullstr -> tfullstr (1 tasks) w/ 1 CPUs. 18.000000 <= MDL < 19.500000. Timeout 997.703952.
	(ocaml: 1 CPUs. shatter: 1. |fringe| = 1. |finished| = 0.)
	(ocaml: 1 CPUs. shatter: 1. |fringe| = 1. |finished| = 0.)
(python) Launching tfullstr -> tfullstr (1 tasks) w/ 2 CPUs. 18.000000 <= MDL < 19.500000. Timeout 997.657845.
(python) Launching tfullstr -> tfullstr (1 tasks) w/ 1 CPUs. 18.000000 <= MDL < 19.500000. Timeout 997.645244.
	(ocaml: 1 CPUs. shatter: 1. |fringe| = 1. |finished| = 0.)
(python) Launching tfullstr -> tfullstr (1 tasks) w/ 1 CPUs. 18.000000 <= MDL < 19.500000. Timeout 997.536081.
	(ocaml: 1 CPUs. shatter: 1. |fringe| = 1. |finished| = 0.)
(python) Launching tfullstr -> tfullstr (1 tasks) w/ 1 CPUs. 18.000000 <= MDL < 19.500000. Timeout 997.657696.
(python) Launching tfullstr -> tfullstr (1 tasks) w/ 1 CPUs. 18.000000 <= MDL < 19.500000. Timeout 997.605083.
	(ocaml: 2 CPUs. shatter: 20. |fringe| = 43. |finished| = 0.)
(python) Launching tfullstr -> tfullstr (1 tasks) w/ 1 CPUs. 18.000000 <= MDL < 19.500000. Timeout 997.645505.
	(ocaml: 1 CPUs. shatter: 1. |fringe| = 1. |finished| = 0.)
	(ocaml: 1 CPUs. shatter: 1. |fringe| = 1. |finished| = 0.)
(python) Launching tfullstr -> tfullstr (1 tasks) w/ 1 CPUs. 18.000000 <= MDL < 19.500000. Timeout 997.483123.
	(ocaml: 1 CPUs. shatter: 1. |fringe| = 1. |finished| = 0.)
	(ocaml: 1 CPUs. shatter: 1. |fringe| = 1. |finished| = 0.)
	(ocaml: 1 CPUs. shatter: 1. |fringe| = 1. |finished| = 0.)
(python) Launching tfullstr -> tfullstr (1 tasks) w/ 1 CPUs. 18.000000 <= MDL < 19.500000. Timeout 997.528338.
(python) Launching tfullstr -> tfullstr (1 tasks) w/ 2 CPUs. 19.500000 <= MDL < 21.000000. Timeout 997.474498.
	(ocaml: 1 CPUs. shatter: 1. |fringe| = 1. |finished| = 0.)
(python) Launching tfullstr -> tfullstr (1 tasks) w/ 1 CPUs. 18.000000 <= MDL < 19.500000. Timeout 997.469339.
(python) Launching tfullstr -> tfullstr (1 tasks) w/ 1 CPUs. 18.000000 <= MDL < 19.500000. Timeout 997.474790.
	(ocaml: 1 CPUs. shatter: 1. |fringe| = 1. |finished| = 0.)
(python) Launching tfullstr -> tfullstr (1 tasks) w/ 1 CPUs. 18.000000 <= MDL < 19.500000. Timeout 997.489281.
	(ocaml: 2 CPUs. shatter: 20. |fringe| = 44. |finished| = 0.)
(python) Launching tfullstr -> tfullstr (1 tasks) w/ 1 CPUs. 18.000000 <= MDL < 19.500000. Timeout 997.413934.
	(ocaml: 1 CPUs. shatter: 1. |fringe| = 1. |finished| = 0.)
(python) Launching tfullstr -> tfullstr (1 tasks) w/ 2 CPUs. 18.000000 <= MDL < 19.500000. Timeout 997.350215.
(python) Launching tfullstr -> tfullstr (1 tasks) w/ 1 CPUs. 18.000000 <= MDL < 19.500000. Timeout 997.454424.
	(ocaml: 1 CPUs. shatter: 1. |fringe| = 1. |finished| = 0.)
	(ocaml: 1 CPUs. shatter: 1. |fringe| = 1. |finished| = 0.)
	(ocaml: 1 CPUs. shatter: 1. |fringe| = 1. |finished| = 0.)
	(ocaml: 2 CPUs. shatter: 20. |fringe| = 43. |finished| = 0.)
(python) Launching tfullstr -> tfullstr (1 tasks) w/ 1 CPUs. 18.000000 <= MDL < 19.500000. Timeout 997.296021.
	(ocaml: 1 CPUs. shatter: 1. |fringe| = 1. |finished| = 0.)
(python) Launching tfullstr -> tfullstr (1 tasks) w/ 1 CPUs. 18.000000 <= MDL < 19.500000. Timeout 997.321859.
	(ocaml: 1 CPUs. shatter: 1. |fringe| = 1. |finished| = 0.)
	(ocaml: 1 CPUs. shatter: 1. |fringe| = 1. |finished| = 0.)
(python) Launching tfullstr -> tfullstr (1 tasks) w/ 1 CPUs. 18.000000 <= MDL < 19.500000. Timeout 997.085394.
(python) Launching tfullstr -> tfullstr (1 tasks) w/ 2 CPUs. 19.500000 <= MDL < 21.000000. Timeout 996.934714.
	(ocaml: 1 CPUs. shatter: 1. |fringe| = 1. |finished| = 0.)
	(ocaml: 2 CPUs. shatter: 20. |fringe| = 38. |finished| = 0.)
(python) Launching tfullstr -> tfullstr (1 tasks) w/ 2 CPUs. 19.500000 <= MDL < 21.000000. Timeout 996.710725.
(python) Launching tfullstr -> tfullstr (1 tasks) w/ 2 CPUs. 19.500000 <= MDL < 21.000000. Timeout 996.595328.
	(ocaml: 2 CPUs. shatter: 20. |fringe| = 43. |finished| = 0.)
	(ocaml: 2 CPUs. shatter: 20. |fringe| = 43. |finished| = 0.)
(python) Launching tfullstr -> tfullstr (1 tasks) w/ 2 CPUs. 16.500000 <= MDL < 18.000000. Timeout 996.582155.
	(ocaml: 2 CPUs. shatter: 20. |fringe| = 43. |finished| = 0.)
(python) Launching tfullstr -> tfullstr (1 tasks) w/ 1 CPUs. 19.500000 <= MDL < 21.000000. Timeout 996.475144.
(python) Launching tfullstr -> tfullstr (1 tasks) w/ 1 CPUs. 19.500000 <= MDL < 21.000000. Timeout 996.361943.
	(ocaml: 1 CPUs. shatter: 1. |fringe| = 1. |finished| = 0.)
(python) Launching tfullstr -> tfullstr (1 tasks) w/ 1 CPUs. 19.500000 <= MDL < 21.000000. Timeout 996.385122.
(python) Launching tfullstr -> tfullstr (1 tasks) w/ 1 CPUs. 19.500000 <= MDL < 21.000000. Timeout 996.281339.
	(ocaml: 1 CPUs. shatter: 1. |fringe| = 1. |finished| = 0.)
	(ocaml: 1 CPUs. shatter: 1. |fringe| = 1. |finished| = 0.)
	(ocaml: 1 CPUs. shatter: 1. |fringe| = 1. |finished| = 0.)
(python) Launching tfullstr -> tfullstr (1 tasks) w/ 1 CPUs. 19.500000 <= MDL < 21.000000. Timeout 996.194303.
	(ocaml: 1 CPUs. shatter: 1. |fringe| = 1. |finished| = 0.)
(python) Launching tfullstr -> tfullstr (1 tasks) w/ 2 CPUs. 21.000000 <= MDL < 22.500000. Timeout 996.100793.
(python) Launching tfullstr -> tfullstr (1 tasks) w/ 1 CPUs. 19.500000 <= MDL < 21.000000. Timeout 996.135621.
(python) Launching tfullstr -> tfullstr (1 tasks) w/ 1 CPUs. 18.000000 <= MDL < 19.500000. Timeout 995.960107.
	(ocaml: 2 CPUs. shatter: 20. |fringe| = 44. |finished| = 0.)
	(ocaml: 1 CPUs. shatter: 1. |fringe| = 1. |finished| = 0.)
(python) Launching tfullstr -> tfullstr (1 tasks) w/ 1 CPUs. 19.500000 <= MDL < 21.000000. Timeout 996.048684.
	(ocaml: 1 CPUs. shatter: 1. |fringe| = 1. |finished| = 0.)
(python) Launching tfullstr -> tfullstr (1 tasks) w/ 1 CPUs. 19.500000 <= MDL < 21.000000. Timeout 995.844194.
	(ocaml: 1 CPUs. shatter: 1. |fringe| = 1. |finished| = 0.)
	(ocaml: 1 CPUs. shatter: 1. |fringe| = 1. |finished| = 0.)
(python) Launching tfullstr -> tfullstr (1 tasks) w/ 1 CPUs. 19.500000 <= MDL < 21.000000. Timeout 995.818044.
(python) Launching tfullstr -> tfullstr (1 tasks) w/ 1 CPUs. 19.500000 <= MDL < 21.000000. Timeout 995.744229.
	(ocaml: 1 CPUs. shatter: 1. |fringe| = 1. |finished| = 0.)
	(ocaml: 1 CPUs. shatter: 1. |fringe| = 1. |finished| = 0.)
(python) Launching tfullstr -> tfullstr (1 tasks) w/ 2 CPUs. 19.500000 <= MDL < 21.000000. Timeout 995.547772.
(python) Launching tfullstr -> tfullstr (1 tasks) w/ 1 CPUs. 18.000000 <= MDL < 19.500000. Timeout 995.483849.
	(ocaml: 2 CPUs. shatter: 20. |fringe| = 43. |finished| = 0.)
(python) Launching tfullstr -> tfullstr (1 tasks) w/ 1 CPUs. 19.500000 <= MDL < 21.000000. Timeout 995.486347.
(python) Launching tfullstr -> tfullstr (1 tasks) w/ 1 CPUs. 19.500000 <= MDL < 21.000000. Timeout 995.579165.
(python) Launching tfullstr -> tfullstr (1 tasks) w/ 1 CPUs. 19.500000 <= MDL < 21.000000. Timeout 995.518578.
	(ocaml: 1 CPUs. shatter: 1. |fringe| = 1. |finished| = 0.)
	(ocaml: 1 CPUs. shatter: 1. |fringe| = 1. |finished| = 0.)
	(ocaml: 1 CPUs. shatter: 1. |fringe| = 1. |finished| = 0.)
(python) Launching tfullstr -> tfullstr (1 tasks) w/ 1 CPUs. 19.500000 <= MDL < 21.000000. Timeout 995.463583.
(python) Launching tfullstr -> tfullstr (1 tasks) w/ 1 CPUs. 19.500000 <= MDL < 21.000000. Timeout 995.422766.
	(ocaml: 1 CPUs. shatter: 1. |fringe| = 1. |finished| = 0.)
	(ocaml: 1 CPUs. shatter: 1. |fringe| = 1. |finished| = 0.)
	(ocaml: 1 CPUs. shatter: 1. |fringe| = 1. |finished| = 0.)
(python) Launching tfullstr -> tfullstr (1 tasks) w/ 1 CPUs. 19.500000 <= MDL < 21.000000. Timeout 995.216549.
	(ocaml: 1 CPUs. shatter: 1. |fringe| = 1. |finished| = 0.)
(python) Launching tfullstr -> tfullstr (1 tasks) w/ 1 CPUs. 19.500000 <= MDL < 21.000000. Timeout 994.379359.
	(ocaml: 1 CPUs. shatter: 1. |fringe| = 1. |finished| = 0.)
(python) Launching tfullstr -> tfullstr (1 tasks) w/ 2 CPUs. 21.000000 <= MDL < 22.500000. Timeout 994.162113.
	(ocaml: 2 CPUs. shatter: 20. |fringe| = 38. |finished| = 0.)
(python) Launching tfullstr -> tfullstr (1 tasks) w/ 1 CPUs. 19.500000 <= MDL < 21.000000. Timeout 994.018196.
	(ocaml: 1 CPUs. shatter: 1. |fringe| = 1. |finished| = 0.)
(python) Launching tfullstr -> tfullstr (1 tasks) w/ 2 CPUs. 21.000000 <= MDL < 22.500000. Timeout 993.819465.
	(ocaml: 2 CPUs. shatter: 20. |fringe| = 43. |finished| = 0.)
(python) Launching tfullstr -> tfullstr (1 tasks) w/ 2 CPUs. 21.000000 <= MDL < 22.500000. Timeout 993.029938.
	(ocaml: 2 CPUs. shatter: 20. |fringe| = 43. |finished| = 0.)
(python) Launching tfullstr -> tfullstr (1 tasks) w/ 2 CPUs. 18.000000 <= MDL < 19.500000. Timeout 992.558769.
(python) Launching tfullstr -> tfullstr (1 tasks) w/ 1 CPUs. 21.000000 <= MDL < 22.500000. Timeout 992.520584.
	(ocaml: 2 CPUs. shatter: 20. |fringe| = 43. |finished| = 0.)
	(ocaml: 1 CPUs. shatter: 1. |fringe| = 1. |finished| = 0.)
(python) Launching tfullstr -> tfullstr (1 tasks) w/ 1 CPUs. 21.000000 <= MDL < 22.500000. Timeout 991.895647.
	(ocaml: 1 CPUs. shatter: 1. |fringe| = 1. |finished| = 0.)
(python) Launching tfullstr -> tfullstr (1 tasks) w/ 1 CPUs. 21.000000 <= MDL < 22.500000. Timeout 991.700434.
	(ocaml: 1 CPUs. shatter: 1. |fringe| = 1. |finished| = 0.)
(python) Launching tfullstr -> tfullstr (1 tasks) w/ 1 CPUs. 21.000000 <= MDL < 22.500000. Timeout 991.330421.
	(ocaml: 1 CPUs. shatter: 1. |fringe| = 1. |finished| = 0.)
(python) Launching tfullstr -> tfullstr (1 tasks) w/ 1 CPUs. 21.000000 <= MDL < 22.500000. Timeout 991.054381.
(python) Launching tfullstr -> tfullstr (1 tasks) w/ 1 CPUs. 19.500000 <= MDL < 21.000000. Timeout 990.899305.
	(ocaml: 1 CPUs. shatter: 1. |fringe| = 1. |finished| = 0.)
	(ocaml: 1 CPUs. shatter: 1. |fringe| = 1. |finished| = 0.)
(python) Launching tfullstr -> tfullstr (1 tasks) w/ 2 CPUs. 22.500000 <= MDL < 24.000000. Timeout 990.713349.
	(ocaml: 2 CPUs. shatter: 20. |fringe| = 44. |finished| = 0.)
(python) Launching tfullstr -> tfullstr (1 tasks) w/ 1 CPUs. 21.000000 <= MDL < 22.500000. Timeout 990.596783.
	(ocaml: 1 CPUs. shatter: 1. |fringe| = 1. |finished| = 0.)
(python) Launching tfullstr -> tfullstr (1 tasks) w/ 1 CPUs. 21.000000 <= MDL < 22.500000. Timeout 990.297233.
(python) Launching tfullstr -> tfullstr (1 tasks) w/ 1 CPUs. 21.000000 <= MDL < 22.500000. Timeout 990.237505.
	(ocaml: 1 CPUs. shatter: 1. |fringe| = 1. |finished| = 0.)
	(ocaml: 1 CPUs. shatter: 1. |fringe| = 1. |finished| = 0.)
(python) Launching tfullstr -> tfullstr (1 tasks) w/ 2 CPUs. 21.000000 <= MDL < 22.500000. Timeout 989.640131.
(python) Launching tfullstr -> tfullstr (1 tasks) w/ 1 CPUs. 21.000000 <= MDL < 22.500000. Timeout 989.639938.
	(ocaml: 2 CPUs. shatter: 20. |fringe| = 43. |finished| = 0.)
	(ocaml: 1 CPUs. shatter: 1. |fringe| = 1. |finished| = 0.)
(python) Launching tfullstr -> tfullstr (1 tasks) w/ 1 CPUs. 21.000000 <= MDL < 22.500000. Timeout 989.173517.
	(ocaml: 1 CPUs. shatter: 1. |fringe| = 1. |finished| = 0.)
(python) Launching tfullstr -> tfullstr (1 tasks) w/ 1 CPUs. 21.000000 <= MDL < 22.500000. Timeout 988.633930.
	(ocaml: 1 CPUs. shatter: 1. |fringe| = 1. |finished| = 0.)
(python) Launching tfullstr -> tfullstr (1 tasks) w/ 1 CPUs. 21.000000 <= MDL < 22.500000. Timeout 988.441465.
	(ocaml: 1 CPUs. shatter: 1. |fringe| = 1. |finished| = 0.)
(python) Launching tfullstr -> tfullstr (1 tasks) w/ 1 CPUs. 21.000000 <= MDL < 22.500000. Timeout 988.293883.
(python) Launching tfullstr -> tfullstr (1 tasks) w/ 1 CPUs. 21.000000 <= MDL < 22.500000. Timeout 988.140000.
	(ocaml: 1 CPUs. shatter: 1. |fringe| = 1. |finished| = 0.)
	(ocaml: 1 CPUs. shatter: 1. |fringe| = 1. |finished| = 0.)
(python) Launching tfullstr -> tfullstr (1 tasks) w/ 1 CPUs. 19.500000 <= MDL < 21.000000. Timeout 987.998004.
(python) Launching tfullstr -> tfullstr (1 tasks) w/ 1 CPUs. 21.000000 <= MDL < 22.500000. Timeout 988.060267.
	(ocaml: 1 CPUs. shatter: 1. |fringe| = 1. |finished| = 0.)
	(ocaml: 1 CPUs. shatter: 1. |fringe| = 1. |finished| = 0.)
(python) Launching tfullstr -> tfullstr (1 tasks) w/ 1 CPUs. 21.000000 <= MDL < 22.500000. Timeout 986.809422.
	(ocaml: 1 CPUs. shatter: 1. |fringe| = 1. |finished| = 0.)
(python) Launching tfullstr -> tfullstr (1 tasks) w/ 1 CPUs. 21.000000 <= MDL < 22.500000. Timeout 986.128929.
	(ocaml: 1 CPUs. shatter: 1. |fringe| = 1. |finished| = 0.)
(python) Launching tfullstr -> tfullstr (1 tasks) w/ 1 CPUs. 21.000000 <= MDL < 22.500000. Timeout 985.506270.
	(ocaml: 1 CPUs. shatter: 1. |fringe| = 1. |finished| = 0.)
(python) Launching tfullstr -> tfullstr (1 tasks) w/ 2 CPUs. 22.500000 <= MDL < 24.000000. Timeout 984.636355.
	(ocaml: 2 CPUs. shatter: 20. |fringe| = 38. |finished| = 0.)
(python) Launching tfullstr -> tfullstr (1 tasks) w/ 2 CPUs. 22.500000 <= MDL < 24.000000. Timeout 983.309465.
	(ocaml: 2 CPUs. shatter: 20. |fringe| = 43. |finished| = 0.)
(python) Launching tfullstr -> tfullstr (1 tasks) w/ 2 CPUs. 19.500000 <= MDL < 21.000000. Timeout 981.246264.
	(ocaml: 2 CPUs. shatter: 20. |fringe| = 43. |finished| = 0.)
(python) Launching tfullstr -> tfullstr (1 tasks) w/ 2 CPUs. 22.500000 <= MDL < 24.000000. Timeout 980.243627.
	(ocaml: 2 CPUs. shatter: 20. |fringe| = 43. |finished| = 0.)
(python) Launching tfullstr -> tfullstr (1 tasks) w/ 1 CPUs. 22.500000 <= MDL < 24.000000. Timeout 975.237176.
	(ocaml: 1 CPUs. shatter: 1. |fringe| = 1. |finished| = 0.)
(python) Launching tfullstr -> tfullstr (1 tasks) w/ 1 CPUs. 22.500000 <= MDL < 24.000000. Timeout 974.747703.
	(ocaml: 1 CPUs. shatter: 1. |fringe| = 1. |finished| = 0.)
(python) Launching tfullstr -> tfullstr (1 tasks) w/ 1 CPUs. 22.500000 <= MDL < 24.000000. Timeout 974.671729.
	(ocaml: 1 CPUs. shatter: 1. |fringe| = 1. |finished| = 0.)
(python) Launching tfullstr -> tfullstr (1 tasks) w/ 1 CPUs. 22.500000 <= MDL < 24.000000. Timeout 973.066467.
	(ocaml: 1 CPUs. shatter: 1. |fringe| = 1. |finished| = 0.)
(python) Launching tfullstr -> tfullstr (1 tasks) w/ 1 CPUs. 22.500000 <= MDL < 24.000000. Timeout 972.511169.
	(ocaml: 1 CPUs. shatter: 1. |fringe| = 1. |finished| = 0.)
(python) Launching tfullstr -> tfullstr (1 tasks) w/ 1 CPUs. 22.500000 <= MDL < 24.000000. Timeout 969.815589.
	(ocaml: 1 CPUs. shatter: 1. |fringe| = 1. |finished| = 0.)
(python) Launching tfullstr -> tfullstr (1 tasks) w/ 1 CPUs. 22.500000 <= MDL < 24.000000. Timeout 967.837277.
	(ocaml: 1 CPUs. shatter: 1. |fringe| = 1. |finished| = 0.)
(python) Launching tfullstr -> tfullstr (1 tasks) w/ 2 CPUs. 22.500000 <= MDL < 24.000000. Timeout 967.453882.
	(ocaml: 2 CPUs. shatter: 20. |fringe| = 43. |finished| = 0.)
(python) Launching tfullstr -> tfullstr (1 tasks) w/ 1 CPUs. 22.500000 <= MDL < 24.000000. Timeout 966.580066.
	(ocaml: 1 CPUs. shatter: 1. |fringe| = 1. |finished| = 0.)
(python) Launching tfullstr -> tfullstr (1 tasks) w/ 1 CPUs. 21.000000 <= MDL < 22.500000. Timeout 965.816065.
	(ocaml: 1 CPUs. shatter: 1. |fringe| = 1. |finished| = 0.)
(python) Launching tfullstr -> tfullstr (1 tasks) w/ 1 CPUs. 22.500000 <= MDL < 24.000000. Timeout 965.402203.
	(ocaml: 1 CPUs. shatter: 1. |fringe| = 1. |finished| = 0.)
(python) Launching tfullstr -> tfullstr (1 tasks) w/ 1 CPUs. 22.500000 <= MDL < 24.000000. Timeout 965.155652.
	(ocaml: 1 CPUs. shatter: 1. |fringe| = 1. |finished| = 0.)
(python) Launching tfullstr -> tfullstr (1 tasks) w/ 1 CPUs. 22.500000 <= MDL < 24.000000. Timeout 962.410519.
	(ocaml: 1 CPUs. shatter: 1. |fringe| = 1. |finished| = 0.)
(python) Launching tfullstr -> tfullstr (1 tasks) w/ 1 CPUs. 22.500000 <= MDL < 24.000000. Timeout 962.280454.
	(ocaml: 1 CPUs. shatter: 1. |fringe| = 1. |finished| = 0.)
(python) Launching tfullstr -> tfullstr (1 tasks) w/ 1 CPUs. 22.500000 <= MDL < 24.000000. Timeout 961.505370.
(python) Launching tfullstr -> tfullstr (1 tasks) w/ 1 CPUs. 22.500000 <= MDL < 24.000000. Timeout 961.440755.
	(ocaml: 1 CPUs. shatter: 1. |fringe| = 1. |finished| = 0.)
	(ocaml: 1 CPUs. shatter: 1. |fringe| = 1. |finished| = 0.)
(python) Launching tfullstr -> tfullstr (1 tasks) w/ 1 CPUs. 22.500000 <= MDL < 24.000000. Timeout 961.291123.
	(ocaml: 1 CPUs. shatter: 1. |fringe| = 1. |finished| = 0.)
(python) Launching tfullstr -> tfullstr (1 tasks) w/ 1 CPUs. 22.500000 <= MDL < 24.000000. Timeout 961.047805.
	(ocaml: 1 CPUs. shatter: 1. |fringe| = 1. |finished| = 0.)
(python) Launching tfullstr -> tfullstr (1 tasks) w/ 1 CPUs. 21.000000 <= MDL < 22.500000. Timeout 959.822087.
	(ocaml: 1 CPUs. shatter: 1. |fringe| = 1. |finished| = 0.)
(python) Launching tfullstr -> tfullstr (1 tasks) w/ 2 CPUs. 24.000000 <= MDL < 25.500000. Timeout 957.443802.
	(ocaml: 2 CPUs. shatter: 20. |fringe| = 44. |finished| = 0.)
(python) Launching tfullstr -> tfullstr (1 tasks) w/ 1 CPUs. 22.500000 <= MDL < 24.000000. Timeout 953.174374.
	(ocaml: 1 CPUs. shatter: 1. |fringe| = 1. |finished| = 0.)
(python) Launching tfullstr -> tfullstr (1 tasks) w/ 2 CPUs. 24.000000 <= MDL < 25.500000. Timeout 950.608339.
	(ocaml: 2 CPUs. shatter: 20. |fringe| = 38. |finished| = 0.)
(python) Launching tfullstr -> tfullstr (1 tasks) w/ 1 CPUs. 22.500000 <= MDL < 24.000000. Timeout 948.592526.
	(ocaml: 1 CPUs. shatter: 1. |fringe| = 1. |finished| = 0.)
(python) Launching tfullstr -> tfullstr (1 tasks) w/ 2 CPUs. 24.000000 <= MDL < 25.500000. Timeout 942.303155.
	(ocaml: 2 CPUs. shatter: 20. |fringe| = 43. |finished| = 0.)
(python) Launching tfullstr -> tfullstr (1 tasks) w/ 2 CPUs. 21.000000 <= MDL < 22.500000. Timeout 938.475145.
	(ocaml: 2 CPUs. shatter: 20. |fringe| = 43. |finished| = 0.)
(python) Launching tfullstr -> tfullstr (1 tasks) w/ 2 CPUs. 24.000000 <= MDL < 25.500000. Timeout 932.687054.
	(ocaml: 2 CPUs. shatter: 20. |fringe| = 43. |finished| = 0.)
(python) Launching tfullstr -> tfullstr (1 tasks) w/ 1 CPUs. 24.000000 <= MDL < 25.500000. Timeout 915.183011.
	(ocaml: 1 CPUs. shatter: 1. |fringe| = 1. |finished| = 0.)
(python) Launching tfullstr -> tfullstr (1 tasks) w/ 1 CPUs. 24.000000 <= MDL < 25.500000. Timeout 909.961747.
	(ocaml: 1 CPUs. shatter: 1. |fringe| = 1. |finished| = 0.)
(python) Launching tfullstr -> tfullstr (1 tasks) w/ 1 CPUs. 24.000000 <= MDL < 25.500000. Timeout 909.378307.
	(ocaml: 1 CPUs. shatter: 1. |fringe| = 1. |finished| = 0.)
(python) Launching tfullstr -> tfullstr (1 tasks) w/ 1 CPUs. 24.000000 <= MDL < 25.500000. Timeout 905.155772.
	(ocaml: 1 CPUs. shatter: 1. |fringe| = 1. |finished| = 0.)
(python) Launching tfullstr -> tfullstr (1 tasks) w/ 1 CPUs. 24.000000 <= MDL < 25.500000. Timeout 896.323795.
	(ocaml: 1 CPUs. shatter: 1. |fringe| = 1. |finished| = 0.)
(python) Launching tfullstr -> tfullstr (1 tasks) w/ 1 CPUs. 24.000000 <= MDL < 25.500000. Timeout 894.225522.
	(ocaml: 1 CPUs. shatter: 1. |fringe| = 1. |finished| = 0.)
(python) Launching tfullstr -> tfullstr (1 tasks) w/ 2 CPUs. 24.000000 <= MDL < 25.500000. Timeout 892.816090.
	(ocaml: 2 CPUs. shatter: 20. |fringe| = 43. |finished| = 0.)
(python) Launching tfullstr -> tfullstr (1 tasks) w/ 1 CPUs. 24.000000 <= MDL < 25.500000. Timeout 890.853101.
	(ocaml: 1 CPUs. shatter: 1. |fringe| = 1. |finished| = 0.)
(python) Launching tfullstr -> tfullstr (1 tasks) w/ 1 CPUs. 24.000000 <= MDL < 25.500000. Timeout 885.088982.
	(ocaml: 1 CPUs. shatter: 1. |fringe| = 1. |finished| = 0.)
(python) Launching tfullstr -> tfullstr (1 tasks) w/ 1 CPUs. 24.000000 <= MDL < 25.500000. Timeout 880.405138.
	(ocaml: 1 CPUs. shatter: 1. |fringe| = 1. |finished| = 0.)
(python) Launching tfullstr -> tfullstr (1 tasks) w/ 1 CPUs. 22.500000 <= MDL < 24.000000. Timeout 872.402984.
	(ocaml: 1 CPUs. shatter: 1. |fringe| = 1. |finished| = 0.)
(python) Launching tfullstr -> tfullstr (1 tasks) w/ 1 CPUs. 24.000000 <= MDL < 25.500000. Timeout 869.188992.
	(ocaml: 1 CPUs. shatter: 1. |fringe| = 1. |finished| = 0.)
(python) Launching tfullstr -> tfullstr (1 tasks) w/ 1 CPUs. 24.000000 <= MDL < 25.500000. Timeout 867.368865.
(python) Launching tfullstr -> tfullstr (1 tasks) w/ 1 CPUs. 24.000000 <= MDL < 25.500000. Timeout 867.368157.
	(ocaml: 1 CPUs. shatter: 1. |fringe| = 1. |finished| = 0.)
	(ocaml: 1 CPUs. shatter: 1. |fringe| = 1. |finished| = 0.)
(python) Launching tfullstr -> tfullstr (1 tasks) w/ 1 CPUs. 24.000000 <= MDL < 25.500000. Timeout 864.441632.
	(ocaml: 1 CPUs. shatter: 1. |fringe| = 1. |finished| = 0.)
(python) Launching tfullstr -> tfullstr (1 tasks) w/ 1 CPUs. 24.000000 <= MDL < 25.500000. Timeout 857.572710.
	(ocaml: 1 CPUs. shatter: 1. |fringe| = 1. |finished| = 0.)
(python) Launching tfullstr -> tfullstr (1 tasks) w/ 1 CPUs. 24.000000 <= MDL < 25.500000. Timeout 844.984751.
	(ocaml: 1 CPUs. shatter: 1. |fringe| = 1. |finished| = 0.)
(python) Launching tfullstr -> tfullstr (1 tasks) w/ 1 CPUs. 24.000000 <= MDL < 25.500000. Timeout 840.876822.
	(ocaml: 1 CPUs. shatter: 1. |fringe| = 1. |finished| = 0.)
(python) Launching tfullstr -> tfullstr (1 tasks) w/ 1 CPUs. 24.000000 <= MDL < 25.500000. Timeout 836.441464.
	(ocaml: 1 CPUs. shatter: 1. |fringe| = 1. |finished| = 0.)
(python) Launching tfullstr -> tfullstr (1 tasks) w/ 1 CPUs. 22.500000 <= MDL < 24.000000. Timeout 834.104494.
	(ocaml: 1 CPUs. shatter: 1. |fringe| = 1. |finished| = 0.)
(python) Launching tfullstr -> tfullstr (1 tasks) w/ 1 CPUs. 24.000000 <= MDL < 25.500000. Timeout 831.033460.
	(ocaml: 1 CPUs. shatter: 1. |fringe| = 1. |finished| = 0.)
(python) Launching tfullstr -> tfullstr (1 tasks) w/ 2 CPUs. 25.500000 <= MDL < 27.000000. Timeout 820.787546.
	(ocaml: 2 CPUs. shatter: 20. |fringe| = 44. |finished| = 0.)
(python) Launching tfullstr -> tfullstr (1 tasks) w/ 2 CPUs. 25.500000 <= MDL < 27.000000. Timeout 801.017892.
	(ocaml: 2 CPUs. shatter: 20. |fringe| = 38. |finished| = 0.)
(python) Launching tfullstr -> tfullstr (1 tasks) w/ 2 CPUs. 25.500000 <= MDL < 27.000000. Timeout 789.083510.
	(ocaml: 2 CPUs. shatter: 20. |fringe| = 43. |finished| = 0.)
(python) Launching tfullstr -> tfullstr (1 tasks) w/ 2 CPUs. 22.500000 <= MDL < 24.000000. Timeout 776.927610.
	(ocaml: 2 CPUs. shatter: 20. |fringe| = 43. |finished| = 0.)
(python) Launching tfullstr -> tfullstr (1 tasks) w/ 2 CPUs. 25.500000 <= MDL < 27.000000. Timeout 724.163256.
	(ocaml: 2 CPUs. shatter: 20. |fringe| = 43. |finished| = 0.)
(python) Launching tfullstr -> tfullstr (1 tasks) w/ 1 CPUs. 25.500000 <= MDL < 27.000000. Timeout 652.479708.
	(ocaml: 1 CPUs. shatter: 1. |fringe| = 1. |finished| = 0.)
(python) Launching tfullstr -> tfullstr (1 tasks) w/ 1 CPUs. 25.500000 <= MDL < 27.000000. Timeout 644.602994.
	(ocaml: 1 CPUs. shatter: 1. |fringe| = 1. |finished| = 0.)
(python) Launching tfullstr -> tfullstr (1 tasks) w/ 1 CPUs. 25.500000 <= MDL < 27.000000. Timeout 639.518762.
	(ocaml: 1 CPUs. shatter: 1. |fringe| = 1. |finished| = 0.)
(python) Launching tfullstr -> tfullstr (1 tasks) w/ 1 CPUs. 25.500000 <= MDL < 27.000000. Timeout 619.246346.
	(ocaml: 1 CPUs. shatter: 1. |fringe| = 1. |finished| = 0.)
(python) Launching tfullstr -> tfullstr (1 tasks) w/ 1 CPUs. 25.500000 <= MDL < 27.000000. Timeout 610.499921.
	(ocaml: 1 CPUs. shatter: 1. |fringe| = 1. |finished| = 0.)
(python) Launching tfullstr -> tfullstr (1 tasks) w/ 1 CPUs. 25.500000 <= MDL < 27.000000. Timeout 591.014953.
	(ocaml: 1 CPUs. shatter: 1. |fringe| = 1. |finished| = 0.)
(python) Launching tfullstr -> tfullstr (1 tasks) w/ 2 CPUs. 25.500000 <= MDL < 27.000000. Timeout 590.552585.
	(ocaml: 2 CPUs. shatter: 20. |fringe| = 43. |finished| = 0.)
(python) Launching tfullstr -> tfullstr (1 tasks) w/ 1 CPUs. 24.000000 <= MDL < 25.500000. Timeout 581.806602.
	(ocaml: 1 CPUs. shatter: 1. |fringe| = 1. |finished| = 0.)
(python) Launching tfullstr -> tfullstr (1 tasks) w/ 1 CPUs. 25.500000 <= MDL < 27.000000. Timeout 573.949307.
	(ocaml: 1 CPUs. shatter: 1. |fringe| = 1. |finished| = 0.)
(python) Launching tfullstr -> tfullstr (1 tasks) w/ 1 CPUs. 25.500000 <= MDL < 27.000000. Timeout 559.031900.
	(ocaml: 1 CPUs. shatter: 1. |fringe| = 1. |finished| = 0.)
(python) Launching tfullstr -> tfullstr (1 tasks) w/ 1 CPUs. 25.500000 <= MDL < 27.000000. Timeout 549.913068.
	(ocaml: 1 CPUs. shatter: 1. |fringe| = 1. |finished| = 0.)
(python) Launching tfullstr -> tfullstr (1 tasks) w/ 1 CPUs. 25.500000 <= MDL < 27.000000. Timeout 530.785023.
	(ocaml: 1 CPUs. shatter: 1. |fringe| = 1. |finished| = 0.)
(python) Launching tfullstr -> tfullstr (1 tasks) w/ 1 CPUs. 25.500000 <= MDL < 27.000000. Timeout 530.087945.
	(ocaml: 1 CPUs. shatter: 1. |fringe| = 1. |finished| = 0.)
(python) Launching tfullstr -> tfullstr (1 tasks) w/ 1 CPUs. 25.500000 <= MDL < 27.000000. Timeout 440.327718.
	(ocaml: 1 CPUs. shatter: 1. |fringe| = 1. |finished| = 0.)
(python) Launching tfullstr -> tfullstr (1 tasks) w/ 1 CPUs. 25.500000 <= MDL < 27.000000. Timeout 437.765688.
	(ocaml: 1 CPUs. shatter: 1. |fringe| = 1. |finished| = 0.)
(python) Launching tfullstr -> tfullstr (1 tasks) w/ 1 CPUs. 24.000000 <= MDL < 25.500000. Timeout 432.299037.
	(ocaml: 1 CPUs. shatter: 1. |fringe| = 1. |finished| = 0.)
(python) Launching tfullstr -> tfullstr (1 tasks) w/ 1 CPUs. 25.500000 <= MDL < 27.000000. Timeout 430.537954.
	(ocaml: 1 CPUs. shatter: 1. |fringe| = 1. |finished| = 0.)
(python) Launching tfullstr -> tfullstr (1 tasks) w/ 1 CPUs. 25.500000 <= MDL < 27.000000. Timeout 409.310078.
	(ocaml: 1 CPUs. shatter: 1. |fringe| = 1. |finished| = 0.)
(python) Launching tfullstr -> tfullstr (1 tasks) w/ 1 CPUs. 25.500000 <= MDL < 27.000000. Timeout 407.891125.
	(ocaml: 1 CPUs. shatter: 1. |fringe| = 1. |finished| = 0.)
(python) Launching tfullstr -> tfullstr (1 tasks) w/ 1 CPUs. 25.500000 <= MDL < 27.000000. Timeout 364.695503.
	(ocaml: 1 CPUs. shatter: 1. |fringe| = 1. |finished| = 0.)
(python) Launching tfullstr -> tfullstr (1 tasks) w/ 1 CPUs. 25.500000 <= MDL < 27.000000. Timeout 317.239955.
	(ocaml: 1 CPUs. shatter: 1. |fringe| = 1. |finished| = 0.)
(python) Launching tfullstr -> tfullstr (1 tasks) w/ 2 CPUs. 27.000000 <= MDL < 28.500000. Timeout 288.158384.
	(ocaml: 2 CPUs. shatter: 20. |fringe| = 38. |finished| = 0.)
(python) Launching tfullstr -> tfullstr (1 tasks) w/ 2 CPUs. 27.000000 <= MDL < 28.500000. Timeout 259.942840.
	(ocaml: 2 CPUs. shatter: 20. |fringe| = 44. |finished| = 0.)
(python) Launching tfullstr -> tfullstr (1 tasks) w/ 2 CPUs. 27.000000 <= MDL < 28.500000. Timeout 212.371235.
	(ocaml: 2 CPUs. shatter: 20. |fringe| = 43. |finished| = 0.)
(python) Launching tfullstr -> tfullstr (1 tasks) w/ 2 CPUs. 24.000000 <= MDL < 25.500000. Timeout 151.843248.
	(ocaml: 2 CPUs. shatter: 20. |fringe| = 43. |finished| = 0.)
(python) Launching tfullstr -> tfullstr (1 tasks) w/ 2 CPUs. 27.000000 <= MDL < 28.500000. Timeout 0.502042.
(python) Launching tfullstr -> tfullstr (1 tasks) w/ 11 CPUs. 25.500000 <= MDL < 27.000000. Timeout 0.506892.
	(ocaml: 2 CPUs. shatter: 20. |fringe| = 43. |finished| = 0.)
	(ocaml: 11 CPUs. shatter: 110. |fringe| = 123. |finished| = 0.)
We enumerated this many programs, for each task:
	 [62267984, 62000176, 53, 639, 115029546, 58414729, 1589, 134534646, 62292369, 120178066, 54529097, 56378940, 307, 57723607, 15300065, 52, 38583614, 37763134, 118969015, 53298052, 61866867, 56864864, 57033840, 59843242, 45581907, 145, 38131023, 54579430, 47886184, 50426071, 54093343, 120007856]
Wrote experiments_iterative/outputs/paperfaithful_init_seed111_20260507/domains/re2/dreamcoder/seed_111/dreamcoder_32/0/metrics.json
====================================
iteration: 0
amortized_synthesis : infer_programs_for_tasks
Completed in 1001.108s
====================================
============LOGGING FRONTIERS============
	 total_solved_tasks_train @ iteration 0: 6 / 491
	 total_solved_tasks_test @ iteration 0: 0 / 500
====================================
reset_task_frontiers for split: test
============LOGGING FRONTIERS============
	 total_solved_tasks_train @ iteration 0: 6 / 491
	 total_solved_tasks_test @ iteration 0: 0 / 500
====================================
============LOGGING MODEL_FN============
	iteration: 0
	experiment_block_type: model_fn
	model_type: grammar
	task_batch_sizes: ['all']
	run_every_n_iterations: 3
	task_splits: ['test']
	params: {'compute_likelihoods': True, 'compute_description_lengths': True, 'save_filename': 'test_likelihoods.json'}
	model_fn: evaluate_frontiers
task_ids test: 500 tasks: re2_test_0_if_the_word_ends_with_s_replace_that_with_m -- re2_test_499_if_there_is_consonant_replace_that_with_q_f
====================================
<original-workspace>/lilo_sec/.conda/envs/lilo/lib/python3.7/site-packages/numpy/core/fromnumeric.py:3441: RuntimeWarning: Mean of empty slice.
  out=out, **kwargs)
<original-workspace>/lilo_sec/.conda/envs/lilo/lib/python3.7/site-packages/numpy/core/_methods.py:189: RuntimeWarning: invalid value encountered in double_scalars
  ret = ret.dtype.type(ret / rcount)
EVALUATION: evaluate_frontiers : mean log likelihood of 0 programs in splits: ['test'] is: nan
EVALUATION: evaluate_frontiers : mean description length of 0 programs in splits: ['test'] is: nan
============Checkpointing frontiers to experiments_iterative/outputs/paperfaithful_init_seed111_20260507/domains/re2/dreamcoder/seed_111/dreamcoder_32/0/frontiers.json===========
============LOGGING MODEL_FN============
	iteration: 0
	experiment_block_type: model_fn
	model_type: library_learner
	task_batch_sizes: ['all']
	task_splits: ['train']
	params: {'max_arity': 3, 'iterations': 10, 'candidates_per_iteration': 1, 'include_samples': False, 'use_mdl_program': False, 'beta_reduce_programs': True, 'update_grammar': True, 'replace_existing_abstractions': True}
	model_fn: get_compressed_grammar_mdl_prior_rank
task_ids train: 491 tasks: re2_train_489_if_there_is_any_letter_consonant_replace_that_with_b -- re2_train_432_if_the_word_ends_with_vowel_any_letter_replace_that_with_h_i
====================================
Updated grammar (productions=42) with 6 new abstractions.
reset_task_frontiers for split: train
reset_samples for split: train
============LOGGING TASK_BATCHER============
Task batcher: random_shuffle_ordered_task_batcher
Initializing batcher over tasks: 
train tasks: 491
test tasks: 500
global_batch_size: 32
====================================
random_seed: 111
