2026-05-09 17:34:59,599 INFO:============LOGGING METADATA============
2026-05-09 17:34:59,599 INFO:	iteration: 0
2026-05-09 17:34:59,599 INFO:	human_readable: Autogenerated iterative experiment.
2026-05-09 17:34:59,599 INFO:	experiment_id: lilo_original_completion_96
2026-05-09 17:34:59,599 INFO:	encoder: re2
2026-05-09 17:34:59,599 INFO:	init_frontiers_every_iteration: False
2026-05-09 17:34:59,600 INFO:	enumeration_timeout: 1000
2026-05-09 17:34:59,600 INFO:	tasks_loader: re2
2026-05-09 17:34:59,600 INFO:	task_language_loader: re2_synthetic
2026-05-09 17:34:59,600 INFO:	timestamped_experiment_id: lilo_original_completion_96
2026-05-09 17:34:59,600 INFO:	init_grammar_from_checkpoint: False
2026-05-09 17:34:59,600 INFO:	init_frontiers_from_checkpoint: True
2026-05-09 17:34:59,600 INFO:	resume_checkpoint_directory: experiments_iterative/outputs/paperfaithful_init_seed111_20260507/domains/re2/dreamcoder/seed_111/dreamcoder_32
2026-05-09 17:34:59,600 INFO:	export_with_timestamp: False
2026-05-09 17:34:59,600 INFO:	ocaml_special_handler: re2
2026-05-09 17:34:59,600 INFO:	timestamp: 
2026-05-09 17:34:59,600 INFO:	curr_iteration: 0
2026-05-09 17:34:59,600 INFO:	global_batch_size: 96
2026-05-09 17:34:59,600 INFO:	experiment_name: dev_regex_batch96_firsttest_gpt35_instruct_original_completion_20260509
2026-05-09 17:34:59,600 INFO:	dsl_description_prefix: This is a domain-specific language for regular expressions that specify string transformations.
2026-05-09 17:34:59,600 INFO:	log_directory: experiments_iterative/logs/dev_regex_batch96_firsttest_gpt35_instruct_original_completion_20260509/domains/re2/lilo_original_completion/seed_111/lilo_original_completion_96
2026-05-09 17:34:59,600 INFO:	random_generator: Generator(PCG64)
2026-05-09 17:34:59,600 INFO:	export_directory: experiments_iterative/outputs/dev_regex_batch96_firsttest_gpt35_instruct_original_completion_20260509/domains/re2/lilo_original_completion/seed_111/lilo_original_completion_96
2026-05-09 17:34:59,600 INFO:	recognition_train_steps: 10000
2026-05-09 17:34:59,600 INFO:	random_seed: 111
2026-05-09 17:34:59,600 INFO:====================================
2026-05-09 17:34:59,600 INFO:reset_task_frontiers for split: test
2026-05-09 17:34:59,600 INFO:============LOGGING FRONTIERS============
2026-05-09 17:34:59,600 INFO:	 total_solved_tasks_train @ iteration 0: 6 / 491
2026-05-09 17:34:59,600 INFO:	 total_solved_tasks_test @ iteration 0: 0 / 500
2026-05-09 17:34:59,600 INFO:====================================
2026-05-09 17:34:59,600 INFO:============LOGGING MODEL_FN============
2026-05-09 17:34:59,600 INFO:	iteration: 0
2026-05-09 17:34:59,600 INFO:	experiment_block_type: model_fn
2026-05-09 17:34:59,600 INFO:	model_type: llm_solver
2026-05-09 17:34:59,600 INFO:	params: {'temperature': 0.9, 'max_tokens_completion_beta': 4.0, 'function_name_classes': ['human_readable', 'default'], 'body_task_selection': 'random', 'n_samples_per_query': 4, 'n_queries_per_task': 4, 'body_task_types': ['language', 'programs'], 'final_task_types': ['language'], 'prepend_dsl_description': True, 'verbose': False}
2026-05-09 17:34:59,600 INFO:	task_split: train
2026-05-09 17:34:59,600 INFO:	model_fn: infer_programs_for_tasks
2026-05-09 17:34:59,600 INFO:	task_batch_size: global_batch_size
2026-05-09 17:34:59,600 INFO:task_ids: 96 tasks: re2_train_489_if_there_is_any_letter_consonant_replace_that_with_b -- re2_train_185_if_the_word_ends_with_consonant_replace_that_with_a_o
2026-05-09 17:34:59,600 INFO:====================================
2026-05-09 17:35:00,757 INFO:[TASK 0/96 QUERY 0/4]: re2_train_489_if_there_is_any_letter_consonant_replace_that_with_b
2026-05-09 17:35:00,757 INFO:Tasks solved so far: 0/1
2026-05-09 17:35:02,282 INFO:[TASK 0/96 QUERY 1/4]: re2_train_489_if_there_is_any_letter_consonant_replace_that_with_b
2026-05-09 17:35:02,282 INFO:Tasks solved so far: 0/1
2026-05-09 17:35:03,101 INFO:[TASK 0/96 QUERY 2/4]: re2_train_489_if_there_is_any_letter_consonant_replace_that_with_b
2026-05-09 17:35:03,101 INFO:Tasks solved so far: 0/1
2026-05-09 17:35:03,912 INFO:[TASK 0/96 QUERY 3/4]: re2_train_489_if_there_is_any_letter_consonant_replace_that_with_b
2026-05-09 17:35:03,912 INFO:Tasks solved so far: 0/1
2026-05-09 17:35:04,955 INFO:[TASK 1/96 QUERY 0/4]: re2_train_153_if_there_is_consonant_consonant_replace_that_with_n
2026-05-09 17:35:04,955 INFO:Tasks solved so far: 0/2
2026-05-09 17:35:05,989 INFO:[TASK 1/96 QUERY 1/4]: re2_train_153_if_there_is_consonant_consonant_replace_that_with_n
2026-05-09 17:35:05,989 INFO:Tasks solved so far: 0/2
2026-05-09 17:35:06,438 INFO:[TASK 1/96 QUERY 2/4]: re2_train_153_if_there_is_consonant_consonant_replace_that_with_n
2026-05-09 17:35:06,438 INFO:Tasks solved so far: 0/2
2026-05-09 17:35:07,270 INFO:[TASK 1/96 QUERY 3/4]: re2_train_153_if_there_is_consonant_consonant_replace_that_with_n
2026-05-09 17:35:07,270 INFO:Tasks solved so far: 0/2
2026-05-09 17:35:08,330 INFO:[TASK 2/96 QUERY 0/4]: re2_train_41_if_there_is_any_letter_add_v_after_that
2026-05-09 17:35:08,331 INFO:Tasks solved so far: 1/3
2026-05-09 17:35:08,716 INFO:[TASK 3/96 QUERY 0/4]: re2_train_396_if_the_word_starts_with_vowel_add_g_before_that
2026-05-09 17:35:08,716 INFO:Tasks solved so far: 1/4
2026-05-09 17:35:09,202 INFO:[TASK 3/96 QUERY 1/4]: re2_train_396_if_the_word_starts_with_vowel_add_g_before_that
2026-05-09 17:35:09,202 INFO:Tasks solved so far: 1/4
2026-05-09 17:35:10,593 INFO:[TASK 3/96 QUERY 2/4]: re2_train_396_if_the_word_starts_with_vowel_add_g_before_that
2026-05-09 17:35:10,593 INFO:Tasks solved so far: 1/4
2026-05-09 17:35:10,935 INFO:[TASK 3/96 QUERY 3/4]: re2_train_396_if_the_word_starts_with_vowel_add_g_before_that
2026-05-09 17:35:10,935 INFO:Tasks solved so far: 1/4
2026-05-09 17:35:11,697 INFO:[TASK 4/96 QUERY 0/4]: re2_train_422_if_the_word_starts_with_any_letter_consonant_replace_that_with_c
2026-05-09 17:35:11,698 INFO:Tasks solved so far: 1/5
2026-05-09 17:35:12,372 INFO:[TASK 4/96 QUERY 1/4]: re2_train_422_if_the_word_starts_with_any_letter_consonant_replace_that_with_c
2026-05-09 17:35:12,372 INFO:Tasks solved so far: 1/5
2026-05-09 17:35:13,185 INFO:[TASK 4/96 QUERY 2/4]: re2_train_422_if_the_word_starts_with_any_letter_consonant_replace_that_with_c
2026-05-09 17:35:13,185 INFO:Tasks solved so far: 1/5
2026-05-09 17:35:14,768 INFO:[TASK 4/96 QUERY 3/4]: re2_train_422_if_the_word_starts_with_any_letter_consonant_replace_that_with_c
2026-05-09 17:35:14,768 INFO:Tasks solved so far: 1/5
2026-05-09 17:35:15,610 INFO:[TASK 5/96 QUERY 0/4]: re2_train_31_if_there_is_consonant_o_replace_that_with_p_g
2026-05-09 17:35:15,610 INFO:Tasks solved so far: 1/6
2026-05-09 17:35:16,173 INFO:[TASK 5/96 QUERY 1/4]: re2_train_31_if_there_is_consonant_o_replace_that_with_p_g
2026-05-09 17:35:16,174 INFO:Tasks solved so far: 1/6
2026-05-09 17:35:17,326 INFO:[TASK 5/96 QUERY 2/4]: re2_train_31_if_there_is_consonant_o_replace_that_with_p_g
2026-05-09 17:35:17,326 INFO:Tasks solved so far: 1/6
2026-05-09 17:35:17,760 INFO:[TASK 5/96 QUERY 3/4]: re2_train_31_if_there_is_consonant_o_replace_that_with_p_g
2026-05-09 17:35:17,760 INFO:Tasks solved so far: 1/6
2026-05-09 17:35:18,827 INFO:[TASK 6/96 QUERY 0/4]: re2_train_154_if_the_word_starts_with_consonant_vowel_replace_that_with_t
2026-05-09 17:35:18,827 INFO:Tasks solved so far: 1/7
2026-05-09 17:35:19,457 INFO:[TASK 6/96 QUERY 1/4]: re2_train_154_if_the_word_starts_with_consonant_vowel_replace_that_with_t
2026-05-09 17:35:19,457 INFO:Tasks solved so far: 1/7
2026-05-09 17:35:20,305 INFO:[TASK 6/96 QUERY 2/4]: re2_train_154_if_the_word_starts_with_consonant_vowel_replace_that_with_t
2026-05-09 17:35:20,305 INFO:Tasks solved so far: 1/7
2026-05-09 17:35:21,217 INFO:[TASK 6/96 QUERY 3/4]: re2_train_154_if_the_word_starts_with_consonant_vowel_replace_that_with_t
2026-05-09 17:35:21,218 INFO:Tasks solved so far: 1/7
2026-05-09 17:35:22,615 INFO:[TASK 7/96 QUERY 0/4]: re2_train_248_if_the_word_starts_with_any_letter_vowel_replace_that_with_x_g
2026-05-09 17:35:22,615 INFO:Tasks solved so far: 1/8
2026-05-09 17:35:23,358 INFO:[TASK 7/96 QUERY 1/4]: re2_train_248_if_the_word_starts_with_any_letter_vowel_replace_that_with_x_g
2026-05-09 17:35:23,358 INFO:Tasks solved so far: 1/8
2026-05-09 17:35:23,798 INFO:[TASK 7/96 QUERY 2/4]: re2_train_248_if_the_word_starts_with_any_letter_vowel_replace_that_with_x_g
2026-05-09 17:35:23,798 INFO:Tasks solved so far: 1/8
2026-05-09 17:35:24,826 INFO:[TASK 7/96 QUERY 3/4]: re2_train_248_if_the_word_starts_with_any_letter_vowel_replace_that_with_x_g
2026-05-09 17:35:24,826 INFO:Tasks solved so far: 1/8
2026-05-09 17:35:25,954 INFO:[TASK 8/96 QUERY 0/4]: re2_train_220_if_there_is_any_letter_any_letter_replace_that_with_w
2026-05-09 17:35:25,954 INFO:Tasks solved so far: 1/9
2026-05-09 17:35:26,412 INFO:[TASK 8/96 QUERY 1/4]: re2_train_220_if_there_is_any_letter_any_letter_replace_that_with_w
2026-05-09 17:35:26,412 INFO:Tasks solved so far: 1/9
2026-05-09 17:35:26,876 INFO:[TASK 8/96 QUERY 2/4]: re2_train_220_if_there_is_any_letter_any_letter_replace_that_with_w
2026-05-09 17:35:26,876 INFO:Tasks solved so far: 1/9
2026-05-09 17:35:27,569 INFO:[TASK 8/96 QUERY 3/4]: re2_train_220_if_there_is_any_letter_any_letter_replace_that_with_w
2026-05-09 17:35:27,569 INFO:Tasks solved so far: 1/9
2026-05-09 17:35:27,979 INFO:[TASK 9/96 QUERY 0/4]: re2_train_74_if_there_is_vowel_add_i_after_that
2026-05-09 17:35:27,979 INFO:Tasks solved so far: 1/10
2026-05-09 17:35:28,892 INFO:[TASK 9/96 QUERY 1/4]: re2_train_74_if_there_is_vowel_add_i_after_that
2026-05-09 17:35:28,892 INFO:Tasks solved so far: 1/10
2026-05-09 17:35:29,509 INFO:[TASK 9/96 QUERY 2/4]: re2_train_74_if_there_is_vowel_add_i_after_that
2026-05-09 17:35:29,509 INFO:Tasks solved so far: 1/10
2026-05-09 17:35:30,396 INFO:[TASK 9/96 QUERY 3/4]: re2_train_74_if_there_is_vowel_add_i_after_that
2026-05-09 17:35:30,397 INFO:Tasks solved so far: 1/10
2026-05-09 17:35:31,452 INFO:[TASK 10/96 QUERY 0/4]: re2_train_173_if_the_word_starts_with_any_letter_vowel_replace_that_with_y
2026-05-09 17:35:31,452 INFO:Tasks solved so far: 1/11
2026-05-09 17:35:32,646 INFO:[TASK 10/96 QUERY 1/4]: re2_train_173_if_the_word_starts_with_any_letter_vowel_replace_that_with_y
2026-05-09 17:35:32,646 INFO:Tasks solved so far: 1/11
2026-05-09 17:35:33,447 INFO:[TASK 10/96 QUERY 2/4]: re2_train_173_if_the_word_starts_with_any_letter_vowel_replace_that_with_y
2026-05-09 17:35:33,447 INFO:Tasks solved so far: 1/11
2026-05-09 17:35:34,159 INFO:[TASK 10/96 QUERY 3/4]: re2_train_173_if_the_word_starts_with_any_letter_vowel_replace_that_with_y
2026-05-09 17:35:34,159 INFO:Tasks solved so far: 1/11
2026-05-09 17:35:34,570 INFO:[TASK 11/96 QUERY 0/4]: re2_train_169_if_the_word_starts_with_any_letter_replace_that_with_b
2026-05-09 17:35:34,570 INFO:Tasks solved so far: 2/12
2026-05-09 17:35:35,003 INFO:[TASK 12/96 QUERY 0/4]: re2_train_291_if_there_is_any_letter_t_add_g_before_that
2026-05-09 17:35:35,003 INFO:Tasks solved so far: 2/13
2026-05-09 17:35:35,420 INFO:[TASK 12/96 QUERY 1/4]: re2_train_291_if_there_is_any_letter_t_add_g_before_that
2026-05-09 17:35:35,420 INFO:Tasks solved so far: 2/13
2026-05-09 17:35:36,596 INFO:[TASK 12/96 QUERY 2/4]: re2_train_291_if_there_is_any_letter_t_add_g_before_that
2026-05-09 17:35:36,596 INFO:Tasks solved so far: 2/13
2026-05-09 17:35:37,314 INFO:[TASK 12/96 QUERY 3/4]: re2_train_291_if_there_is_any_letter_t_add_g_before_that
2026-05-09 17:35:37,315 INFO:Tasks solved so far: 2/13
2026-05-09 17:35:37,906 INFO:[TASK 13/96 QUERY 0/4]: re2_train_137_if_there_is_p_replace_that_with_g
2026-05-09 17:35:37,907 INFO:Tasks solved so far: 3/14
2026-05-09 17:35:38,303 INFO:[TASK 14/96 QUERY 0/4]: re2_train_335_if_there_is_consonant_i_replace_that_with_w_l
2026-05-09 17:35:38,303 INFO:Tasks solved so far: 3/15
2026-05-09 17:35:38,798 INFO:[TASK 14/96 QUERY 1/4]: re2_train_335_if_there_is_consonant_i_replace_that_with_w_l
2026-05-09 17:35:38,798 INFO:Tasks solved so far: 3/15
2026-05-09 17:35:39,890 INFO:[TASK 14/96 QUERY 2/4]: re2_train_335_if_there_is_consonant_i_replace_that_with_w_l
2026-05-09 17:35:39,890 INFO:Tasks solved so far: 3/15
2026-05-09 17:35:40,596 INFO:[TASK 14/96 QUERY 3/4]: re2_train_335_if_there_is_consonant_i_replace_that_with_w_l
2026-05-09 17:35:40,596 INFO:Tasks solved so far: 3/15
2026-05-09 17:35:41,423 INFO:[TASK 15/96 QUERY 0/4]: re2_train_246_if_there_is_t_replace_that_with_n
2026-05-09 17:35:41,423 INFO:Tasks solved so far: 4/16
2026-05-09 17:35:42,177 INFO:[TASK 16/96 QUERY 0/4]: re2_train_340_if_the_word_starts_with_consonant_consonant_add_y_after_that
2026-05-09 17:35:42,177 INFO:Tasks solved so far: 4/17
2026-05-09 17:35:42,687 INFO:[TASK 16/96 QUERY 1/4]: re2_train_340_if_the_word_starts_with_consonant_consonant_add_y_after_that
2026-05-09 17:35:42,687 INFO:Tasks solved so far: 4/17
2026-05-09 17:35:43,153 INFO:[TASK 16/96 QUERY 2/4]: re2_train_340_if_the_word_starts_with_consonant_consonant_add_y_after_that
2026-05-09 17:35:43,153 INFO:Tasks solved so far: 4/17
2026-05-09 17:35:43,998 INFO:[TASK 16/96 QUERY 3/4]: re2_train_340_if_the_word_starts_with_consonant_consonant_add_y_after_that
2026-05-09 17:35:43,998 INFO:Tasks solved so far: 4/17
2026-05-09 17:35:44,536 INFO:[TASK 17/96 QUERY 0/4]: re2_train_478_if_there_is_consonant_consonant_add_r_before_that
2026-05-09 17:35:44,536 INFO:Tasks solved so far: 4/18
2026-05-09 17:35:45,323 INFO:[TASK 17/96 QUERY 1/4]: re2_train_478_if_there_is_consonant_consonant_add_r_before_that
2026-05-09 17:35:45,323 INFO:Tasks solved so far: 4/18
2026-05-09 17:35:45,772 INFO:[TASK 17/96 QUERY 2/4]: re2_train_478_if_there_is_consonant_consonant_add_r_before_that
2026-05-09 17:35:45,772 INFO:Tasks solved so far: 4/18
2026-05-09 17:35:46,283 INFO:[TASK 17/96 QUERY 3/4]: re2_train_478_if_there_is_consonant_consonant_add_r_before_that
2026-05-09 17:35:46,283 INFO:Tasks solved so far: 4/18
2026-05-09 17:35:46,760 INFO:[TASK 18/96 QUERY 0/4]: re2_train_393_if_the_word_ends_with_consonant_replace_that_with_i
2026-05-09 17:35:46,761 INFO:Tasks solved so far: 5/19
2026-05-09 17:35:47,644 INFO:[TASK 19/96 QUERY 0/4]: re2_train_50_if_the_word_ends_with_consonant_add_o_after_that
2026-05-09 17:35:47,644 INFO:Tasks solved so far: 5/20
2026-05-09 17:35:48,913 INFO:[TASK 19/96 QUERY 1/4]: re2_train_50_if_the_word_ends_with_consonant_add_o_after_that
2026-05-09 17:35:48,913 INFO:Tasks solved so far: 5/20
2026-05-09 17:35:49,607 INFO:[TASK 19/96 QUERY 2/4]: re2_train_50_if_the_word_ends_with_consonant_add_o_after_that
2026-05-09 17:35:49,607 INFO:Tasks solved so far: 5/20
2026-05-09 17:35:50,336 INFO:[TASK 19/96 QUERY 3/4]: re2_train_50_if_the_word_ends_with_consonant_add_o_after_that
2026-05-09 17:35:50,336 INFO:Tasks solved so far: 5/20
2026-05-09 17:35:50,826 INFO:[TASK 20/96 QUERY 0/4]: re2_train_15_if_there_is_vowel_replace_that_with_n_n
2026-05-09 17:35:50,827 INFO:Tasks solved so far: 5/21
2026-05-09 17:35:51,719 INFO:[TASK 20/96 QUERY 1/4]: re2_train_15_if_there_is_vowel_replace_that_with_n_n
2026-05-09 17:35:51,719 INFO:Tasks solved so far: 5/21
2026-05-09 17:35:52,338 INFO:[TASK 20/96 QUERY 2/4]: re2_train_15_if_there_is_vowel_replace_that_with_n_n
2026-05-09 17:35:52,339 INFO:Tasks solved so far: 5/21
2026-05-09 17:35:52,934 INFO:[TASK 20/96 QUERY 3/4]: re2_train_15_if_there_is_vowel_replace_that_with_n_n
2026-05-09 17:35:52,934 INFO:Tasks solved so far: 5/21
2026-05-09 17:35:53,362 INFO:[TASK 21/96 QUERY 0/4]: re2_train_352_if_the_word_starts_with_consonant_any_letter_replace_that_with_v_d
2026-05-09 17:35:53,362 INFO:Tasks solved so far: 5/22
2026-05-09 17:35:53,783 INFO:[TASK 21/96 QUERY 1/4]: re2_train_352_if_the_word_starts_with_consonant_any_letter_replace_that_with_v_d
2026-05-09 17:35:53,783 INFO:Tasks solved so far: 5/22
2026-05-09 17:35:54,539 INFO:[TASK 21/96 QUERY 2/4]: re2_train_352_if_the_word_starts_with_consonant_any_letter_replace_that_with_v_d
2026-05-09 17:35:54,539 INFO:Tasks solved so far: 5/22
2026-05-09 17:35:55,012 INFO:[TASK 21/96 QUERY 3/4]: re2_train_352_if_the_word_starts_with_consonant_any_letter_replace_that_with_v_d
2026-05-09 17:35:55,012 INFO:Tasks solved so far: 5/22
2026-05-09 17:35:55,925 INFO:[TASK 22/96 QUERY 0/4]: re2_train_259_if_the_word_starts_with_consonant_replace_that_with_o
2026-05-09 17:35:55,925 INFO:Tasks solved so far: 5/23
2026-05-09 17:35:57,304 INFO:[TASK 22/96 QUERY 1/4]: re2_train_259_if_the_word_starts_with_consonant_replace_that_with_o
2026-05-09 17:35:57,304 INFO:Tasks solved so far: 5/23
2026-05-09 17:35:58,139 INFO:[TASK 22/96 QUERY 2/4]: re2_train_259_if_the_word_starts_with_consonant_replace_that_with_o
2026-05-09 17:35:58,139 INFO:Tasks solved so far: 5/23
2026-05-09 17:35:58,737 INFO:[TASK 22/96 QUERY 3/4]: re2_train_259_if_the_word_starts_with_consonant_replace_that_with_o
2026-05-09 17:35:58,737 INFO:Tasks solved so far: 5/23
2026-05-09 17:35:59,266 INFO:[TASK 23/96 QUERY 0/4]: re2_train_73_if_there_is_consonant_t_replace_that_with_q
2026-05-09 17:35:59,266 INFO:Tasks solved so far: 5/24
2026-05-09 17:35:59,731 INFO:[TASK 23/96 QUERY 1/4]: re2_train_73_if_there_is_consonant_t_replace_that_with_q
2026-05-09 17:35:59,731 INFO:Tasks solved so far: 5/24
2026-05-09 17:36:00,247 INFO:[TASK 23/96 QUERY 2/4]: re2_train_73_if_there_is_consonant_t_replace_that_with_q
2026-05-09 17:36:00,247 INFO:Tasks solved so far: 5/24
2026-05-09 17:36:00,866 INFO:[TASK 23/96 QUERY 3/4]: re2_train_73_if_there_is_consonant_t_replace_that_with_q
2026-05-09 17:36:00,866 INFO:Tasks solved so far: 5/24
2026-05-09 17:36:01,532 INFO:[TASK 24/96 QUERY 0/4]: re2_train_71_if_the_word_starts_with_any_letter_replace_that_with_w_i
2026-05-09 17:36:01,533 INFO:Tasks solved so far: 5/25
2026-05-09 17:36:02,588 INFO:[TASK 24/96 QUERY 1/4]: re2_train_71_if_the_word_starts_with_any_letter_replace_that_with_w_i
2026-05-09 17:36:02,588 INFO:Tasks solved so far: 6/25
2026-05-09 17:36:03,434 INFO:[TASK 25/96 QUERY 0/4]: re2_train_372_if_there_is_g_replace_that_with_u_f
2026-05-09 17:36:03,434 INFO:Tasks solved so far: 7/26
2026-05-09 17:36:03,981 INFO:[TASK 26/96 QUERY 0/4]: re2_train_481_if_the_word_starts_with_consonant_i_replace_that_with_i
2026-05-09 17:36:03,982 INFO:Tasks solved so far: 7/27
2026-05-09 17:36:04,945 INFO:[TASK 26/96 QUERY 1/4]: re2_train_481_if_the_word_starts_with_consonant_i_replace_that_with_i
2026-05-09 17:36:04,945 INFO:Tasks solved so far: 7/27
2026-05-09 17:36:05,537 INFO:[TASK 26/96 QUERY 2/4]: re2_train_481_if_the_word_starts_with_consonant_i_replace_that_with_i
2026-05-09 17:36:05,537 INFO:Tasks solved so far: 7/27
2026-05-09 17:36:06,777 INFO:[TASK 26/96 QUERY 3/4]: re2_train_481_if_the_word_starts_with_consonant_i_replace_that_with_i
2026-05-09 17:36:06,777 INFO:Tasks solved so far: 7/27
2026-05-09 17:36:07,385 INFO:[TASK 27/96 QUERY 0/4]: re2_train_43_if_there_is_i_replace_that_with_k_t
2026-05-09 17:36:07,385 INFO:Tasks solved so far: 7/28
2026-05-09 17:36:08,253 INFO:[TASK 27/96 QUERY 1/4]: re2_train_43_if_there_is_i_replace_that_with_k_t
2026-05-09 17:36:08,253 INFO:Tasks solved so far: 7/28
2026-05-09 17:36:09,259 INFO:[TASK 27/96 QUERY 2/4]: re2_train_43_if_there_is_i_replace_that_with_k_t
2026-05-09 17:36:09,259 INFO:Tasks solved so far: 8/28
2026-05-09 17:36:09,759 INFO:[TASK 28/96 QUERY 0/4]: re2_train_357_if_there_is_i_replace_that_with_m
2026-05-09 17:36:09,759 INFO:Tasks solved so far: 9/29
2026-05-09 17:36:10,311 INFO:[TASK 29/96 QUERY 0/4]: re2_train_229_if_there_is_any_letter_replace_that_with_w_t
2026-05-09 17:36:10,311 INFO:Tasks solved so far: 10/30
2026-05-09 17:36:11,087 INFO:[TASK 30/96 QUERY 0/4]: re2_train_415_if_the_word_starts_with_consonant_replace_that_with_f_p
2026-05-09 17:36:11,087 INFO:Tasks solved so far: 10/31
2026-05-09 17:36:11,645 INFO:[TASK 30/96 QUERY 1/4]: re2_train_415_if_the_word_starts_with_consonant_replace_that_with_f_p
2026-05-09 17:36:11,645 INFO:Tasks solved so far: 10/31
2026-05-09 17:36:12,601 INFO:[TASK 30/96 QUERY 2/4]: re2_train_415_if_the_word_starts_with_consonant_replace_that_with_f_p
2026-05-09 17:36:12,601 INFO:Tasks solved so far: 10/31
2026-05-09 17:36:13,262 INFO:[TASK 30/96 QUERY 3/4]: re2_train_415_if_the_word_starts_with_consonant_replace_that_with_f_p
2026-05-09 17:36:13,263 INFO:Tasks solved so far: 10/31
2026-05-09 17:36:14,068 INFO:[TASK 31/96 QUERY 0/4]: re2_train_34_if_the_word_ends_with_any_letter_add_d_after_that
2026-05-09 17:36:14,068 INFO:Tasks solved so far: 11/32
2026-05-09 17:36:14,754 INFO:[TASK 32/96 QUERY 0/4]: re2_train_63_if_the_word_starts_with_vowel_any_letter_replace_that_with_d
2026-05-09 17:36:14,754 INFO:Tasks solved so far: 11/33
2026-05-09 17:36:15,583 INFO:[TASK 32/96 QUERY 1/4]: re2_train_63_if_the_word_starts_with_vowel_any_letter_replace_that_with_d
2026-05-09 17:36:15,583 INFO:Tasks solved so far: 11/33
2026-05-09 17:36:16,496 INFO:[TASK 32/96 QUERY 2/4]: re2_train_63_if_the_word_starts_with_vowel_any_letter_replace_that_with_d
2026-05-09 17:36:16,496 INFO:Tasks solved so far: 11/33
2026-05-09 17:36:17,504 INFO:[TASK 32/96 QUERY 3/4]: re2_train_63_if_the_word_starts_with_vowel_any_letter_replace_that_with_d
2026-05-09 17:36:17,505 INFO:Tasks solved so far: 11/33
2026-05-09 17:36:19,343 INFO:[TASK 33/96 QUERY 0/4]: re2_train_281_if_there_is_consonant_vowel_replace_that_with_j
2026-05-09 17:36:19,343 INFO:Tasks solved so far: 11/34
2026-05-09 17:36:19,932 INFO:[TASK 33/96 QUERY 1/4]: re2_train_281_if_there_is_consonant_vowel_replace_that_with_j
2026-05-09 17:36:19,932 INFO:Tasks solved so far: 11/34
2026-05-09 17:36:20,761 INFO:[TASK 33/96 QUERY 2/4]: re2_train_281_if_there_is_consonant_vowel_replace_that_with_j
2026-05-09 17:36:20,762 INFO:Tasks solved so far: 11/34
2026-05-09 17:36:21,797 INFO:[TASK 33/96 QUERY 3/4]: re2_train_281_if_there_is_consonant_vowel_replace_that_with_j
2026-05-09 17:36:21,797 INFO:Tasks solved so far: 11/34
2026-05-09 17:36:22,651 INFO:[TASK 34/96 QUERY 0/4]: re2_train_496_if_there_is_any_letter_vowel_replace_that_with_h
2026-05-09 17:36:22,651 INFO:Tasks solved so far: 11/35
2026-05-09 17:36:23,629 INFO:[TASK 34/96 QUERY 1/4]: re2_train_496_if_there_is_any_letter_vowel_replace_that_with_h
2026-05-09 17:36:23,629 INFO:Tasks solved so far: 11/35
2026-05-09 17:36:24,809 INFO:[TASK 34/96 QUERY 2/4]: re2_train_496_if_there_is_any_letter_vowel_replace_that_with_h
2026-05-09 17:36:24,809 INFO:Tasks solved so far: 11/35
2026-05-09 17:36:26,054 INFO:[TASK 34/96 QUERY 3/4]: re2_train_496_if_there_is_any_letter_vowel_replace_that_with_h
2026-05-09 17:36:26,055 INFO:Tasks solved so far: 11/35
2026-05-09 17:36:27,045 INFO:[TASK 35/96 QUERY 0/4]: re2_train_434_if_the_word_ends_with_any_letter_any_letter_replace_that_with_b_j
2026-05-09 17:36:27,045 INFO:Tasks solved so far: 11/36
2026-05-09 17:36:27,673 INFO:[TASK 35/96 QUERY 1/4]: re2_train_434_if_the_word_ends_with_any_letter_any_letter_replace_that_with_b_j
2026-05-09 17:36:27,673 INFO:Tasks solved so far: 11/36
2026-05-09 17:36:28,116 INFO:[TASK 35/96 QUERY 2/4]: re2_train_434_if_the_word_ends_with_any_letter_any_letter_replace_that_with_b_j
2026-05-09 17:36:28,116 INFO:Tasks solved so far: 11/36
2026-05-09 17:36:28,537 INFO:[TASK 35/96 QUERY 3/4]: re2_train_434_if_the_word_ends_with_any_letter_any_letter_replace_that_with_b_j
2026-05-09 17:36:28,537 INFO:Tasks solved so far: 11/36
2026-05-09 17:36:28,989 INFO:[TASK 36/96 QUERY 0/4]: re2_train_52_if_the_word_ends_with_any_letter_replace_that_with_f
2026-05-09 17:36:28,989 INFO:Tasks solved so far: 12/37
2026-05-09 17:36:29,396 INFO:[TASK 37/96 QUERY 0/4]: re2_train_109_if_there_is_d_replace_that_with_c_t
2026-05-09 17:36:29,396 INFO:Tasks solved so far: 12/38
2026-05-09 17:36:29,910 INFO:[TASK 37/96 QUERY 1/4]: re2_train_109_if_there_is_d_replace_that_with_c_t
2026-05-09 17:36:29,910 INFO:Tasks solved so far: 13/38
2026-05-09 17:36:30,526 INFO:[TASK 38/96 QUERY 0/4]: re2_train_42_if_the_word_starts_with_consonant_vowel_add_g_before_that
2026-05-09 17:36:30,526 INFO:Tasks solved so far: 13/39
2026-05-09 17:36:31,204 INFO:[TASK 38/96 QUERY 1/4]: re2_train_42_if_the_word_starts_with_consonant_vowel_add_g_before_that
2026-05-09 17:36:31,204 INFO:Tasks solved so far: 13/39
2026-05-09 17:36:31,784 INFO:[TASK 38/96 QUERY 2/4]: re2_train_42_if_the_word_starts_with_consonant_vowel_add_g_before_that
2026-05-09 17:36:31,784 INFO:Tasks solved so far: 13/39
2026-05-09 17:36:32,222 INFO:[TASK 38/96 QUERY 3/4]: re2_train_42_if_the_word_starts_with_consonant_vowel_add_g_before_that
2026-05-09 17:36:32,222 INFO:Tasks solved so far: 13/39
2026-05-09 17:36:33,236 INFO:[TASK 39/96 QUERY 0/4]: re2_train_228_if_there_is_consonant_vowel_add_n_after_that
2026-05-09 17:36:33,236 INFO:Tasks solved so far: 13/40
2026-05-09 17:36:34,101 INFO:[TASK 39/96 QUERY 1/4]: re2_train_228_if_there_is_consonant_vowel_add_n_after_that
2026-05-09 17:36:34,101 INFO:Tasks solved so far: 13/40
2026-05-09 17:36:34,969 INFO:[TASK 39/96 QUERY 2/4]: re2_train_228_if_there_is_consonant_vowel_add_n_after_that
2026-05-09 17:36:34,969 INFO:Tasks solved so far: 13/40
2026-05-09 17:36:35,461 INFO:[TASK 39/96 QUERY 3/4]: re2_train_228_if_there_is_consonant_vowel_add_n_after_that
2026-05-09 17:36:35,461 INFO:Tasks solved so far: 13/40
2026-05-09 17:36:35,978 INFO:[TASK 40/96 QUERY 0/4]: re2_train_97_if_there_is_any_letter_l_replace_that_with_j_b
2026-05-09 17:36:35,978 INFO:Tasks solved so far: 13/41
2026-05-09 17:36:36,608 INFO:[TASK 40/96 QUERY 1/4]: re2_train_97_if_there_is_any_letter_l_replace_that_with_j_b
2026-05-09 17:36:36,608 INFO:Tasks solved so far: 13/41
2026-05-09 17:36:37,174 INFO:[TASK 40/96 QUERY 2/4]: re2_train_97_if_there_is_any_letter_l_replace_that_with_j_b
2026-05-09 17:36:37,174 INFO:Tasks solved so far: 13/41
2026-05-09 17:36:37,628 INFO:[TASK 40/96 QUERY 3/4]: re2_train_97_if_there_is_any_letter_l_replace_that_with_j_b
2026-05-09 17:36:37,628 INFO:Tasks solved so far: 13/41
2026-05-09 17:36:38,248 INFO:[TASK 41/96 QUERY 0/4]: re2_train_69_if_the_word_ends_with_consonant_replace_that_with_i_h
2026-05-09 17:36:38,248 INFO:Tasks solved so far: 13/42
2026-05-09 17:36:38,786 INFO:[TASK 41/96 QUERY 1/4]: re2_train_69_if_the_word_ends_with_consonant_replace_that_with_i_h
2026-05-09 17:36:38,786 INFO:Tasks solved so far: 13/42
2026-05-09 17:36:39,228 INFO:[TASK 41/96 QUERY 2/4]: re2_train_69_if_the_word_ends_with_consonant_replace_that_with_i_h
2026-05-09 17:36:39,228 INFO:Tasks solved so far: 13/42
2026-05-09 17:36:39,710 INFO:[TASK 41/96 QUERY 3/4]: re2_train_69_if_the_word_ends_with_consonant_replace_that_with_i_h
2026-05-09 17:36:39,710 INFO:Tasks solved so far: 13/42
2026-05-09 17:36:40,151 INFO:[TASK 42/96 QUERY 0/4]: re2_train_145_if_the_word_ends_with_vowel_consonant_replace_that_with_s_r
2026-05-09 17:36:40,151 INFO:Tasks solved so far: 13/43
2026-05-09 17:36:40,774 INFO:[TASK 42/96 QUERY 1/4]: re2_train_145_if_the_word_ends_with_vowel_consonant_replace_that_with_s_r
2026-05-09 17:36:40,775 INFO:Tasks solved so far: 13/43
2026-05-09 17:36:41,753 INFO:[TASK 42/96 QUERY 2/4]: re2_train_145_if_the_word_ends_with_vowel_consonant_replace_that_with_s_r
2026-05-09 17:36:41,753 INFO:Tasks solved so far: 13/43
2026-05-09 17:36:42,393 INFO:[TASK 42/96 QUERY 3/4]: re2_train_145_if_the_word_ends_with_vowel_consonant_replace_that_with_s_r
2026-05-09 17:36:42,393 INFO:Tasks solved so far: 13/43
2026-05-09 17:36:43,422 INFO:[TASK 43/96 QUERY 0/4]: re2_train_395_if_the_word_starts_with_any_letter_replace_that_with_e_s
2026-05-09 17:36:43,423 INFO:Tasks solved so far: 14/44
2026-05-09 17:36:43,904 INFO:[TASK 44/96 QUERY 0/4]: re2_train_86_if_the_word_starts_with_vowel_consonant_replace_that_with_k_b
2026-05-09 17:36:43,904 INFO:Tasks solved so far: 14/45
2026-05-09 17:36:44,433 INFO:[TASK 44/96 QUERY 1/4]: re2_train_86_if_the_word_starts_with_vowel_consonant_replace_that_with_k_b
2026-05-09 17:36:44,433 INFO:Tasks solved so far: 14/45
2026-05-09 17:36:45,670 INFO:[TASK 44/96 QUERY 2/4]: re2_train_86_if_the_word_starts_with_vowel_consonant_replace_that_with_k_b
2026-05-09 17:36:45,670 INFO:Tasks solved so far: 14/45
2026-05-09 17:36:46,278 INFO:[TASK 44/96 QUERY 3/4]: re2_train_86_if_the_word_starts_with_vowel_consonant_replace_that_with_k_b
2026-05-09 17:36:46,278 INFO:Tasks solved so far: 14/45
2026-05-09 17:36:47,119 INFO:[TASK 45/96 QUERY 0/4]: re2_train_493_if_there_is_s_replace_that_with_r_a
2026-05-09 17:36:47,119 INFO:Tasks solved so far: 14/46
2026-05-09 17:36:47,933 INFO:[TASK 45/96 QUERY 1/4]: re2_train_493_if_there_is_s_replace_that_with_r_a
2026-05-09 17:36:47,933 INFO:Tasks solved so far: 14/46
2026-05-09 17:36:48,734 INFO:[TASK 45/96 QUERY 2/4]: re2_train_493_if_there_is_s_replace_that_with_r_a
2026-05-09 17:36:48,734 INFO:Tasks solved so far: 14/46
2026-05-09 17:36:49,317 INFO:[TASK 45/96 QUERY 3/4]: re2_train_493_if_there_is_s_replace_that_with_r_a
2026-05-09 17:36:49,317 INFO:Tasks solved so far: 14/46
2026-05-09 17:36:49,817 INFO:[TASK 46/96 QUERY 0/4]: re2_train_472_if_the_word_starts_with_any_letter_add_v_before_that
2026-05-09 17:36:49,817 INFO:Tasks solved so far: 14/47
2026-05-09 17:36:50,239 INFO:[TASK 46/96 QUERY 1/4]: re2_train_472_if_the_word_starts_with_any_letter_add_v_before_that
2026-05-09 17:36:50,239 INFO:Tasks solved so far: 15/47
2026-05-09 17:36:50,785 INFO:[TASK 47/96 QUERY 0/4]: re2_train_438_if_the_word_ends_with_vowel_consonant_add_m_after_that
2026-05-09 17:36:50,785 INFO:Tasks solved so far: 15/48
2026-05-09 17:36:51,724 INFO:[TASK 47/96 QUERY 1/4]: re2_train_438_if_the_word_ends_with_vowel_consonant_add_m_after_that
2026-05-09 17:36:51,724 INFO:Tasks solved so far: 15/48
2026-05-09 17:36:52,161 INFO:[TASK 47/96 QUERY 2/4]: re2_train_438_if_the_word_ends_with_vowel_consonant_add_m_after_that
2026-05-09 17:36:52,161 INFO:Tasks solved so far: 15/48
2026-05-09 17:36:53,001 INFO:[TASK 47/96 QUERY 3/4]: re2_train_438_if_the_word_ends_with_vowel_consonant_add_m_after_that
2026-05-09 17:36:53,001 INFO:Tasks solved so far: 15/48
2026-05-09 17:36:53,580 INFO:[TASK 48/96 QUERY 0/4]: re2_train_89_if_the_word_starts_with_consonant_vowel_replace_that_with_v
2026-05-09 17:36:53,580 INFO:Tasks solved so far: 15/49
2026-05-09 17:36:54,292 INFO:[TASK 48/96 QUERY 1/4]: re2_train_89_if_the_word_starts_with_consonant_vowel_replace_that_with_v
2026-05-09 17:36:54,292 INFO:Tasks solved so far: 15/49
2026-05-09 17:36:55,951 INFO:[TASK 48/96 QUERY 2/4]: re2_train_89_if_the_word_starts_with_consonant_vowel_replace_that_with_v
2026-05-09 17:36:55,951 INFO:Tasks solved so far: 15/49
2026-05-09 17:36:57,541 INFO:[TASK 48/96 QUERY 3/4]: re2_train_89_if_the_word_starts_with_consonant_vowel_replace_that_with_v
2026-05-09 17:36:57,541 INFO:Tasks solved so far: 15/49
2026-05-09 17:36:57,987 INFO:[TASK 49/96 QUERY 0/4]: re2_train_435_if_there_is_vowel_add_d_before_that
2026-05-09 17:36:57,987 INFO:Tasks solved so far: 15/50
2026-05-09 17:36:59,098 INFO:[TASK 49/96 QUERY 1/4]: re2_train_435_if_there_is_vowel_add_d_before_that
2026-05-09 17:36:59,098 INFO:Tasks solved so far: 15/50
2026-05-09 17:36:59,625 INFO:[TASK 49/96 QUERY 2/4]: re2_train_435_if_there_is_vowel_add_d_before_that
2026-05-09 17:36:59,625 INFO:Tasks solved so far: 15/50
2026-05-09 17:37:01,149 INFO:[TASK 49/96 QUERY 3/4]: re2_train_435_if_there_is_vowel_add_d_before_that
2026-05-09 17:37:01,149 INFO:Tasks solved so far: 15/50
2026-05-09 17:37:01,996 INFO:[TASK 50/96 QUERY 0/4]: re2_train_325_if_there_is_t_replace_that_with_i
2026-05-09 17:37:01,996 INFO:Tasks solved so far: 16/51
2026-05-09 17:37:02,461 INFO:[TASK 51/96 QUERY 0/4]: re2_train_44_if_there_is_consonant_replace_that_with_p_x
2026-05-09 17:37:02,461 INFO:Tasks solved so far: 16/52
2026-05-09 17:37:02,989 INFO:[TASK 51/96 QUERY 1/4]: re2_train_44_if_there_is_consonant_replace_that_with_p_x
2026-05-09 17:37:02,989 INFO:Tasks solved so far: 16/52
2026-05-09 17:37:03,974 INFO:[TASK 51/96 QUERY 2/4]: re2_train_44_if_there_is_consonant_replace_that_with_p_x
2026-05-09 17:37:03,974 INFO:Tasks solved so far: 16/52
2026-05-09 17:37:05,312 INFO:[TASK 51/96 QUERY 3/4]: re2_train_44_if_there_is_consonant_replace_that_with_p_x
2026-05-09 17:37:05,312 INFO:Tasks solved so far: 16/52
2026-05-09 17:37:06,139 INFO:[TASK 52/96 QUERY 0/4]: re2_train_96_if_there_is_vowel_vowel_replace_that_with_y
2026-05-09 17:37:06,139 INFO:Tasks solved so far: 16/53
2026-05-09 17:37:07,029 INFO:[TASK 52/96 QUERY 1/4]: re2_train_96_if_there_is_vowel_vowel_replace_that_with_y
2026-05-09 17:37:07,029 INFO:Tasks solved so far: 16/53
2026-05-09 17:37:07,704 INFO:[TASK 52/96 QUERY 2/4]: re2_train_96_if_there_is_vowel_vowel_replace_that_with_y
2026-05-09 17:37:07,704 INFO:Tasks solved so far: 16/53
2026-05-09 17:37:08,435 INFO:[TASK 52/96 QUERY 3/4]: re2_train_96_if_there_is_vowel_vowel_replace_that_with_y
2026-05-09 17:37:08,435 INFO:Tasks solved so far: 16/53
2026-05-09 17:37:08,842 INFO:[TASK 53/96 QUERY 0/4]: re2_train_129_if_there_is_any_letter_replace_that_with_r_v
2026-05-09 17:37:08,843 INFO:Tasks solved so far: 17/54
2026-05-09 17:37:09,462 INFO:[TASK 54/96 QUERY 0/4]: re2_train_287_if_the_word_ends_with_consonant_consonant_replace_that_with_x
2026-05-09 17:37:09,462 INFO:Tasks solved so far: 17/55
2026-05-09 17:37:10,080 INFO:[TASK 54/96 QUERY 1/4]: re2_train_287_if_the_word_ends_with_consonant_consonant_replace_that_with_x
2026-05-09 17:37:10,080 INFO:Tasks solved so far: 17/55
2026-05-09 17:37:11,177 INFO:[TASK 54/96 QUERY 2/4]: re2_train_287_if_the_word_ends_with_consonant_consonant_replace_that_with_x
2026-05-09 17:37:11,178 INFO:Tasks solved so far: 17/55
2026-05-09 17:37:11,661 INFO:[TASK 54/96 QUERY 3/4]: re2_train_287_if_the_word_ends_with_consonant_consonant_replace_that_with_x
2026-05-09 17:37:11,661 INFO:Tasks solved so far: 17/55
2026-05-09 17:37:12,111 INFO:[TASK 55/96 QUERY 0/4]: re2_train_90_if_the_word_starts_with_vowel_replace_that_with_j_l
2026-05-09 17:37:12,111 INFO:Tasks solved so far: 17/56
2026-05-09 17:37:12,967 INFO:[TASK 55/96 QUERY 1/4]: re2_train_90_if_the_word_starts_with_vowel_replace_that_with_j_l
2026-05-09 17:37:12,967 INFO:Tasks solved so far: 17/56
2026-05-09 17:37:13,801 INFO:[TASK 55/96 QUERY 2/4]: re2_train_90_if_the_word_starts_with_vowel_replace_that_with_j_l
2026-05-09 17:37:13,801 INFO:Tasks solved so far: 17/56
2026-05-09 17:37:14,460 INFO:[TASK 55/96 QUERY 3/4]: re2_train_90_if_the_word_starts_with_vowel_replace_that_with_j_l
2026-05-09 17:37:14,461 INFO:Tasks solved so far: 17/56
2026-05-09 17:37:15,064 INFO:[TASK 56/96 QUERY 0/4]: re2_train_479_if_there_is_vowel_replace_that_with_a_c
2026-05-09 17:37:15,064 INFO:Tasks solved so far: 17/57
2026-05-09 17:37:15,625 INFO:[TASK 56/96 QUERY 1/4]: re2_train_479_if_there_is_vowel_replace_that_with_a_c
2026-05-09 17:37:15,625 INFO:Tasks solved so far: 17/57
2026-05-09 17:37:16,214 INFO:[TASK 56/96 QUERY 2/4]: re2_train_479_if_there_is_vowel_replace_that_with_a_c
2026-05-09 17:37:16,214 INFO:Tasks solved so far: 17/57
2026-05-09 17:37:16,635 INFO:[TASK 56/96 QUERY 3/4]: re2_train_479_if_there_is_vowel_replace_that_with_a_c
2026-05-09 17:37:16,635 INFO:Tasks solved so far: 17/57
2026-05-09 17:37:17,831 INFO:[TASK 57/96 QUERY 0/4]: re2_train_225_if_there_is_consonant_consonant_replace_that_with_o_w
2026-05-09 17:37:17,831 INFO:Tasks solved so far: 17/58
2026-05-09 17:37:18,353 INFO:[TASK 57/96 QUERY 1/4]: re2_train_225_if_there_is_consonant_consonant_replace_that_with_o_w
2026-05-09 17:37:18,353 INFO:Tasks solved so far: 17/58
2026-05-09 17:37:19,247 INFO:[TASK 57/96 QUERY 2/4]: re2_train_225_if_there_is_consonant_consonant_replace_that_with_o_w
2026-05-09 17:37:19,247 INFO:Tasks solved so far: 17/58
2026-05-09 17:37:20,294 INFO:[TASK 57/96 QUERY 3/4]: re2_train_225_if_there_is_consonant_consonant_replace_that_with_o_w
2026-05-09 17:37:20,294 INFO:Tasks solved so far: 17/58
2026-05-09 17:37:20,930 INFO:[TASK 58/96 QUERY 0/4]: re2_train_14_if_there_is_t_replace_that_with_a_x
2026-05-09 17:37:20,930 INFO:Tasks solved so far: 17/59
2026-05-09 17:37:21,420 INFO:[TASK 58/96 QUERY 1/4]: re2_train_14_if_there_is_t_replace_that_with_a_x
2026-05-09 17:37:21,420 INFO:Tasks solved so far: 17/59
2026-05-09 17:37:22,207 INFO:[TASK 58/96 QUERY 2/4]: re2_train_14_if_there_is_t_replace_that_with_a_x
2026-05-09 17:37:22,207 INFO:Tasks solved so far: 17/59
2026-05-09 17:37:23,002 INFO:[TASK 58/96 QUERY 3/4]: re2_train_14_if_there_is_t_replace_that_with_a_x
2026-05-09 17:37:23,002 INFO:Tasks solved so far: 17/59
2026-05-09 17:37:23,578 INFO:[TASK 59/96 QUERY 0/4]: re2_train_24_if_the_word_starts_with_any_letter_any_letter_add_b_after_that
2026-05-09 17:37:23,578 INFO:Tasks solved so far: 17/60
2026-05-09 17:37:24,122 INFO:[TASK 59/96 QUERY 1/4]: re2_train_24_if_the_word_starts_with_any_letter_any_letter_add_b_after_that
2026-05-09 17:37:24,122 INFO:Tasks solved so far: 17/60
2026-05-09 17:37:24,908 INFO:[TASK 59/96 QUERY 2/4]: re2_train_24_if_the_word_starts_with_any_letter_any_letter_add_b_after_that
2026-05-09 17:37:24,908 INFO:Tasks solved so far: 17/60
2026-05-09 17:37:25,803 INFO:[TASK 59/96 QUERY 3/4]: re2_train_24_if_the_word_starts_with_any_letter_any_letter_add_b_after_that
2026-05-09 17:37:25,803 INFO:Tasks solved so far: 17/60
2026-05-09 17:37:26,328 INFO:[TASK 60/96 QUERY 0/4]: re2_train_449_if_there_is_d_replace_that_with_a_v
2026-05-09 17:37:26,328 INFO:Tasks solved so far: 17/61
2026-05-09 17:37:26,823 INFO:[TASK 60/96 QUERY 1/4]: re2_train_449_if_there_is_d_replace_that_with_a_v
2026-05-09 17:37:26,823 INFO:Tasks solved so far: 17/61
2026-05-09 17:37:27,370 INFO:[TASK 60/96 QUERY 2/4]: re2_train_449_if_there_is_d_replace_that_with_a_v
2026-05-09 17:37:27,370 INFO:Tasks solved so far: 17/61
2026-05-09 17:37:28,154 INFO:[TASK 60/96 QUERY 3/4]: re2_train_449_if_there_is_d_replace_that_with_a_v
2026-05-09 17:37:28,154 INFO:Tasks solved so far: 17/61
2026-05-09 17:37:29,055 INFO:[TASK 61/96 QUERY 0/4]: re2_train_85_if_the_word_ends_with_vowel_consonant_add_g_after_that
2026-05-09 17:37:29,055 INFO:Tasks solved so far: 17/62
2026-05-09 17:37:29,838 INFO:[TASK 61/96 QUERY 1/4]: re2_train_85_if_the_word_ends_with_vowel_consonant_add_g_after_that
2026-05-09 17:37:29,838 INFO:Tasks solved so far: 17/62
2026-05-09 17:37:30,679 INFO:[TASK 61/96 QUERY 2/4]: re2_train_85_if_the_word_ends_with_vowel_consonant_add_g_after_that
2026-05-09 17:37:30,679 INFO:Tasks solved so far: 17/62
2026-05-09 17:37:31,598 INFO:[TASK 61/96 QUERY 3/4]: re2_train_85_if_the_word_ends_with_vowel_consonant_add_g_after_that
2026-05-09 17:37:31,598 INFO:Tasks solved so far: 17/62
2026-05-09 17:37:32,143 INFO:[TASK 62/96 QUERY 0/4]: re2_train_72_if_the_word_ends_with_d_replace_that_with_i_u
2026-05-09 17:37:32,143 INFO:Tasks solved so far: 17/63
2026-05-09 17:37:33,115 INFO:[TASK 62/96 QUERY 1/4]: re2_train_72_if_the_word_ends_with_d_replace_that_with_i_u
2026-05-09 17:37:33,115 INFO:Tasks solved so far: 17/63
2026-05-09 17:37:33,615 INFO:[TASK 62/96 QUERY 2/4]: re2_train_72_if_the_word_ends_with_d_replace_that_with_i_u
2026-05-09 17:37:33,615 INFO:Tasks solved so far: 17/63
2026-05-09 17:37:34,096 INFO:[TASK 62/96 QUERY 3/4]: re2_train_72_if_the_word_ends_with_d_replace_that_with_i_u
2026-05-09 17:37:34,097 INFO:Tasks solved so far: 17/63
2026-05-09 17:37:35,028 INFO:[TASK 63/96 QUERY 0/4]: re2_train_332_if_there_is_a_replace_that_with_u_c
2026-05-09 17:37:35,028 INFO:Tasks solved so far: 17/64
2026-05-09 17:37:35,429 INFO:[TASK 63/96 QUERY 1/4]: re2_train_332_if_there_is_a_replace_that_with_u_c
2026-05-09 17:37:35,429 INFO:Tasks solved so far: 17/64
2026-05-09 17:37:36,155 INFO:[TASK 63/96 QUERY 2/4]: re2_train_332_if_there_is_a_replace_that_with_u_c
2026-05-09 17:37:36,155 INFO:Tasks solved so far: 17/64
2026-05-09 17:37:36,925 INFO:[TASK 63/96 QUERY 3/4]: re2_train_332_if_there_is_a_replace_that_with_u_c
2026-05-09 17:37:36,925 INFO:Tasks solved so far: 17/64
2026-05-09 17:37:37,795 INFO:[TASK 64/96 QUERY 0/4]: re2_train_436_if_the_word_ends_with_any_letter_consonant_add_f_before_that
2026-05-09 17:37:37,795 INFO:Tasks solved so far: 17/65
2026-05-09 17:37:38,686 INFO:[TASK 64/96 QUERY 1/4]: re2_train_436_if_the_word_ends_with_any_letter_consonant_add_f_before_that
2026-05-09 17:37:38,686 INFO:Tasks solved so far: 17/65
2026-05-09 17:37:39,247 INFO:[TASK 64/96 QUERY 2/4]: re2_train_436_if_the_word_ends_with_any_letter_consonant_add_f_before_that
2026-05-09 17:37:39,247 INFO:Tasks solved so far: 17/65
2026-05-09 17:37:39,953 INFO:[TASK 64/96 QUERY 3/4]: re2_train_436_if_the_word_ends_with_any_letter_consonant_add_f_before_that
2026-05-09 17:37:39,953 INFO:Tasks solved so far: 17/65
2026-05-09 17:37:40,431 INFO:[TASK 65/96 QUERY 0/4]: re2_train_84_if_there_is_vowel_add_c_before_that
2026-05-09 17:37:40,431 INFO:Tasks solved so far: 17/66
2026-05-09 17:37:41,895 INFO:[TASK 65/96 QUERY 1/4]: re2_train_84_if_there_is_vowel_add_c_before_that
2026-05-09 17:37:41,895 INFO:Tasks solved so far: 17/66
2026-05-09 17:37:42,905 INFO:[TASK 65/96 QUERY 2/4]: re2_train_84_if_there_is_vowel_add_c_before_that
2026-05-09 17:37:42,905 INFO:Tasks solved so far: 17/66
2026-05-09 17:37:43,378 INFO:[TASK 65/96 QUERY 3/4]: re2_train_84_if_there_is_vowel_add_c_before_that
2026-05-09 17:37:43,378 INFO:Tasks solved so far: 17/66
2026-05-09 17:37:44,299 INFO:[TASK 66/96 QUERY 0/4]: re2_train_36_if_the_word_starts_with_consonant_replace_that_with_p_i
2026-05-09 17:37:44,299 INFO:Tasks solved so far: 17/67
2026-05-09 17:37:44,689 INFO:[TASK 66/96 QUERY 1/4]: re2_train_36_if_the_word_starts_with_consonant_replace_that_with_p_i
2026-05-09 17:37:44,689 INFO:Tasks solved so far: 17/67
2026-05-09 17:37:45,636 INFO:[TASK 66/96 QUERY 2/4]: re2_train_36_if_the_word_starts_with_consonant_replace_that_with_p_i
2026-05-09 17:37:45,636 INFO:Tasks solved so far: 17/67
2026-05-09 17:37:46,132 INFO:[TASK 66/96 QUERY 3/4]: re2_train_36_if_the_word_starts_with_consonant_replace_that_with_p_i
2026-05-09 17:37:46,132 INFO:Tasks solved so far: 17/67
2026-05-09 17:37:46,717 INFO:[TASK 67/96 QUERY 0/4]: re2_train_103_if_the_word_starts_with_any_letter_replace_that_with_q_a
2026-05-09 17:37:46,717 INFO:Tasks solved so far: 18/68
2026-05-09 17:37:47,514 INFO:[TASK 68/96 QUERY 0/4]: re2_train_285_if_there_is_any_letter_consonant_replace_that_with_j_t
2026-05-09 17:37:47,514 INFO:Tasks solved so far: 18/69
2026-05-09 17:37:48,446 INFO:[TASK 68/96 QUERY 1/4]: re2_train_285_if_there_is_any_letter_consonant_replace_that_with_j_t
2026-05-09 17:37:48,446 INFO:Tasks solved so far: 18/69
2026-05-09 17:37:48,843 INFO:[TASK 68/96 QUERY 2/4]: re2_train_285_if_there_is_any_letter_consonant_replace_that_with_j_t
2026-05-09 17:37:48,843 INFO:Tasks solved so far: 18/69
2026-05-09 17:37:49,220 INFO:[TASK 68/96 QUERY 3/4]: re2_train_285_if_there_is_any_letter_consonant_replace_that_with_j_t
2026-05-09 17:37:49,220 INFO:Tasks solved so far: 18/69
2026-05-09 17:37:49,780 INFO:[TASK 69/96 QUERY 0/4]: re2_train_485_if_there_is_l_add_m_before_that
2026-05-09 17:37:49,780 INFO:Tasks solved so far: 18/70
2026-05-09 17:37:50,199 INFO:[TASK 69/96 QUERY 1/4]: re2_train_485_if_there_is_l_add_m_before_that
2026-05-09 17:37:50,199 INFO:Tasks solved so far: 18/70
2026-05-09 17:37:50,984 INFO:[TASK 69/96 QUERY 2/4]: re2_train_485_if_there_is_l_add_m_before_that
2026-05-09 17:37:50,984 INFO:Tasks solved so far: 18/70
2026-05-09 17:37:51,493 INFO:[TASK 69/96 QUERY 3/4]: re2_train_485_if_there_is_l_add_m_before_that
2026-05-09 17:37:51,493 INFO:Tasks solved so far: 18/70
2026-05-09 17:37:52,384 INFO:[TASK 70/96 QUERY 0/4]: re2_train_147_if_the_word_starts_with_consonant_replace_that_with_e_n
2026-05-09 17:37:52,384 INFO:Tasks solved so far: 18/71
2026-05-09 17:37:53,102 INFO:[TASK 70/96 QUERY 1/4]: re2_train_147_if_the_word_starts_with_consonant_replace_that_with_e_n
2026-05-09 17:37:53,102 INFO:Tasks solved so far: 18/71
2026-05-09 17:37:54,479 INFO:[TASK 70/96 QUERY 2/4]: re2_train_147_if_the_word_starts_with_consonant_replace_that_with_e_n
2026-05-09 17:37:54,479 INFO:Tasks solved so far: 18/71
2026-05-09 17:37:55,291 INFO:[TASK 70/96 QUERY 3/4]: re2_train_147_if_the_word_starts_with_consonant_replace_that_with_e_n
2026-05-09 17:37:55,291 INFO:Tasks solved so far: 18/71
2026-05-09 17:37:55,953 INFO:[TASK 71/96 QUERY 0/4]: re2_train_247_if_the_word_ends_with_consonant_any_letter_replace_that_with_l_g
2026-05-09 17:37:55,953 INFO:Tasks solved so far: 18/72
2026-05-09 17:37:56,405 INFO:[TASK 71/96 QUERY 1/4]: re2_train_247_if_the_word_ends_with_consonant_any_letter_replace_that_with_l_g
2026-05-09 17:37:56,405 INFO:Tasks solved so far: 18/72
2026-05-09 17:37:57,187 INFO:[TASK 71/96 QUERY 2/4]: re2_train_247_if_the_word_ends_with_consonant_any_letter_replace_that_with_l_g
2026-05-09 17:37:57,187 INFO:Tasks solved so far: 18/72
2026-05-09 17:37:58,102 INFO:[TASK 71/96 QUERY 3/4]: re2_train_247_if_the_word_ends_with_consonant_any_letter_replace_that_with_l_g
2026-05-09 17:37:58,102 INFO:Tasks solved so far: 18/72
2026-05-09 17:37:58,716 INFO:[TASK 72/96 QUERY 0/4]: re2_train_166_if_the_word_ends_with_any_letter_consonant_add_r_before_that
2026-05-09 17:37:58,716 INFO:Tasks solved so far: 18/73
2026-05-09 17:37:59,213 INFO:[TASK 72/96 QUERY 1/4]: re2_train_166_if_the_word_ends_with_any_letter_consonant_add_r_before_that
2026-05-09 17:37:59,213 INFO:Tasks solved so far: 18/73
2026-05-09 17:37:59,771 INFO:[TASK 72/96 QUERY 2/4]: re2_train_166_if_the_word_ends_with_any_letter_consonant_add_r_before_that
2026-05-09 17:37:59,771 INFO:Tasks solved so far: 18/73
2026-05-09 17:38:00,825 INFO:[TASK 72/96 QUERY 3/4]: re2_train_166_if_the_word_ends_with_any_letter_consonant_add_r_before_that
2026-05-09 17:38:00,825 INFO:Tasks solved so far: 18/73
2026-05-09 17:38:01,635 INFO:[TASK 73/96 QUERY 0/4]: re2_train_21_if_the_word_starts_with_any_letter_replace_that_with_n_a
2026-05-09 17:38:01,635 INFO:Tasks solved so far: 19/74
2026-05-09 17:38:02,233 INFO:[TASK 74/96 QUERY 0/4]: re2_train_159_if_there_is_t_replace_that_with_f_v
2026-05-09 17:38:02,233 INFO:Tasks solved so far: 19/75
2026-05-09 17:38:02,828 INFO:[TASK 74/96 QUERY 1/4]: re2_train_159_if_there_is_t_replace_that_with_f_v
2026-05-09 17:38:02,828 INFO:Tasks solved so far: 20/75
2026-05-09 17:38:03,316 INFO:[TASK 75/96 QUERY 0/4]: re2_train_241_if_the_word_starts_with_consonant_replace_that_with_g_u
2026-05-09 17:38:03,316 INFO:Tasks solved so far: 20/76
2026-05-09 17:38:04,081 INFO:[TASK 75/96 QUERY 1/4]: re2_train_241_if_the_word_starts_with_consonant_replace_that_with_g_u
2026-05-09 17:38:04,081 INFO:Tasks solved so far: 20/76
2026-05-09 17:38:04,650 INFO:[TASK 75/96 QUERY 2/4]: re2_train_241_if_the_word_starts_with_consonant_replace_that_with_g_u
2026-05-09 17:38:04,650 INFO:Tasks solved so far: 20/76
2026-05-09 17:38:05,084 INFO:[TASK 75/96 QUERY 3/4]: re2_train_241_if_the_word_starts_with_consonant_replace_that_with_g_u
2026-05-09 17:38:05,084 INFO:Tasks solved so far: 20/76
2026-05-09 17:38:06,211 INFO:[TASK 76/96 QUERY 0/4]: re2_train_359_if_there_is_vowel_replace_that_with_n_k
2026-05-09 17:38:06,211 INFO:Tasks solved so far: 20/77
2026-05-09 17:38:07,095 INFO:[TASK 76/96 QUERY 1/4]: re2_train_359_if_there_is_vowel_replace_that_with_n_k
2026-05-09 17:38:07,096 INFO:Tasks solved so far: 20/77
2026-05-09 17:38:07,891 INFO:[TASK 76/96 QUERY 2/4]: re2_train_359_if_there_is_vowel_replace_that_with_n_k
2026-05-09 17:38:07,891 INFO:Tasks solved so far: 20/77
2026-05-09 17:38:08,633 INFO:[TASK 76/96 QUERY 3/4]: re2_train_359_if_there_is_vowel_replace_that_with_n_k
2026-05-09 17:38:08,633 INFO:Tasks solved so far: 20/77
2026-05-09 17:38:09,695 INFO:[TASK 77/96 QUERY 0/4]: re2_train_398_if_the_word_starts_with_any_letter_vowel_add_q_before_that
2026-05-09 17:38:09,695 INFO:Tasks solved so far: 20/78
2026-05-09 17:38:10,144 INFO:[TASK 77/96 QUERY 1/4]: re2_train_398_if_the_word_starts_with_any_letter_vowel_add_q_before_that
2026-05-09 17:38:10,145 INFO:Tasks solved so far: 20/78
2026-05-09 17:38:10,686 INFO:[TASK 77/96 QUERY 2/4]: re2_train_398_if_the_word_starts_with_any_letter_vowel_add_q_before_that
2026-05-09 17:38:10,686 INFO:Tasks solved so far: 20/78
2026-05-09 17:38:11,088 INFO:[TASK 77/96 QUERY 3/4]: re2_train_398_if_the_word_starts_with_any_letter_vowel_add_q_before_that
2026-05-09 17:38:11,088 INFO:Tasks solved so far: 20/78
2026-05-09 17:38:12,025 INFO:[TASK 78/96 QUERY 0/4]: re2_train_451_if_the_word_starts_with_any_letter_e_replace_that_with_m
2026-05-09 17:38:12,025 INFO:Tasks solved so far: 20/79
2026-05-09 17:38:12,601 INFO:[TASK 78/96 QUERY 1/4]: re2_train_451_if_the_word_starts_with_any_letter_e_replace_that_with_m
2026-05-09 17:38:12,601 INFO:Tasks solved so far: 20/79
2026-05-09 17:38:13,228 INFO:[TASK 78/96 QUERY 2/4]: re2_train_451_if_the_word_starts_with_any_letter_e_replace_that_with_m
2026-05-09 17:38:13,228 INFO:Tasks solved so far: 20/79
2026-05-09 17:38:14,091 INFO:[TASK 78/96 QUERY 3/4]: re2_train_451_if_the_word_starts_with_any_letter_e_replace_that_with_m
2026-05-09 17:38:14,091 INFO:Tasks solved so far: 20/79
2026-05-09 17:38:15,190 INFO:[TASK 79/96 QUERY 0/4]: re2_train_320_if_there_is_any_letter_vowel_add_s_before_that
2026-05-09 17:38:15,190 INFO:Tasks solved so far: 20/80
2026-05-09 17:38:16,048 INFO:[TASK 79/96 QUERY 1/4]: re2_train_320_if_there_is_any_letter_vowel_add_s_before_that
2026-05-09 17:38:16,048 INFO:Tasks solved so far: 20/80
2026-05-09 17:38:16,745 INFO:[TASK 79/96 QUERY 2/4]: re2_train_320_if_there_is_any_letter_vowel_add_s_before_that
2026-05-09 17:38:16,745 INFO:Tasks solved so far: 20/80
2026-05-09 17:38:17,298 INFO:[TASK 79/96 QUERY 3/4]: re2_train_320_if_there_is_any_letter_vowel_add_s_before_that
2026-05-09 17:38:17,299 INFO:Tasks solved so far: 20/80
2026-05-09 17:38:17,873 INFO:[TASK 80/96 QUERY 0/4]: re2_train_94_if_the_word_starts_with_consonant_vowel_add_x_before_that
2026-05-09 17:38:17,873 INFO:Tasks solved so far: 20/81
2026-05-09 17:38:18,384 INFO:[TASK 80/96 QUERY 1/4]: re2_train_94_if_the_word_starts_with_consonant_vowel_add_x_before_that
2026-05-09 17:38:18,384 INFO:Tasks solved so far: 20/81
2026-05-09 17:38:18,813 INFO:[TASK 80/96 QUERY 2/4]: re2_train_94_if_the_word_starts_with_consonant_vowel_add_x_before_that
2026-05-09 17:38:18,813 INFO:Tasks solved so far: 20/81
2026-05-09 17:38:19,645 INFO:[TASK 80/96 QUERY 3/4]: re2_train_94_if_the_word_starts_with_consonant_vowel_add_x_before_that
2026-05-09 17:38:19,645 INFO:Tasks solved so far: 20/81
2026-05-09 17:38:20,207 INFO:[TASK 81/96 QUERY 0/4]: re2_train_298_if_the_word_ends_with_consonant_add_p_after_that
2026-05-09 17:38:20,208 INFO:Tasks solved so far: 20/82
2026-05-09 17:38:21,074 INFO:[TASK 81/96 QUERY 1/4]: re2_train_298_if_the_word_ends_with_consonant_add_p_after_that
2026-05-09 17:38:21,074 INFO:Tasks solved so far: 20/82
2026-05-09 17:38:21,573 INFO:[TASK 81/96 QUERY 2/4]: re2_train_298_if_the_word_ends_with_consonant_add_p_after_that
2026-05-09 17:38:21,573 INFO:Tasks solved so far: 20/82
2026-05-09 17:38:22,301 INFO:[TASK 81/96 QUERY 3/4]: re2_train_298_if_the_word_ends_with_consonant_add_p_after_that
2026-05-09 17:38:22,301 INFO:Tasks solved so far: 20/82
2026-05-09 17:38:22,857 INFO:[TASK 82/96 QUERY 0/4]: re2_train_161_if_there_is_o_replace_that_with_c_g
2026-05-09 17:38:22,857 INFO:Tasks solved so far: 20/83
2026-05-09 17:38:23,266 INFO:[TASK 82/96 QUERY 1/4]: re2_train_161_if_there_is_o_replace_that_with_c_g
2026-05-09 17:38:23,266 INFO:Tasks solved so far: 20/83
2026-05-09 17:38:23,627 INFO:[TASK 82/96 QUERY 2/4]: re2_train_161_if_there_is_o_replace_that_with_c_g
2026-05-09 17:38:23,627 INFO:Tasks solved so far: 20/83
2026-05-09 17:38:24,635 INFO:[TASK 82/96 QUERY 3/4]: re2_train_161_if_there_is_o_replace_that_with_c_g
2026-05-09 17:38:24,636 INFO:Tasks solved so far: 21/83
2026-05-09 17:38:25,523 INFO:[TASK 83/96 QUERY 0/4]: re2_train_279_if_the_word_ends_with_consonant_replace_that_with_o_c
2026-05-09 17:38:25,523 INFO:Tasks solved so far: 21/84
2026-05-09 17:38:25,932 INFO:[TASK 83/96 QUERY 1/4]: re2_train_279_if_the_word_ends_with_consonant_replace_that_with_o_c
2026-05-09 17:38:25,932 INFO:Tasks solved so far: 21/84
2026-05-09 17:38:26,376 INFO:[TASK 83/96 QUERY 2/4]: re2_train_279_if_the_word_ends_with_consonant_replace_that_with_o_c
2026-05-09 17:38:26,376 INFO:Tasks solved so far: 21/84
2026-05-09 17:38:26,787 INFO:[TASK 83/96 QUERY 3/4]: re2_train_279_if_the_word_ends_with_consonant_replace_that_with_o_c
2026-05-09 17:38:26,787 INFO:Tasks solved so far: 21/84
2026-05-09 17:38:27,735 INFO:[TASK 84/96 QUERY 0/4]: re2_train_275_if_the_word_ends_with_consonant_replace_that_with_r
2026-05-09 17:38:27,735 INFO:Tasks solved so far: 21/85
2026-05-09 17:38:28,565 INFO:[TASK 84/96 QUERY 1/4]: re2_train_275_if_the_word_ends_with_consonant_replace_that_with_r
2026-05-09 17:38:28,565 INFO:Tasks solved so far: 21/85
2026-05-09 17:38:28,992 INFO:[TASK 84/96 QUERY 2/4]: re2_train_275_if_the_word_ends_with_consonant_replace_that_with_r
2026-05-09 17:38:28,992 INFO:Tasks solved so far: 21/85
2026-05-09 17:38:29,730 INFO:[TASK 84/96 QUERY 3/4]: re2_train_275_if_the_word_ends_with_consonant_replace_that_with_r
2026-05-09 17:38:29,730 INFO:Tasks solved so far: 21/85
2026-05-09 17:38:30,316 INFO:[TASK 85/96 QUERY 0/4]: re2_train_91_if_the_word_starts_with_consonant_vowel_add_t_before_that
2026-05-09 17:38:30,316 INFO:Tasks solved so far: 21/86
2026-05-09 17:38:30,980 INFO:[TASK 85/96 QUERY 1/4]: re2_train_91_if_the_word_starts_with_consonant_vowel_add_t_before_that
2026-05-09 17:38:30,980 INFO:Tasks solved so far: 21/86
2026-05-09 17:38:31,697 INFO:[TASK 85/96 QUERY 2/4]: re2_train_91_if_the_word_starts_with_consonant_vowel_add_t_before_that
2026-05-09 17:38:31,697 INFO:Tasks solved so far: 21/86
2026-05-09 17:38:32,637 INFO:[TASK 85/96 QUERY 3/4]: re2_train_91_if_the_word_starts_with_consonant_vowel_add_t_before_that
2026-05-09 17:38:32,637 INFO:Tasks solved so far: 21/86
2026-05-09 17:38:33,390 INFO:[TASK 86/96 QUERY 0/4]: re2_train_104_if_there_is_vowel_any_letter_replace_that_with_x_v
2026-05-09 17:38:33,390 INFO:Tasks solved so far: 21/87
2026-05-09 17:38:34,012 INFO:[TASK 86/96 QUERY 1/4]: re2_train_104_if_there_is_vowel_any_letter_replace_that_with_x_v
2026-05-09 17:38:34,012 INFO:Tasks solved so far: 21/87
2026-05-09 17:38:34,910 INFO:[TASK 86/96 QUERY 2/4]: re2_train_104_if_there_is_vowel_any_letter_replace_that_with_x_v
2026-05-09 17:38:34,910 INFO:Tasks solved so far: 21/87
2026-05-09 17:38:35,354 INFO:[TASK 86/96 QUERY 3/4]: re2_train_104_if_there_is_vowel_any_letter_replace_that_with_x_v
2026-05-09 17:38:35,354 INFO:Tasks solved so far: 21/87
2026-05-09 17:38:35,884 INFO:[TASK 87/96 QUERY 0/4]: re2_train_164_if_the_word_starts_with_consonant_replace_that_with_i_q
2026-05-09 17:38:35,884 INFO:Tasks solved so far: 21/88
2026-05-09 17:38:36,753 INFO:[TASK 87/96 QUERY 1/4]: re2_train_164_if_the_word_starts_with_consonant_replace_that_with_i_q
2026-05-09 17:38:36,753 INFO:Tasks solved so far: 21/88
2026-05-09 17:38:37,318 INFO:[TASK 87/96 QUERY 2/4]: re2_train_164_if_the_word_starts_with_consonant_replace_that_with_i_q
2026-05-09 17:38:37,318 INFO:Tasks solved so far: 21/88
2026-05-09 17:38:38,097 INFO:[TASK 87/96 QUERY 3/4]: re2_train_164_if_the_word_starts_with_consonant_replace_that_with_i_q
2026-05-09 17:38:38,097 INFO:Tasks solved so far: 21/88
2026-05-09 17:38:39,736 INFO:[TASK 88/96 QUERY 0/4]: re2_train_32_if_there_is_p_replace_that_with_f_w
2026-05-09 17:38:39,736 INFO:Tasks solved so far: 21/89
2026-05-09 17:38:40,993 INFO:[TASK 88/96 QUERY 1/4]: re2_train_32_if_there_is_p_replace_that_with_f_w
2026-05-09 17:38:40,993 INFO:Tasks solved so far: 21/89
2026-05-09 17:38:41,419 INFO:[TASK 88/96 QUERY 2/4]: re2_train_32_if_there_is_p_replace_that_with_f_w
2026-05-09 17:38:41,419 INFO:Tasks solved so far: 21/89
2026-05-09 17:38:42,189 INFO:[TASK 88/96 QUERY 3/4]: re2_train_32_if_there_is_p_replace_that_with_f_w
2026-05-09 17:38:42,189 INFO:Tasks solved so far: 21/89
2026-05-09 17:38:42,682 INFO:[TASK 89/96 QUERY 0/4]: re2_train_192_if_there_is_b_replace_that_with_q
2026-05-09 17:38:42,682 INFO:Tasks solved so far: 22/90
2026-05-09 17:38:43,482 INFO:[TASK 90/96 QUERY 0/4]: re2_train_131_if_there_is_vowel_replace_that_with_p_q
2026-05-09 17:38:43,482 INFO:Tasks solved so far: 22/91
2026-05-09 17:38:44,232 INFO:[TASK 90/96 QUERY 1/4]: re2_train_131_if_there_is_vowel_replace_that_with_p_q
2026-05-09 17:38:44,232 INFO:Tasks solved so far: 22/91
2026-05-09 17:38:45,604 INFO:[TASK 90/96 QUERY 2/4]: re2_train_131_if_there_is_vowel_replace_that_with_p_q
2026-05-09 17:38:45,604 INFO:Tasks solved so far: 22/91
2026-05-09 17:38:46,312 INFO:[TASK 90/96 QUERY 3/4]: re2_train_131_if_there_is_vowel_replace_that_with_p_q
2026-05-09 17:38:46,312 INFO:Tasks solved so far: 22/91
2026-05-09 17:38:47,084 INFO:[TASK 91/96 QUERY 0/4]: re2_train_87_if_the_word_starts_with_vowel_add_p_before_that
2026-05-09 17:38:47,084 INFO:Tasks solved so far: 22/92
2026-05-09 17:38:48,332 INFO:[TASK 91/96 QUERY 1/4]: re2_train_87_if_the_word_starts_with_vowel_add_p_before_that
2026-05-09 17:38:48,332 INFO:Tasks solved so far: 22/92
2026-05-09 17:38:48,957 INFO:[TASK 91/96 QUERY 2/4]: re2_train_87_if_the_word_starts_with_vowel_add_p_before_that
2026-05-09 17:38:48,957 INFO:Tasks solved so far: 22/92
2026-05-09 17:38:49,313 INFO:[TASK 91/96 QUERY 3/4]: re2_train_87_if_the_word_starts_with_vowel_add_p_before_that
2026-05-09 17:38:49,313 INFO:Tasks solved so far: 22/92
2026-05-09 17:38:50,472 INFO:[TASK 92/96 QUERY 0/4]: re2_train_274_if_there_is_consonant_vowel_add_x_before_that
2026-05-09 17:38:50,472 INFO:Tasks solved so far: 22/93
2026-05-09 17:38:51,068 INFO:[TASK 92/96 QUERY 1/4]: re2_train_274_if_there_is_consonant_vowel_add_x_before_that
2026-05-09 17:38:51,068 INFO:Tasks solved so far: 22/93
2026-05-09 17:38:51,716 INFO:[TASK 92/96 QUERY 2/4]: re2_train_274_if_there_is_consonant_vowel_add_x_before_that
2026-05-09 17:38:51,716 INFO:Tasks solved so far: 22/93
2026-05-09 17:38:52,396 INFO:[TASK 92/96 QUERY 3/4]: re2_train_274_if_there_is_consonant_vowel_add_x_before_that
2026-05-09 17:38:52,396 INFO:Tasks solved so far: 22/93
2026-05-09 17:38:53,042 INFO:[TASK 93/96 QUERY 0/4]: re2_train_341_if_the_word_starts_with_consonant_any_letter_replace_that_with_e_a
2026-05-09 17:38:53,042 INFO:Tasks solved so far: 22/94
2026-05-09 17:38:53,953 INFO:[TASK 93/96 QUERY 1/4]: re2_train_341_if_the_word_starts_with_consonant_any_letter_replace_that_with_e_a
2026-05-09 17:38:53,953 INFO:Tasks solved so far: 22/94
2026-05-09 17:38:54,823 INFO:[TASK 93/96 QUERY 2/4]: re2_train_341_if_the_word_starts_with_consonant_any_letter_replace_that_with_e_a
2026-05-09 17:38:54,824 INFO:Tasks solved so far: 22/94
2026-05-09 17:38:55,314 INFO:[TASK 93/96 QUERY 3/4]: re2_train_341_if_the_word_starts_with_consonant_any_letter_replace_that_with_e_a
2026-05-09 17:38:55,314 INFO:Tasks solved so far: 22/94
2026-05-09 17:38:55,846 INFO:[TASK 94/96 QUERY 0/4]: re2_train_315_if_there_is_h_replace_that_with_y
2026-05-09 17:38:55,846 INFO:Tasks solved so far: 23/95
2026-05-09 17:38:56,429 INFO:[TASK 95/96 QUERY 0/4]: re2_train_185_if_the_word_ends_with_consonant_replace_that_with_a_o
2026-05-09 17:38:56,429 INFO:Tasks solved so far: 23/96
2026-05-09 17:38:56,917 INFO:[TASK 95/96 QUERY 1/4]: re2_train_185_if_the_word_ends_with_consonant_replace_that_with_a_o
2026-05-09 17:38:56,917 INFO:Tasks solved so far: 23/96
2026-05-09 17:38:57,610 INFO:[TASK 95/96 QUERY 2/4]: re2_train_185_if_the_word_ends_with_consonant_replace_that_with_a_o
2026-05-09 17:38:57,611 INFO:Tasks solved so far: 23/96
2026-05-09 17:38:58,057 INFO:[TASK 95/96 QUERY 3/4]: re2_train_185_if_the_word_ends_with_consonant_replace_that_with_a_o
2026-05-09 17:38:58,057 INFO:Tasks solved so far: 24/96
2026-05-09 17:38:58,172 INFO:Wrote experiments_iterative/outputs/dev_regex_batch96_firsttest_gpt35_instruct_original_completion_20260509/domains/re2/lilo_original_completion/seed_111/lilo_original_completion_96/0/metrics.json
2026-05-09 17:38:58,172 INFO:====================================
2026-05-09 17:38:58,172 INFO:iteration: 0
2026-05-09 17:38:58,172 INFO:llm_solver : infer_programs_for_tasks
2026-05-09 17:38:58,172 INFO:Completed in 238.572s
2026-05-09 17:38:58,172 INFO:====================================
2026-05-09 17:38:58,172 INFO:============LOGGING MODEL_FN============
2026-05-09 17:38:58,172 INFO:	iteration: 0
2026-05-09 17:38:58,172 INFO:	experiment_block_type: model_fn
2026-05-09 17:38:58,172 INFO:	model_type: amortized_synthesis
2026-05-09 17:38:58,172 INFO:	params: {'recognition_train_steps': 10000}
2026-05-09 17:38:58,172 INFO:	task_split: train
2026-05-09 17:38:58,172 INFO:	model_fn: optimize_model_for_frontiers
2026-05-09 17:38:58,172 INFO:	task_batch_size: all
2026-05-09 17:38:58,172 INFO:task_ids: 491 tasks: re2_train_489_if_there_is_any_letter_consonant_replace_that_with_b -- re2_train_432_if_the_word_ends_with_vowel_any_letter_replace_that_with_h_i
2026-05-09 17:38:58,172 INFO:====================================
2026-05-09 17:38:58,200 INFO:optimize_model_for_frontiers: Skipped recognition network training.
2026-05-09 17:38:58,200 INFO:Error combining timing metrics: amortized_synthesis.optimize_model_for_frontiers was skipped but no prior timing data found.
2026-05-09 17:38:58,200 INFO:Wrote experiments_iterative/outputs/dev_regex_batch96_firsttest_gpt35_instruct_original_completion_20260509/domains/re2/lilo_original_completion/seed_111/lilo_original_completion_96/0/metrics.json
2026-05-09 17:38:58,200 INFO:====================================
2026-05-09 17:38:58,200 INFO:iteration: 0
2026-05-09 17:38:58,200 INFO:amortized_synthesis : optimize_model_for_frontiers
2026-05-09 17:38:58,200 INFO:Completed in 0.028s
2026-05-09 17:38:58,200 INFO:====================================
2026-05-09 17:38:58,200 INFO:============LOGGING MODEL_FN============
2026-05-09 17:38:58,200 INFO:	iteration: 0
2026-05-09 17:38:58,200 INFO:	experiment_block_type: model_fn
2026-05-09 17:38:58,200 INFO:	model_type: amortized_synthesis
2026-05-09 17:38:58,200 INFO:	params: {'enumeration_timeout': 1000}
2026-05-09 17:38:58,200 INFO:	task_split: train
2026-05-09 17:38:58,200 INFO:	model_fn: infer_programs_for_tasks
2026-05-09 17:38:58,200 INFO:	task_batch_size: global_batch_size
2026-05-09 17:38:58,200 INFO:task_ids: 96 tasks: re2_train_489_if_there_is_any_letter_consonant_replace_that_with_b -- re2_train_185_if_the_word_ends_with_consonant_replace_that_with_a_o
2026-05-09 17:38:58,200 INFO:====================================
2026-05-09 17:38:58,316 INFO:infer_programs_for_tasks: Restored frontiers from checkpoint and skipped enumeration.
2026-05-09 17:38:58,316 INFO:Error combining timing metrics: amortized_synthesis.infer_programs_for_tasks was skipped but no prior timing data found.
2026-05-09 17:38:58,316 INFO:Wrote experiments_iterative/outputs/dev_regex_batch96_firsttest_gpt35_instruct_original_completion_20260509/domains/re2/lilo_original_completion/seed_111/lilo_original_completion_96/0/metrics.json
2026-05-09 17:38:58,316 INFO:====================================
2026-05-09 17:38:58,316 INFO:iteration: 0
2026-05-09 17:38:58,316 INFO:amortized_synthesis : infer_programs_for_tasks
2026-05-09 17:38:58,316 INFO:Completed in 0.116s
2026-05-09 17:38:58,317 INFO:====================================
2026-05-09 17:38:58,317 INFO:============LOGGING FRONTIERS============
2026-05-09 17:38:58,317 INFO:	 total_solved_tasks_train @ iteration 0: 24 / 491
2026-05-09 17:38:58,317 INFO:	 total_solved_tasks_test @ iteration 0: 0 / 500
2026-05-09 17:38:58,317 INFO:====================================
2026-05-09 17:38:58,317 INFO:============LOGGING FRONTIERS============
2026-05-09 17:38:58,317 INFO:	 total_solved_tasks_train @ iteration 0: 24 / 491
2026-05-09 17:38:58,317 INFO:	 total_solved_tasks_test @ iteration 0: 0 / 500
2026-05-09 17:38:58,317 INFO:====================================
2026-05-09 17:38:58,334 INFO:============Checkpointing frontiers to experiments_iterative/outputs/dev_regex_batch96_firsttest_gpt35_instruct_original_completion_20260509/domains/re2/lilo_original_completion/seed_111/lilo_original_completion_96/0/frontiers.json===========
2026-05-09 17:38:58,335 INFO:============LOGGING MODEL_FN============
2026-05-09 17:38:58,335 INFO:	iteration: 0
2026-05-09 17:38:58,335 INFO:	experiment_block_type: model_fn
2026-05-09 17:38:58,335 INFO:	model_type: library_learner
2026-05-09 17:38:58,335 INFO:	task_batch_sizes: ['all']
2026-05-09 17:38:58,335 INFO:	task_splits: ['train']
2026-05-09 17:38:58,335 INFO:	params: {'max_arity': 3, 'iterations': 10, 'candidates_per_iteration': 1, 'include_samples': True, 'use_mdl_program': False, 'beta_reduce_programs': True, 'update_grammar': True, 'replace_existing_abstractions': True}
2026-05-09 17:38:58,335 INFO:	model_fn: get_compressed_grammar_mdl_prior_rank
2026-05-09 17:38:58,335 INFO:task_ids train: 491 tasks: re2_train_489_if_there_is_any_letter_consonant_replace_that_with_b -- re2_train_432_if_the_word_ends_with_vowel_any_letter_replace_that_with_h_i
2026-05-09 17:38:58,335 INFO:====================================
2026-05-09 17:38:58,422 INFO:Updated grammar (productions=42) with 10 new abstractions.
2026-05-09 17:38:58,442 INFO:reset_task_frontiers for split: train
2026-05-09 17:38:58,443 INFO:reset_samples for split: train
2026-05-09 17:38:58,443 INFO:============LOGGING MODEL_FN============
2026-05-09 17:38:58,443 INFO:	iteration: 0
2026-05-09 17:38:58,443 INFO:	experiment_block_type: model_fn
2026-05-09 17:38:58,443 INFO:	model_type: library_namer
2026-05-09 17:38:58,443 INFO:	params: {'body_task_selection': 'random'}
2026-05-09 17:38:58,443 INFO:	task_split: train
2026-05-09 17:38:58,443 INFO:	model_fn: generate_library_names
2026-05-09 17:38:58,443 INFO:	task_batch_size: all
2026-05-09 17:38:58,443 INFO:task_ids: 491 tasks: re2_train_489_if_there_is_any_letter_consonant_replace_that_with_b -- re2_train_432_if_the_word_ends_with_vowel_any_letter_replace_that_with_h_i
2026-05-09 17:38:58,443 INFO:====================================
2026-05-09 17:38:58,451 INFO:You are writing software documentation. Your goal is to write human-readable names for the following library functions:

fn_42 :: tfullstr -> tsubstr -> tsubstr -> tfullstr

(lambda (lambda (lambda (regex_flatten (regex_map (lambda (regex_if (regex_match $1 $0) $2 $0)) (regex_split '.' $2))))))

fn_43 :: tfullstr -> (tsubstr -> tsubstr) -> tfullstr

(lambda (lambda (regex_flatten (regex_map $0 (regex_split empty_string $1)))))

fn_44 :: tfullstr -> tsubstr -> tsubstr -> tfullstr

(lambda (lambda (lambda (regex_flatten (regex_cons $0 (regex_cons $1 (regex_cdr (regex_split '.' $2))))))))

fn_45 :: tfullstr -> tsubstr -> tsubstr -> tfullstr

(lambda (lambda (lambda (regex_flatten (regex_append $0 (regex_reverse_cdr (regex_split $1 $2)))))))

fn_46 :: tsubstr -> tsubstr -> tfullstr -> tfullstr

(lambda (lambda (lambda (fn_43 $0 (lambda (regex_if (regex_match $2 $0) $3 $0))))))

fn_47 :: tfullstr -> tsubstr -> tfullstr

(lambda (lambda (regex_flatten (regex_cons $0 (regex_cdr (regex_split empty_string $1))))))

fn_48 :: tsubstr -> tsubstr -> tfullstr -> tfullstr

(lambda (lambda (lambda (fn_43 $0 (lambda (regex_if (regex_match $0 $2) $3 $0))))))

fn_49 :: tsubstr -> tsubstr

(lambda (regex_concat $0 't'))

fn_50 :: tsubstr -> tsubstr

(lambda (regex_concat $0 'v'))

fn_51 :: tsubstr -> tfullstr -> tfullstr

(lambda (lambda (fn_42 $0 $1 'i')))

======
Consider the following anonymous function:

fn_42 :: tfullstr -> tsubstr -> tsubstr -> tfullstr

(lambda (lambda (lambda (regex_flatten (regex_map (lambda (regex_if (regex_match $1 $0) $2 $0)) (regex_split '.' $2))))))

Here are some examples of its usage:

-- if there is t replace that with n
(lambda (fn_42 $0 'n' 't'))

-- if there is h replace that with y
(lambda (fn_42 $0 'y' 'h'))

-- if there is o replace that with c g
(lambda (fn_42 $0 (regex_concat 'c' 'g') 'o'))

-- if there is g replace that with u f
(lambda (fn_42 $0 (regex_concat 'u' 'f') 'g'))

-- if there is b replace that with q
(lambda (fn_42 $0 'q' 'b'))

-- if there is p replace that with g
(lambda (fn_42 $0 'g' 'p'))

Please write a human-readable name and description for `fn_42` in the JSON format shown below.
Your `readable_name` should be underscore-separated and should not contain any spaces.
It should also be unique (not existing in the function library above).
If you cannot come up with a good name, please set `readable_name` to `null`.

{
    "anonymous_name": "fn_42",
    "readable_name": TODO,
    "description": TODO
}

2026-05-09 17:38:59,369 INFO:GPT (gpt-3.5-turbo-instruct) completion:
2026-05-09 17:38:59,369 INFO:[
    {
        "index": 0,
        "text": "\n{\n    \"anonymous_name\": \"fn_42\",\n    \"readable_name\": \"regex_replace_if_match\",\n    \"description\": \"Replaces a substring in a string if it matches a given pattern, using a regular expression.\"\n}",
        "valid": true,
        "data": {
            "anonymous_name": "fn_42",
            "readable_name": "regex_replace_if_match",
            "description": "Replaces a substring in a string if it matches a given pattern, using a regular expression."
        }
    },
    {
        "index": 1,
        "text": "\n{\n    \"anonymous_name\": \"fn_42\",\n    \"readable_name\": \"regex_replace_if_match\",\n    \"description\": \"Replaces a substring in a string if it matches a given pattern, using a regular expression.\"\n}",
        "valid": true,
        "data": {
            "anonymous_name": "fn_42",
            "readable_name": "regex_replace_if_match",
            "description": "Replaces a substring in a string if it matches a given pattern, using a regular expression."
        }
    },
    {
        "index": 2,
        "text": "\n{\n    \"anonymous_name\": \"fn_42\",\n    \"readable_name\": \"regex_replace_if_match\",\n    \"description\": \"Replaces a substring in a string if it matches a given pattern, using a regular expression.\"\n}",
        "valid": true,
        "data": {
            "anonymous_name": "fn_42",
            "readable_name": "regex_replace_if_match",
            "description": "Replaces a substring in a string if it matches a given pattern, using a regular expression."
        }
    },
    {
        "index": 3,
        "text": "\n{\n    \"anonymous_name\": \"fn_42\",\n    \"readable_name\": \"regex_replace_if_match\",\n    \"description\": \"Replaces a substring in a string if it matches a given pattern, using a regular expression.\"\n}",
        "valid": true,
        "data": {
            "anonymous_name": "fn_42",
            "readable_name": "regex_replace_if_match",
            "description": "Replaces a substring in a string if it matches a given pattern, using a regular expression."
        }
    },
    {
        "index": 4,
        "text": "\n{\n    \"anonymous_name\": \"fn_42\",\n    \"readable_name\": \"regex_replace_if_match\",\n    \"description\": \"Replaces a substring in a string if it matches a given pattern, using a regular expression.\"\n}",
        "valid": true,
        "data": {
            "anonymous_name": "fn_42",
            "readable_name": "regex_replace_if_match",
            "description": "Replaces a substring in a string if it matches a given pattern, using a regular expression."
        }
    }
]
2026-05-09 17:38:59,370 INFO:✅ Successfully named fn_42 -> regex_replace_if_match
2026-05-09 17:38:59,370 INFO:{
    "index": 0,
    "text": "\n{\n    \"anonymous_name\": \"fn_42\",\n    \"readable_name\": \"regex_replace_if_match\",\n    \"description\": \"Replaces a substring in a string if it matches a given pattern, using a regular expression.\"\n}",
    "valid": true,
    "data": {
        "anonymous_name": "fn_42",
        "readable_name": "regex_replace_if_match",
        "description": "Replaces a substring in a string if it matches a given pattern, using a regular expression.",
        "usage_examples": [
            {
                "task_name": "re2_train_246_if_there_is_t_replace_that_with_n",
                "program": "(lambda (fn_42 $0 'n' 't'))",
                "language": "if there is t replace that with n"
            },
            {
                "task_name": "re2_train_315_if_there_is_h_replace_that_with_y",
                "program": "(lambda (fn_42 $0 'y' 'h'))",
                "language": "if there is h replace that with y"
            },
            {
                "task_name": "re2_train_161_if_there_is_o_replace_that_with_c_g",
                "program": "(lambda (fn_42 $0 (regex_concat 'c' 'g') 'o'))",
                "language": "if there is o replace that with c g"
            },
            {
                "task_name": "re2_train_372_if_there_is_g_replace_that_with_u_f",
                "program": "(lambda (fn_42 $0 (regex_concat 'u' 'f') 'g'))",
                "language": "if there is g replace that with u f"
            },
            {
                "task_name": "re2_train_192_if_there_is_b_replace_that_with_q",
                "program": "(lambda (fn_42 $0 'q' 'b'))",
                "language": "if there is b replace that with q"
            },
            {
                "task_name": "re2_train_137_if_there_is_p_replace_that_with_g",
                "program": "(lambda (fn_42 $0 'g' 'p'))",
                "language": "if there is p replace that with g"
            }
        ]
    }
}
2026-05-09 17:38:59,380 INFO:You are writing software documentation. Your goal is to write human-readable names for the following library functions:

regex_replace_if_match :: tfullstr -> tsubstr -> tsubstr -> tfullstr

(lambda (lambda (lambda (regex_flatten (regex_map (lambda (regex_if (regex_match $1 $0) $2 $0)) (regex_split '.' $2))))))
description: Replaces a substring in a string if it matches a given pattern, using a regular expression.

fn_43 :: tfullstr -> (tsubstr -> tsubstr) -> tfullstr

(lambda (lambda (regex_flatten (regex_map $0 (regex_split empty_string $1)))))

fn_44 :: tfullstr -> tsubstr -> tsubstr -> tfullstr

(lambda (lambda (lambda (regex_flatten (regex_cons $0 (regex_cons $1 (regex_cdr (regex_split '.' $2))))))))

fn_45 :: tfullstr -> tsubstr -> tsubstr -> tfullstr

(lambda (lambda (lambda (regex_flatten (regex_append $0 (regex_reverse_cdr (regex_split $1 $2)))))))

fn_46 :: tsubstr -> tsubstr -> tfullstr -> tfullstr

(lambda (lambda (lambda (fn_43 $0 (lambda (regex_if (regex_match $2 $0) $3 $0))))))

fn_47 :: tfullstr -> tsubstr -> tfullstr

(lambda (lambda (regex_flatten (regex_cons $0 (regex_cdr (regex_split empty_string $1))))))

fn_48 :: tsubstr -> tsubstr -> tfullstr -> tfullstr

(lambda (lambda (lambda (fn_43 $0 (lambda (regex_if (regex_match $0 $2) $3 $0))))))

fn_49 :: tsubstr -> tsubstr

(lambda (regex_concat $0 't'))

fn_50 :: tsubstr -> tsubstr

(lambda (regex_concat $0 'v'))

fn_51 :: tsubstr -> tfullstr -> tfullstr

(lambda (lambda (regex_replace_if_match $0 $1 'i')))

======
Consider the following anonymous function:

fn_43 :: tfullstr -> (tsubstr -> tsubstr) -> tfullstr

(lambda (lambda (regex_flatten (regex_map $0 (regex_split empty_string $1)))))

Here are some examples of its usage:

-- if there is any letter replace that with r v
(lambda (fn_43 $0 (lambda (fn_50 'r'))))

-- if there is any letter replace that with w t
(lambda (fn_43 $0 (lambda (fn_49 'w'))))

-- if there is any letter add v after that
(lambda (fn_43 $0 (lambda (fn_50 $0))))

Please write a human-readable name and description for `fn_43` in the JSON format shown below.
Your `readable_name` should be underscore-separated and should not contain any spaces.
It should also be unique (not existing in the function library above).
If you cannot come up with a good name, please set `readable_name` to `null`.

{
    "anonymous_name": "fn_43",
    "readable_name": TODO,
    "description": TODO
}

2026-05-09 17:38:59,984 INFO:GPT (gpt-3.5-turbo-instruct) completion:
2026-05-09 17:38:59,984 INFO:[
    {
        "index": 0,
        "text": "\n{\n    \"anonymous_name\": \"fn_43\",\n    \"readable_name\": \"replace_if_match\",\n    \"description\": \"Replaces a substring in a string if it matches a given pattern, using a regular expression.\"\n}",
        "valid": true,
        "data": {
            "anonymous_name": "fn_43",
            "readable_name": "replace_if_match",
            "description": "Replaces a substring in a string if it matches a given pattern, using a regular expression."
        }
    },
    {
        "index": 1,
        "text": "\n{\n    \"anonymous_name\": \"fn_43\",\n    \"readable_name\": \"replace_if_match\",\n    \"description\": \"Replaces a substring in a string if it matches a given pattern, using a regular expression.\"\n}",
        "valid": true,
        "data": {
            "anonymous_name": "fn_43",
            "readable_name": "replace_if_match",
            "description": "Replaces a substring in a string if it matches a given pattern, using a regular expression."
        }
    },
    {
        "index": 2,
        "text": "\n{\n    \"anonymous_name\": \"fn_43\",\n    \"readable_name\": \"replace_if_match\",\n    \"description\": \"Replaces a substring in a string if it matches a given pattern, using a regular expression.\"\n}",
        "valid": true,
        "data": {
            "anonymous_name": "fn_43",
            "readable_name": "replace_if_match",
            "description": "Replaces a substring in a string if it matches a given pattern, using a regular expression."
        }
    },
    {
        "index": 3,
        "text": "\n{\n    \"anonymous_name\": \"fn_43\",\n    \"readable_name\": \"replace_if_match\",\n    \"description\": \"Replaces a substring in a string if it matches a given pattern, using a regular expression.\"\n}",
        "valid": true,
        "data": {
            "anonymous_name": "fn_43",
            "readable_name": "replace_if_match",
            "description": "Replaces a substring in a string if it matches a given pattern, using a regular expression."
        }
    },
    {
        "index": 4,
        "text": "\n{\n    \"anonymous_name\": \"fn_43\",\n    \"readable_name\": \"replace_if_match\",\n    \"description\": \"Replaces a substring in a string if it matches a given pattern, using a regular expression.\"\n}",
        "valid": true,
        "data": {
            "anonymous_name": "fn_43",
            "readable_name": "replace_if_match",
            "description": "Replaces a substring in a string if it matches a given pattern, using a regular expression."
        }
    }
]
2026-05-09 17:38:59,985 INFO:✅ Successfully named fn_43 -> replace_if_match
2026-05-09 17:38:59,985 INFO:{
    "index": 0,
    "text": "\n{\n    \"anonymous_name\": \"fn_43\",\n    \"readable_name\": \"replace_if_match\",\n    \"description\": \"Replaces a substring in a string if it matches a given pattern, using a regular expression.\"\n}",
    "valid": true,
    "data": {
        "anonymous_name": "fn_43",
        "readable_name": "replace_if_match",
        "description": "Replaces a substring in a string if it matches a given pattern, using a regular expression.",
        "usage_examples": [
            {
                "task_name": "re2_train_129_if_there_is_any_letter_replace_that_with_r_v",
                "program": "(lambda (fn_43 $0 (lambda (fn_50 'r'))))",
                "language": "if there is any letter replace that with r v"
            },
            {
                "task_name": "re2_train_229_if_there_is_any_letter_replace_that_with_w_t",
                "program": "(lambda (fn_43 $0 (lambda (fn_49 'w'))))",
                "language": "if there is any letter replace that with w t"
            },
            {
                "task_name": "re2_train_41_if_there_is_any_letter_add_v_after_that",
                "program": "(lambda (fn_43 $0 (lambda (fn_50 $0))))",
                "language": "if there is any letter add v after that"
            }
        ]
    }
}
2026-05-09 17:38:59,995 INFO:You are writing software documentation. Your goal is to write human-readable names for the following library functions:

regex_replace_if_match :: tfullstr -> tsubstr -> tsubstr -> tfullstr

(lambda (lambda (lambda (regex_flatten (regex_map (lambda (regex_if (regex_match $1 $0) $2 $0)) (regex_split '.' $2))))))
description: Replaces a substring in a string if it matches a given pattern, using a regular expression.

replace_if_match :: tfullstr -> (tsubstr -> tsubstr) -> tfullstr

(lambda (lambda (regex_flatten (regex_map $0 (regex_split empty_string $1)))))
description: Replaces a substring in a string if it matches a given pattern, using a regular expression.

fn_44 :: tfullstr -> tsubstr -> tsubstr -> tfullstr

(lambda (lambda (lambda (regex_flatten (regex_cons $0 (regex_cons $1 (regex_cdr (regex_split '.' $2))))))))

fn_45 :: tfullstr -> tsubstr -> tsubstr -> tfullstr

(lambda (lambda (lambda (regex_flatten (regex_append $0 (regex_reverse_cdr (regex_split $1 $2)))))))

fn_46 :: tsubstr -> tsubstr -> tfullstr -> tfullstr

(lambda (lambda (lambda (replace_if_match $0 (lambda (regex_if (regex_match $2 $0) $3 $0))))))

fn_47 :: tfullstr -> tsubstr -> tfullstr

(lambda (lambda (regex_flatten (regex_cons $0 (regex_cdr (regex_split empty_string $1))))))

fn_48 :: tsubstr -> tsubstr -> tfullstr -> tfullstr

(lambda (lambda (lambda (replace_if_match $0 (lambda (regex_if (regex_match $0 $2) $3 $0))))))

fn_49 :: tsubstr -> tsubstr

(lambda (regex_concat $0 't'))

fn_50 :: tsubstr -> tsubstr

(lambda (regex_concat $0 'v'))

fn_51 :: tsubstr -> tfullstr -> tfullstr

(lambda (lambda (regex_replace_if_match $0 $1 'i')))

======
Consider the following anonymous function:

fn_44 :: tfullstr -> tsubstr -> tsubstr -> tfullstr

(lambda (lambda (lambda (regex_flatten (regex_cons $0 (regex_cons $1 (regex_cdr (regex_split '.' $2))))))))

Here are some examples of its usage:

-- if the word starts with any letter replace that with n a
(lambda (fn_44 $0 'a' 'n'))

-- if the word starts with any letter replace that with w i
(lambda (fn_44 $0 'i' 'w'))

-- if the word starts with any letter replace that with q a
(lambda (fn_44 $0 'a' 'q'))

Please write a human-readable name and description for `fn_44` in the JSON format shown below.
Your `readable_name` should be underscore-separated and should not contain any spaces.
It should also be unique (not existing in the function library above).
If you cannot come up with a good name, please set `readable_name` to `null`.

{
    "anonymous_name": "fn_44",
    "readable_name": TODO,
    "description": TODO
}

2026-05-09 17:39:00,584 INFO:GPT (gpt-3.5-turbo-instruct) completion:
2026-05-09 17:39:00,585 INFO:[
    {
        "index": 0,
        "text": "\n{\n    \"anonymous_name\": \"fn_44\",\n    \"readable_name\": \"replace_first_two_substrings\",\n    \"description\": \"Replaces the first two substrings in a string, using a regular expression.\"\n}",
        "valid": true,
        "data": {
            "anonymous_name": "fn_44",
            "readable_name": "replace_first_two_substrings",
            "description": "Replaces the first two substrings in a string, using a regular expression."
        }
    },
    {
        "index": 1,
        "text": "\n{\n    \"anonymous_name\": \"fn_44\",\n    \"readable_name\": \"replace_first_two_substrings\",\n    \"description\": \"Replaces the first two substrings in a string, using a regular expression.\"\n}",
        "valid": true,
        "data": {
            "anonymous_name": "fn_44",
            "readable_name": "replace_first_two_substrings",
            "description": "Replaces the first two substrings in a string, using a regular expression."
        }
    },
    {
        "index": 2,
        "text": "\n{\n    \"anonymous_name\": \"fn_44\",\n    \"readable_name\": \"replace_first_two_substrings\",\n    \"description\": \"Replaces the first two substrings in a string, using a regular expression.\"\n}",
        "valid": true,
        "data": {
            "anonymous_name": "fn_44",
            "readable_name": "replace_first_two_substrings",
            "description": "Replaces the first two substrings in a string, using a regular expression."
        }
    },
    {
        "index": 3,
        "text": "\n{\n    \"anonymous_name\": \"fn_44\",\n    \"readable_name\": \"replace_first_two_substrings\",\n    \"description\": \"Replaces the first two substrings in a string, using a regular expression.\"\n}",
        "valid": true,
        "data": {
            "anonymous_name": "fn_44",
            "readable_name": "replace_first_two_substrings",
            "description": "Replaces the first two substrings in a string, using a regular expression."
        }
    },
    {
        "index": 4,
        "text": "\n{\n    \"anonymous_name\": \"fn_44\",\n    \"readable_name\": \"replace_first_two_substrings\",\n    \"description\": \"Replaces the first two substrings in a string, using a regular expression.\"\n}",
        "valid": true,
        "data": {
            "anonymous_name": "fn_44",
            "readable_name": "replace_first_two_substrings",
            "description": "Replaces the first two substrings in a string, using a regular expression."
        }
    }
]
2026-05-09 17:39:00,585 INFO:✅ Successfully named fn_44 -> replace_first_two_substrings
2026-05-09 17:39:00,585 INFO:{
    "index": 0,
    "text": "\n{\n    \"anonymous_name\": \"fn_44\",\n    \"readable_name\": \"replace_first_two_substrings\",\n    \"description\": \"Replaces the first two substrings in a string, using a regular expression.\"\n}",
    "valid": true,
    "data": {
        "anonymous_name": "fn_44",
        "readable_name": "replace_first_two_substrings",
        "description": "Replaces the first two substrings in a string, using a regular expression.",
        "usage_examples": [
            {
                "task_name": "re2_train_21_if_the_word_starts_with_any_letter_replace_that_with_n_a",
                "program": "(lambda (fn_44 $0 'a' 'n'))",
                "language": "if the word starts with any letter replace that with n a"
            },
            {
                "task_name": "re2_train_71_if_the_word_starts_with_any_letter_replace_that_with_w_i",
                "program": "(lambda (fn_44 $0 'i' 'w'))",
                "language": "if the word starts with any letter replace that with w i"
            },
            {
                "task_name": "re2_train_103_if_the_word_starts_with_any_letter_replace_that_with_q_a",
                "program": "(lambda (fn_44 $0 'a' 'q'))",
                "language": "if the word starts with any letter replace that with q a"
            }
        ]
    }
}
2026-05-09 17:39:00,595 INFO:You are writing software documentation. Your goal is to write human-readable names for the following library functions:

regex_replace_if_match :: tfullstr -> tsubstr -> tsubstr -> tfullstr

(lambda (lambda (lambda (regex_flatten (regex_map (lambda (regex_if (regex_match $1 $0) $2 $0)) (regex_split '.' $2))))))
description: Replaces a substring in a string if it matches a given pattern, using a regular expression.

replace_if_match :: tfullstr -> (tsubstr -> tsubstr) -> tfullstr

(lambda (lambda (regex_flatten (regex_map $0 (regex_split empty_string $1)))))
description: Replaces a substring in a string if it matches a given pattern, using a regular expression.

replace_first_two_substrings :: tfullstr -> tsubstr -> tsubstr -> tfullstr

(lambda (lambda (lambda (regex_flatten (regex_cons $0 (regex_cons $1 (regex_cdr (regex_split '.' $2))))))))
description: Replaces the first two substrings in a string, using a regular expression.

fn_45 :: tfullstr -> tsubstr -> tsubstr -> tfullstr

(lambda (lambda (lambda (regex_flatten (regex_append $0 (regex_reverse_cdr (regex_split $1 $2)))))))

fn_46 :: tsubstr -> tsubstr -> tfullstr -> tfullstr

(lambda (lambda (lambda (replace_if_match $0 (lambda (regex_if (regex_match $2 $0) $3 $0))))))

fn_47 :: tfullstr -> tsubstr -> tfullstr

(lambda (lambda (regex_flatten (regex_cons $0 (regex_cdr (regex_split empty_string $1))))))

fn_48 :: tsubstr -> tsubstr -> tfullstr -> tfullstr

(lambda (lambda (lambda (replace_if_match $0 (lambda (regex_if (regex_match $0 $2) $3 $0))))))

fn_49 :: tsubstr -> tsubstr

(lambda (regex_concat $0 't'))

fn_50 :: tsubstr -> tsubstr

(lambda (regex_concat $0 'v'))

fn_51 :: tsubstr -> tfullstr -> tfullstr

(lambda (lambda (regex_replace_if_match $0 $1 'i')))

======
Consider the following anonymous function:

fn_45 :: tfullstr -> tsubstr -> tsubstr -> tfullstr

(lambda (lambda (lambda (regex_flatten (regex_append $0 (regex_reverse_cdr (regex_split $1 $2)))))))

Here are some examples of its usage:

-- if the word ends with consonant replace that with i
(lambda (fn_45 $0 '.' 'i'))

-- if the word ends with any letter replace that with f
(lambda (fn_45 $0 empty_string 'f'))

-- if the word ends with consonant replace that with a o
(lambda (fn_45 $0 '.' (regex_concat 'a' 'o')))

Please write a human-readable name and description for `fn_45` in the JSON format shown below.
Your `readable_name` should be underscore-separated and should not contain any spaces.
It should also be unique (not existing in the function library above).
If you cannot come up with a good name, please set `readable_name` to `null`.

{
    "anonymous_name": "fn_45",
    "readable_name": TODO,
    "description": TODO
}

2026-05-09 17:39:01,246 INFO:GPT (gpt-3.5-turbo-instruct) completion:
2026-05-09 17:39:01,246 INFO:[
    {
        "index": 0,
        "text": "\n{\n    \"anonymous_name\": \"fn_45\",\n    \"readable_name\": \"replace_last_substring_with_concatenated_string\",\n    \"description\": \"Replaces the last substring in a string with a concatenated string, using a regular expression.\"\n}",
        "valid": true,
        "data": {
            "anonymous_name": "fn_45",
            "readable_name": "replace_last_substring_with_concatenated_string",
            "description": "Replaces the last substring in a string with a concatenated string, using a regular expression."
        }
    },
    {
        "index": 1,
        "text": "\n{\n    \"anonymous_name\": \"fn_45\",\n    \"readable_name\": \"replace_last_substring_with_concatenated_string\",\n    \"description\": \"Replaces the last substring in a string with a concatenated string, using a regular expression.\"\n}",
        "valid": true,
        "data": {
            "anonymous_name": "fn_45",
            "readable_name": "replace_last_substring_with_concatenated_string",
            "description": "Replaces the last substring in a string with a concatenated string, using a regular expression."
        }
    },
    {
        "index": 2,
        "text": "\n{\n    \"anonymous_name\": \"fn_45\",\n    \"readable_name\": \"replace_last_substring_with_concatenated_string\",\n    \"description\": \"Replaces the last substring in a string with a concatenated string, using a regular expression.\"\n}",
        "valid": true,
        "data": {
            "anonymous_name": "fn_45",
            "readable_name": "replace_last_substring_with_concatenated_string",
            "description": "Replaces the last substring in a string with a concatenated string, using a regular expression."
        }
    },
    {
        "index": 3,
        "text": "\n{\n    \"anonymous_name\": \"fn_45\",\n    \"readable_name\": \"replace_last_substring_with_concatenated_string\",\n    \"description\": \"Replaces the last substring in a string with a concatenated string, using a regular expression.\"\n}",
        "valid": true,
        "data": {
            "anonymous_name": "fn_45",
            "readable_name": "replace_last_substring_with_concatenated_string",
            "description": "Replaces the last substring in a string with a concatenated string, using a regular expression."
        }
    },
    {
        "index": 4,
        "text": "\n{\n    \"anonymous_name\": \"fn_45\",\n    \"readable_name\": \"replace_last_substring_with_concatenated_string\",\n    \"description\": \"Replaces the last substring in a string with a concatenated string, using a regular expression.\"\n}",
        "valid": true,
        "data": {
            "anonymous_name": "fn_45",
            "readable_name": "replace_last_substring_with_concatenated_string",
            "description": "Replaces the last substring in a string with a concatenated string, using a regular expression."
        }
    }
]
2026-05-09 17:39:01,246 INFO:✅ Successfully named fn_45 -> replace_last_substring_with_concatenated_string
2026-05-09 17:39:01,246 INFO:{
    "index": 0,
    "text": "\n{\n    \"anonymous_name\": \"fn_45\",\n    \"readable_name\": \"replace_last_substring_with_concatenated_string\",\n    \"description\": \"Replaces the last substring in a string with a concatenated string, using a regular expression.\"\n}",
    "valid": true,
    "data": {
        "anonymous_name": "fn_45",
        "readable_name": "replace_last_substring_with_concatenated_string",
        "description": "Replaces the last substring in a string with a concatenated string, using a regular expression.",
        "usage_examples": [
            {
                "task_name": "re2_train_393_if_the_word_ends_with_consonant_replace_that_with_i",
                "program": "(lambda (fn_45 $0 '.' 'i'))",
                "language": "if the word ends with consonant replace that with i"
            },
            {
                "task_name": "re2_train_52_if_the_word_ends_with_any_letter_replace_that_with_f",
                "program": "(lambda (fn_45 $0 empty_string 'f'))",
                "language": "if the word ends with any letter replace that with f"
            },
            {
                "task_name": "re2_train_185_if_the_word_ends_with_consonant_replace_that_with_a_o",
                "program": "(lambda (fn_45 $0 '.' (regex_concat 'a' 'o')))",
                "language": "if the word ends with consonant replace that with a o"
            }
        ]
    }
}
2026-05-09 17:39:01,256 INFO:You are writing software documentation. Your goal is to write human-readable names for the following library functions:

regex_replace_if_match :: tfullstr -> tsubstr -> tsubstr -> tfullstr

(lambda (lambda (lambda (regex_flatten (regex_map (lambda (regex_if (regex_match $1 $0) $2 $0)) (regex_split '.' $2))))))
description: Replaces a substring in a string if it matches a given pattern, using a regular expression.

replace_if_match :: tfullstr -> (tsubstr -> tsubstr) -> tfullstr

(lambda (lambda (regex_flatten (regex_map $0 (regex_split empty_string $1)))))
description: Replaces a substring in a string if it matches a given pattern, using a regular expression.

replace_first_two_substrings :: tfullstr -> tsubstr -> tsubstr -> tfullstr

(lambda (lambda (lambda (regex_flatten (regex_cons $0 (regex_cons $1 (regex_cdr (regex_split '.' $2))))))))
description: Replaces the first two substrings in a string, using a regular expression.

replace_last_substring_with_concatenated_string :: tfullstr -> tsubstr -> tsubstr -> tfullstr

(lambda (lambda (lambda (regex_flatten (regex_append $0 (regex_reverse_cdr (regex_split $1 $2)))))))
description: Replaces the last substring in a string with a concatenated string, using a regular expression.

fn_46 :: tsubstr -> tsubstr -> tfullstr -> tfullstr

(lambda (lambda (lambda (replace_if_match $0 (lambda (regex_if (regex_match $2 $0) $3 $0))))))

fn_47 :: tfullstr -> tsubstr -> tfullstr

(lambda (lambda (regex_flatten (regex_cons $0 (regex_cdr (regex_split empty_string $1))))))

fn_48 :: tsubstr -> tsubstr -> tfullstr -> tfullstr

(lambda (lambda (lambda (replace_if_match $0 (lambda (regex_if (regex_match $0 $2) $3 $0))))))

fn_49 :: tsubstr -> tsubstr

(lambda (regex_concat $0 't'))

fn_50 :: tsubstr -> tsubstr

(lambda (regex_concat $0 'v'))

fn_51 :: tsubstr -> tfullstr -> tfullstr

(lambda (lambda (regex_replace_if_match $0 $1 'i')))

======
Consider the following anonymous function:

fn_46 :: tsubstr -> tsubstr -> tfullstr -> tfullstr

(lambda (lambda (lambda (replace_if_match $0 (lambda (regex_if (regex_match $2 $0) $3 $0))))))

Here are some examples of its usage:

-- if there is t replace that with i
(lambda (fn_46 'i' 't' $0))

-- if there is d replace that with c t
(lambda (fn_46 (fn_49 'c') 'd' $0))

Please write a human-readable name and description for `fn_46` in the JSON format shown below.
Your `readable_name` should be underscore-separated and should not contain any spaces.
It should also be unique (not existing in the function library above).
If you cannot come up with a good name, please set `readable_name` to `null`.

{
    "anonymous_name": "fn_46",
    "readable_name": TODO,
    "description": TODO
}

2026-05-09 17:39:02,178 INFO:GPT (gpt-3.5-turbo-instruct) completion:
2026-05-09 17:39:02,179 INFO:[
    {
        "index": 0,
        "text": "\n{\n    \"anonymous_name\": \"fn_46\",\n    \"readable_name\": \"replace_if_match_if_match\",\n    \"description\": \"Replaces a substring in a string if it matches a given pattern, using a regular expression. The pattern is determined by the first two arguments, and the replacement string is determined by the third argument.\"\n}",
        "valid": true,
        "data": {
            "anonymous_name": "fn_46",
            "readable_name": "replace_if_match_if_match",
            "description": "Replaces a substring in a string if it matches a given pattern, using a regular expression. The pattern is determined by the first two arguments, and the replacement string is determined by the third argument."
        }
    },
    {
        "index": 1,
        "text": "\n{\n    \"anonymous_name\": \"fn_46\",\n    \"readable_name\": \"replace_if_match_if_match\",\n    \"description\": \"Replaces a substring in a string if it matches a given pattern, using a regular expression. The pattern is determined by the first two arguments, and the replacement string is determined by the third argument.\"\n}",
        "valid": true,
        "data": {
            "anonymous_name": "fn_46",
            "readable_name": "replace_if_match_if_match",
            "description": "Replaces a substring in a string if it matches a given pattern, using a regular expression. The pattern is determined by the first two arguments, and the replacement string is determined by the third argument."
        }
    },
    {
        "index": 2,
        "text": "\n{\n    \"anonymous_name\": \"fn_46\",\n    \"readable_name\": \"replace_if_match_if_match\",\n    \"description\": \"Replaces a substring in a string if it matches a given pattern, using a regular expression. The pattern is determined by the first two arguments, and the replacement string is determined by the third argument.\"\n}",
        "valid": true,
        "data": {
            "anonymous_name": "fn_46",
            "readable_name": "replace_if_match_if_match",
            "description": "Replaces a substring in a string if it matches a given pattern, using a regular expression. The pattern is determined by the first two arguments, and the replacement string is determined by the third argument."
        }
    },
    {
        "index": 3,
        "text": "\n{\n    \"anonymous_name\": \"fn_46\",\n    \"readable_name\": \"replace_if_match_if_match\",\n    \"description\": \"Replaces a substring in a string if it matches a given pattern, using a regular expression. The pattern is determined by the first two arguments, and the replacement string is determined by the third argument.\"\n}",
        "valid": true,
        "data": {
            "anonymous_name": "fn_46",
            "readable_name": "replace_if_match_if_match",
            "description": "Replaces a substring in a string if it matches a given pattern, using a regular expression. The pattern is determined by the first two arguments, and the replacement string is determined by the third argument."
        }
    },
    {
        "index": 4,
        "text": "\n{\n    \"anonymous_name\": \"fn_46\",\n    \"readable_name\": \"replace_if_match_if_match\",\n    \"description\": \"Replaces a substring in a string if it matches a given pattern, using a regular expression. The pattern is determined by the first two arguments, and the replacement string is determined by the third argument.\"\n}",
        "valid": true,
        "data": {
            "anonymous_name": "fn_46",
            "readable_name": "replace_if_match_if_match",
            "description": "Replaces a substring in a string if it matches a given pattern, using a regular expression. The pattern is determined by the first two arguments, and the replacement string is determined by the third argument."
        }
    }
]
2026-05-09 17:39:02,179 INFO:✅ Successfully named fn_46 -> replace_if_match_if_match
2026-05-09 17:39:02,179 INFO:{
    "index": 0,
    "text": "\n{\n    \"anonymous_name\": \"fn_46\",\n    \"readable_name\": \"replace_if_match_if_match\",\n    \"description\": \"Replaces a substring in a string if it matches a given pattern, using a regular expression. The pattern is determined by the first two arguments, and the replacement string is determined by the third argument.\"\n}",
    "valid": true,
    "data": {
        "anonymous_name": "fn_46",
        "readable_name": "replace_if_match_if_match",
        "description": "Replaces a substring in a string if it matches a given pattern, using a regular expression. The pattern is determined by the first two arguments, and the replacement string is determined by the third argument.",
        "usage_examples": [
            {
                "task_name": "re2_train_325_if_there_is_t_replace_that_with_i",
                "program": "(lambda (fn_46 'i' 't' $0))",
                "language": "if there is t replace that with i"
            },
            {
                "task_name": "re2_train_109_if_there_is_d_replace_that_with_c_t",
                "program": "(lambda (fn_46 (fn_49 'c') 'd' $0))",
                "language": "if there is d replace that with c t"
            }
        ]
    }
}
2026-05-09 17:39:02,189 INFO:You are writing software documentation. Your goal is to write human-readable names for the following library functions:

regex_replace_if_match :: tfullstr -> tsubstr -> tsubstr -> tfullstr

(lambda (lambda (lambda (regex_flatten (regex_map (lambda (regex_if (regex_match $1 $0) $2 $0)) (regex_split '.' $2))))))
description: Replaces a substring in a string if it matches a given pattern, using a regular expression.

replace_if_match :: tfullstr -> (tsubstr -> tsubstr) -> tfullstr

(lambda (lambda (regex_flatten (regex_map $0 (regex_split empty_string $1)))))
description: Replaces a substring in a string if it matches a given pattern, using a regular expression.

replace_first_two_substrings :: tfullstr -> tsubstr -> tsubstr -> tfullstr

(lambda (lambda (lambda (regex_flatten (regex_cons $0 (regex_cons $1 (regex_cdr (regex_split '.' $2))))))))
description: Replaces the first two substrings in a string, using a regular expression.

replace_last_substring_with_concatenated_string :: tfullstr -> tsubstr -> tsubstr -> tfullstr

(lambda (lambda (lambda (regex_flatten (regex_append $0 (regex_reverse_cdr (regex_split $1 $2)))))))
description: Replaces the last substring in a string with a concatenated string, using a regular expression.

replace_if_match_if_match :: tsubstr -> tsubstr -> tfullstr -> tfullstr

(lambda (lambda (lambda (replace_if_match $0 (lambda (regex_if (regex_match $2 $0) $3 $0))))))
description: Replaces a substring in a string if it matches a given pattern, using a regular expression. The pattern is determined by the first two arguments, and the replacement string is determined by the third argument.

fn_47 :: tfullstr -> tsubstr -> tfullstr

(lambda (lambda (regex_flatten (regex_cons $0 (regex_cdr (regex_split empty_string $1))))))

fn_48 :: tsubstr -> tsubstr -> tfullstr -> tfullstr

(lambda (lambda (lambda (replace_if_match $0 (lambda (regex_if (regex_match $0 $2) $3 $0))))))

fn_49 :: tsubstr -> tsubstr

(lambda (regex_concat $0 't'))

fn_50 :: tsubstr -> tsubstr

(lambda (regex_concat $0 'v'))

fn_51 :: tsubstr -> tfullstr -> tfullstr

(lambda (lambda (regex_replace_if_match $0 $1 'i')))

======
Consider the following anonymous function:

fn_47 :: tfullstr -> tsubstr -> tfullstr

(lambda (lambda (regex_flatten (regex_cons $0 (regex_cdr (regex_split empty_string $1))))))

Here are some examples of its usage:

-- if the word starts with any letter replace that with b
(lambda (fn_47 $0 'b'))

-- if the word starts with any letter replace that with e s
(lambda (fn_47 $0 (regex_concat 'e' 's')))

Please write a human-readable name and description for `fn_47` in the JSON format shown below.
Your `readable_name` should be underscore-separated and should not contain any spaces.
It should also be unique (not existing in the function library above).
If you cannot come up with a good name, please set `readable_name` to `null`.

{
    "anonymous_name": "fn_47",
    "readable_name": TODO,
    "description": TODO
}

2026-05-09 17:39:02,768 INFO:GPT (gpt-3.5-turbo-instruct) completion:
2026-05-09 17:39:02,768 INFO:[
    {
        "index": 0,
        "text": "\n{\n    \"anonymous_name\": \"fn_47\",\n    \"readable_name\": \"replace_first_letter\",\n    \"description\": \"Replaces the first letter of a string with a given substring.\"\n}",
        "valid": true,
        "data": {
            "anonymous_name": "fn_47",
            "readable_name": "replace_first_letter",
            "description": "Replaces the first letter of a string with a given substring."
        }
    },
    {
        "index": 1,
        "text": "\n{\n    \"anonymous_name\": \"fn_47\",\n    \"readable_name\": \"replace_first_letter\",\n    \"description\": \"Replaces the first letter of a string with a given substring.\"\n}",
        "valid": true,
        "data": {
            "anonymous_name": "fn_47",
            "readable_name": "replace_first_letter",
            "description": "Replaces the first letter of a string with a given substring."
        }
    },
    {
        "index": 2,
        "text": "\n{\n    \"anonymous_name\": \"fn_47\",\n    \"readable_name\": \"replace_first_letter\",\n    \"description\": \"Replaces the first letter of a string with a given substring.\"\n}",
        "valid": true,
        "data": {
            "anonymous_name": "fn_47",
            "readable_name": "replace_first_letter",
            "description": "Replaces the first letter of a string with a given substring."
        }
    },
    {
        "index": 3,
        "text": "\n{\n    \"anonymous_name\": \"fn_47\",\n    \"readable_name\": \"replace_first_letter\",\n    \"description\": \"Replaces the first letter of a string with a given substring.\"\n}",
        "valid": true,
        "data": {
            "anonymous_name": "fn_47",
            "readable_name": "replace_first_letter",
            "description": "Replaces the first letter of a string with a given substring."
        }
    },
    {
        "index": 4,
        "text": "\n{\n    \"anonymous_name\": \"fn_47\",\n    \"readable_name\": \"replace_first_letter\",\n    \"description\": \"Replaces the first letter of a string with a given substring.\"\n}",
        "valid": true,
        "data": {
            "anonymous_name": "fn_47",
            "readable_name": "replace_first_letter",
            "description": "Replaces the first letter of a string with a given substring."
        }
    }
]
2026-05-09 17:39:02,768 INFO:✅ Successfully named fn_47 -> replace_first_letter
2026-05-09 17:39:02,768 INFO:{
    "index": 0,
    "text": "\n{\n    \"anonymous_name\": \"fn_47\",\n    \"readable_name\": \"replace_first_letter\",\n    \"description\": \"Replaces the first letter of a string with a given substring.\"\n}",
    "valid": true,
    "data": {
        "anonymous_name": "fn_47",
        "readable_name": "replace_first_letter",
        "description": "Replaces the first letter of a string with a given substring.",
        "usage_examples": [
            {
                "task_name": "re2_train_169_if_the_word_starts_with_any_letter_replace_that_with_b",
                "program": "(lambda (fn_47 $0 'b'))",
                "language": "if the word starts with any letter replace that with b"
            },
            {
                "task_name": "re2_train_395_if_the_word_starts_with_any_letter_replace_that_with_e_s",
                "program": "(lambda (fn_47 $0 (regex_concat 'e' 's')))",
                "language": "if the word starts with any letter replace that with e s"
            }
        ]
    }
}
2026-05-09 17:39:02,778 INFO:You are writing software documentation. Your goal is to write human-readable names for the following library functions:

regex_replace_if_match :: tfullstr -> tsubstr -> tsubstr -> tfullstr

(lambda (lambda (lambda (regex_flatten (regex_map (lambda (regex_if (regex_match $1 $0) $2 $0)) (regex_split '.' $2))))))
description: Replaces a substring in a string if it matches a given pattern, using a regular expression.

replace_if_match :: tfullstr -> (tsubstr -> tsubstr) -> tfullstr

(lambda (lambda (regex_flatten (regex_map $0 (regex_split empty_string $1)))))
description: Replaces a substring in a string if it matches a given pattern, using a regular expression.

replace_first_two_substrings :: tfullstr -> tsubstr -> tsubstr -> tfullstr

(lambda (lambda (lambda (regex_flatten (regex_cons $0 (regex_cons $1 (regex_cdr (regex_split '.' $2))))))))
description: Replaces the first two substrings in a string, using a regular expression.

replace_last_substring_with_concatenated_string :: tfullstr -> tsubstr -> tsubstr -> tfullstr

(lambda (lambda (lambda (regex_flatten (regex_append $0 (regex_reverse_cdr (regex_split $1 $2)))))))
description: Replaces the last substring in a string with a concatenated string, using a regular expression.

replace_if_match_if_match :: tsubstr -> tsubstr -> tfullstr -> tfullstr

(lambda (lambda (lambda (replace_if_match $0 (lambda (regex_if (regex_match $2 $0) $3 $0))))))
description: Replaces a substring in a string if it matches a given pattern, using a regular expression. The pattern is determined by the first two arguments, and the replacement string is determined by the third argument.

replace_first_letter :: tfullstr -> tsubstr -> tfullstr

(lambda (lambda (regex_flatten (regex_cons $0 (regex_cdr (regex_split empty_string $1))))))
description: Replaces the first letter of a string with a given substring.

fn_48 :: tsubstr -> tsubstr -> tfullstr -> tfullstr

(lambda (lambda (lambda (replace_if_match $0 (lambda (regex_if (regex_match $0 $2) $3 $0))))))

fn_49 :: tsubstr -> tsubstr

(lambda (regex_concat $0 't'))

fn_50 :: tsubstr -> tsubstr

(lambda (regex_concat $0 'v'))

fn_51 :: tsubstr -> tfullstr -> tfullstr

(lambda (lambda (regex_replace_if_match $0 $1 'i')))

======
Consider the following anonymous function:

fn_48 :: tsubstr -> tsubstr -> tfullstr -> tfullstr

(lambda (lambda (lambda (replace_if_match $0 (lambda (regex_if (regex_match $0 $2) $3 $0))))))

Here are some examples of its usage:

-- if there is t replace that with f v
(lambda (fn_48 (fn_50 'f') 't' $0))

Please write a human-readable name and description for `fn_48` in the JSON format shown below.
Your `readable_name` should be underscore-separated and should not contain any spaces.
It should also be unique (not existing in the function library above).
If you cannot come up with a good name, please set `readable_name` to `null`.

{
    "anonymous_name": "fn_48",
    "readable_name": TODO,
    "description": TODO
}

2026-05-09 17:39:03,536 INFO:GPT (gpt-3.5-turbo-instruct) completion:
2026-05-09 17:39:03,536 INFO:[
    {
        "index": 0,
        "text": "\n{\n    \"anonymous_name\": \"fn_48\",\n    \"readable_name\": \"replace_if_match_if_match\",\n    \"description\": \"Replaces a substring in a string if it matches a given pattern, using a regular expression. The pattern is determined by the first two arguments, and the replacement string is determined by the third argument.\"\n}",
        "valid": true,
        "data": {
            "anonymous_name": "fn_48",
            "readable_name": "replace_if_match_if_match",
            "description": "Replaces a substring in a string if it matches a given pattern, using a regular expression. The pattern is determined by the first two arguments, and the replacement string is determined by the third argument."
        }
    },
    {
        "index": 1,
        "text": "\n{\n    \"anonymous_name\": \"fn_48\",\n    \"readable_name\": \"replace_if_match_if_match\",\n    \"description\": \"Replaces a substring in a string if it matches a given pattern, using a regular expression. The pattern is determined by the first two arguments, and the replacement string is determined by the third argument.\"\n}",
        "valid": true,
        "data": {
            "anonymous_name": "fn_48",
            "readable_name": "replace_if_match_if_match",
            "description": "Replaces a substring in a string if it matches a given pattern, using a regular expression. The pattern is determined by the first two arguments, and the replacement string is determined by the third argument."
        }
    },
    {
        "index": 2,
        "text": "\n{\n    \"anonymous_name\": \"fn_48\",\n    \"readable_name\": \"replace_if_match_if_match\",\n    \"description\": \"Replaces a substring in a string if it matches a given pattern, using a regular expression. The pattern is determined by the first two arguments, and the replacement string is determined by the third argument.\"\n}",
        "valid": true,
        "data": {
            "anonymous_name": "fn_48",
            "readable_name": "replace_if_match_if_match",
            "description": "Replaces a substring in a string if it matches a given pattern, using a regular expression. The pattern is determined by the first two arguments, and the replacement string is determined by the third argument."
        }
    },
    {
        "index": 3,
        "text": "\n{\n    \"anonymous_name\": \"fn_48\",\n    \"readable_name\": \"replace_if_match_if_match\",\n    \"description\": \"Replaces a substring in a string if it matches a given pattern, using a regular expression. The pattern is determined by the first two arguments, and the replacement string is determined by the third argument.\"\n}",
        "valid": true,
        "data": {
            "anonymous_name": "fn_48",
            "readable_name": "replace_if_match_if_match",
            "description": "Replaces a substring in a string if it matches a given pattern, using a regular expression. The pattern is determined by the first two arguments, and the replacement string is determined by the third argument."
        }
    },
    {
        "index": 4,
        "text": "\n{\n    \"anonymous_name\": \"fn_48\",\n    \"readable_name\": \"replace_if_match_if_match\",\n    \"description\": \"Replaces a substring in a string if it matches a given pattern, using a regular expression. The pattern is determined by the first two arguments, and the replacement string is determined by the third argument.\"\n}",
        "valid": true,
        "data": {
            "anonymous_name": "fn_48",
            "readable_name": "replace_if_match_if_match",
            "description": "Replaces a substring in a string if it matches a given pattern, using a regular expression. The pattern is determined by the first two arguments, and the replacement string is determined by the third argument."
        }
    }
]
2026-05-09 17:39:03,536 INFO:✅ Successfully named fn_48 -> replace_if_match_if_match
2026-05-09 17:39:03,536 INFO:{
    "index": 0,
    "text": "\n{\n    \"anonymous_name\": \"fn_48\",\n    \"readable_name\": \"replace_if_match_if_match\",\n    \"description\": \"Replaces a substring in a string if it matches a given pattern, using a regular expression. The pattern is determined by the first two arguments, and the replacement string is determined by the third argument.\"\n}",
    "valid": true,
    "data": {
        "anonymous_name": "fn_48",
        "readable_name": "replace_if_match_if_match",
        "description": "Replaces a substring in a string if it matches a given pattern, using a regular expression. The pattern is determined by the first two arguments, and the replacement string is determined by the third argument.",
        "usage_examples": [
            {
                "task_name": "re2_train_159_if_there_is_t_replace_that_with_f_v",
                "program": "(lambda (fn_48 (fn_50 'f') 't' $0))",
                "language": "if there is t replace that with f v"
            }
        ]
    }
}
2026-05-09 17:39:03,546 INFO:You are writing software documentation. Your goal is to write human-readable names for the following library functions:

regex_replace_if_match :: tfullstr -> tsubstr -> tsubstr -> tfullstr

(lambda (lambda (lambda (regex_flatten (regex_map (lambda (regex_if (regex_match $1 $0) $2 $0)) (regex_split '.' $2))))))
description: Replaces a substring in a string if it matches a given pattern, using a regular expression.

replace_if_match :: tfullstr -> (tsubstr -> tsubstr) -> tfullstr

(lambda (lambda (regex_flatten (regex_map $0 (regex_split empty_string $1)))))
description: Replaces a substring in a string if it matches a given pattern, using a regular expression.

replace_first_two_substrings :: tfullstr -> tsubstr -> tsubstr -> tfullstr

(lambda (lambda (lambda (regex_flatten (regex_cons $0 (regex_cons $1 (regex_cdr (regex_split '.' $2))))))))
description: Replaces the first two substrings in a string, using a regular expression.

replace_last_substring_with_concatenated_string :: tfullstr -> tsubstr -> tsubstr -> tfullstr

(lambda (lambda (lambda (regex_flatten (regex_append $0 (regex_reverse_cdr (regex_split $1 $2)))))))
description: Replaces the last substring in a string with a concatenated string, using a regular expression.

replace_if_match_if_match :: tsubstr -> tsubstr -> tfullstr -> tfullstr

(lambda (lambda (lambda (replace_if_match $0 (lambda (regex_if (regex_match $2 $0) $3 $0))))))
description: Replaces a substring in a string if it matches a given pattern, using a regular expression. The pattern is determined by the first two arguments, and the replacement string is determined by the third argument.

replace_first_letter :: tfullstr -> tsubstr -> tfullstr

(lambda (lambda (regex_flatten (regex_cons $0 (regex_cdr (regex_split empty_string $1))))))
description: Replaces the first letter of a string with a given substring.

replace_if_match_if_match_alt_1 :: tsubstr -> tsubstr -> tfullstr -> tfullstr

(lambda (lambda (lambda (replace_if_match $0 (lambda (regex_if (regex_match $0 $2) $3 $0))))))
description: Replaces a substring in a string if it matches a given pattern, using a regular expression. The pattern is determined by the first two arguments, and the replacement string is determined by the third argument.

fn_49 :: tsubstr -> tsubstr

(lambda (regex_concat $0 't'))

fn_50 :: tsubstr -> tsubstr

(lambda (regex_concat $0 'v'))

fn_51 :: tsubstr -> tfullstr -> tfullstr

(lambda (lambda (regex_replace_if_match $0 $1 'i')))

======
Consider the following anonymous function:

fn_49 :: tsubstr -> tsubstr

(lambda (regex_concat $0 't'))

Here are some examples of its usage:

-- if there is i replace that with k t
(lambda (fn_51 (fn_49 'k') $0))

-- if there is d replace that with c t
(lambda (replace_if_match_if_match (fn_49 'c') 'd' $0))

-- if there is any letter replace that with w t
(lambda (replace_if_match $0 (lambda (fn_49 'w'))))

Please write a human-readable name and description for `fn_49` in the JSON format shown below.
Your `readable_name` should be underscore-separated and should not contain any spaces.
It should also be unique (not existing in the function library above).
If you cannot come up with a good name, please set `readable_name` to `null`.

{
    "anonymous_name": "fn_49",
    "readable_name": TODO,
    "description": TODO
}

2026-05-09 17:39:04,092 INFO:GPT (gpt-3.5-turbo-instruct) completion:
2026-05-09 17:39:04,092 INFO:[
    {
        "index": 0,
        "text": "\n{\n    \"anonymous_name\": \"fn_49\",\n    \"readable_name\": \"concat_with_t\",\n    \"description\": \"Concatenates a given substring with the letter 't'.\"\n}",
        "valid": true,
        "data": {
            "anonymous_name": "fn_49",
            "readable_name": "concat_with_t",
            "description": "Concatenates a given substring with the letter 't'."
        }
    },
    {
        "index": 1,
        "text": "\n{\n    \"anonymous_name\": \"fn_49\",\n    \"readable_name\": \"concat_with_t\",\n    \"description\": \"Concatenates a given substring with the letter 't'.\"\n}",
        "valid": true,
        "data": {
            "anonymous_name": "fn_49",
            "readable_name": "concat_with_t",
            "description": "Concatenates a given substring with the letter 't'."
        }
    },
    {
        "index": 2,
        "text": "\n{\n    \"anonymous_name\": \"fn_49\",\n    \"readable_name\": \"concat_with_t\",\n    \"description\": \"Concatenates a given substring with the letter 't'.\"\n}",
        "valid": true,
        "data": {
            "anonymous_name": "fn_49",
            "readable_name": "concat_with_t",
            "description": "Concatenates a given substring with the letter 't'."
        }
    },
    {
        "index": 3,
        "text": "\n{\n    \"anonymous_name\": \"fn_49\",\n    \"readable_name\": \"concat_with_t\",\n    \"description\": \"Concatenates a given substring with the letter 't'.\"\n}",
        "valid": true,
        "data": {
            "anonymous_name": "fn_49",
            "readable_name": "concat_with_t",
            "description": "Concatenates a given substring with the letter 't'."
        }
    },
    {
        "index": 4,
        "text": "\n{\n    \"anonymous_name\": \"fn_49\",\n    \"readable_name\": \"concat_with_t\",\n    \"description\": \"Concatenates a given substring with the letter 't'.\"\n}",
        "valid": true,
        "data": {
            "anonymous_name": "fn_49",
            "readable_name": "concat_with_t",
            "description": "Concatenates a given substring with the letter 't'."
        }
    }
]
2026-05-09 17:39:04,092 INFO:✅ Successfully named fn_49 -> concat_with_t
2026-05-09 17:39:04,092 INFO:{
    "index": 0,
    "text": "\n{\n    \"anonymous_name\": \"fn_49\",\n    \"readable_name\": \"concat_with_t\",\n    \"description\": \"Concatenates a given substring with the letter 't'.\"\n}",
    "valid": true,
    "data": {
        "anonymous_name": "fn_49",
        "readable_name": "concat_with_t",
        "description": "Concatenates a given substring with the letter 't'.",
        "usage_examples": [
            {
                "task_name": "re2_train_43_if_there_is_i_replace_that_with_k_t",
                "program": "(lambda (fn_51 (fn_49 'k') $0))",
                "language": "if there is i replace that with k t"
            },
            {
                "task_name": "re2_train_109_if_there_is_d_replace_that_with_c_t",
                "program": "(lambda (replace_if_match_if_match (fn_49 'c') 'd' $0))",
                "language": "if there is d replace that with c t"
            },
            {
                "task_name": "re2_train_229_if_there_is_any_letter_replace_that_with_w_t",
                "program": "(lambda (replace_if_match $0 (lambda (fn_49 'w'))))",
                "language": "if there is any letter replace that with w t"
            }
        ]
    }
}
2026-05-09 17:39:04,102 INFO:You are writing software documentation. Your goal is to write human-readable names for the following library functions:

regex_replace_if_match :: tfullstr -> tsubstr -> tsubstr -> tfullstr

(lambda (lambda (lambda (regex_flatten (regex_map (lambda (regex_if (regex_match $1 $0) $2 $0)) (regex_split '.' $2))))))
description: Replaces a substring in a string if it matches a given pattern, using a regular expression.

replace_if_match :: tfullstr -> (tsubstr -> tsubstr) -> tfullstr

(lambda (lambda (regex_flatten (regex_map $0 (regex_split empty_string $1)))))
description: Replaces a substring in a string if it matches a given pattern, using a regular expression.

replace_first_two_substrings :: tfullstr -> tsubstr -> tsubstr -> tfullstr

(lambda (lambda (lambda (regex_flatten (regex_cons $0 (regex_cons $1 (regex_cdr (regex_split '.' $2))))))))
description: Replaces the first two substrings in a string, using a regular expression.

replace_last_substring_with_concatenated_string :: tfullstr -> tsubstr -> tsubstr -> tfullstr

(lambda (lambda (lambda (regex_flatten (regex_append $0 (regex_reverse_cdr (regex_split $1 $2)))))))
description: Replaces the last substring in a string with a concatenated string, using a regular expression.

replace_if_match_if_match :: tsubstr -> tsubstr -> tfullstr -> tfullstr

(lambda (lambda (lambda (replace_if_match $0 (lambda (regex_if (regex_match $2 $0) $3 $0))))))
description: Replaces a substring in a string if it matches a given pattern, using a regular expression. The pattern is determined by the first two arguments, and the replacement string is determined by the third argument.

replace_first_letter :: tfullstr -> tsubstr -> tfullstr

(lambda (lambda (regex_flatten (regex_cons $0 (regex_cdr (regex_split empty_string $1))))))
description: Replaces the first letter of a string with a given substring.

replace_if_match_if_match_alt_1 :: tsubstr -> tsubstr -> tfullstr -> tfullstr

(lambda (lambda (lambda (replace_if_match $0 (lambda (regex_if (regex_match $0 $2) $3 $0))))))
description: Replaces a substring in a string if it matches a given pattern, using a regular expression. The pattern is determined by the first two arguments, and the replacement string is determined by the third argument.

concat_with_t :: tsubstr -> tsubstr

(lambda (regex_concat $0 't'))
description: Concatenates a given substring with the letter 't'.

fn_50 :: tsubstr -> tsubstr

(lambda (regex_concat $0 'v'))

fn_51 :: tsubstr -> tfullstr -> tfullstr

(lambda (lambda (regex_replace_if_match $0 $1 'i')))

======
Consider the following anonymous function:

fn_50 :: tsubstr -> tsubstr

(lambda (regex_concat $0 'v'))

Here are some examples of its usage:

-- if there is any letter add v after that
(lambda (replace_if_match $0 (lambda (fn_50 $0))))

-- if there is t replace that with f v
(lambda (replace_if_match_if_match_alt_1 (fn_50 'f') 't' $0))

-- if there is any letter replace that with r v
(lambda (replace_if_match $0 (lambda (fn_50 'r'))))

Please write a human-readable name and description for `fn_50` in the JSON format shown below.
Your `readable_name` should be underscore-separated and should not contain any spaces.
It should also be unique (not existing in the function library above).
If you cannot come up with a good name, please set `readable_name` to `null`.

{
    "anonymous_name": "fn_50",
    "readable_name": TODO,
    "description": TODO
}

2026-05-09 17:39:04,672 INFO:GPT (gpt-3.5-turbo-instruct) completion:
2026-05-09 17:39:04,672 INFO:[
    {
        "index": 0,
        "text": "\n{\n    \"anonymous_name\": \"fn_50\",\n    \"readable_name\": \"concat_with_v\",\n    \"description\": \"Concatenates a given substring with the letter 'v'.\"\n}",
        "valid": true,
        "data": {
            "anonymous_name": "fn_50",
            "readable_name": "concat_with_v",
            "description": "Concatenates a given substring with the letter 'v'."
        }
    },
    {
        "index": 1,
        "text": "\n{\n    \"anonymous_name\": \"fn_50\",\n    \"readable_name\": \"concat_with_v\",\n    \"description\": \"Concatenates a given substring with the letter 'v'.\"\n}",
        "valid": true,
        "data": {
            "anonymous_name": "fn_50",
            "readable_name": "concat_with_v",
            "description": "Concatenates a given substring with the letter 'v'."
        }
    },
    {
        "index": 2,
        "text": "\n{\n    \"anonymous_name\": \"fn_50\",\n    \"readable_name\": \"concat_with_v\",\n    \"description\": \"Concatenates a given substring with the letter 'v'.\"\n}",
        "valid": true,
        "data": {
            "anonymous_name": "fn_50",
            "readable_name": "concat_with_v",
            "description": "Concatenates a given substring with the letter 'v'."
        }
    },
    {
        "index": 3,
        "text": "\n{\n    \"anonymous_name\": \"fn_50\",\n    \"readable_name\": \"concat_with_v\",\n    \"description\": \"Concatenates a given substring with the letter 'v'.\"\n}",
        "valid": true,
        "data": {
            "anonymous_name": "fn_50",
            "readable_name": "concat_with_v",
            "description": "Concatenates a given substring with the letter 'v'."
        }
    },
    {
        "index": 4,
        "text": "\n{\n    \"anonymous_name\": \"fn_50\",\n    \"readable_name\": \"concat_with_v\",\n    \"description\": \"Concatenates a given substring with the letter 'v'.\"\n}",
        "valid": true,
        "data": {
            "anonymous_name": "fn_50",
            "readable_name": "concat_with_v",
            "description": "Concatenates a given substring with the letter 'v'."
        }
    }
]
2026-05-09 17:39:04,672 INFO:✅ Successfully named fn_50 -> concat_with_v
2026-05-09 17:39:04,672 INFO:{
    "index": 0,
    "text": "\n{\n    \"anonymous_name\": \"fn_50\",\n    \"readable_name\": \"concat_with_v\",\n    \"description\": \"Concatenates a given substring with the letter 'v'.\"\n}",
    "valid": true,
    "data": {
        "anonymous_name": "fn_50",
        "readable_name": "concat_with_v",
        "description": "Concatenates a given substring with the letter 'v'.",
        "usage_examples": [
            {
                "task_name": "re2_train_41_if_there_is_any_letter_add_v_after_that",
                "program": "(lambda (replace_if_match $0 (lambda (fn_50 $0))))",
                "language": "if there is any letter add v after that"
            },
            {
                "task_name": "re2_train_159_if_there_is_t_replace_that_with_f_v",
                "program": "(lambda (replace_if_match_if_match_alt_1 (fn_50 'f') 't' $0))",
                "language": "if there is t replace that with f v"
            },
            {
                "task_name": "re2_train_129_if_there_is_any_letter_replace_that_with_r_v",
                "program": "(lambda (replace_if_match $0 (lambda (fn_50 'r'))))",
                "language": "if there is any letter replace that with r v"
            }
        ]
    }
}
2026-05-09 17:39:04,683 INFO:You are writing software documentation. Your goal is to write human-readable names for the following library functions:

regex_replace_if_match :: tfullstr -> tsubstr -> tsubstr -> tfullstr

(lambda (lambda (lambda (regex_flatten (regex_map (lambda (regex_if (regex_match $1 $0) $2 $0)) (regex_split '.' $2))))))
description: Replaces a substring in a string if it matches a given pattern, using a regular expression.

replace_if_match :: tfullstr -> (tsubstr -> tsubstr) -> tfullstr

(lambda (lambda (regex_flatten (regex_map $0 (regex_split empty_string $1)))))
description: Replaces a substring in a string if it matches a given pattern, using a regular expression.

replace_first_two_substrings :: tfullstr -> tsubstr -> tsubstr -> tfullstr

(lambda (lambda (lambda (regex_flatten (regex_cons $0 (regex_cons $1 (regex_cdr (regex_split '.' $2))))))))
description: Replaces the first two substrings in a string, using a regular expression.

replace_last_substring_with_concatenated_string :: tfullstr -> tsubstr -> tsubstr -> tfullstr

(lambda (lambda (lambda (regex_flatten (regex_append $0 (regex_reverse_cdr (regex_split $1 $2)))))))
description: Replaces the last substring in a string with a concatenated string, using a regular expression.

replace_if_match_if_match :: tsubstr -> tsubstr -> tfullstr -> tfullstr

(lambda (lambda (lambda (replace_if_match $0 (lambda (regex_if (regex_match $2 $0) $3 $0))))))
description: Replaces a substring in a string if it matches a given pattern, using a regular expression. The pattern is determined by the first two arguments, and the replacement string is determined by the third argument.

replace_first_letter :: tfullstr -> tsubstr -> tfullstr

(lambda (lambda (regex_flatten (regex_cons $0 (regex_cdr (regex_split empty_string $1))))))
description: Replaces the first letter of a string with a given substring.

replace_if_match_if_match_alt_1 :: tsubstr -> tsubstr -> tfullstr -> tfullstr

(lambda (lambda (lambda (replace_if_match $0 (lambda (regex_if (regex_match $0 $2) $3 $0))))))
description: Replaces a substring in a string if it matches a given pattern, using a regular expression. The pattern is determined by the first two arguments, and the replacement string is determined by the third argument.

concat_with_t :: tsubstr -> tsubstr

(lambda (regex_concat $0 't'))
description: Concatenates a given substring with the letter 't'.

concat_with_v :: tsubstr -> tsubstr

(lambda (regex_concat $0 'v'))
description: Concatenates a given substring with the letter 'v'.

fn_51 :: tsubstr -> tfullstr -> tfullstr

(lambda (lambda (regex_replace_if_match $0 $1 'i')))

======
Consider the following anonymous function:

fn_51 :: tsubstr -> tfullstr -> tfullstr

(lambda (lambda (regex_replace_if_match $0 $1 'i')))

Here are some examples of its usage:

-- if there is i replace that with k t
(lambda (fn_51 (concat_with_t 'k') $0))

-- if there is i replace that with m
(lambda (fn_51 'm' $0))

Please write a human-readable name and description for `fn_51` in the JSON format shown below.
Your `readable_name` should be underscore-separated and should not contain any spaces.
It should also be unique (not existing in the function library above).
If you cannot come up with a good name, please set `readable_name` to `null`.

{
    "anonymous_name": "fn_51",
    "readable_name": TODO,
    "description": TODO
}

2026-05-09 17:39:05,495 INFO:GPT (gpt-3.5-turbo-instruct) completion:
2026-05-09 17:39:05,495 INFO:[
    {
        "index": 0,
        "text": "\n{\n    \"anonymous_name\": \"fn_51\",\n    \"readable_name\": \"replace_if_match_with_i\",\n    \"description\": \"Replaces a substring in a string if it matches a given pattern, using a regular expression. The pattern is determined by the first argument, and the replacement string is 'i'.\"\n}",
        "valid": true,
        "data": {
            "anonymous_name": "fn_51",
            "readable_name": "replace_if_match_with_i",
            "description": "Replaces a substring in a string if it matches a given pattern, using a regular expression. The pattern is determined by the first argument, and the replacement string is 'i'."
        }
    },
    {
        "index": 1,
        "text": "\n{\n    \"anonymous_name\": \"fn_51\",\n    \"readable_name\": \"replace_if_match_with_i\",\n    \"description\": \"Replaces a substring in a string if it matches a given pattern, using a regular expression. The pattern is determined by the first argument, and the replacement string is 'i'.\"\n}",
        "valid": true,
        "data": {
            "anonymous_name": "fn_51",
            "readable_name": "replace_if_match_with_i",
            "description": "Replaces a substring in a string if it matches a given pattern, using a regular expression. The pattern is determined by the first argument, and the replacement string is 'i'."
        }
    },
    {
        "index": 2,
        "text": "\n{\n    \"anonymous_name\": \"fn_51\",\n    \"readable_name\": \"replace_if_match_with_i\",\n    \"description\": \"Replaces a substring in a string if it matches a given pattern, using a regular expression. The pattern is determined by the first argument, and the replacement string is 'i'.\"\n}",
        "valid": true,
        "data": {
            "anonymous_name": "fn_51",
            "readable_name": "replace_if_match_with_i",
            "description": "Replaces a substring in a string if it matches a given pattern, using a regular expression. The pattern is determined by the first argument, and the replacement string is 'i'."
        }
    },
    {
        "index": 3,
        "text": "\n{\n    \"anonymous_name\": \"fn_51\",\n    \"readable_name\": \"replace_if_match_with_i\",\n    \"description\": \"Replaces a substring in a string if it matches a given pattern, using a regular expression. The pattern is determined by the first argument, and the replacement string is 'i'.\"\n}",
        "valid": true,
        "data": {
            "anonymous_name": "fn_51",
            "readable_name": "replace_if_match_with_i",
            "description": "Replaces a substring in a string if it matches a given pattern, using a regular expression. The pattern is determined by the first argument, and the replacement string is 'i'."
        }
    },
    {
        "index": 4,
        "text": "\n{\n    \"anonymous_name\": \"fn_51\",\n    \"readable_name\": \"replace_if_match_with_i\",\n    \"description\": \"Replaces a substring in a string if it matches a given pattern, using a regular expression. The pattern is determined by the first argument, and the replacement string is 'i'.\"\n}",
        "valid": true,
        "data": {
            "anonymous_name": "fn_51",
            "readable_name": "replace_if_match_with_i",
            "description": "Replaces a substring in a string if it matches a given pattern, using a regular expression. The pattern is determined by the first argument, and the replacement string is 'i'."
        }
    }
]
2026-05-09 17:39:05,495 INFO:✅ Successfully named fn_51 -> replace_if_match_with_i
2026-05-09 17:39:05,495 INFO:{
    "index": 0,
    "text": "\n{\n    \"anonymous_name\": \"fn_51\",\n    \"readable_name\": \"replace_if_match_with_i\",\n    \"description\": \"Replaces a substring in a string if it matches a given pattern, using a regular expression. The pattern is determined by the first argument, and the replacement string is 'i'.\"\n}",
    "valid": true,
    "data": {
        "anonymous_name": "fn_51",
        "readable_name": "replace_if_match_with_i",
        "description": "Replaces a substring in a string if it matches a given pattern, using a regular expression. The pattern is determined by the first argument, and the replacement string is 'i'.",
        "usage_examples": [
            {
                "task_name": "re2_train_43_if_there_is_i_replace_that_with_k_t",
                "program": "(lambda (fn_51 (concat_with_t 'k') $0))",
                "language": "if there is i replace that with k t"
            },
            {
                "task_name": "re2_train_357_if_there_is_i_replace_that_with_m",
                "program": "(lambda (fn_51 'm' $0))",
                "language": "if there is i replace that with m"
            }
        ]
    }
}
2026-05-09 17:39:05,495 INFO:------------
2026-05-09 17:39:05,495 INFO:Completed library naming: 10 / 10 abstractions successfully named.
2026-05-09 17:39:05,495 INFO:{
    "#(lambda (lambda (lambda (_rflatten (map (lambda (if (_rmatch $1 $0) $2 $0)) (_rsplit _rdot $2))))))": {
        "anonymous_name": "fn_42",
        "readable_name": "regex_replace_if_match",
        "description": "Replaces a substring in a string if it matches a given pattern, using a regular expression.",
        "usage_examples": [
            {
                "task_name": "re2_train_246_if_there_is_t_replace_that_with_n",
                "program": "(lambda (fn_42 $0 'n' 't'))",
                "language": "if there is t replace that with n"
            },
            {
                "task_name": "re2_train_315_if_there_is_h_replace_that_with_y",
                "program": "(lambda (fn_42 $0 'y' 'h'))",
                "language": "if there is h replace that with y"
            },
            {
                "task_name": "re2_train_161_if_there_is_o_replace_that_with_c_g",
                "program": "(lambda (fn_42 $0 (regex_concat 'c' 'g') 'o'))",
                "language": "if there is o replace that with c g"
            },
            {
                "task_name": "re2_train_372_if_there_is_g_replace_that_with_u_f",
                "program": "(lambda (fn_42 $0 (regex_concat 'u' 'f') 'g'))",
                "language": "if there is g replace that with u f"
            },
            {
                "task_name": "re2_train_192_if_there_is_b_replace_that_with_q",
                "program": "(lambda (fn_42 $0 'q' 'b'))",
                "language": "if there is b replace that with q"
            },
            {
                "task_name": "re2_train_137_if_there_is_p_replace_that_with_g",
                "program": "(lambda (fn_42 $0 'g' 'p'))",
                "language": "if there is p replace that with g"
            }
        ]
    },
    "#(lambda (lambda (_rflatten (map $0 (_rsplit _rempty $1)))))": {
        "anonymous_name": "fn_43",
        "readable_name": "replace_if_match",
        "description": "Replaces a substring in a string if it matches a given pattern, using a regular expression.",
        "usage_examples": [
            {
                "task_name": "re2_train_129_if_there_is_any_letter_replace_that_with_r_v",
                "program": "(lambda (fn_43 $0 (lambda (fn_50 'r'))))",
                "language": "if there is any letter replace that with r v"
            },
            {
                "task_name": "re2_train_229_if_there_is_any_letter_replace_that_with_w_t",
                "program": "(lambda (fn_43 $0 (lambda (fn_49 'w'))))",
                "language": "if there is any letter replace that with w t"
            },
            {
                "task_name": "re2_train_41_if_there_is_any_letter_add_v_after_that",
                "program": "(lambda (fn_43 $0 (lambda (fn_50 $0))))",
                "language": "if there is any letter add v after that"
            }
        ]
    },
    "#(lambda (lambda (lambda (_rflatten (cons $0 (cons $1 (cdr (_rsplit _rdot $2))))))))": {
        "anonymous_name": "fn_44",
        "readable_name": "replace_first_two_substrings",
        "description": "Replaces the first two substrings in a string, using a regular expression.",
        "usage_examples": [
            {
                "task_name": "re2_train_21_if_the_word_starts_with_any_letter_replace_that_with_n_a",
                "program": "(lambda (fn_44 $0 'a' 'n'))",
                "language": "if the word starts with any letter replace that with n a"
            },
            {
                "task_name": "re2_train_71_if_the_word_starts_with_any_letter_replace_that_with_w_i",
                "program": "(lambda (fn_44 $0 'i' 'w'))",
                "language": "if the word starts with any letter replace that with w i"
            },
            {
                "task_name": "re2_train_103_if_the_word_starts_with_any_letter_replace_that_with_q_a",
                "program": "(lambda (fn_44 $0 'a' 'q'))",
                "language": "if the word starts with any letter replace that with q a"
            }
        ]
    },
    "#(lambda (lambda (lambda (_rflatten (_rappend $0 (_rrevcdr (_rsplit $1 $2)))))))": {
        "anonymous_name": "fn_45",
        "readable_name": "replace_last_substring_with_concatenated_string",
        "description": "Replaces the last substring in a string with a concatenated string, using a regular expression.",
        "usage_examples": [
            {
                "task_name": "re2_train_393_if_the_word_ends_with_consonant_replace_that_with_i",
                "program": "(lambda (fn_45 $0 '.' 'i'))",
                "language": "if the word ends with consonant replace that with i"
            },
            {
                "task_name": "re2_train_52_if_the_word_ends_with_any_letter_replace_that_with_f",
                "program": "(lambda (fn_45 $0 empty_string 'f'))",
                "language": "if the word ends with any letter replace that with f"
            },
            {
                "task_name": "re2_train_185_if_the_word_ends_with_consonant_replace_that_with_a_o",
                "program": "(lambda (fn_45 $0 '.' (regex_concat 'a' 'o')))",
                "language": "if the word ends with consonant replace that with a o"
            }
        ]
    },
    "#(lambda (lambda (lambda (#(lambda (lambda (_rflatten (map $0 (_rsplit _rempty $1))))) $0 (lambda (if (_rmatch $2 $0) $3 $0))))))": {
        "anonymous_name": "fn_46",
        "readable_name": "replace_if_match_if_match",
        "description": "Replaces a substring in a string if it matches a given pattern, using a regular expression. The pattern is determined by the first two arguments, and the replacement string is determined by the third argument.",
        "usage_examples": [
            {
                "task_name": "re2_train_325_if_there_is_t_replace_that_with_i",
                "program": "(lambda (fn_46 'i' 't' $0))",
                "language": "if there is t replace that with i"
            },
            {
                "task_name": "re2_train_109_if_there_is_d_replace_that_with_c_t",
                "program": "(lambda (fn_46 (fn_49 'c') 'd' $0))",
                "language": "if there is d replace that with c t"
            }
        ]
    },
    "#(lambda (lambda (_rflatten (cons $0 (cdr (_rsplit _rempty $1))))))": {
        "anonymous_name": "fn_47",
        "readable_name": "replace_first_letter",
        "description": "Replaces the first letter of a string with a given substring.",
        "usage_examples": [
            {
                "task_name": "re2_train_169_if_the_word_starts_with_any_letter_replace_that_with_b",
                "program": "(lambda (fn_47 $0 'b'))",
                "language": "if the word starts with any letter replace that with b"
            },
            {
                "task_name": "re2_train_395_if_the_word_starts_with_any_letter_replace_that_with_e_s",
                "program": "(lambda (fn_47 $0 (regex_concat 'e' 's')))",
                "language": "if the word starts with any letter replace that with e s"
            }
        ]
    },
    "#(lambda (lambda (lambda (#(lambda (lambda (_rflatten (map $0 (_rsplit _rempty $1))))) $0 (lambda (if (_rmatch $0 $2) $3 $0))))))": {
        "anonymous_name": "fn_48",
        "readable_name": "replace_if_match_if_match",
        "description": "Replaces a substring in a string if it matches a given pattern, using a regular expression. The pattern is determined by the first two arguments, and the replacement string is determined by the third argument.",
        "usage_examples": [
            {
                "task_name": "re2_train_159_if_there_is_t_replace_that_with_f_v",
                "program": "(lambda (fn_48 (fn_50 'f') 't' $0))",
                "language": "if there is t replace that with f v"
            }
        ]
    },
    "#(lambda (_rconcat $0 _t))": {
        "anonymous_name": "fn_49",
        "readable_name": "concat_with_t",
        "description": "Concatenates a given substring with the letter 't'.",
        "usage_examples": [
            {
                "task_name": "re2_train_43_if_there_is_i_replace_that_with_k_t",
                "program": "(lambda (fn_51 (fn_49 'k') $0))",
                "language": "if there is i replace that with k t"
            },
            {
                "task_name": "re2_train_109_if_there_is_d_replace_that_with_c_t",
                "program": "(lambda (replace_if_match_if_match (fn_49 'c') 'd' $0))",
                "language": "if there is d replace that with c t"
            },
            {
                "task_name": "re2_train_229_if_there_is_any_letter_replace_that_with_w_t",
                "program": "(lambda (replace_if_match $0 (lambda (fn_49 'w'))))",
                "language": "if there is any letter replace that with w t"
            }
        ]
    },
    "#(lambda (_rconcat $0 _v))": {
        "anonymous_name": "fn_50",
        "readable_name": "concat_with_v",
        "description": "Concatenates a given substring with the letter 'v'.",
        "usage_examples": [
            {
                "task_name": "re2_train_41_if_there_is_any_letter_add_v_after_that",
                "program": "(lambda (replace_if_match $0 (lambda (fn_50 $0))))",
                "language": "if there is any letter add v after that"
            },
            {
                "task_name": "re2_train_159_if_there_is_t_replace_that_with_f_v",
                "program": "(lambda (replace_if_match_if_match_alt_1 (fn_50 'f') 't' $0))",
                "language": "if there is t replace that with f v"
            },
            {
                "task_name": "re2_train_129_if_there_is_any_letter_replace_that_with_r_v",
                "program": "(lambda (replace_if_match $0 (lambda (fn_50 'r'))))",
                "language": "if there is any letter replace that with r v"
            }
        ]
    },
    "#(lambda (lambda (#(lambda (lambda (lambda (_rflatten (map (lambda (if (_rmatch $1 $0) $2 $0)) (_rsplit _rdot $2)))))) $0 $1 _i)))": {
        "anonymous_name": "fn_51",
        "readable_name": "replace_if_match_with_i",
        "description": "Replaces a substring in a string if it matches a given pattern, using a regular expression. The pattern is determined by the first argument, and the replacement string is 'i'.",
        "usage_examples": [
            {
                "task_name": "re2_train_43_if_there_is_i_replace_that_with_k_t",
                "program": "(lambda (fn_51 (concat_with_t 'k') $0))",
                "language": "if there is i replace that with k t"
            },
            {
                "task_name": "re2_train_357_if_there_is_i_replace_that_with_m",
                "program": "(lambda (fn_51 'm' $0))",
                "language": "if there is i replace that with m"
            }
        ]
    }
}
2026-05-09 17:39:05,496 INFO:Wrote results: <original-workspace>/lilo_sec/experiments_iterative/outputs/dev_regex_batch96_firsttest_gpt35_instruct_original_completion_20260509/domains/re2/lilo_original_completion/seed_111/lilo_original_completion_96/0/train/gpt_library_namer_results.json
2026-05-09 17:39:05,496 INFO:Wrote experiments_iterative/outputs/dev_regex_batch96_firsttest_gpt35_instruct_original_completion_20260509/domains/re2/lilo_original_completion/seed_111/lilo_original_completion_96/0/metrics.json
2026-05-09 17:39:05,496 INFO:====================================
2026-05-09 17:39:05,496 INFO:iteration: 0
2026-05-09 17:39:05,496 INFO:library_namer : generate_library_names
2026-05-09 17:39:05,496 INFO:Completed in 7.053s
2026-05-09 17:39:05,496 INFO:====================================
2026-05-09 17:39:05,496 INFO:============LOGGING METADATA============
2026-05-09 17:39:05,496 INFO:	iteration: 1
2026-05-09 17:39:05,496 INFO:	human_readable: Autogenerated iterative experiment.
2026-05-09 17:39:05,496 INFO:	experiment_id: lilo_original_completion_96
2026-05-09 17:39:05,496 INFO:	encoder: re2
2026-05-09 17:39:05,496 INFO:	init_frontiers_every_iteration: False
2026-05-09 17:39:05,496 INFO:	enumeration_timeout: 1000
2026-05-09 17:39:05,496 INFO:	tasks_loader: re2
2026-05-09 17:39:05,496 INFO:	task_language_loader: re2_synthetic
2026-05-09 17:39:05,496 INFO:	timestamped_experiment_id: lilo_original_completion_96
2026-05-09 17:39:05,496 INFO:	init_grammar_from_checkpoint: False
2026-05-09 17:39:05,496 INFO:	init_frontiers_from_checkpoint: True
2026-05-09 17:39:05,496 INFO:	resume_checkpoint_directory: experiments_iterative/outputs/paperfaithful_init_seed111_20260507/domains/re2/dreamcoder/seed_111/dreamcoder_32
2026-05-09 17:39:05,496 INFO:	export_with_timestamp: False
2026-05-09 17:39:05,496 INFO:	ocaml_special_handler: re2
2026-05-09 17:39:05,496 INFO:	timestamp: 
2026-05-09 17:39:05,496 INFO:	curr_iteration: 0
2026-05-09 17:39:05,496 INFO:	global_batch_size: 96
2026-05-09 17:39:05,496 INFO:	experiment_name: dev_regex_batch96_firsttest_gpt35_instruct_original_completion_20260509
2026-05-09 17:39:05,496 INFO:	dsl_description_prefix: This is a domain-specific language for regular expressions that specify string transformations.
2026-05-09 17:39:05,496 INFO:	log_directory: experiments_iterative/logs/dev_regex_batch96_firsttest_gpt35_instruct_original_completion_20260509/domains/re2/lilo_original_completion/seed_111/lilo_original_completion_96
2026-05-09 17:39:05,496 INFO:	random_generator: Generator(PCG64)
2026-05-09 17:39:05,496 INFO:	export_directory: experiments_iterative/outputs/dev_regex_batch96_firsttest_gpt35_instruct_original_completion_20260509/domains/re2/lilo_original_completion/seed_111/lilo_original_completion_96
2026-05-09 17:39:05,496 INFO:	recognition_train_steps: 10000
2026-05-09 17:39:05,496 INFO:	random_seed: 111
2026-05-09 17:39:05,496 INFO:====================================
2026-05-09 17:39:05,497 INFO:reset_task_frontiers for split: test
2026-05-09 17:39:05,497 INFO:============LOGGING FRONTIERS============
2026-05-09 17:39:05,497 INFO:	 total_solved_tasks_train @ iteration 1: 24 / 491
2026-05-09 17:39:05,497 INFO:	 total_solved_tasks_test @ iteration 1: 0 / 500
2026-05-09 17:39:05,497 INFO:====================================
2026-05-09 17:39:05,497 INFO:============LOGGING MODEL_FN============
2026-05-09 17:39:05,497 INFO:	iteration: 1
2026-05-09 17:39:05,497 INFO:	experiment_block_type: model_fn
2026-05-09 17:39:05,497 INFO:	model_type: llm_solver
2026-05-09 17:39:05,497 INFO:	params: {'temperature': 0.9, 'max_tokens_completion_beta': 4.0, 'function_name_classes': ['human_readable', 'default'], 'body_task_selection': 'random', 'n_samples_per_query': 4, 'n_queries_per_task': 4, 'body_task_types': ['language', 'programs'], 'final_task_types': ['language'], 'prepend_dsl_description': True, 'verbose': False}
2026-05-09 17:39:05,497 INFO:	task_split: train
2026-05-09 17:39:05,497 INFO:	model_fn: infer_programs_for_tasks
2026-05-09 17:39:05,497 INFO:	task_batch_size: global_batch_size
2026-05-09 17:39:05,497 INFO:task_ids: 96 tasks: re2_train_28_if_the_word_starts_with_any_letter_consonant_replace_that_with_w_t -- re2_train_39_if_there_is_c_add_d_before_that
2026-05-09 17:39:05,497 INFO:====================================
2026-05-09 17:39:06,811 INFO:[TASK 0/96 QUERY 0/4]: re2_train_28_if_the_word_starts_with_any_letter_consonant_replace_that_with_w_t
2026-05-09 17:39:06,811 INFO:Tasks solved so far: 0/1
2026-05-09 17:39:07,478 INFO:[TASK 0/96 QUERY 1/4]: re2_train_28_if_the_word_starts_with_any_letter_consonant_replace_that_with_w_t
2026-05-09 17:39:07,478 INFO:Tasks solved so far: 0/1
2026-05-09 17:39:08,595 INFO:[TASK 0/96 QUERY 2/4]: re2_train_28_if_the_word_starts_with_any_letter_consonant_replace_that_with_w_t
2026-05-09 17:39:08,595 INFO:Tasks solved so far: 0/1
2026-05-09 17:39:09,595 INFO:[TASK 0/96 QUERY 3/4]: re2_train_28_if_the_word_starts_with_any_letter_consonant_replace_that_with_w_t
2026-05-09 17:39:09,595 INFO:Tasks solved so far: 0/1
2026-05-09 17:39:10,108 INFO:[TASK 1/96 QUERY 0/4]: re2_train_344_if_the_word_ends_with_any_letter_add_q_after_that
2026-05-09 17:39:10,109 INFO:Tasks solved so far: 1/2
2026-05-09 17:39:10,579 INFO:[TASK 2/96 QUERY 0/4]: re2_train_143_if_the_word_ends_with_consonant_replace_that_with_k_t
2026-05-09 17:39:10,579 INFO:Tasks solved so far: 1/3
2026-05-09 17:39:11,369 INFO:[TASK 2/96 QUERY 1/4]: re2_train_143_if_the_word_ends_with_consonant_replace_that_with_k_t
2026-05-09 17:39:11,369 INFO:Tasks solved so far: 1/3
2026-05-09 17:39:12,024 INFO:[TASK 2/96 QUERY 2/4]: re2_train_143_if_the_word_ends_with_consonant_replace_that_with_k_t
2026-05-09 17:39:12,024 INFO:Tasks solved so far: 1/3
2026-05-09 17:39:12,509 INFO:[TASK 2/96 QUERY 3/4]: re2_train_143_if_the_word_ends_with_consonant_replace_that_with_k_t
2026-05-09 17:39:12,509 INFO:Tasks solved so far: 1/3
2026-05-09 17:39:12,902 INFO:[TASK 3/96 QUERY 0/4]: re2_train_149_if_the_word_starts_with_consonant_vowel_replace_that_with_p_a
2026-05-09 17:39:12,903 INFO:Tasks solved so far: 1/4
2026-05-09 17:39:13,556 INFO:[TASK 3/96 QUERY 1/4]: re2_train_149_if_the_word_starts_with_consonant_vowel_replace_that_with_p_a
2026-05-09 17:39:13,556 INFO:Tasks solved so far: 1/4
2026-05-09 17:39:13,988 INFO:[TASK 3/96 QUERY 2/4]: re2_train_149_if_the_word_starts_with_consonant_vowel_replace_that_with_p_a
2026-05-09 17:39:13,988 INFO:Tasks solved so far: 1/4
2026-05-09 17:39:14,737 INFO:[TASK 3/96 QUERY 3/4]: re2_train_149_if_the_word_starts_with_consonant_vowel_replace_that_with_p_a
2026-05-09 17:39:14,738 INFO:Tasks solved so far: 1/4
2026-05-09 17:39:15,587 INFO:[TASK 4/96 QUERY 0/4]: re2_train_467_if_there_is_any_letter_any_letter_double_that
2026-05-09 17:39:15,587 INFO:Tasks solved so far: 1/5
2026-05-09 17:39:16,247 INFO:[TASK 4/96 QUERY 1/4]: re2_train_467_if_there_is_any_letter_any_letter_double_that
2026-05-09 17:39:16,248 INFO:Tasks solved so far: 1/5
2026-05-09 17:39:16,720 INFO:[TASK 4/96 QUERY 2/4]: re2_train_467_if_there_is_any_letter_any_letter_double_that
2026-05-09 17:39:16,720 INFO:Tasks solved so far: 1/5
2026-05-09 17:39:17,242 INFO:[TASK 4/96 QUERY 3/4]: re2_train_467_if_there_is_any_letter_any_letter_double_that
2026-05-09 17:39:17,242 INFO:Tasks solved so far: 1/5
2026-05-09 17:39:17,678 INFO:[TASK 5/96 QUERY 0/4]: re2_train_26_if_the_word_ends_with_any_letter_replace_that_with_r
2026-05-09 17:39:17,678 INFO:Tasks solved so far: 2/6
2026-05-09 17:39:18,256 INFO:[TASK 6/96 QUERY 0/4]: re2_train_254_if_the_word_starts_with_any_letter_vowel_replace_that_with_m_d
2026-05-09 17:39:18,257 INFO:Tasks solved so far: 2/7
2026-05-09 17:39:19,062 INFO:[TASK 6/96 QUERY 1/4]: re2_train_254_if_the_word_starts_with_any_letter_vowel_replace_that_with_m_d
2026-05-09 17:39:19,062 INFO:Tasks solved so far: 2/7
2026-05-09 17:39:19,817 INFO:[TASK 6/96 QUERY 2/4]: re2_train_254_if_the_word_starts_with_any_letter_vowel_replace_that_with_m_d
2026-05-09 17:39:19,817 INFO:Tasks solved so far: 2/7
2026-05-09 17:39:20,478 INFO:[TASK 6/96 QUERY 3/4]: re2_train_254_if_the_word_starts_with_any_letter_vowel_replace_that_with_m_d
2026-05-09 17:39:20,478 INFO:Tasks solved so far: 2/7
2026-05-09 17:39:20,944 INFO:[TASK 7/96 QUERY 0/4]: re2_train_127_if_the_word_starts_with_any_letter_replace_that_with_i_r
2026-05-09 17:39:20,944 INFO:Tasks solved so far: 3/8
2026-05-09 17:39:21,421 INFO:[TASK 8/96 QUERY 0/4]: re2_train_389_if_there_is_any_letter_any_letter_replace_that_with_t_t
2026-05-09 17:39:21,421 INFO:Tasks solved so far: 3/9
2026-05-09 17:39:22,172 INFO:[TASK 8/96 QUERY 1/4]: re2_train_389_if_there_is_any_letter_any_letter_replace_that_with_t_t
2026-05-09 17:39:22,172 INFO:Tasks solved so far: 3/9
2026-05-09 17:39:23,208 INFO:[TASK 8/96 QUERY 2/4]: re2_train_389_if_there_is_any_letter_any_letter_replace_that_with_t_t
2026-05-09 17:39:23,208 INFO:Tasks solved so far: 3/9
2026-05-09 17:39:23,822 INFO:[TASK 8/96 QUERY 3/4]: re2_train_389_if_there_is_any_letter_any_letter_replace_that_with_t_t
2026-05-09 17:39:23,822 INFO:Tasks solved so far: 3/9
2026-05-09 17:39:24,398 INFO:[TASK 9/96 QUERY 0/4]: re2_train_443_if_the_word_ends_with_any_letter_add_k_after_that
2026-05-09 17:39:24,398 INFO:Tasks solved so far: 4/10
2026-05-09 17:39:25,313 INFO:[TASK 10/96 QUERY 0/4]: re2_train_473_if_there_is_o_replace_that_with_l
2026-05-09 17:39:25,313 INFO:Tasks solved so far: 5/11
2026-05-09 17:39:25,807 INFO:[TASK 11/96 QUERY 0/4]: re2_train_416_if_there_is_consonant_r_replace_that_with_h
2026-05-09 17:39:25,808 INFO:Tasks solved so far: 5/12
2026-05-09 17:39:26,261 INFO:[TASK 11/96 QUERY 1/4]: re2_train_416_if_there_is_consonant_r_replace_that_with_h
2026-05-09 17:39:26,261 INFO:Tasks solved so far: 5/12
2026-05-09 17:39:26,683 INFO:[TASK 11/96 QUERY 2/4]: re2_train_416_if_there_is_consonant_r_replace_that_with_h
2026-05-09 17:39:26,683 INFO:Tasks solved so far: 5/12
2026-05-09 17:39:27,210 INFO:[TASK 11/96 QUERY 3/4]: re2_train_416_if_there_is_consonant_r_replace_that_with_h
2026-05-09 17:39:27,210 INFO:Tasks solved so far: 5/12
2026-05-09 17:39:27,690 INFO:[TASK 12/96 QUERY 0/4]: re2_train_343_if_the_word_ends_with_consonant_replace_that_with_v_c
2026-05-09 17:39:27,690 INFO:Tasks solved so far: 5/13
2026-05-09 17:39:28,301 INFO:[TASK 12/96 QUERY 1/4]: re2_train_343_if_the_word_ends_with_consonant_replace_that_with_v_c
2026-05-09 17:39:28,301 INFO:Tasks solved so far: 5/13
2026-05-09 17:39:28,767 INFO:[TASK 12/96 QUERY 2/4]: re2_train_343_if_the_word_ends_with_consonant_replace_that_with_v_c
2026-05-09 17:39:28,767 INFO:Tasks solved so far: 5/13
2026-05-09 17:39:29,868 INFO:[TASK 12/96 QUERY 3/4]: re2_train_343_if_the_word_ends_with_consonant_replace_that_with_v_c
2026-05-09 17:39:29,868 INFO:Tasks solved so far: 5/13
2026-05-09 17:39:30,690 INFO:[TASK 13/96 QUERY 0/4]: re2_train_446_if_the_word_starts_with_consonant_any_letter_replace_that_with_t_l
2026-05-09 17:39:30,690 INFO:Tasks solved so far: 5/14
2026-05-09 17:39:31,209 INFO:[TASK 13/96 QUERY 1/4]: re2_train_446_if_the_word_starts_with_consonant_any_letter_replace_that_with_t_l
2026-05-09 17:39:31,210 INFO:Tasks solved so far: 5/14
2026-05-09 17:39:31,907 INFO:[TASK 13/96 QUERY 2/4]: re2_train_446_if_the_word_starts_with_consonant_any_letter_replace_that_with_t_l
2026-05-09 17:39:31,907 INFO:Tasks solved so far: 5/14
2026-05-09 17:39:32,882 INFO:[TASK 13/96 QUERY 3/4]: re2_train_446_if_the_word_starts_with_consonant_any_letter_replace_that_with_t_l
2026-05-09 17:39:32,882 INFO:Tasks solved so far: 5/14
2026-05-09 17:39:33,745 INFO:[TASK 14/96 QUERY 0/4]: re2_train_210_if_the_word_starts_with_consonant_replace_that_with_p_b
2026-05-09 17:39:33,745 INFO:Tasks solved so far: 5/15
2026-05-09 17:39:34,332 INFO:[TASK 14/96 QUERY 1/4]: re2_train_210_if_the_word_starts_with_consonant_replace_that_with_p_b
2026-05-09 17:39:34,332 INFO:Tasks solved so far: 5/15
2026-05-09 17:39:34,792 INFO:[TASK 14/96 QUERY 2/4]: re2_train_210_if_the_word_starts_with_consonant_replace_that_with_p_b
2026-05-09 17:39:34,792 INFO:Tasks solved so far: 5/15
2026-05-09 17:39:35,626 INFO:[TASK 14/96 QUERY 3/4]: re2_train_210_if_the_word_starts_with_consonant_replace_that_with_p_b
2026-05-09 17:39:35,626 INFO:Tasks solved so far: 5/15
2026-05-09 17:39:36,441 INFO:[TASK 15/96 QUERY 0/4]: re2_train_437_if_the_word_starts_with_vowel_replace_that_with_l_a
2026-05-09 17:39:36,441 INFO:Tasks solved so far: 5/16
2026-05-09 17:39:37,353 INFO:[TASK 15/96 QUERY 1/4]: re2_train_437_if_the_word_starts_with_vowel_replace_that_with_l_a
2026-05-09 17:39:37,353 INFO:Tasks solved so far: 5/16
2026-05-09 17:39:38,139 INFO:[TASK 15/96 QUERY 2/4]: re2_train_437_if_the_word_starts_with_vowel_replace_that_with_l_a
2026-05-09 17:39:38,140 INFO:Tasks solved so far: 5/16
2026-05-09 17:39:38,734 INFO:[TASK 15/96 QUERY 3/4]: re2_train_437_if_the_word_starts_with_vowel_replace_that_with_l_a
2026-05-09 17:39:38,734 INFO:Tasks solved so far: 5/16
2026-05-09 17:39:39,331 INFO:[TASK 16/96 QUERY 0/4]: re2_train_418_if_there_is_vowel_replace_that_with_j
2026-05-09 17:39:39,331 INFO:Tasks solved so far: 6/17
2026-05-09 17:39:39,775 INFO:[TASK 17/96 QUERY 0/4]: re2_train_268_if_the_word_starts_with_any_letter_replace_that_with_x_e
2026-05-09 17:39:39,775 INFO:Tasks solved so far: 7/18
2026-05-09 17:39:40,785 INFO:[TASK 18/96 QUERY 0/4]: re2_train_37_if_there_is_g_add_q_before_that
2026-05-09 17:39:40,785 INFO:Tasks solved so far: 7/19
2026-05-09 17:39:41,215 INFO:[TASK 18/96 QUERY 1/4]: re2_train_37_if_there_is_g_add_q_before_that
2026-05-09 17:39:41,215 INFO:Tasks solved so far: 7/19
2026-05-09 17:39:42,428 INFO:[TASK 18/96 QUERY 2/4]: re2_train_37_if_there_is_g_add_q_before_that
2026-05-09 17:39:42,428 INFO:Tasks solved so far: 7/19
2026-05-09 17:39:42,865 INFO:[TASK 18/96 QUERY 3/4]: re2_train_37_if_there_is_g_add_q_before_that
2026-05-09 17:39:42,865 INFO:Tasks solved so far: 7/19
2026-05-09 17:39:44,076 INFO:[TASK 19/96 QUERY 0/4]: re2_train_454_if_the_word_starts_with_vowel_add_k_after_that
2026-05-09 17:39:44,076 INFO:Tasks solved so far: 7/20
2026-05-09 17:39:44,785 INFO:[TASK 19/96 QUERY 1/4]: re2_train_454_if_the_word_starts_with_vowel_add_k_after_that
2026-05-09 17:39:44,785 INFO:Tasks solved so far: 7/20
2026-05-09 17:39:45,403 INFO:[TASK 19/96 QUERY 2/4]: re2_train_454_if_the_word_starts_with_vowel_add_k_after_that
2026-05-09 17:39:45,403 INFO:Tasks solved so far: 7/20
2026-05-09 17:39:46,039 INFO:[TASK 19/96 QUERY 3/4]: re2_train_454_if_the_word_starts_with_vowel_add_k_after_that
2026-05-09 17:39:46,039 INFO:Tasks solved so far: 7/20
2026-05-09 17:39:46,854 INFO:[TASK 20/96 QUERY 0/4]: re2_train_272_if_the_word_starts_with_consonant_replace_that_with_d_g
2026-05-09 17:39:46,854 INFO:Tasks solved so far: 7/21
2026-05-09 17:39:47,345 INFO:[TASK 20/96 QUERY 1/4]: re2_train_272_if_the_word_starts_with_consonant_replace_that_with_d_g
2026-05-09 17:39:47,345 INFO:Tasks solved so far: 7/21
2026-05-09 17:39:48,137 INFO:[TASK 20/96 QUERY 2/4]: re2_train_272_if_the_word_starts_with_consonant_replace_that_with_d_g
2026-05-09 17:39:48,137 INFO:Tasks solved so far: 7/21
2026-05-09 17:39:48,758 INFO:[TASK 20/96 QUERY 3/4]: re2_train_272_if_the_word_starts_with_consonant_replace_that_with_d_g
2026-05-09 17:39:48,758 INFO:Tasks solved so far: 7/21
2026-05-09 17:39:50,028 INFO:[TASK 21/96 QUERY 0/4]: re2_train_182_if_the_word_starts_with_consonant_vowel_replace_that_with_p_i
2026-05-09 17:39:50,028 INFO:Tasks solved so far: 7/22
2026-05-09 17:39:50,554 INFO:[TASK 21/96 QUERY 1/4]: re2_train_182_if_the_word_starts_with_consonant_vowel_replace_that_with_p_i
2026-05-09 17:39:50,554 INFO:Tasks solved so far: 7/22
2026-05-09 17:39:51,474 INFO:[TASK 21/96 QUERY 2/4]: re2_train_182_if_the_word_starts_with_consonant_vowel_replace_that_with_p_i
2026-05-09 17:39:51,475 INFO:Tasks solved so far: 7/22
2026-05-09 17:39:52,140 INFO:[TASK 21/96 QUERY 3/4]: re2_train_182_if_the_word_starts_with_consonant_vowel_replace_that_with_p_i
2026-05-09 17:39:52,141 INFO:Tasks solved so far: 7/22
2026-05-09 17:39:52,670 INFO:[TASK 22/96 QUERY 0/4]: re2_train_375_if_the_word_starts_with_any_letter_replace_that_with_a_w
2026-05-09 17:39:52,670 INFO:Tasks solved so far: 8/23
2026-05-09 17:39:53,115 INFO:[TASK 23/96 QUERY 0/4]: re2_train_408_if_there_is_consonant_any_letter_replace_that_with_t
2026-05-09 17:39:53,116 INFO:Tasks solved so far: 8/24
2026-05-09 17:39:53,642 INFO:[TASK 23/96 QUERY 1/4]: re2_train_408_if_there_is_consonant_any_letter_replace_that_with_t
2026-05-09 17:39:53,642 INFO:Tasks solved so far: 8/24
2026-05-09 17:39:54,141 INFO:[TASK 23/96 QUERY 2/4]: re2_train_408_if_there_is_consonant_any_letter_replace_that_with_t
2026-05-09 17:39:54,141 INFO:Tasks solved so far: 8/24
2026-05-09 17:39:54,819 INFO:[TASK 23/96 QUERY 3/4]: re2_train_408_if_there_is_consonant_any_letter_replace_that_with_t
2026-05-09 17:39:54,819 INFO:Tasks solved so far: 8/24
2026-05-09 17:39:55,625 INFO:[TASK 24/96 QUERY 0/4]: re2_train_484_if_the_word_ends_with_consonant_replace_that_with_j_q
2026-05-09 17:39:55,625 INFO:Tasks solved so far: 8/25
2026-05-09 17:39:56,100 INFO:[TASK 24/96 QUERY 1/4]: re2_train_484_if_the_word_ends_with_consonant_replace_that_with_j_q
2026-05-09 17:39:56,100 INFO:Tasks solved so far: 8/25
2026-05-09 17:39:56,552 INFO:[TASK 24/96 QUERY 2/4]: re2_train_484_if_the_word_ends_with_consonant_replace_that_with_j_q
2026-05-09 17:39:56,552 INFO:Tasks solved so far: 8/25
2026-05-09 17:39:57,590 INFO:[TASK 24/96 QUERY 3/4]: re2_train_484_if_the_word_ends_with_consonant_replace_that_with_j_q
2026-05-09 17:39:57,590 INFO:Tasks solved so far: 8/25
2026-05-09 17:39:58,077 INFO:[TASK 25/96 QUERY 0/4]: re2_train_218_if_there_is_vowel_vowel_add_o_after_that
2026-05-09 17:39:58,077 INFO:Tasks solved so far: 8/26
2026-05-09 17:39:58,673 INFO:[TASK 25/96 QUERY 1/4]: re2_train_218_if_there_is_vowel_vowel_add_o_after_that
2026-05-09 17:39:58,673 INFO:Tasks solved so far: 8/26
2026-05-09 17:39:59,276 INFO:[TASK 25/96 QUERY 2/4]: re2_train_218_if_there_is_vowel_vowel_add_o_after_that
2026-05-09 17:39:59,277 INFO:Tasks solved so far: 8/26
2026-05-09 17:40:00,080 INFO:[TASK 25/96 QUERY 3/4]: re2_train_218_if_there_is_vowel_vowel_add_o_after_that
2026-05-09 17:40:00,080 INFO:Tasks solved so far: 8/26
2026-05-09 17:40:00,525 INFO:[TASK 26/96 QUERY 0/4]: re2_train_138_if_there_is_e_any_letter_replace_that_with_j
2026-05-09 17:40:00,525 INFO:Tasks solved so far: 8/27
2026-05-09 17:40:00,923 INFO:[TASK 26/96 QUERY 1/4]: re2_train_138_if_there_is_e_any_letter_replace_that_with_j
2026-05-09 17:40:00,923 INFO:Tasks solved so far: 8/27
2026-05-09 17:40:01,684 INFO:[TASK 26/96 QUERY 2/4]: re2_train_138_if_there_is_e_any_letter_replace_that_with_j
2026-05-09 17:40:01,684 INFO:Tasks solved so far: 8/27
2026-05-09 17:40:02,155 INFO:[TASK 26/96 QUERY 3/4]: re2_train_138_if_there_is_e_any_letter_replace_that_with_j
2026-05-09 17:40:02,155 INFO:Tasks solved so far: 8/27
2026-05-09 17:40:02,996 INFO:[TASK 27/96 QUERY 0/4]: re2_train_387_if_the_word_ends_with_consonant_any_letter_replace_that_with_x_j
2026-05-09 17:40:02,996 INFO:Tasks solved so far: 8/28
2026-05-09 17:40:03,910 INFO:[TASK 27/96 QUERY 1/4]: re2_train_387_if_the_word_ends_with_consonant_any_letter_replace_that_with_x_j
2026-05-09 17:40:03,910 INFO:Tasks solved so far: 8/28
2026-05-09 17:40:04,911 INFO:[TASK 27/96 QUERY 2/4]: re2_train_387_if_the_word_ends_with_consonant_any_letter_replace_that_with_x_j
2026-05-09 17:40:04,912 INFO:Tasks solved so far: 8/28
2026-05-09 17:40:05,458 INFO:[TASK 27/96 QUERY 3/4]: re2_train_387_if_the_word_ends_with_consonant_any_letter_replace_that_with_x_j
2026-05-09 17:40:05,459 INFO:Tasks solved so far: 8/28
2026-05-09 17:40:06,100 INFO:[TASK 28/96 QUERY 0/4]: re2_train_160_if_the_word_starts_with_any_letter_vowel_replace_that_with_r_x
2026-05-09 17:40:06,100 INFO:Tasks solved so far: 8/29
2026-05-09 17:40:06,513 INFO:[TASK 28/96 QUERY 1/4]: re2_train_160_if_the_word_starts_with_any_letter_vowel_replace_that_with_r_x
2026-05-09 17:40:06,513 INFO:Tasks solved so far: 8/29
2026-05-09 17:40:07,725 INFO:[TASK 28/96 QUERY 2/4]: re2_train_160_if_the_word_starts_with_any_letter_vowel_replace_that_with_r_x
2026-05-09 17:40:07,726 INFO:Tasks solved so far: 8/29
2026-05-09 17:40:08,673 INFO:[TASK 28/96 QUERY 3/4]: re2_train_160_if_the_word_starts_with_any_letter_vowel_replace_that_with_r_x
2026-05-09 17:40:08,673 INFO:Tasks solved so far: 8/29
2026-05-09 17:40:09,240 INFO:[TASK 29/96 QUERY 0/4]: re2_train_22_if_the_word_ends_with_consonant_any_letter_replace_that_with_j_g
2026-05-09 17:40:09,240 INFO:Tasks solved so far: 8/30
2026-05-09 17:40:09,874 INFO:[TASK 29/96 QUERY 1/4]: re2_train_22_if_the_word_ends_with_consonant_any_letter_replace_that_with_j_g
2026-05-09 17:40:09,874 INFO:Tasks solved so far: 8/30
2026-05-09 17:40:10,567 INFO:[TASK 29/96 QUERY 2/4]: re2_train_22_if_the_word_ends_with_consonant_any_letter_replace_that_with_j_g
2026-05-09 17:40:10,567 INFO:Tasks solved so far: 8/30
2026-05-09 17:40:11,530 INFO:[TASK 29/96 QUERY 3/4]: re2_train_22_if_the_word_ends_with_consonant_any_letter_replace_that_with_j_g
2026-05-09 17:40:11,530 INFO:Tasks solved so far: 8/30
2026-05-09 17:40:12,185 INFO:[TASK 30/96 QUERY 0/4]: re2_train_193_if_the_word_starts_with_consonant_vowel_replace_that_with_g_h
2026-05-09 17:40:12,186 INFO:Tasks solved so far: 8/31
2026-05-09 17:40:12,887 INFO:[TASK 30/96 QUERY 1/4]: re2_train_193_if_the_word_starts_with_consonant_vowel_replace_that_with_g_h
2026-05-09 17:40:12,887 INFO:Tasks solved so far: 8/31
2026-05-09 17:40:13,503 INFO:[TASK 30/96 QUERY 2/4]: re2_train_193_if_the_word_starts_with_consonant_vowel_replace_that_with_g_h
2026-05-09 17:40:13,503 INFO:Tasks solved so far: 8/31
2026-05-09 17:40:13,989 INFO:[TASK 30/96 QUERY 3/4]: re2_train_193_if_the_word_starts_with_consonant_vowel_replace_that_with_g_h
2026-05-09 17:40:13,989 INFO:Tasks solved so far: 8/31
2026-05-09 17:40:14,494 INFO:[TASK 31/96 QUERY 0/4]: re2_train_310_if_the_word_starts_with_consonant_add_x_after_that
2026-05-09 17:40:14,494 INFO:Tasks solved so far: 8/32
2026-05-09 17:40:14,935 INFO:[TASK 31/96 QUERY 1/4]: re2_train_310_if_the_word_starts_with_consonant_add_x_after_that
2026-05-09 17:40:14,935 INFO:Tasks solved so far: 8/32
2026-05-09 17:40:15,573 INFO:[TASK 31/96 QUERY 2/4]: re2_train_310_if_the_word_starts_with_consonant_add_x_after_that
2026-05-09 17:40:15,573 INFO:Tasks solved so far: 8/32
2026-05-09 17:40:15,737 INFO:error_code=rate_limit_exceeded error_message='Rate limit reached for gpt-3.5-turbo-instruct in organization org-RcBdlQU9qh37R7FbksDxiLKA on tokens per min (TPM): Limit 90000, Used 88922, Requested 1667. Please try again in 392ms. Visit https://platform.openai.com/account/rate-limits to learn more.' error_param=None error_type=tokens message='OpenAI API error received' stream_error=False
2026-05-09 17:40:15,737 INFO:Rate limit reached for gpt-3.5-turbo-instruct in organization org-RcBdlQU9qh37R7FbksDxiLKA on tokens per min (TPM): Limit 90000, Used 88922, Requested 1667. Please try again in 392ms. Visit https://platform.openai.com/account/rate-limits to learn more.
2026-05-09 17:40:15,737 INFO:ERR: OpenAI rate limit. On attempt 1/5 after waiting 30s.
2026-05-09 17:40:46,310 INFO:[TASK 31/96 QUERY 3/4]: re2_train_310_if_the_word_starts_with_consonant_add_x_after_that
2026-05-09 17:40:46,310 INFO:Tasks solved so far: 8/32
2026-05-09 17:40:46,784 INFO:[TASK 32/96 QUERY 0/4]: re2_train_347_if_the_word_starts_with_vowel_consonant_replace_that_with_q_f
2026-05-09 17:40:46,784 INFO:Tasks solved so far: 8/33
2026-05-09 17:40:47,429 INFO:[TASK 32/96 QUERY 1/4]: re2_train_347_if_the_word_starts_with_vowel_consonant_replace_that_with_q_f
2026-05-09 17:40:47,429 INFO:Tasks solved so far: 8/33
2026-05-09 17:40:48,182 INFO:[TASK 32/96 QUERY 2/4]: re2_train_347_if_the_word_starts_with_vowel_consonant_replace_that_with_q_f
2026-05-09 17:40:48,182 INFO:Tasks solved so far: 8/33
2026-05-09 17:40:49,168 INFO:[TASK 32/96 QUERY 3/4]: re2_train_347_if_the_word_starts_with_vowel_consonant_replace_that_with_q_f
2026-05-09 17:40:49,168 INFO:Tasks solved so far: 8/33
2026-05-09 17:40:50,758 INFO:[TASK 33/96 QUERY 0/4]: re2_train_10_if_there_is_any_letter_any_letter_replace_that_with_i
2026-05-09 17:40:50,759 INFO:Tasks solved so far: 8/34
2026-05-09 17:40:51,364 INFO:[TASK 33/96 QUERY 1/4]: re2_train_10_if_there_is_any_letter_any_letter_replace_that_with_i
2026-05-09 17:40:51,364 INFO:Tasks solved so far: 8/34
2026-05-09 17:40:52,175 INFO:[TASK 33/96 QUERY 2/4]: re2_train_10_if_there_is_any_letter_any_letter_replace_that_with_i
2026-05-09 17:40:52,176 INFO:Tasks solved so far: 8/34
2026-05-09 17:40:53,612 INFO:[TASK 33/96 QUERY 3/4]: re2_train_10_if_there_is_any_letter_any_letter_replace_that_with_i
2026-05-09 17:40:53,612 INFO:Tasks solved so far: 8/34
2026-05-09 17:40:54,445 INFO:[TASK 34/96 QUERY 0/4]: re2_train_307_if_the_word_ends_with_any_letter_replace_that_with_o_m
2026-05-09 17:40:54,445 INFO:Tasks solved so far: 9/35
2026-05-09 17:40:54,958 INFO:[TASK 35/96 QUERY 0/4]: re2_train_351_if_there_is_g_add_w_before_that
2026-05-09 17:40:54,958 INFO:Tasks solved so far: 9/36
2026-05-09 17:40:55,521 INFO:[TASK 35/96 QUERY 1/4]: re2_train_351_if_there_is_g_add_w_before_that
2026-05-09 17:40:55,522 INFO:Tasks solved so far: 9/36
2026-05-09 17:40:56,004 INFO:[TASK 35/96 QUERY 2/4]: re2_train_351_if_there_is_g_add_w_before_that
2026-05-09 17:40:56,004 INFO:Tasks solved so far: 9/36
2026-05-09 17:40:57,005 INFO:[TASK 35/96 QUERY 3/4]: re2_train_351_if_there_is_g_add_w_before_that
2026-05-09 17:40:57,005 INFO:Tasks solved so far: 9/36
2026-05-09 17:40:57,546 INFO:[TASK 36/96 QUERY 0/4]: re2_train_461_if_the_word_starts_with_consonant_replace_that_with_w_w
2026-05-09 17:40:57,546 INFO:Tasks solved so far: 9/37
2026-05-09 17:40:58,974 INFO:[TASK 36/96 QUERY 1/4]: re2_train_461_if_the_word_starts_with_consonant_replace_that_with_w_w
2026-05-09 17:40:58,974 INFO:Tasks solved so far: 9/37
2026-05-09 17:40:59,890 INFO:[TASK 36/96 QUERY 2/4]: re2_train_461_if_the_word_starts_with_consonant_replace_that_with_w_w
2026-05-09 17:40:59,890 INFO:Tasks solved so far: 9/37
2026-05-09 17:41:01,470 INFO:[TASK 36/96 QUERY 3/4]: re2_train_461_if_the_word_starts_with_consonant_replace_that_with_w_w
2026-05-09 17:41:01,470 INFO:Tasks solved so far: 9/37
2026-05-09 17:41:01,977 INFO:[TASK 37/96 QUERY 0/4]: re2_train_118_if_there_is_l_replace_that_with_n_k
2026-05-09 17:41:01,977 INFO:Tasks solved so far: 10/38
2026-05-09 17:41:03,026 INFO:[TASK 38/96 QUERY 0/4]: re2_train_263_if_there_is_vowel_replace_that_with_q_f
2026-05-09 17:41:03,026 INFO:Tasks solved so far: 11/39
2026-05-09 17:41:03,821 INFO:[TASK 39/96 QUERY 0/4]: re2_train_463_if_the_word_starts_with_any_letter_replace_that_with_a
2026-05-09 17:41:03,821 INFO:Tasks solved so far: 12/40
2026-05-09 17:41:04,626 INFO:[TASK 40/96 QUERY 0/4]: re2_train_424_if_there_is_vowel_replace_that_with_a_f
2026-05-09 17:41:04,626 INFO:Tasks solved so far: 12/41
2026-05-09 17:41:05,582 INFO:[TASK 40/96 QUERY 1/4]: re2_train_424_if_there_is_vowel_replace_that_with_a_f
2026-05-09 17:41:05,582 INFO:Tasks solved so far: 12/41
2026-05-09 17:41:06,806 INFO:[TASK 40/96 QUERY 2/4]: re2_train_424_if_there_is_vowel_replace_that_with_a_f
2026-05-09 17:41:06,806 INFO:Tasks solved so far: 12/41
2026-05-09 17:41:08,018 INFO:[TASK 40/96 QUERY 3/4]: re2_train_424_if_there_is_vowel_replace_that_with_a_f
2026-05-09 17:41:08,018 INFO:Tasks solved so far: 12/41
2026-05-09 17:41:08,531 INFO:[TASK 41/96 QUERY 0/4]: re2_train_61_if_the_word_ends_with_any_letter_s_replace_that_with_f
2026-05-09 17:41:08,531 INFO:Tasks solved so far: 12/42
2026-05-09 17:41:09,444 INFO:[TASK 41/96 QUERY 1/4]: re2_train_61_if_the_word_ends_with_any_letter_s_replace_that_with_f
2026-05-09 17:41:09,444 INFO:Tasks solved so far: 12/42
2026-05-09 17:41:10,101 INFO:[TASK 41/96 QUERY 2/4]: re2_train_61_if_the_word_ends_with_any_letter_s_replace_that_with_f
2026-05-09 17:41:10,101 INFO:Tasks solved so far: 12/42
2026-05-09 17:41:10,661 INFO:[TASK 41/96 QUERY 3/4]: re2_train_61_if_the_word_ends_with_any_letter_s_replace_that_with_f
2026-05-09 17:41:10,661 INFO:Tasks solved so far: 12/42
2026-05-09 17:41:11,133 INFO:[TASK 42/96 QUERY 0/4]: re2_train_23_if_there_is_any_letter_replace_that_with_k
2026-05-09 17:41:11,133 INFO:Tasks solved so far: 12/43
2026-05-09 17:41:12,122 INFO:[TASK 42/96 QUERY 1/4]: re2_train_23_if_there_is_any_letter_replace_that_with_k
2026-05-09 17:41:12,122 INFO:Tasks solved so far: 12/43
2026-05-09 17:41:12,643 INFO:[TASK 42/96 QUERY 2/4]: re2_train_23_if_there_is_any_letter_replace_that_with_k
2026-05-09 17:41:12,643 INFO:Tasks solved so far: 12/43
2026-05-09 17:41:13,047 INFO:[TASK 42/96 QUERY 3/4]: re2_train_23_if_there_is_any_letter_replace_that_with_k
2026-05-09 17:41:13,047 INFO:Tasks solved so far: 12/43
2026-05-09 17:41:13,709 INFO:[TASK 43/96 QUERY 0/4]: re2_train_455_if_there_is_vowel_replace_that_with_s
2026-05-09 17:41:13,709 INFO:Tasks solved so far: 13/44
2026-05-09 17:41:14,764 INFO:[TASK 44/96 QUERY 0/4]: re2_train_253_if_there_is_o_any_letter_replace_that_with_f_q
2026-05-09 17:41:14,764 INFO:Tasks solved so far: 13/45
2026-05-09 17:41:15,359 INFO:[TASK 44/96 QUERY 1/4]: re2_train_253_if_there_is_o_any_letter_replace_that_with_f_q
2026-05-09 17:41:15,359 INFO:Tasks solved so far: 13/45
2026-05-09 17:41:16,604 INFO:[TASK 44/96 QUERY 2/4]: re2_train_253_if_there_is_o_any_letter_replace_that_with_f_q
2026-05-09 17:41:16,604 INFO:Tasks solved so far: 13/45
2026-05-09 17:41:17,044 INFO:[TASK 44/96 QUERY 3/4]: re2_train_253_if_there_is_o_any_letter_replace_that_with_f_q
2026-05-09 17:41:17,044 INFO:Tasks solved so far: 13/45
2026-05-09 17:41:17,690 INFO:[TASK 45/96 QUERY 0/4]: re2_train_151_if_the_word_ends_with_vowel_consonant_replace_that_with_v
2026-05-09 17:41:17,690 INFO:Tasks solved so far: 13/46
2026-05-09 17:41:18,443 INFO:[TASK 45/96 QUERY 1/4]: re2_train_151_if_the_word_ends_with_vowel_consonant_replace_that_with_v
2026-05-09 17:41:18,443 INFO:Tasks solved so far: 13/46
2026-05-09 17:41:18,880 INFO:[TASK 45/96 QUERY 2/4]: re2_train_151_if_the_word_ends_with_vowel_consonant_replace_that_with_v
2026-05-09 17:41:18,880 INFO:Tasks solved so far: 13/46
2026-05-09 17:41:19,446 INFO:[TASK 45/96 QUERY 3/4]: re2_train_151_if_the_word_ends_with_vowel_consonant_replace_that_with_v
2026-05-09 17:41:19,446 INFO:Tasks solved so far: 13/46
2026-05-09 17:41:20,064 INFO:[TASK 46/96 QUERY 0/4]: re2_train_226_if_the_word_ends_with_vowel_any_letter_replace_that_with_f
2026-05-09 17:41:20,065 INFO:Tasks solved so far: 13/47
2026-05-09 17:41:20,946 INFO:[TASK 46/96 QUERY 1/4]: re2_train_226_if_the_word_ends_with_vowel_any_letter_replace_that_with_f
2026-05-09 17:41:20,947 INFO:Tasks solved so far: 13/47
2026-05-09 17:41:22,013 INFO:[TASK 46/96 QUERY 2/4]: re2_train_226_if_the_word_ends_with_vowel_any_letter_replace_that_with_f
2026-05-09 17:41:22,013 INFO:Tasks solved so far: 13/47
2026-05-09 17:41:22,528 INFO:[TASK 46/96 QUERY 3/4]: re2_train_226_if_the_word_ends_with_vowel_any_letter_replace_that_with_f
2026-05-09 17:41:22,528 INFO:Tasks solved so far: 13/47
2026-05-09 17:41:23,296 INFO:[TASK 47/96 QUERY 0/4]: re2_train_165_if_there_is_vowel_vowel_replace_that_with_d_c
2026-05-09 17:41:23,296 INFO:Tasks solved so far: 13/48
2026-05-09 17:41:23,970 INFO:[TASK 47/96 QUERY 1/4]: re2_train_165_if_there_is_vowel_vowel_replace_that_with_d_c
2026-05-09 17:41:23,970 INFO:Tasks solved so far: 13/48
2026-05-09 17:41:25,287 INFO:[TASK 47/96 QUERY 2/4]: re2_train_165_if_there_is_vowel_vowel_replace_that_with_d_c
2026-05-09 17:41:25,287 INFO:Tasks solved so far: 13/48
2026-05-09 17:41:25,982 INFO:[TASK 47/96 QUERY 3/4]: re2_train_165_if_there_is_vowel_vowel_replace_that_with_d_c
2026-05-09 17:41:25,982 INFO:Tasks solved so far: 13/48
2026-05-09 17:41:27,104 INFO:[TASK 48/96 QUERY 0/4]: re2_train_171_if_there_is_vowel_add_g_before_that
2026-05-09 17:41:27,105 INFO:Tasks solved so far: 13/49
2026-05-09 17:41:27,688 INFO:[TASK 48/96 QUERY 1/4]: re2_train_171_if_there_is_vowel_add_g_before_that
2026-05-09 17:41:27,688 INFO:Tasks solved so far: 13/49
2026-05-09 17:41:28,777 INFO:[TASK 48/96 QUERY 2/4]: re2_train_171_if_there_is_vowel_add_g_before_that
2026-05-09 17:41:28,777 INFO:Tasks solved so far: 13/49
2026-05-09 17:41:29,666 INFO:[TASK 48/96 QUERY 3/4]: re2_train_171_if_there_is_vowel_add_g_before_that
2026-05-09 17:41:29,666 INFO:Tasks solved so far: 13/49
2026-05-09 17:41:30,991 INFO:[TASK 49/96 QUERY 0/4]: re2_train_13_if_the_word_starts_with_vowel_any_letter_replace_that_with_q_v
2026-05-09 17:41:30,991 INFO:Tasks solved so far: 13/50
2026-05-09 17:41:32,245 INFO:[TASK 49/96 QUERY 1/4]: re2_train_13_if_the_word_starts_with_vowel_any_letter_replace_that_with_q_v
2026-05-09 17:41:32,245 INFO:Tasks solved so far: 13/50
2026-05-09 17:41:33,510 INFO:[TASK 49/96 QUERY 2/4]: re2_train_13_if_the_word_starts_with_vowel_any_letter_replace_that_with_q_v
2026-05-09 17:41:33,510 INFO:Tasks solved so far: 13/50
2026-05-09 17:41:34,161 INFO:[TASK 49/96 QUERY 3/4]: re2_train_13_if_the_word_starts_with_vowel_any_letter_replace_that_with_q_v
2026-05-09 17:41:34,161 INFO:Tasks solved so far: 13/50
2026-05-09 17:41:35,080 INFO:[TASK 50/96 QUERY 0/4]: re2_train_234_if_there_is_r_vowel_add_d_before_that
2026-05-09 17:41:35,080 INFO:Tasks solved so far: 13/51
2026-05-09 17:41:35,881 INFO:[TASK 50/96 QUERY 1/4]: re2_train_234_if_there_is_r_vowel_add_d_before_that
2026-05-09 17:41:35,881 INFO:Tasks solved so far: 13/51
2026-05-09 17:41:36,819 INFO:[TASK 50/96 QUERY 2/4]: re2_train_234_if_there_is_r_vowel_add_d_before_that
2026-05-09 17:41:36,819 INFO:Tasks solved so far: 13/51
2026-05-09 17:41:37,734 INFO:[TASK 50/96 QUERY 3/4]: re2_train_234_if_there_is_r_vowel_add_d_before_that
2026-05-09 17:41:37,734 INFO:Tasks solved so far: 13/51
2026-05-09 17:41:38,377 INFO:[TASK 51/96 QUERY 0/4]: re2_train_431_if_there_is_u_consonant_replace_that_with_t_u
2026-05-09 17:41:38,378 INFO:Tasks solved so far: 13/52
2026-05-09 17:41:39,809 INFO:[TASK 51/96 QUERY 1/4]: re2_train_431_if_there_is_u_consonant_replace_that_with_t_u
2026-05-09 17:41:39,809 INFO:Tasks solved so far: 13/52
2026-05-09 17:41:40,384 INFO:[TASK 51/96 QUERY 2/4]: re2_train_431_if_there_is_u_consonant_replace_that_with_t_u
2026-05-09 17:41:40,384 INFO:Tasks solved so far: 13/52
2026-05-09 17:41:41,122 INFO:[TASK 51/96 QUERY 3/4]: re2_train_431_if_there_is_u_consonant_replace_that_with_t_u
2026-05-09 17:41:41,123 INFO:Tasks solved so far: 13/52
2026-05-09 17:41:41,788 INFO:[TASK 52/96 QUERY 0/4]: re2_train_290_if_the_word_ends_with_consonant_any_letter_replace_that_with_e_x
2026-05-09 17:41:41,788 INFO:Tasks solved so far: 13/53
2026-05-09 17:41:42,853 INFO:[TASK 52/96 QUERY 1/4]: re2_train_290_if_the_word_ends_with_consonant_any_letter_replace_that_with_e_x
2026-05-09 17:41:42,853 INFO:Tasks solved so far: 13/53
2026-05-09 17:41:43,779 INFO:[TASK 52/96 QUERY 2/4]: re2_train_290_if_the_word_ends_with_consonant_any_letter_replace_that_with_e_x
2026-05-09 17:41:43,779 INFO:Tasks solved so far: 13/53
2026-05-09 17:41:44,540 INFO:[TASK 52/96 QUERY 3/4]: re2_train_290_if_the_word_ends_with_consonant_any_letter_replace_that_with_e_x
2026-05-09 17:41:44,541 INFO:Tasks solved so far: 13/53
2026-05-09 17:41:45,268 INFO:[TASK 53/96 QUERY 0/4]: re2_train_488_if_there_is_vowel_c_add_i_after_that
2026-05-09 17:41:45,268 INFO:Tasks solved so far: 13/54
2026-05-09 17:41:46,400 INFO:[TASK 53/96 QUERY 1/4]: re2_train_488_if_there_is_vowel_c_add_i_after_that
2026-05-09 17:41:46,400 INFO:Tasks solved so far: 13/54
2026-05-09 17:41:47,299 INFO:[TASK 53/96 QUERY 2/4]: re2_train_488_if_there_is_vowel_c_add_i_after_that
2026-05-09 17:41:47,299 INFO:Tasks solved so far: 13/54
2026-05-09 17:41:47,769 INFO:[TASK 53/96 QUERY 3/4]: re2_train_488_if_there_is_vowel_c_add_i_after_that
2026-05-09 17:41:47,769 INFO:Tasks solved so far: 13/54
2026-05-09 17:41:48,277 INFO:[TASK 54/96 QUERY 0/4]: re2_train_184_if_the_word_starts_with_any_letter_replace_that_with_b_w
2026-05-09 17:41:48,278 INFO:Tasks solved so far: 14/55
2026-05-09 17:41:48,451 INFO:error_code=rate_limit_exceeded error_message='Rate limit reached for gpt-3.5-turbo-instruct in organization org-RcBdlQU9qh37R7FbksDxiLKA on tokens per min (TPM): Limit 90000, Used 89826, Requested 1664. Please try again in 993ms. Visit https://platform.openai.com/account/rate-limits to learn more.' error_param=None error_type=tokens message='OpenAI API error received' stream_error=False
2026-05-09 17:41:48,452 INFO:Rate limit reached for gpt-3.5-turbo-instruct in organization org-RcBdlQU9qh37R7FbksDxiLKA on tokens per min (TPM): Limit 90000, Used 89826, Requested 1664. Please try again in 993ms. Visit https://platform.openai.com/account/rate-limits to learn more.
2026-05-09 17:41:48,452 INFO:ERR: OpenAI rate limit. On attempt 1/5 after waiting 30s.
2026-05-09 17:42:18,918 INFO:[TASK 55/96 QUERY 0/4]: re2_train_47_if_there_is_u_replace_that_with_l_q
2026-05-09 17:42:18,918 INFO:Tasks solved so far: 15/56
2026-05-09 17:42:19,426 INFO:[TASK 56/96 QUERY 0/4]: re2_train_132_if_the_word_ends_with_any_letter_consonant_replace_that_with_d_t
2026-05-09 17:42:19,426 INFO:Tasks solved so far: 15/57
2026-05-09 17:42:20,034 INFO:[TASK 56/96 QUERY 1/4]: re2_train_132_if_the_word_ends_with_any_letter_consonant_replace_that_with_d_t
2026-05-09 17:42:20,035 INFO:Tasks solved so far: 15/57
2026-05-09 17:42:20,957 INFO:Err during evaluationname 'e' is not defined
2026-05-09 17:42:20,958 INFO:[TASK 56/96 QUERY 2/4]: re2_train_132_if_the_word_ends_with_any_letter_consonant_replace_that_with_d_t
2026-05-09 17:42:20,958 INFO:Tasks solved so far: 15/57
2026-05-09 17:42:21,463 INFO:[TASK 56/96 QUERY 3/4]: re2_train_132_if_the_word_ends_with_any_letter_consonant_replace_that_with_d_t
2026-05-09 17:42:21,463 INFO:Tasks solved so far: 15/57
2026-05-09 17:42:22,099 INFO:[TASK 57/96 QUERY 0/4]: re2_train_170_if_there_is_consonant_replace_that_with_b_q
2026-05-09 17:42:22,099 INFO:Tasks solved so far: 15/58
2026-05-09 17:42:22,850 INFO:[TASK 57/96 QUERY 1/4]: re2_train_170_if_there_is_consonant_replace_that_with_b_q
2026-05-09 17:42:22,850 INFO:Tasks solved so far: 15/58
2026-05-09 17:42:23,451 INFO:[TASK 57/96 QUERY 2/4]: re2_train_170_if_there_is_consonant_replace_that_with_b_q
2026-05-09 17:42:23,451 INFO:Tasks solved so far: 15/58
2026-05-09 17:42:23,964 INFO:[TASK 57/96 QUERY 3/4]: re2_train_170_if_there_is_consonant_replace_that_with_b_q
2026-05-09 17:42:23,964 INFO:Tasks solved so far: 15/58
2026-05-09 17:42:24,812 INFO:[TASK 58/96 QUERY 0/4]: re2_train_204_if_the_word_starts_with_consonant_consonant_replace_that_with_a_c
2026-05-09 17:42:24,812 INFO:Tasks solved so far: 15/59
2026-05-09 17:42:25,284 INFO:[TASK 58/96 QUERY 1/4]: re2_train_204_if_the_word_starts_with_consonant_consonant_replace_that_with_a_c
2026-05-09 17:42:25,285 INFO:Tasks solved so far: 15/59
2026-05-09 17:42:25,823 INFO:[TASK 58/96 QUERY 2/4]: re2_train_204_if_the_word_starts_with_consonant_consonant_replace_that_with_a_c
2026-05-09 17:42:25,823 INFO:Tasks solved so far: 15/59
2026-05-09 17:42:27,368 INFO:[TASK 58/96 QUERY 3/4]: re2_train_204_if_the_word_starts_with_consonant_consonant_replace_that_with_a_c
2026-05-09 17:42:27,368 INFO:Tasks solved so far: 15/59
2026-05-09 17:42:28,010 INFO:[TASK 59/96 QUERY 0/4]: re2_train_371_if_there_is_p_replace_that_with_a_w
2026-05-09 17:42:28,010 INFO:Tasks solved so far: 16/60
2026-05-09 17:42:29,393 INFO:[TASK 60/96 QUERY 0/4]: re2_train_222_if_there_is_o_consonant_add_l_after_that
2026-05-09 17:42:29,394 INFO:Tasks solved so far: 16/61
2026-05-09 17:42:30,029 INFO:[TASK 60/96 QUERY 1/4]: re2_train_222_if_there_is_o_consonant_add_l_after_that
2026-05-09 17:42:30,029 INFO:Tasks solved so far: 16/61
2026-05-09 17:42:31,437 INFO:[TASK 60/96 QUERY 2/4]: re2_train_222_if_there_is_o_consonant_add_l_after_that
2026-05-09 17:42:31,437 INFO:Tasks solved so far: 16/61
2026-05-09 17:42:32,315 INFO:[TASK 60/96 QUERY 3/4]: re2_train_222_if_there_is_o_consonant_add_l_after_that
2026-05-09 17:42:32,315 INFO:Tasks solved so far: 16/61
2026-05-09 17:42:32,829 INFO:[TASK 61/96 QUERY 0/4]: re2_train_155_if_there_is_t_replace_that_with_x_w
2026-05-09 17:42:32,830 INFO:Tasks solved so far: 17/62
2026-05-09 17:42:33,550 INFO:[TASK 62/96 QUERY 0/4]: re2_train_426_if_the_word_starts_with_any_letter_vowel_replace_that_with_h_p
2026-05-09 17:42:33,550 INFO:Tasks solved so far: 17/63
2026-05-09 17:42:34,181 INFO:[TASK 62/96 QUERY 1/4]: re2_train_426_if_the_word_starts_with_any_letter_vowel_replace_that_with_h_p
2026-05-09 17:42:34,181 INFO:Tasks solved so far: 17/63
2026-05-09 17:42:34,748 INFO:[TASK 62/96 QUERY 2/4]: re2_train_426_if_the_word_starts_with_any_letter_vowel_replace_that_with_h_p
2026-05-09 17:42:34,748 INFO:Tasks solved so far: 17/63
2026-05-09 17:42:35,869 INFO:[TASK 62/96 QUERY 3/4]: re2_train_426_if_the_word_starts_with_any_letter_vowel_replace_that_with_h_p
2026-05-09 17:42:35,869 INFO:Tasks solved so far: 17/63
2026-05-09 17:42:36,587 INFO:[TASK 63/96 QUERY 0/4]: re2_train_125_if_there_is_b_any_letter_replace_that_with_n_c
2026-05-09 17:42:36,587 INFO:Tasks solved so far: 17/64
2026-05-09 17:42:37,348 INFO:[TASK 63/96 QUERY 1/4]: re2_train_125_if_there_is_b_any_letter_replace_that_with_n_c
2026-05-09 17:42:37,348 INFO:Tasks solved so far: 17/64
2026-05-09 17:42:37,882 INFO:[TASK 63/96 QUERY 2/4]: re2_train_125_if_there_is_b_any_letter_replace_that_with_n_c
2026-05-09 17:42:37,882 INFO:Tasks solved so far: 17/64
2026-05-09 17:42:38,341 INFO:[TASK 63/96 QUERY 3/4]: re2_train_125_if_there_is_b_any_letter_replace_that_with_n_c
2026-05-09 17:42:38,341 INFO:Tasks solved so far: 17/64
2026-05-09 17:42:39,350 INFO:[TASK 64/96 QUERY 0/4]: re2_train_477_if_there_is_s_replace_that_with_i_r
2026-05-09 17:42:39,350 INFO:Tasks solved so far: 18/65
2026-05-09 17:42:40,067 INFO:[TASK 65/96 QUERY 0/4]: re2_train_40_if_the_word_starts_with_vowel_replace_that_with_e_s
2026-05-09 17:42:40,067 INFO:Tasks solved so far: 18/66
2026-05-09 17:42:40,743 INFO:[TASK 65/96 QUERY 1/4]: re2_train_40_if_the_word_starts_with_vowel_replace_that_with_e_s
2026-05-09 17:42:40,743 INFO:Tasks solved so far: 18/66
2026-05-09 17:42:41,758 INFO:[TASK 65/96 QUERY 2/4]: re2_train_40_if_the_word_starts_with_vowel_replace_that_with_e_s
2026-05-09 17:42:41,758 INFO:Tasks solved so far: 18/66
2026-05-09 17:42:42,399 INFO:[TASK 65/96 QUERY 3/4]: re2_train_40_if_the_word_starts_with_vowel_replace_that_with_e_s
2026-05-09 17:42:42,400 INFO:Tasks solved so far: 18/66
2026-05-09 17:42:43,601 INFO:[TASK 66/96 QUERY 0/4]: re2_train_327_if_the_word_starts_with_consonant_replace_that_with_i
2026-05-09 17:42:43,601 INFO:Tasks solved so far: 19/67
2026-05-09 17:42:44,443 INFO:[TASK 67/96 QUERY 0/4]: re2_train_20_if_there_is_e_add_e_before_that
2026-05-09 17:42:44,443 INFO:Tasks solved so far: 19/68
2026-05-09 17:42:45,337 INFO:[TASK 67/96 QUERY 1/4]: re2_train_20_if_there_is_e_add_e_before_that
2026-05-09 17:42:45,338 INFO:Tasks solved so far: 19/68
2026-05-09 17:42:46,118 INFO:[TASK 67/96 QUERY 2/4]: re2_train_20_if_there_is_e_add_e_before_that
2026-05-09 17:42:46,118 INFO:Tasks solved so far: 19/68
2026-05-09 17:42:46,608 INFO:[TASK 67/96 QUERY 3/4]: re2_train_20_if_there_is_e_add_e_before_that
2026-05-09 17:42:46,608 INFO:Tasks solved so far: 19/68
2026-05-09 17:42:47,416 INFO:[TASK 68/96 QUERY 0/4]: re2_train_230_if_there_is_m_replace_that_with_l
2026-05-09 17:42:47,416 INFO:Tasks solved so far: 20/69
2026-05-09 17:42:47,982 INFO:[TASK 69/96 QUERY 0/4]: re2_train_410_if_there_is_consonant_add_n_before_that
2026-05-09 17:42:47,982 INFO:Tasks solved so far: 20/70
2026-05-09 17:42:48,891 INFO:[TASK 69/96 QUERY 1/4]: re2_train_410_if_there_is_consonant_add_n_before_that
2026-05-09 17:42:48,891 INFO:Tasks solved so far: 20/70
2026-05-09 17:42:50,016 INFO:[TASK 69/96 QUERY 2/4]: re2_train_410_if_there_is_consonant_add_n_before_that
2026-05-09 17:42:50,016 INFO:Tasks solved so far: 20/70
2026-05-09 17:42:50,633 INFO:[TASK 69/96 QUERY 3/4]: re2_train_410_if_there_is_consonant_add_n_before_that
2026-05-09 17:42:50,633 INFO:Tasks solved so far: 20/70
2026-05-09 17:42:51,501 INFO:[TASK 70/96 QUERY 0/4]: re2_train_117_if_there_is_any_letter_consonant_replace_that_with_l_s
2026-05-09 17:42:51,501 INFO:Tasks solved so far: 20/71
2026-05-09 17:42:52,357 INFO:[TASK 70/96 QUERY 1/4]: re2_train_117_if_there_is_any_letter_consonant_replace_that_with_l_s
2026-05-09 17:42:52,357 INFO:Tasks solved so far: 20/71
2026-05-09 17:42:52,832 INFO:[TASK 70/96 QUERY 2/4]: re2_train_117_if_there_is_any_letter_consonant_replace_that_with_l_s
2026-05-09 17:42:52,832 INFO:Tasks solved so far: 20/71
2026-05-09 17:42:53,942 INFO:[TASK 70/96 QUERY 3/4]: re2_train_117_if_there_is_any_letter_consonant_replace_that_with_l_s
2026-05-09 17:42:53,942 INFO:Tasks solved so far: 20/71
2026-05-09 17:42:54,415 INFO:[TASK 71/96 QUERY 0/4]: re2_train_289_if_the_word_starts_with_any_letter_replace_that_with_j_o
2026-05-09 17:42:54,415 INFO:Tasks solved so far: 21/72
2026-05-09 17:42:55,178 INFO:[TASK 72/96 QUERY 0/4]: re2_train_409_if_there_is_consonant_any_letter_replace_that_with_x_p
2026-05-09 17:42:55,178 INFO:Tasks solved so far: 21/73
2026-05-09 17:42:55,654 INFO:[TASK 72/96 QUERY 1/4]: re2_train_409_if_there_is_consonant_any_letter_replace_that_with_x_p
2026-05-09 17:42:55,654 INFO:Tasks solved so far: 21/73
2026-05-09 17:42:56,133 INFO:[TASK 72/96 QUERY 2/4]: re2_train_409_if_there_is_consonant_any_letter_replace_that_with_x_p
2026-05-09 17:42:56,133 INFO:Tasks solved so far: 21/73
2026-05-09 17:42:56,790 INFO:[TASK 72/96 QUERY 3/4]: re2_train_409_if_there_is_consonant_any_letter_replace_that_with_x_p
2026-05-09 17:42:56,790 INFO:Tasks solved so far: 21/73
2026-05-09 17:42:57,589 INFO:[TASK 73/96 QUERY 0/4]: re2_train_54_if_the_word_starts_with_any_letter_consonant_replace_that_with_j_h
2026-05-09 17:42:57,589 INFO:Tasks solved so far: 21/74
2026-05-09 17:42:58,734 INFO:[TASK 73/96 QUERY 1/4]: re2_train_54_if_the_word_starts_with_any_letter_consonant_replace_that_with_j_h
2026-05-09 17:42:58,734 INFO:Tasks solved so far: 21/74
2026-05-09 17:42:59,236 INFO:[TASK 73/96 QUERY 2/4]: re2_train_54_if_the_word_starts_with_any_letter_consonant_replace_that_with_j_h
2026-05-09 17:42:59,236 INFO:Tasks solved so far: 21/74
2026-05-09 17:43:00,214 INFO:[TASK 73/96 QUERY 3/4]: re2_train_54_if_the_word_starts_with_any_letter_consonant_replace_that_with_j_h
2026-05-09 17:43:00,214 INFO:Tasks solved so far: 21/74
2026-05-09 17:43:01,143 INFO:[TASK 74/96 QUERY 0/4]: re2_train_29_if_the_word_ends_with_any_letter_any_letter_replace_that_with_o_u
2026-05-09 17:43:01,143 INFO:Tasks solved so far: 21/75
2026-05-09 17:43:01,651 INFO:[TASK 74/96 QUERY 1/4]: re2_train_29_if_the_word_ends_with_any_letter_any_letter_replace_that_with_o_u
2026-05-09 17:43:01,651 INFO:Tasks solved so far: 21/75
2026-05-09 17:43:02,308 INFO:[TASK 74/96 QUERY 2/4]: re2_train_29_if_the_word_ends_with_any_letter_any_letter_replace_that_with_o_u
2026-05-09 17:43:02,308 INFO:Tasks solved so far: 21/75
2026-05-09 17:43:02,849 INFO:[TASK 74/96 QUERY 3/4]: re2_train_29_if_the_word_ends_with_any_letter_any_letter_replace_that_with_o_u
2026-05-09 17:43:02,849 INFO:Tasks solved so far: 21/75
2026-05-09 17:43:03,462 INFO:[TASK 75/96 QUERY 0/4]: re2_train_172_if_there_is_c_replace_that_with_k_b
2026-05-09 17:43:03,462 INFO:Tasks solved so far: 22/76
2026-05-09 17:43:04,091 INFO:[TASK 76/96 QUERY 0/4]: re2_train_18_if_the_word_starts_with_any_letter_consonant_add_p_after_that
2026-05-09 17:43:04,091 INFO:Tasks solved so far: 22/77
2026-05-09 17:43:04,227 INFO:error_code=rate_limit_exceeded error_message='Rate limit reached for gpt-3.5-turbo-instruct in organization org-RcBdlQU9qh37R7FbksDxiLKA on tokens per min (TPM): Limit 90000, Used 88758, Requested 1675. Please try again in 288ms. Visit https://platform.openai.com/account/rate-limits to learn more.' error_param=None error_type=tokens message='OpenAI API error received' stream_error=False
2026-05-09 17:43:04,227 INFO:Rate limit reached for gpt-3.5-turbo-instruct in organization org-RcBdlQU9qh37R7FbksDxiLKA on tokens per min (TPM): Limit 90000, Used 88758, Requested 1675. Please try again in 288ms. Visit https://platform.openai.com/account/rate-limits to learn more.
2026-05-09 17:43:04,227 INFO:ERR: OpenAI rate limit. On attempt 1/5 after waiting 30s.
2026-05-09 17:43:34,989 INFO:[TASK 76/96 QUERY 1/4]: re2_train_18_if_the_word_starts_with_any_letter_consonant_add_p_after_that
2026-05-09 17:43:34,989 INFO:Tasks solved so far: 22/77
2026-05-09 17:43:36,201 INFO:[TASK 76/96 QUERY 2/4]: re2_train_18_if_the_word_starts_with_any_letter_consonant_add_p_after_that
2026-05-09 17:43:36,201 INFO:Tasks solved so far: 22/77
2026-05-09 17:43:37,046 INFO:[TASK 76/96 QUERY 3/4]: re2_train_18_if_the_word_starts_with_any_letter_consonant_add_p_after_that
2026-05-09 17:43:37,046 INFO:Tasks solved so far: 22/77
2026-05-09 17:43:37,568 INFO:[TASK 77/96 QUERY 0/4]: re2_train_2_if_the_word_ends_with_consonant_s_replace_that_with_b
2026-05-09 17:43:37,568 INFO:Tasks solved so far: 22/78
2026-05-09 17:43:38,035 INFO:[TASK 77/96 QUERY 1/4]: re2_train_2_if_the_word_ends_with_consonant_s_replace_that_with_b
2026-05-09 17:43:38,036 INFO:Tasks solved so far: 22/78
2026-05-09 17:43:38,845 INFO:[TASK 77/96 QUERY 2/4]: re2_train_2_if_the_word_ends_with_consonant_s_replace_that_with_b
2026-05-09 17:43:38,845 INFO:Tasks solved so far: 22/78
2026-05-09 17:43:39,740 INFO:[TASK 77/96 QUERY 3/4]: re2_train_2_if_the_word_ends_with_consonant_s_replace_that_with_b
2026-05-09 17:43:39,740 INFO:Tasks solved so far: 22/78
2026-05-09 17:43:40,279 INFO:[TASK 78/96 QUERY 0/4]: re2_train_180_if_there_is_any_letter_l_replace_that_with_k_t
2026-05-09 17:43:40,279 INFO:Tasks solved so far: 22/79
2026-05-09 17:43:41,078 INFO:[TASK 78/96 QUERY 1/4]: re2_train_180_if_there_is_any_letter_l_replace_that_with_k_t
2026-05-09 17:43:41,078 INFO:Tasks solved so far: 22/79
2026-05-09 17:43:41,615 INFO:[TASK 78/96 QUERY 2/4]: re2_train_180_if_there_is_any_letter_l_replace_that_with_k_t
2026-05-09 17:43:41,615 INFO:Tasks solved so far: 22/79
2026-05-09 17:43:42,035 INFO:[TASK 78/96 QUERY 3/4]: re2_train_180_if_there_is_any_letter_l_replace_that_with_k_t
2026-05-09 17:43:42,035 INFO:Tasks solved so far: 22/79
2026-05-09 17:43:43,017 INFO:[TASK 79/96 QUERY 0/4]: re2_train_425_if_the_word_starts_with_consonant_replace_that_with_y_g
2026-05-09 17:43:43,017 INFO:Tasks solved so far: 22/80
2026-05-09 17:43:43,759 INFO:[TASK 79/96 QUERY 1/4]: re2_train_425_if_the_word_starts_with_consonant_replace_that_with_y_g
2026-05-09 17:43:43,759 INFO:Tasks solved so far: 22/80
2026-05-09 17:43:44,222 INFO:[TASK 79/96 QUERY 2/4]: re2_train_425_if_the_word_starts_with_consonant_replace_that_with_y_g
2026-05-09 17:43:44,222 INFO:Tasks solved so far: 22/80
2026-05-09 17:43:44,784 INFO:[TASK 79/96 QUERY 3/4]: re2_train_425_if_the_word_starts_with_consonant_replace_that_with_y_g
2026-05-09 17:43:44,784 INFO:Tasks solved so far: 22/80
2026-05-09 17:43:45,763 INFO:[TASK 80/96 QUERY 0/4]: re2_train_195_if_there_is_m_any_letter_replace_that_with_j
2026-05-09 17:43:45,763 INFO:Tasks solved so far: 22/81
2026-05-09 17:43:46,261 INFO:[TASK 80/96 QUERY 1/4]: re2_train_195_if_there_is_m_any_letter_replace_that_with_j
2026-05-09 17:43:46,261 INFO:Tasks solved so far: 22/81
2026-05-09 17:43:46,839 INFO:[TASK 80/96 QUERY 2/4]: re2_train_195_if_there_is_m_any_letter_replace_that_with_j
2026-05-09 17:43:46,839 INFO:Tasks solved so far: 22/81
2026-05-09 17:43:47,265 INFO:[TASK 80/96 QUERY 3/4]: re2_train_195_if_there_is_m_any_letter_replace_that_with_j
2026-05-09 17:43:47,265 INFO:Tasks solved so far: 22/81
2026-05-09 17:43:47,819 INFO:[TASK 81/96 QUERY 0/4]: re2_train_269_if_there_is_r_replace_that_with_m_l
2026-05-09 17:43:47,819 INFO:Tasks solved so far: 22/82
2026-05-09 17:43:48,309 INFO:[TASK 81/96 QUERY 1/4]: re2_train_269_if_there_is_r_replace_that_with_m_l
2026-05-09 17:43:48,309 INFO:Tasks solved so far: 23/82
2026-05-09 17:43:48,845 INFO:[TASK 82/96 QUERY 0/4]: re2_train_1_if_there_is_consonant_replace_that_with_j_p
2026-05-09 17:43:48,845 INFO:Tasks solved so far: 23/83
2026-05-09 17:43:49,310 INFO:[TASK 82/96 QUERY 1/4]: re2_train_1_if_there_is_consonant_replace_that_with_j_p
2026-05-09 17:43:49,310 INFO:Tasks solved so far: 23/83
2026-05-09 17:43:50,002 INFO:[TASK 82/96 QUERY 2/4]: re2_train_1_if_there_is_consonant_replace_that_with_j_p
2026-05-09 17:43:50,002 INFO:Tasks solved so far: 23/83
2026-05-09 17:43:50,827 INFO:[TASK 82/96 QUERY 3/4]: re2_train_1_if_there_is_consonant_replace_that_with_j_p
2026-05-09 17:43:50,827 INFO:Tasks solved so far: 23/83
2026-05-09 17:43:51,456 INFO:[TASK 83/96 QUERY 0/4]: re2_train_337_if_the_word_ends_with_vowel_any_letter_add_m_after_that
2026-05-09 17:43:51,456 INFO:Tasks solved so far: 23/84
2026-05-09 17:43:52,425 INFO:[TASK 83/96 QUERY 1/4]: re2_train_337_if_the_word_ends_with_vowel_any_letter_add_m_after_that
2026-05-09 17:43:52,425 INFO:Tasks solved so far: 23/84
2026-05-09 17:43:53,225 INFO:[TASK 83/96 QUERY 2/4]: re2_train_337_if_the_word_ends_with_vowel_any_letter_add_m_after_that
2026-05-09 17:43:53,225 INFO:Tasks solved so far: 23/84
2026-05-09 17:43:53,667 INFO:[TASK 83/96 QUERY 3/4]: re2_train_337_if_the_word_ends_with_vowel_any_letter_add_m_after_that
2026-05-09 17:43:53,667 INFO:Tasks solved so far: 23/84
2026-05-09 17:43:54,587 INFO:[TASK 84/96 QUERY 0/4]: re2_train_390_if_the_word_ends_with_any_letter_any_letter_replace_that_with_j
2026-05-09 17:43:54,587 INFO:Tasks solved so far: 23/85
2026-05-09 17:43:55,478 INFO:[TASK 84/96 QUERY 1/4]: re2_train_390_if_the_word_ends_with_any_letter_any_letter_replace_that_with_j
2026-05-09 17:43:55,478 INFO:Tasks solved so far: 23/85
2026-05-09 17:43:56,310 INFO:[TASK 84/96 QUERY 2/4]: re2_train_390_if_the_word_ends_with_any_letter_any_letter_replace_that_with_j
2026-05-09 17:43:56,310 INFO:Tasks solved so far: 23/85
2026-05-09 17:43:57,361 INFO:[TASK 84/96 QUERY 3/4]: re2_train_390_if_the_word_ends_with_any_letter_any_letter_replace_that_with_j
2026-05-09 17:43:57,361 INFO:Tasks solved so far: 23/85
2026-05-09 17:43:57,912 INFO:[TASK 85/96 QUERY 0/4]: re2_train_256_if_the_word_ends_with_consonant_replace_that_with_w_i
2026-05-09 17:43:57,913 INFO:Tasks solved so far: 23/86
2026-05-09 17:43:58,399 INFO:[TASK 85/96 QUERY 1/4]: re2_train_256_if_the_word_ends_with_consonant_replace_that_with_w_i
2026-05-09 17:43:58,399 INFO:Tasks solved so far: 23/86
2026-05-09 17:43:58,940 INFO:[TASK 85/96 QUERY 2/4]: re2_train_256_if_the_word_ends_with_consonant_replace_that_with_w_i
2026-05-09 17:43:58,941 INFO:Tasks solved so far: 23/86
2026-05-09 17:43:59,766 INFO:[TASK 85/96 QUERY 3/4]: re2_train_256_if_the_word_ends_with_consonant_replace_that_with_w_i
2026-05-09 17:43:59,766 INFO:Tasks solved so far: 23/86
2026-05-09 17:44:00,678 INFO:[TASK 86/96 QUERY 0/4]: re2_train_79_if_there_is_consonant_consonant_add_w_after_that
2026-05-09 17:44:00,678 INFO:Tasks solved so far: 23/87
2026-05-09 17:44:01,846 INFO:[TASK 86/96 QUERY 1/4]: re2_train_79_if_there_is_consonant_consonant_add_w_after_that
2026-05-09 17:44:01,846 INFO:Tasks solved so far: 23/87
2026-05-09 17:44:02,795 INFO:[TASK 86/96 QUERY 2/4]: re2_train_79_if_there_is_consonant_consonant_add_w_after_that
2026-05-09 17:44:02,795 INFO:Tasks solved so far: 23/87
2026-05-09 17:44:03,746 INFO:[TASK 86/96 QUERY 3/4]: re2_train_79_if_there_is_consonant_consonant_add_w_after_that
2026-05-09 17:44:03,746 INFO:Tasks solved so far: 23/87
2026-05-09 17:44:04,579 INFO:[TASK 87/96 QUERY 0/4]: re2_train_157_if_the_word_starts_with_any_letter_vowel_replace_that_with_o
2026-05-09 17:44:04,579 INFO:Tasks solved so far: 23/88
2026-05-09 17:44:05,282 INFO:[TASK 87/96 QUERY 1/4]: re2_train_157_if_the_word_starts_with_any_letter_vowel_replace_that_with_o
2026-05-09 17:44:05,282 INFO:Tasks solved so far: 23/88
2026-05-09 17:44:06,863 INFO:[TASK 87/96 QUERY 2/4]: re2_train_157_if_the_word_starts_with_any_letter_vowel_replace_that_with_o
2026-05-09 17:44:06,863 INFO:Tasks solved so far: 23/88
2026-05-09 17:44:08,255 INFO:[TASK 87/96 QUERY 3/4]: re2_train_157_if_the_word_starts_with_any_letter_vowel_replace_that_with_o
2026-05-09 17:44:08,255 INFO:Tasks solved so far: 23/88
2026-05-09 17:44:08,820 INFO:[TASK 88/96 QUERY 0/4]: re2_train_200_if_the_word_starts_with_consonant_consonant_add_m_after_that
2026-05-09 17:44:08,821 INFO:Tasks solved so far: 23/89
2026-05-09 17:44:09,369 INFO:[TASK 88/96 QUERY 1/4]: re2_train_200_if_the_word_starts_with_consonant_consonant_add_m_after_that
2026-05-09 17:44:09,369 INFO:Tasks solved so far: 23/89
2026-05-09 17:44:10,425 INFO:[TASK 88/96 QUERY 2/4]: re2_train_200_if_the_word_starts_with_consonant_consonant_add_m_after_that
2026-05-09 17:44:10,425 INFO:Tasks solved so far: 23/89
2026-05-09 17:44:11,106 INFO:[TASK 88/96 QUERY 3/4]: re2_train_200_if_the_word_starts_with_consonant_consonant_add_m_after_that
2026-05-09 17:44:11,106 INFO:Tasks solved so far: 23/89
2026-05-09 17:44:11,649 INFO:[TASK 89/96 QUERY 0/4]: re2_train_82_if_there_is_consonant_vowel_replace_that_with_h
2026-05-09 17:44:11,649 INFO:Tasks solved so far: 23/90
2026-05-09 17:44:12,290 INFO:[TASK 89/96 QUERY 1/4]: re2_train_82_if_there_is_consonant_vowel_replace_that_with_h
2026-05-09 17:44:12,290 INFO:Tasks solved so far: 23/90
2026-05-09 17:44:13,136 INFO:[TASK 89/96 QUERY 2/4]: re2_train_82_if_there_is_consonant_vowel_replace_that_with_h
2026-05-09 17:44:13,136 INFO:Tasks solved so far: 23/90
2026-05-09 17:44:13,615 INFO:[TASK 89/96 QUERY 3/4]: re2_train_82_if_there_is_consonant_vowel_replace_that_with_h
2026-05-09 17:44:13,615 INFO:Tasks solved so far: 23/90
2026-05-09 17:44:14,286 INFO:[TASK 90/96 QUERY 0/4]: re2_train_462_if_the_word_ends_with_any_letter_any_letter_add_a_after_that
2026-05-09 17:44:14,286 INFO:Tasks solved so far: 24/91
2026-05-09 17:44:15,356 INFO:[TASK 91/96 QUERY 0/4]: re2_train_459_if_the_word_ends_with_consonant_consonant_add_l_after_that
2026-05-09 17:44:15,356 INFO:Tasks solved so far: 24/92
2026-05-09 17:44:16,017 INFO:[TASK 91/96 QUERY 1/4]: re2_train_459_if_the_word_ends_with_consonant_consonant_add_l_after_that
2026-05-09 17:44:16,017 INFO:Tasks solved so far: 24/92
2026-05-09 17:44:16,649 INFO:[TASK 91/96 QUERY 2/4]: re2_train_459_if_the_word_ends_with_consonant_consonant_add_l_after_that
2026-05-09 17:44:16,649 INFO:Tasks solved so far: 24/92
2026-05-09 17:44:16,795 INFO:error_code=rate_limit_exceeded error_message='Rate limit reached for gpt-3.5-turbo-instruct in organization org-RcBdlQU9qh37R7FbksDxiLKA on tokens per min (TPM): Limit 90000, Used 88765, Requested 1669. Please try again in 289ms. Visit https://platform.openai.com/account/rate-limits to learn more.' error_param=None error_type=tokens message='OpenAI API error received' stream_error=False
2026-05-09 17:44:16,796 INFO:Rate limit reached for gpt-3.5-turbo-instruct in organization org-RcBdlQU9qh37R7FbksDxiLKA on tokens per min (TPM): Limit 90000, Used 88765, Requested 1669. Please try again in 289ms. Visit https://platform.openai.com/account/rate-limits to learn more.
2026-05-09 17:44:16,796 INFO:ERR: OpenAI rate limit. On attempt 1/5 after waiting 30s.
2026-05-09 17:44:47,546 INFO:[TASK 91/96 QUERY 3/4]: re2_train_459_if_the_word_ends_with_consonant_consonant_add_l_after_that
2026-05-09 17:44:47,546 INFO:Tasks solved so far: 24/92
2026-05-09 17:44:48,393 INFO:[TASK 92/96 QUERY 0/4]: re2_train_108_if_the_word_starts_with_consonant_replace_that_with_j_b
2026-05-09 17:44:48,393 INFO:Tasks solved so far: 24/93
2026-05-09 17:44:48,904 INFO:[TASK 92/96 QUERY 1/4]: re2_train_108_if_the_word_starts_with_consonant_replace_that_with_j_b
2026-05-09 17:44:48,904 INFO:Tasks solved so far: 24/93
2026-05-09 17:44:49,372 INFO:[TASK 92/96 QUERY 2/4]: re2_train_108_if_the_word_starts_with_consonant_replace_that_with_j_b
2026-05-09 17:44:49,372 INFO:Tasks solved so far: 24/93
2026-05-09 17:44:50,254 INFO:[TASK 92/96 QUERY 3/4]: re2_train_108_if_the_word_starts_with_consonant_replace_that_with_j_b
2026-05-09 17:44:50,254 INFO:Tasks solved so far: 24/93
2026-05-09 17:44:51,811 INFO:[TASK 93/96 QUERY 0/4]: re2_train_198_if_the_word_starts_with_vowel_replace_that_with_q_b
2026-05-09 17:44:51,811 INFO:Tasks solved so far: 24/94
2026-05-09 17:44:53,358 INFO:[TASK 93/96 QUERY 1/4]: re2_train_198_if_the_word_starts_with_vowel_replace_that_with_q_b
2026-05-09 17:44:53,358 INFO:Tasks solved so far: 24/94
2026-05-09 17:44:54,262 INFO:[TASK 93/96 QUERY 2/4]: re2_train_198_if_the_word_starts_with_vowel_replace_that_with_q_b
2026-05-09 17:44:54,262 INFO:Tasks solved so far: 24/94
2026-05-09 17:44:55,472 INFO:[TASK 93/96 QUERY 3/4]: re2_train_198_if_the_word_starts_with_vowel_replace_that_with_q_b
2026-05-09 17:44:55,472 INFO:Tasks solved so far: 24/94
2026-05-09 17:44:56,775 INFO:[TASK 94/96 QUERY 0/4]: re2_train_412_if_there_is_vowel_consonant_replace_that_with_k_b
2026-05-09 17:44:56,775 INFO:Tasks solved so far: 24/95
2026-05-09 17:44:57,611 INFO:[TASK 94/96 QUERY 1/4]: re2_train_412_if_there_is_vowel_consonant_replace_that_with_k_b
2026-05-09 17:44:57,611 INFO:Tasks solved so far: 24/95
2026-05-09 17:44:58,100 INFO:[TASK 94/96 QUERY 2/4]: re2_train_412_if_there_is_vowel_consonant_replace_that_with_k_b
2026-05-09 17:44:58,100 INFO:Tasks solved so far: 24/95
2026-05-09 17:44:59,077 INFO:[TASK 94/96 QUERY 3/4]: re2_train_412_if_there_is_vowel_consonant_replace_that_with_k_b
2026-05-09 17:44:59,077 INFO:Tasks solved so far: 24/95
2026-05-09 17:45:00,081 INFO:[TASK 95/96 QUERY 0/4]: re2_train_39_if_there_is_c_add_d_before_that
2026-05-09 17:45:00,081 INFO:Tasks solved so far: 24/96
2026-05-09 17:45:01,021 INFO:[TASK 95/96 QUERY 1/4]: re2_train_39_if_there_is_c_add_d_before_that
2026-05-09 17:45:01,021 INFO:Tasks solved so far: 24/96
2026-05-09 17:45:01,488 INFO:[TASK 95/96 QUERY 2/4]: re2_train_39_if_there_is_c_add_d_before_that
2026-05-09 17:45:01,488 INFO:Tasks solved so far: 24/96
2026-05-09 17:45:02,462 INFO:[TASK 95/96 QUERY 3/4]: re2_train_39_if_there_is_c_add_d_before_that
2026-05-09 17:45:02,462 INFO:Tasks solved so far: 24/96
2026-05-09 17:45:02,626 INFO:Wrote experiments_iterative/outputs/dev_regex_batch96_firsttest_gpt35_instruct_original_completion_20260509/domains/re2/lilo_original_completion/seed_111/lilo_original_completion_96/1/metrics.json
2026-05-09 17:45:02,626 INFO:====================================
2026-05-09 17:45:02,626 INFO:iteration: 1
2026-05-09 17:45:02,626 INFO:llm_solver : infer_programs_for_tasks
2026-05-09 17:45:02,626 INFO:Completed in 357.129s
2026-05-09 17:45:02,626 INFO:====================================
2026-05-09 17:45:02,626 INFO:============LOGGING MODEL_FN============
2026-05-09 17:45:02,626 INFO:	iteration: 1
2026-05-09 17:45:02,626 INFO:	experiment_block_type: model_fn
2026-05-09 17:45:02,626 INFO:	model_type: amortized_synthesis
2026-05-09 17:45:02,626 INFO:	params: {'recognition_train_steps': 10000}
2026-05-09 17:45:02,626 INFO:	task_split: train
2026-05-09 17:45:02,626 INFO:	model_fn: optimize_model_for_frontiers
2026-05-09 17:45:02,626 INFO:	task_batch_size: all
2026-05-09 17:45:02,626 INFO:task_ids: 491 tasks: re2_train_489_if_there_is_any_letter_consonant_replace_that_with_b -- re2_train_432_if_the_word_ends_with_vowel_any_letter_replace_that_with_h_i
2026-05-09 17:45:02,626 INFO:====================================
2026-05-09 17:45:02,638 INFO:No pre-enumerated helmholtzFrontiers: we will sample randomly during the training loop.
2026-05-09 17:45:02,735 INFO:Attempted frontier likelihood normalization. Initial frontiers: 48. Now: 48
2026-05-09 17:45:02,735 INFO:Sampling new helmholtz frontiers during training.
2026-05-09 17:45:04,992 INFO:We now have 444 Helmholtz entries.
2026-05-09 17:45:10,581 INFO:Sampling new helmholtz frontiers during training.
2026-05-09 17:45:11,973 INFO:We now have 462 Helmholtz entries.
2026-05-09 17:45:18,267 INFO:Sampling new helmholtz frontiers during training.
2026-05-09 17:45:19,412 INFO:We now have 461 Helmholtz entries.
2026-05-09 17:45:25,153 INFO:Sampling new helmholtz frontiers during training.
2026-05-09 17:45:26,784 INFO:We now have 458 Helmholtz entries.
2026-05-09 17:45:32,317 INFO:Sampling new helmholtz frontiers during training.
2026-05-09 17:45:34,204 INFO:We now have 456 Helmholtz entries.
2026-05-09 17:45:39,911 INFO:Sampling new helmholtz frontiers during training.
2026-05-09 17:45:41,607 INFO:We now have 465 Helmholtz entries.
2026-05-09 17:45:47,722 INFO:Sampling new helmholtz frontiers during training.
2026-05-09 17:45:49,126 INFO:We now have 460 Helmholtz entries.
2026-05-09 17:45:54,998 INFO:Sampling new helmholtz frontiers during training.
2026-05-09 17:45:57,427 INFO:We now have 450 Helmholtz entries.
2026-05-09 17:46:03,313 INFO:Sampling new helmholtz frontiers during training.
2026-05-09 17:46:04,725 INFO:We now have 465 Helmholtz entries.
2026-05-09 17:46:11,104 INFO:Sampling new helmholtz frontiers during training.
2026-05-09 17:46:12,724 INFO:We now have 461 Helmholtz entries.
2026-05-09 17:46:18,973 INFO:Sampling new helmholtz frontiers during training.
2026-05-09 17:46:20,080 INFO:We now have 454 Helmholtz entries.
2026-05-09 17:46:25,666 INFO:Wrote experiments_iterative/outputs/dev_regex_batch96_firsttest_gpt35_instruct_original_completion_20260509/domains/re2/lilo_original_completion/seed_111/lilo_original_completion_96/1/metrics.json
2026-05-09 17:46:25,666 INFO:====================================
2026-05-09 17:46:25,666 INFO:iteration: 1
2026-05-09 17:46:25,666 INFO:amortized_synthesis : optimize_model_for_frontiers
2026-05-09 17:46:25,666 INFO:Completed in 83.039s
2026-05-09 17:46:25,666 INFO:====================================
2026-05-09 17:46:25,666 INFO:============LOGGING MODEL_FN============
2026-05-09 17:46:25,666 INFO:	iteration: 1
2026-05-09 17:46:25,666 INFO:	experiment_block_type: model_fn
2026-05-09 17:46:25,666 INFO:	model_type: amortized_synthesis
2026-05-09 17:46:25,666 INFO:	params: {'enumeration_timeout': 1000}
2026-05-09 17:46:25,666 INFO:	task_split: train
2026-05-09 17:46:25,666 INFO:	model_fn: infer_programs_for_tasks
2026-05-09 17:46:25,666 INFO:	task_batch_size: global_batch_size
2026-05-09 17:46:25,666 INFO:task_ids: 96 tasks: re2_train_28_if_the_word_starts_with_any_letter_consonant_replace_that_with_w_t -- re2_train_39_if_there_is_c_add_d_before_that
2026-05-09 17:46:25,666 INFO:====================================
2026-05-09 17:46:29,846 INFO:Beginning enumeration on a total of 96 tasks with a total of 32 CPUs.
2026-05-09 18:29:27,137 INFO:Wrote experiments_iterative/outputs/dev_regex_batch96_firsttest_gpt35_instruct_original_completion_20260509/domains/re2/lilo_original_completion/seed_111/lilo_original_completion_96/1/metrics.json
2026-05-09 18:29:27,137 INFO:====================================
2026-05-09 18:29:27,137 INFO:iteration: 1
2026-05-09 18:29:27,137 INFO:amortized_synthesis : infer_programs_for_tasks
2026-05-09 18:29:27,137 INFO:Completed in 2581.471s
2026-05-09 18:29:27,137 INFO:====================================
2026-05-09 18:29:27,164 INFO:============Checkpointing frontiers to experiments_iterative/outputs/dev_regex_batch96_firsttest_gpt35_instruct_original_completion_20260509/domains/re2/lilo_original_completion/seed_111/lilo_original_completion_96/1/frontiers.json===========
2026-05-09 18:29:27,165 INFO:============LOGGING MODEL_FN============
2026-05-09 18:29:27,165 INFO:	iteration: 1
2026-05-09 18:29:27,165 INFO:	experiment_block_type: model_fn
2026-05-09 18:29:27,165 INFO:	model_type: library_learner
2026-05-09 18:29:27,165 INFO:	task_batch_sizes: ['all']
2026-05-09 18:29:27,165 INFO:	task_splits: ['train']
2026-05-09 18:29:27,165 INFO:	params: {'max_arity': 3, 'iterations': 10, 'candidates_per_iteration': 1, 'include_samples': True, 'use_mdl_program': False, 'beta_reduce_programs': True, 'update_grammar': True, 'replace_existing_abstractions': True}
2026-05-09 18:29:27,165 INFO:	model_fn: get_compressed_grammar_mdl_prior_rank
2026-05-09 18:29:27,165 INFO:task_ids train: 491 tasks: re2_train_489_if_there_is_any_letter_consonant_replace_that_with_b -- re2_train_432_if_the_word_ends_with_vowel_any_letter_replace_that_with_h_i
2026-05-09 18:29:27,165 INFO:====================================
2026-05-09 18:29:28,252 INFO:Updated grammar (productions=42) with 10 new abstractions.
2026-05-09 18:29:28,348 INFO:reset_task_frontiers for split: train
2026-05-09 18:29:28,350 INFO:reset_samples for split: train
2026-05-09 18:29:28,350 INFO:============LOGGING MODEL_FN============
2026-05-09 18:29:28,350 INFO:	iteration: 1
2026-05-09 18:29:28,350 INFO:	experiment_block_type: model_fn
2026-05-09 18:29:28,350 INFO:	model_type: library_namer
2026-05-09 18:29:28,350 INFO:	params: {'body_task_selection': 'random'}
2026-05-09 18:29:28,350 INFO:	task_split: train
2026-05-09 18:29:28,350 INFO:	model_fn: generate_library_names
2026-05-09 18:29:28,350 INFO:	task_batch_size: all
2026-05-09 18:29:28,350 INFO:task_ids: 491 tasks: re2_train_489_if_there_is_any_letter_consonant_replace_that_with_b -- re2_train_432_if_the_word_ends_with_vowel_any_letter_replace_that_with_h_i
2026-05-09 18:29:28,350 INFO:====================================
2026-05-09 18:29:28,356 INFO:You are writing software documentation. Your goal is to write human-readable names for the following library functions:

fn_42 :: tfullstr -> tsubstr -> tsubstr -> tfullstr

(lambda (lambda (lambda (regex_flatten (regex_map (lambda (regex_if (regex_match $1 $0) $2 $0)) (regex_split '.' $2))))))

fn_43 :: tfullstr -> tsubstr -> tsubstr -> tfullstr

(lambda (lambda (lambda (regex_flatten (regex_cons $0 (regex_cons $1 (regex_cdr (regex_split '.' $2))))))))

fn_44 :: tsubstr

(regex_or 'a' (regex_or 'e' (regex_or 'i' (regex_or 'o' 'u'))))

fn_45 :: tfullstr -> tsubstr -> tfullstr

(lambda (lambda (regex_flatten (regex_append $0 (regex_reverse_cdr (regex_split empty_string $1))))))

fn_46 :: tfullstr -> (tsubstr -> tsubstr) -> tfullstr

(lambda (lambda (regex_flatten (regex_map $0 (regex_split empty_string $1)))))

fn_47 :: tfullstr -> tsubstr -> tfullstr

(lambda (lambda (regex_flatten (regex_cons $0 (regex_cdr (regex_split empty_string $1))))))

fn_48 :: tsubstr -> tsubstr -> tfullstr -> tfullstr

(lambda (lambda (lambda (fn_46 $0 (lambda (regex_if (regex_match $2 $0) $3 $0))))))

fn_49 :: tfullstr -> tsubstr -> tfullstr

(lambda (lambda (regex_flatten (regex_append $0 (regex_split empty_string $1)))))

fn_50 :: tsubstr -> tsubstr -> tfullstr -> tfullstr

(lambda (lambda (lambda (fn_42 $0 (regex_concat $1 $2) $2))))

fn_51 :: tfullstr -> tsubstr -> tsubstr -> tfullstr

(lambda (lambda (lambda (regex_flatten (regex_append (regex_concat $0 $1) (regex_reverse_cdr (regex_split '.' $2)))))))

======
Consider the following anonymous function:

fn_42 :: tfullstr -> tsubstr -> tsubstr -> tfullstr

(lambda (lambda (lambda (regex_flatten (regex_map (lambda (regex_if (regex_match $1 $0) $2 $0)) (regex_split '.' $2))))))

Here are some examples of its usage:

-- if there is vowel replace that with q f
(lambda (fn_42 $0 (regex_concat 'q' 'f') fn_44))

-- if there is i replace that with m
(lambda (fn_42 $0 'm' 'i'))

-- if there is l replace that with n k
(lambda (fn_42 $0 (regex_concat 'n' 'k') 'l'))

-- if there is vowel replace that with s
(lambda (fn_42 $0 's' fn_44))

-- if there is h replace that with y
(lambda (fn_42 $0 'y' 'h'))

-- if there is t replace that with n
(lambda (fn_42 $0 'n' 't'))

-- if there is m replace that with l
(lambda (fn_42 $0 'l' 'm'))

-- if there is s replace that with i r
(lambda (fn_42 $0 (regex_concat 'i' 'r') 's'))

-- if there is c replace that with k b
(lambda (fn_42 $0 (regex_concat 'k' 'b') 'c'))

-- if there is vowel replace that with a f
(lambda (fn_42 $0 (regex_concat 'a' 'f') fn_44))

Please write a human-readable name and description for `fn_42` in the JSON format shown below.
Your `readable_name` should be underscore-separated and should not contain any spaces.
It should also be unique (not existing in the function library above).
If you cannot come up with a good name, please set `readable_name` to `null`.

{
    "anonymous_name": "fn_42",
    "readable_name": TODO,
    "description": TODO
}

2026-05-09 18:29:30,595 INFO:GPT (gpt-3.5-turbo-instruct) completion:
2026-05-09 18:29:30,595 INFO:[
    {
        "index": 0,
        "text": "\n{\n    \"anonymous_name\": \"fn_42\",\n    \"readable_name\": \"replace_if_match\",\n    \"description\": \"Replaces a substring in a string if it matches a given pattern.\"\n}",
        "valid": true,
        "data": {
            "anonymous_name": "fn_42",
            "readable_name": "replace_if_match",
            "description": "Replaces a substring in a string if it matches a given pattern."
        }
    },
    {
        "index": 1,
        "text": "\n{\n    \"anonymous_name\": \"fn_42\",\n    \"readable_name\": \"replace_if_match\",\n    \"description\": \"Replaces a substring in a string if it matches a given pattern.\"\n}",
        "valid": true,
        "data": {
            "anonymous_name": "fn_42",
            "readable_name": "replace_if_match",
            "description": "Replaces a substring in a string if it matches a given pattern."
        }
    },
    {
        "index": 2,
        "text": "\n{\n    \"anonymous_name\": \"fn_42\",\n    \"readable_name\": \"replace_if_match\",\n    \"description\": \"Replaces a substring in a string if it matches a given pattern.\"\n}",
        "valid": true,
        "data": {
            "anonymous_name": "fn_42",
            "readable_name": "replace_if_match",
            "description": "Replaces a substring in a string if it matches a given pattern."
        }
    },
    {
        "index": 3,
        "text": "\n{\n    \"anonymous_name\": \"fn_42\",\n    \"readable_name\": \"replace_if_match\",\n    \"description\": \"Replaces a substring in a string if it matches a given pattern.\"\n}",
        "valid": true,
        "data": {
            "anonymous_name": "fn_42",
            "readable_name": "replace_if_match",
            "description": "Replaces a substring in a string if it matches a given pattern."
        }
    },
    {
        "index": 4,
        "text": "\n{\n    \"anonymous_name\": \"fn_42\",\n    \"readable_name\": \"replace_if_match\",\n    \"description\": \"Replaces a substring in a string if it matches a given pattern.\"\n}",
        "valid": true,
        "data": {
            "anonymous_name": "fn_42",
            "readable_name": "replace_if_match",
            "description": "Replaces a substring in a string if it matches a given pattern."
        }
    }
]
2026-05-09 18:29:30,595 INFO:✅ Successfully named fn_42 -> replace_if_match
2026-05-09 18:29:30,595 INFO:{
    "index": 0,
    "text": "\n{\n    \"anonymous_name\": \"fn_42\",\n    \"readable_name\": \"replace_if_match\",\n    \"description\": \"Replaces a substring in a string if it matches a given pattern.\"\n}",
    "valid": true,
    "data": {
        "anonymous_name": "fn_42",
        "readable_name": "replace_if_match",
        "description": "Replaces a substring in a string if it matches a given pattern.",
        "usage_examples": [
            {
                "task_name": "re2_train_263_if_there_is_vowel_replace_that_with_q_f",
                "program": "(lambda (fn_42 $0 (regex_concat 'q' 'f') fn_44))",
                "language": "if there is vowel replace that with q f"
            },
            {
                "task_name": "re2_train_357_if_there_is_i_replace_that_with_m",
                "program": "(lambda (fn_42 $0 'm' 'i'))",
                "language": "if there is i replace that with m"
            },
            {
                "task_name": "re2_train_118_if_there_is_l_replace_that_with_n_k",
                "program": "(lambda (fn_42 $0 (regex_concat 'n' 'k') 'l'))",
                "language": "if there is l replace that with n k"
            },
            {
                "task_name": "re2_train_455_if_there_is_vowel_replace_that_with_s",
                "program": "(lambda (fn_42 $0 's' fn_44))",
                "language": "if there is vowel replace that with s"
            },
            {
                "task_name": "re2_train_315_if_there_is_h_replace_that_with_y",
                "program": "(lambda (fn_42 $0 'y' 'h'))",
                "language": "if there is h replace that with y"
            },
            {
                "task_name": "re2_train_246_if_there_is_t_replace_that_with_n",
                "program": "(lambda (fn_42 $0 'n' 't'))",
                "language": "if there is t replace that with n"
            },
            {
                "task_name": "re2_train_230_if_there_is_m_replace_that_with_l",
                "program": "(lambda (fn_42 $0 'l' 'm'))",
                "language": "if there is m replace that with l"
            },
            {
                "task_name": "re2_train_477_if_there_is_s_replace_that_with_i_r",
                "program": "(lambda (fn_42 $0 (regex_concat 'i' 'r') 's'))",
                "language": "if there is s replace that with i r"
            },
            {
                "task_name": "re2_train_172_if_there_is_c_replace_that_with_k_b",
                "program": "(lambda (fn_42 $0 (regex_concat 'k' 'b') 'c'))",
                "language": "if there is c replace that with k b"
            },
            {
                "task_name": "re2_train_424_if_there_is_vowel_replace_that_with_a_f",
                "program": "(lambda (fn_42 $0 (regex_concat 'a' 'f') fn_44))",
                "language": "if there is vowel replace that with a f"
            }
        ]
    }
}
2026-05-09 18:29:30,605 INFO:You are writing software documentation. Your goal is to write human-readable names for the following library functions:

replace_if_match :: tfullstr -> tsubstr -> tsubstr -> tfullstr

(lambda (lambda (lambda (regex_flatten (regex_map (lambda (regex_if (regex_match $1 $0) $2 $0)) (regex_split '.' $2))))))
description: Replaces a substring in a string if it matches a given pattern.

fn_43 :: tfullstr -> tsubstr -> tsubstr -> tfullstr

(lambda (lambda (lambda (regex_flatten (regex_cons $0 (regex_cons $1 (regex_cdr (regex_split '.' $2))))))))

fn_44 :: tsubstr

(regex_or 'a' (regex_or 'e' (regex_or 'i' (regex_or 'o' 'u'))))

fn_45 :: tfullstr -> tsubstr -> tfullstr

(lambda (lambda (regex_flatten (regex_append $0 (regex_reverse_cdr (regex_split empty_string $1))))))

fn_46 :: tfullstr -> (tsubstr -> tsubstr) -> tfullstr

(lambda (lambda (regex_flatten (regex_map $0 (regex_split empty_string $1)))))

fn_47 :: tfullstr -> tsubstr -> tfullstr

(lambda (lambda (regex_flatten (regex_cons $0 (regex_cdr (regex_split empty_string $1))))))

fn_48 :: tsubstr -> tsubstr -> tfullstr -> tfullstr

(lambda (lambda (lambda (fn_46 $0 (lambda (regex_if (regex_match $2 $0) $3 $0))))))

fn_49 :: tfullstr -> tsubstr -> tfullstr

(lambda (lambda (regex_flatten (regex_append $0 (regex_split empty_string $1)))))

fn_50 :: tsubstr -> tsubstr -> tfullstr -> tfullstr

(lambda (lambda (lambda (replace_if_match $0 (regex_concat $1 $2) $2))))

fn_51 :: tfullstr -> tsubstr -> tsubstr -> tfullstr

(lambda (lambda (lambda (regex_flatten (regex_append (regex_concat $0 $1) (regex_reverse_cdr (regex_split '.' $2)))))))

======
Consider the following anonymous function:

fn_43 :: tfullstr -> tsubstr -> tsubstr -> tfullstr

(lambda (lambda (lambda (regex_flatten (regex_cons $0 (regex_cons $1 (regex_cdr (regex_split '.' $2))))))))

Here are some examples of its usage:

-- if the word starts with any letter replace that with q a
(lambda (fn_43 $0 'a' 'q'))

-- if the word starts with any letter replace that with n a
(lambda (fn_43 $0 'a' 'n'))

-- if the word starts with any letter replace that with w i
(lambda (fn_43 $0 'i' 'w'))

-- if the word starts with any letter replace that with a w
(lambda (fn_43 $0 'w' 'a'))

-- if the word starts with any letter replace that with b w
(lambda (fn_43 $0 'w' 'b'))

-- if the word starts with any letter replace that with j o
(lambda (fn_43 $0 'o' 'j'))

-- if the word starts with any letter replace that with x e
(lambda (fn_43 $0 'e' 'x'))

-- if the word starts with any letter replace that with i r
(lambda (fn_43 $0 'r' 'i'))

Please write a human-readable name and description for `fn_43` in the JSON format shown below.
Your `readable_name` should be underscore-separated and should not contain any spaces.
It should also be unique (not existing in the function library above).
If you cannot come up with a good name, please set `readable_name` to `null`.

{
    "anonymous_name": "fn_43",
    "readable_name": TODO,
    "description": TODO
}

2026-05-09 18:29:31,973 INFO:GPT (gpt-3.5-turbo-instruct) completion:
2026-05-09 18:29:31,973 INFO:[
    {
        "index": 0,
        "text": "\n{\n    \"anonymous_name\": \"fn_43\",\n    \"readable_name\": \"replace_first_letter\",\n    \"description\": \"Replaces the first letter of a string with a given letter.\"\n}",
        "valid": true,
        "data": {
            "anonymous_name": "fn_43",
            "readable_name": "replace_first_letter",
            "description": "Replaces the first letter of a string with a given letter."
        }
    },
    {
        "index": 1,
        "text": "\n{\n    \"anonymous_name\": \"fn_43\",\n    \"readable_name\": \"replace_first_letter\",\n    \"description\": \"Replaces the first letter of a string with a given letter.\"\n}",
        "valid": true,
        "data": {
            "anonymous_name": "fn_43",
            "readable_name": "replace_first_letter",
            "description": "Replaces the first letter of a string with a given letter."
        }
    },
    {
        "index": 2,
        "text": "\n{\n    \"anonymous_name\": \"fn_43\",\n    \"readable_name\": \"replace_first_letter\",\n    \"description\": \"Replaces the first letter of a string with a given letter.\"\n}",
        "valid": true,
        "data": {
            "anonymous_name": "fn_43",
            "readable_name": "replace_first_letter",
            "description": "Replaces the first letter of a string with a given letter."
        }
    },
    {
        "index": 3,
        "text": "\n{\n    \"anonymous_name\": \"fn_43\",\n    \"readable_name\": \"replace_first_letter\",\n    \"description\": \"Replaces the first letter of a string with a given letter.\"\n}",
        "valid": true,
        "data": {
            "anonymous_name": "fn_43",
            "readable_name": "replace_first_letter",
            "description": "Replaces the first letter of a string with a given letter."
        }
    },
    {
        "index": 4,
        "text": "\n{\n    \"anonymous_name\": \"fn_43\",\n    \"readable_name\": \"replace_first_letter\",\n    \"description\": \"Replaces the first letter of a string with a given letter.\"\n}",
        "valid": true,
        "data": {
            "anonymous_name": "fn_43",
            "readable_name": "replace_first_letter",
            "description": "Replaces the first letter of a string with a given letter."
        }
    }
]
2026-05-09 18:29:31,973 INFO:✅ Successfully named fn_43 -> replace_first_letter
2026-05-09 18:29:31,974 INFO:{
    "index": 0,
    "text": "\n{\n    \"anonymous_name\": \"fn_43\",\n    \"readable_name\": \"replace_first_letter\",\n    \"description\": \"Replaces the first letter of a string with a given letter.\"\n}",
    "valid": true,
    "data": {
        "anonymous_name": "fn_43",
        "readable_name": "replace_first_letter",
        "description": "Replaces the first letter of a string with a given letter.",
        "usage_examples": [
            {
                "task_name": "re2_train_103_if_the_word_starts_with_any_letter_replace_that_with_q_a",
                "program": "(lambda (fn_43 $0 'a' 'q'))",
                "language": "if the word starts with any letter replace that with q a"
            },
            {
                "task_name": "re2_train_21_if_the_word_starts_with_any_letter_replace_that_with_n_a",
                "program": "(lambda (fn_43 $0 'a' 'n'))",
                "language": "if the word starts with any letter replace that with n a"
            },
            {
                "task_name": "re2_train_71_if_the_word_starts_with_any_letter_replace_that_with_w_i",
                "program": "(lambda (fn_43 $0 'i' 'w'))",
                "language": "if the word starts with any letter replace that with w i"
            },
            {
                "task_name": "re2_train_375_if_the_word_starts_with_any_letter_replace_that_with_a_w",
                "program": "(lambda (fn_43 $0 'w' 'a'))",
                "language": "if the word starts with any letter replace that with a w"
            },
            {
                "task_name": "re2_train_184_if_the_word_starts_with_any_letter_replace_that_with_b_w",
                "program": "(lambda (fn_43 $0 'w' 'b'))",
                "language": "if the word starts with any letter replace that with b w"
            },
            {
                "task_name": "re2_train_289_if_the_word_starts_with_any_letter_replace_that_with_j_o",
                "program": "(lambda (fn_43 $0 'o' 'j'))",
                "language": "if the word starts with any letter replace that with j o"
            },
            {
                "task_name": "re2_train_268_if_the_word_starts_with_any_letter_replace_that_with_x_e",
                "program": "(lambda (fn_43 $0 'e' 'x'))",
                "language": "if the word starts with any letter replace that with x e"
            },
            {
                "task_name": "re2_train_127_if_the_word_starts_with_any_letter_replace_that_with_i_r",
                "program": "(lambda (fn_43 $0 'r' 'i'))",
                "language": "if the word starts with any letter replace that with i r"
            }
        ]
    }
}
2026-05-09 18:29:31,983 INFO:You are writing software documentation. Your goal is to write human-readable names for the following library functions:

replace_if_match :: tfullstr -> tsubstr -> tsubstr -> tfullstr

(lambda (lambda (lambda (regex_flatten (regex_map (lambda (regex_if (regex_match $1 $0) $2 $0)) (regex_split '.' $2))))))
description: Replaces a substring in a string if it matches a given pattern.

replace_first_letter :: tfullstr -> tsubstr -> tsubstr -> tfullstr

(lambda (lambda (lambda (regex_flatten (regex_cons $0 (regex_cons $1 (regex_cdr (regex_split '.' $2))))))))
description: Replaces the first letter of a string with a given letter.

fn_44 :: tsubstr

(regex_or 'a' (regex_or 'e' (regex_or 'i' (regex_or 'o' 'u'))))

fn_45 :: tfullstr -> tsubstr -> tfullstr

(lambda (lambda (regex_flatten (regex_append $0 (regex_reverse_cdr (regex_split empty_string $1))))))

fn_46 :: tfullstr -> (tsubstr -> tsubstr) -> tfullstr

(lambda (lambda (regex_flatten (regex_map $0 (regex_split empty_string $1)))))

fn_47 :: tfullstr -> tsubstr -> tfullstr

(lambda (lambda (regex_flatten (regex_cons $0 (regex_cdr (regex_split empty_string $1))))))

fn_48 :: tsubstr -> tsubstr -> tfullstr -> tfullstr

(lambda (lambda (lambda (fn_46 $0 (lambda (regex_if (regex_match $2 $0) $3 $0))))))

fn_49 :: tfullstr -> tsubstr -> tfullstr

(lambda (lambda (regex_flatten (regex_append $0 (regex_split empty_string $1)))))

fn_50 :: tsubstr -> tsubstr -> tfullstr -> tfullstr

(lambda (lambda (lambda (replace_if_match $0 (regex_concat $1 $2) $2))))

fn_51 :: tfullstr -> tsubstr -> tsubstr -> tfullstr

(lambda (lambda (lambda (regex_flatten (regex_append (regex_concat $0 $1) (regex_reverse_cdr (regex_split '.' $2)))))))

======
Consider the following anonymous function:

fn_44 :: tsubstr

(regex_or 'a' (regex_or 'e' (regex_or 'i' (regex_or 'o' 'u'))))

Here are some examples of its usage:

-- if there is vowel replace that with a f
(lambda (replace_if_match $0 (regex_concat 'a' 'f') fn_44))

-- if there is vowel replace that with j
(lambda (fn_48 'j' fn_44 $0))

-- if there is vowel replace that with s
(lambda (replace_if_match $0 's' fn_44))

-- if there is vowel replace that with q f
(lambda (replace_if_match $0 (regex_concat 'q' 'f') fn_44))

Please write a human-readable name and description for `fn_44` in the JSON format shown below.
Your `readable_name` should be underscore-separated and should not contain any spaces.
It should also be unique (not existing in the function library above).
If you cannot come up with a good name, please set `readable_name` to `null`.

{
    "anonymous_name": "fn_44",
    "readable_name": TODO,
    "description": TODO
}

2026-05-09 18:29:33,750 INFO:GPT (gpt-3.5-turbo-instruct) completion:
2026-05-09 18:29:33,750 INFO:[
    {
        "index": 0,
        "text": "\n{\n    \"anonymous_name\": \"fn_44\",\n    \"readable_name\": \"replace_vowel\",\n    \"description\": \"Replaces a vowel in a string with a given letter.\"\n}",
        "valid": true,
        "data": {
            "anonymous_name": "fn_44",
            "readable_name": "replace_vowel",
            "description": "Replaces a vowel in a string with a given letter."
        }
    },
    {
        "index": 1,
        "text": "\n{\n    \"anonymous_name\": \"fn_44\",\n    \"readable_name\": \"replace_vowel\",\n    \"description\": \"Replaces a vowel in a string with a given letter.\"\n}",
        "valid": true,
        "data": {
            "anonymous_name": "fn_44",
            "readable_name": "replace_vowel",
            "description": "Replaces a vowel in a string with a given letter."
        }
    },
    {
        "index": 2,
        "text": "\n{\n    \"anonymous_name\": \"fn_44\",\n    \"readable_name\": \"replace_vowel\",\n    \"description\": \"Replaces a vowel in a string with a given letter.\"\n}",
        "valid": true,
        "data": {
            "anonymous_name": "fn_44",
            "readable_name": "replace_vowel",
            "description": "Replaces a vowel in a string with a given letter."
        }
    },
    {
        "index": 3,
        "text": "\n{\n    \"anonymous_name\": \"fn_44\",\n    \"readable_name\": \"replace_vowel\",\n    \"description\": \"Replaces a vowel in a string with a given letter.\"\n}",
        "valid": true,
        "data": {
            "anonymous_name": "fn_44",
            "readable_name": "replace_vowel",
            "description": "Replaces a vowel in a string with a given letter."
        }
    },
    {
        "index": 4,
        "text": "\n{\n    \"anonymous_name\": \"fn_44\",\n    \"readable_name\": \"replace_vowel\",\n    \"description\": \"Replaces a vowel in a string with a given letter.\"\n}",
        "valid": true,
        "data": {
            "anonymous_name": "fn_44",
            "readable_name": "replace_vowel",
            "description": "Replaces a vowel in a string with a given letter."
        }
    }
]
2026-05-09 18:29:33,750 INFO:✅ Successfully named fn_44 -> replace_vowel
2026-05-09 18:29:33,751 INFO:{
    "index": 0,
    "text": "\n{\n    \"anonymous_name\": \"fn_44\",\n    \"readable_name\": \"replace_vowel\",\n    \"description\": \"Replaces a vowel in a string with a given letter.\"\n}",
    "valid": true,
    "data": {
        "anonymous_name": "fn_44",
        "readable_name": "replace_vowel",
        "description": "Replaces a vowel in a string with a given letter.",
        "usage_examples": [
            {
                "task_name": "re2_train_424_if_there_is_vowel_replace_that_with_a_f",
                "program": "(lambda (replace_if_match $0 (regex_concat 'a' 'f') fn_44))",
                "language": "if there is vowel replace that with a f"
            },
            {
                "task_name": "re2_train_418_if_there_is_vowel_replace_that_with_j",
                "program": "(lambda (fn_48 'j' fn_44 $0))",
                "language": "if there is vowel replace that with j"
            },
            {
                "task_name": "re2_train_455_if_there_is_vowel_replace_that_with_s",
                "program": "(lambda (replace_if_match $0 's' fn_44))",
                "language": "if there is vowel replace that with s"
            },
            {
                "task_name": "re2_train_263_if_there_is_vowel_replace_that_with_q_f",
                "program": "(lambda (replace_if_match $0 (regex_concat 'q' 'f') fn_44))",
                "language": "if there is vowel replace that with q f"
            }
        ]
    }
}
2026-05-09 18:29:33,760 INFO:You are writing software documentation. Your goal is to write human-readable names for the following library functions:

replace_if_match :: tfullstr -> tsubstr -> tsubstr -> tfullstr

(lambda (lambda (lambda (regex_flatten (regex_map (lambda (regex_if (regex_match $1 $0) $2 $0)) (regex_split '.' $2))))))
description: Replaces a substring in a string if it matches a given pattern.

replace_first_letter :: tfullstr -> tsubstr -> tsubstr -> tfullstr

(lambda (lambda (lambda (regex_flatten (regex_cons $0 (regex_cons $1 (regex_cdr (regex_split '.' $2))))))))
description: Replaces the first letter of a string with a given letter.

replace_vowel :: tsubstr

(regex_or 'a' (regex_or 'e' (regex_or 'i' (regex_or 'o' 'u'))))
description: Replaces a vowel in a string with a given letter.

fn_45 :: tfullstr -> tsubstr -> tfullstr

(lambda (lambda (regex_flatten (regex_append $0 (regex_reverse_cdr (regex_split empty_string $1))))))

fn_46 :: tfullstr -> (tsubstr -> tsubstr) -> tfullstr

(lambda (lambda (regex_flatten (regex_map $0 (regex_split empty_string $1)))))

fn_47 :: tfullstr -> tsubstr -> tfullstr

(lambda (lambda (regex_flatten (regex_cons $0 (regex_cdr (regex_split empty_string $1))))))

fn_48 :: tsubstr -> tsubstr -> tfullstr -> tfullstr

(lambda (lambda (lambda (fn_46 $0 (lambda (regex_if (regex_match $2 $0) $3 $0))))))

fn_49 :: tfullstr -> tsubstr -> tfullstr

(lambda (lambda (regex_flatten (regex_append $0 (regex_split empty_string $1)))))

fn_50 :: tsubstr -> tsubstr -> tfullstr -> tfullstr

(lambda (lambda (lambda (replace_if_match $0 (regex_concat $1 $2) $2))))

fn_51 :: tfullstr -> tsubstr -> tsubstr -> tfullstr

(lambda (lambda (lambda (regex_flatten (regex_append (regex_concat $0 $1) (regex_reverse_cdr (regex_split '.' $2)))))))

======
Consider the following anonymous function:

fn_45 :: tfullstr -> tsubstr -> tfullstr

(lambda (lambda (regex_flatten (regex_append $0 (regex_reverse_cdr (regex_split empty_string $1))))))

Here are some examples of its usage:

-- if the word ends with consonant replace that with i
(lambda (fn_45 $0 'i'))

-- if the word ends with any letter consonant replace that with d t
(lambda (fn_45 (regex_flatten (regex_reverse_cdr (regex_split empty_string $0))) (regex_concat 'd' 't')))

-- if the word ends with any letter replace that with r
(lambda (fn_45 $0 'r'))

-- if the word ends with any letter any letter replace that with o u
(lambda (fn_51 (fn_45 $0 empty_string) 'u' 'o'))

-- if the word ends with any letter any letter replace that with j
(lambda (fn_45 (fn_45 $0 empty_string) 'j'))

-- if the word ends with any letter replace that with f
(lambda (fn_45 $0 'f'))

Please write a human-readable name and description for `fn_45` in the JSON format shown below.
Your `readable_name` should be underscore-separated and should not contain any spaces.
It should also be unique (not existing in the function library above).
If you cannot come up with a good name, please set `readable_name` to `null`.

{
    "anonymous_name": "fn_45",
    "readable_name": TODO,
    "description": TODO
}

2026-05-09 18:29:34,354 INFO:GPT (gpt-3.5-turbo-instruct) completion:
2026-05-09 18:29:34,354 INFO:[
    {
        "index": 0,
        "text": "\n{\n    \"anonymous_name\": \"fn_45\",\n    \"readable_name\": \"replace_last_letter\",\n    \"description\": \"Replaces the last letter of a string with a given letter.\"\n}",
        "valid": true,
        "data": {
            "anonymous_name": "fn_45",
            "readable_name": "replace_last_letter",
            "description": "Replaces the last letter of a string with a given letter."
        }
    },
    {
        "index": 1,
        "text": "\n{\n    \"anonymous_name\": \"fn_45\",\n    \"readable_name\": \"replace_last_letter\",\n    \"description\": \"Replaces the last letter of a string with a given letter.\"\n}",
        "valid": true,
        "data": {
            "anonymous_name": "fn_45",
            "readable_name": "replace_last_letter",
            "description": "Replaces the last letter of a string with a given letter."
        }
    },
    {
        "index": 2,
        "text": "\n{\n    \"anonymous_name\": \"fn_45\",\n    \"readable_name\": \"replace_last_letter\",\n    \"description\": \"Replaces the last letter of a string with a given letter.\"\n}",
        "valid": true,
        "data": {
            "anonymous_name": "fn_45",
            "readable_name": "replace_last_letter",
            "description": "Replaces the last letter of a string with a given letter."
        }
    },
    {
        "index": 3,
        "text": "\n{\n    \"anonymous_name\": \"fn_45\",\n    \"readable_name\": \"replace_last_letter\",\n    \"description\": \"Replaces the last letter of a string with a given letter.\"\n}",
        "valid": true,
        "data": {
            "anonymous_name": "fn_45",
            "readable_name": "replace_last_letter",
            "description": "Replaces the last letter of a string with a given letter."
        }
    },
    {
        "index": 4,
        "text": "\n{\n    \"anonymous_name\": \"fn_45\",\n    \"readable_name\": \"replace_last_letter\",\n    \"description\": \"Replaces the last letter of a string with a given letter.\"\n}",
        "valid": true,
        "data": {
            "anonymous_name": "fn_45",
            "readable_name": "replace_last_letter",
            "description": "Replaces the last letter of a string with a given letter."
        }
    }
]
2026-05-09 18:29:34,354 INFO:✅ Successfully named fn_45 -> replace_last_letter
2026-05-09 18:29:34,354 INFO:{
    "index": 0,
    "text": "\n{\n    \"anonymous_name\": \"fn_45\",\n    \"readable_name\": \"replace_last_letter\",\n    \"description\": \"Replaces the last letter of a string with a given letter.\"\n}",
    "valid": true,
    "data": {
        "anonymous_name": "fn_45",
        "readable_name": "replace_last_letter",
        "description": "Replaces the last letter of a string with a given letter.",
        "usage_examples": [
            {
                "task_name": "re2_train_393_if_the_word_ends_with_consonant_replace_that_with_i",
                "program": "(lambda (fn_45 $0 'i'))",
                "language": "if the word ends with consonant replace that with i"
            },
            {
                "task_name": "re2_train_132_if_the_word_ends_with_any_letter_consonant_replace_that_with_d_t",
                "program": "(lambda (fn_45 (regex_flatten (regex_reverse_cdr (regex_split empty_string $0))) (regex_concat 'd' 't')))",
                "language": "if the word ends with any letter consonant replace that with d t"
            },
            {
                "task_name": "re2_train_26_if_the_word_ends_with_any_letter_replace_that_with_r",
                "program": "(lambda (fn_45 $0 'r'))",
                "language": "if the word ends with any letter replace that with r"
            },
            {
                "task_name": "re2_train_29_if_the_word_ends_with_any_letter_any_letter_replace_that_with_o_u",
                "program": "(lambda (fn_51 (fn_45 $0 empty_string) 'u' 'o'))",
                "language": "if the word ends with any letter any letter replace that with o u"
            },
            {
                "task_name": "re2_train_390_if_the_word_ends_with_any_letter_any_letter_replace_that_with_j",
                "program": "(lambda (fn_45 (fn_45 $0 empty_string) 'j'))",
                "language": "if the word ends with any letter any letter replace that with j"
            },
            {
                "task_name": "re2_train_52_if_the_word_ends_with_any_letter_replace_that_with_f",
                "program": "(lambda (fn_45 $0 'f'))",
                "language": "if the word ends with any letter replace that with f"
            }
        ]
    }
}
2026-05-09 18:29:34,363 INFO:You are writing software documentation. Your goal is to write human-readable names for the following library functions:

replace_if_match :: tfullstr -> tsubstr -> tsubstr -> tfullstr

(lambda (lambda (lambda (regex_flatten (regex_map (lambda (regex_if (regex_match $1 $0) $2 $0)) (regex_split '.' $2))))))
description: Replaces a substring in a string if it matches a given pattern.

replace_first_letter :: tfullstr -> tsubstr -> tsubstr -> tfullstr

(lambda (lambda (lambda (regex_flatten (regex_cons $0 (regex_cons $1 (regex_cdr (regex_split '.' $2))))))))
description: Replaces the first letter of a string with a given letter.

replace_vowel :: tsubstr

(regex_or 'a' (regex_or 'e' (regex_or 'i' (regex_or 'o' 'u'))))
description: Replaces a vowel in a string with a given letter.

replace_last_letter :: tfullstr -> tsubstr -> tfullstr

(lambda (lambda (regex_flatten (regex_append $0 (regex_reverse_cdr (regex_split empty_string $1))))))
description: Replaces the last letter of a string with a given letter.

fn_46 :: tfullstr -> (tsubstr -> tsubstr) -> tfullstr

(lambda (lambda (regex_flatten (regex_map $0 (regex_split empty_string $1)))))

fn_47 :: tfullstr -> tsubstr -> tfullstr

(lambda (lambda (regex_flatten (regex_cons $0 (regex_cdr (regex_split empty_string $1))))))

fn_48 :: tsubstr -> tsubstr -> tfullstr -> tfullstr

(lambda (lambda (lambda (fn_46 $0 (lambda (regex_if (regex_match $2 $0) $3 $0))))))

fn_49 :: tfullstr -> tsubstr -> tfullstr

(lambda (lambda (regex_flatten (regex_append $0 (regex_split empty_string $1)))))

fn_50 :: tsubstr -> tsubstr -> tfullstr -> tfullstr

(lambda (lambda (lambda (replace_if_match $0 (regex_concat $1 $2) $2))))

fn_51 :: tfullstr -> tsubstr -> tsubstr -> tfullstr

(lambda (lambda (lambda (regex_flatten (regex_append (regex_concat $0 $1) (regex_reverse_cdr (regex_split '.' $2)))))))

======
Consider the following anonymous function:

fn_46 :: tfullstr -> (tsubstr -> tsubstr) -> tfullstr

(lambda (lambda (regex_flatten (regex_map $0 (regex_split empty_string $1)))))

Here are some examples of its usage:

-- if there is any letter replace that with w t
(lambda (fn_46 $0 (lambda (regex_concat 'w' 't'))))

-- if there is any letter replace that with k
(lambda (fn_46 $0 (lambda 'k')))

-- if there is t replace that with f v
(lambda (fn_46 $0 (lambda (regex_if (regex_match $0 't') (regex_concat 'f' 'v') $0))))

-- if there is any letter replace that with r v
(lambda (fn_46 $0 (lambda (regex_concat 'r' 'v'))))

-- if there is any letter add v after that
(lambda (fn_46 $0 (lambda (regex_concat $0 'v'))))

Please write a human-readable name and description for `fn_46` in the JSON format shown below.
Your `readable_name` should be underscore-separated and should not contain any spaces.
It should also be unique (not existing in the function library above).
If you cannot come up with a good name, please set `readable_name` to `null`.

{
    "anonymous_name": "fn_46",
    "readable_name": TODO,
    "description": TODO
}

2026-05-09 18:29:35,349 INFO:GPT (gpt-3.5-turbo-instruct) completion:
2026-05-09 18:29:35,349 INFO:[
    {
        "index": 0,
        "text": "\n{\n    \"anonymous_name\": \"fn_46\",\n    \"readable_name\": \"replace_each_substring\",\n    \"description\": \"Replaces each substring in a string with a given substring.\"\n}",
        "valid": true,
        "data": {
            "anonymous_name": "fn_46",
            "readable_name": "replace_each_substring",
            "description": "Replaces each substring in a string with a given substring."
        }
    },
    {
        "index": 1,
        "text": "\n{\n    \"anonymous_name\": \"fn_46\",\n    \"readable_name\": \"replace_each_substring\",\n    \"description\": \"Replaces each substring in a string with a given substring.\"\n}",
        "valid": true,
        "data": {
            "anonymous_name": "fn_46",
            "readable_name": "replace_each_substring",
            "description": "Replaces each substring in a string with a given substring."
        }
    },
    {
        "index": 2,
        "text": "\n{\n    \"anonymous_name\": \"fn_46\",\n    \"readable_name\": \"replace_each_substring\",\n    \"description\": \"Replaces each substring in a string with a given substring.\"\n}",
        "valid": true,
        "data": {
            "anonymous_name": "fn_46",
            "readable_name": "replace_each_substring",
            "description": "Replaces each substring in a string with a given substring."
        }
    },
    {
        "index": 3,
        "text": "\n{\n    \"anonymous_name\": \"fn_46\",\n    \"readable_name\": \"replace_each_substring\",\n    \"description\": \"Replaces each substring in a string with a given substring.\"\n}",
        "valid": true,
        "data": {
            "anonymous_name": "fn_46",
            "readable_name": "replace_each_substring",
            "description": "Replaces each substring in a string with a given substring."
        }
    },
    {
        "index": 4,
        "text": "\n{\n    \"anonymous_name\": \"fn_46\",\n    \"readable_name\": \"replace_each_substring\",\n    \"description\": \"Replaces each substring in a string with a given substring.\"\n}",
        "valid": true,
        "data": {
            "anonymous_name": "fn_46",
            "readable_name": "replace_each_substring",
            "description": "Replaces each substring in a string with a given substring."
        }
    }
]
2026-05-09 18:29:35,349 INFO:✅ Successfully named fn_46 -> replace_each_substring
2026-05-09 18:29:35,350 INFO:{
    "index": 0,
    "text": "\n{\n    \"anonymous_name\": \"fn_46\",\n    \"readable_name\": \"replace_each_substring\",\n    \"description\": \"Replaces each substring in a string with a given substring.\"\n}",
    "valid": true,
    "data": {
        "anonymous_name": "fn_46",
        "readable_name": "replace_each_substring",
        "description": "Replaces each substring in a string with a given substring.",
        "usage_examples": [
            {
                "task_name": "re2_train_229_if_there_is_any_letter_replace_that_with_w_t",
                "program": "(lambda (fn_46 $0 (lambda (regex_concat 'w' 't'))))",
                "language": "if there is any letter replace that with w t"
            },
            {
                "task_name": "re2_train_23_if_there_is_any_letter_replace_that_with_k",
                "program": "(lambda (fn_46 $0 (lambda 'k')))",
                "language": "if there is any letter replace that with k"
            },
            {
                "task_name": "re2_train_159_if_there_is_t_replace_that_with_f_v",
                "program": "(lambda (fn_46 $0 (lambda (regex_if (regex_match $0 't') (regex_concat 'f' 'v') $0))))",
                "language": "if there is t replace that with f v"
            },
            {
                "task_name": "re2_train_129_if_there_is_any_letter_replace_that_with_r_v",
                "program": "(lambda (fn_46 $0 (lambda (regex_concat 'r' 'v'))))",
                "language": "if there is any letter replace that with r v"
            },
            {
                "task_name": "re2_train_41_if_there_is_any_letter_add_v_after_that",
                "program": "(lambda (fn_46 $0 (lambda (regex_concat $0 'v'))))",
                "language": "if there is any letter add v after that"
            }
        ]
    }
}
2026-05-09 18:29:35,359 INFO:You are writing software documentation. Your goal is to write human-readable names for the following library functions:

replace_if_match :: tfullstr -> tsubstr -> tsubstr -> tfullstr

(lambda (lambda (lambda (regex_flatten (regex_map (lambda (regex_if (regex_match $1 $0) $2 $0)) (regex_split '.' $2))))))
description: Replaces a substring in a string if it matches a given pattern.

replace_first_letter :: tfullstr -> tsubstr -> tsubstr -> tfullstr

(lambda (lambda (lambda (regex_flatten (regex_cons $0 (regex_cons $1 (regex_cdr (regex_split '.' $2))))))))
description: Replaces the first letter of a string with a given letter.

replace_vowel :: tsubstr

(regex_or 'a' (regex_or 'e' (regex_or 'i' (regex_or 'o' 'u'))))
description: Replaces a vowel in a string with a given letter.

replace_last_letter :: tfullstr -> tsubstr -> tfullstr

(lambda (lambda (regex_flatten (regex_append $0 (regex_reverse_cdr (regex_split empty_string $1))))))
description: Replaces the last letter of a string with a given letter.

replace_each_substring :: tfullstr -> (tsubstr -> tsubstr) -> tfullstr

(lambda (lambda (regex_flatten (regex_map $0 (regex_split empty_string $1)))))
description: Replaces each substring in a string with a given substring.

fn_47 :: tfullstr -> tsubstr -> tfullstr

(lambda (lambda (regex_flatten (regex_cons $0 (regex_cdr (regex_split empty_string $1))))))

fn_48 :: tsubstr -> tsubstr -> tfullstr -> tfullstr

(lambda (lambda (lambda (replace_each_substring $0 (lambda (regex_if (regex_match $2 $0) $3 $0))))))

fn_49 :: tfullstr -> tsubstr -> tfullstr

(lambda (lambda (regex_flatten (regex_append $0 (regex_split empty_string $1)))))

fn_50 :: tsubstr -> tsubstr -> tfullstr -> tfullstr

(lambda (lambda (lambda (replace_if_match $0 (regex_concat $1 $2) $2))))

fn_51 :: tfullstr -> tsubstr -> tsubstr -> tfullstr

(lambda (lambda (lambda (regex_flatten (regex_append (regex_concat $0 $1) (regex_reverse_cdr (regex_split '.' $2)))))))

======
Consider the following anonymous function:

fn_47 :: tfullstr -> tsubstr -> tfullstr

(lambda (lambda (regex_flatten (regex_cons $0 (regex_cdr (regex_split empty_string $1))))))

Here are some examples of its usage:

-- if the word starts with any letter replace that with e s
(lambda (fn_47 $0 (regex_concat 'e' 's')))

-- if the word starts with any letter replace that with a
(lambda (fn_47 $0 'a'))

-- if the word starts with consonant replace that with i
(lambda (fn_47 $0 'i'))

-- if the word starts with any letter replace that with b
(lambda (fn_47 $0 'b'))

Please write a human-readable name and description for `fn_47` in the JSON format shown below.
Your `readable_name` should be underscore-separated and should not contain any spaces.
It should also be unique (not existing in the function library above).
If you cannot come up with a good name, please set `readable_name` to `null`.

{
    "anonymous_name": "fn_47",
    "readable_name": TODO,
    "description": TODO
}

2026-05-09 18:29:36,178 INFO:GPT (gpt-3.5-turbo-instruct) completion:
2026-05-09 18:29:36,178 INFO:[
    {
        "index": 0,
        "text": "\n{\n    \"anonymous_name\": \"fn_47\",\n    \"readable_name\": \"replace_first_letter\",\n    \"description\": \"Replaces the first letter of a string with a given substring.\"\n}",
        "valid": true,
        "data": {
            "anonymous_name": "fn_47",
            "readable_name": "replace_first_letter",
            "description": "Replaces the first letter of a string with a given substring."
        }
    },
    {
        "index": 1,
        "text": "\n{\n    \"anonymous_name\": \"fn_47\",\n    \"readable_name\": \"replace_first_letter\",\n    \"description\": \"Replaces the first letter of a string with a given substring.\"\n}",
        "valid": true,
        "data": {
            "anonymous_name": "fn_47",
            "readable_name": "replace_first_letter",
            "description": "Replaces the first letter of a string with a given substring."
        }
    },
    {
        "index": 2,
        "text": "\n{\n    \"anonymous_name\": \"fn_47\",\n    \"readable_name\": \"replace_first_letter\",\n    \"description\": \"Replaces the first letter of a string with a given substring.\"\n}",
        "valid": true,
        "data": {
            "anonymous_name": "fn_47",
            "readable_name": "replace_first_letter",
            "description": "Replaces the first letter of a string with a given substring."
        }
    },
    {
        "index": 3,
        "text": "\n{\n    \"anonymous_name\": \"fn_47\",\n    \"readable_name\": \"replace_first_letter\",\n    \"description\": \"Replaces the first letter of a string with a given substring.\"\n}",
        "valid": true,
        "data": {
            "anonymous_name": "fn_47",
            "readable_name": "replace_first_letter",
            "description": "Replaces the first letter of a string with a given substring."
        }
    },
    {
        "index": 4,
        "text": "\n{\n    \"anonymous_name\": \"fn_47\",\n    \"readable_name\": \"replace_first_letter\",\n    \"description\": \"Replaces the first letter of a string with a given substring.\"\n}",
        "valid": true,
        "data": {
            "anonymous_name": "fn_47",
            "readable_name": "replace_first_letter",
            "description": "Replaces the first letter of a string with a given substring."
        }
    }
]
2026-05-09 18:29:36,178 INFO:✅ Successfully named fn_47 -> replace_first_letter
2026-05-09 18:29:36,178 INFO:{
    "index": 0,
    "text": "\n{\n    \"anonymous_name\": \"fn_47\",\n    \"readable_name\": \"replace_first_letter\",\n    \"description\": \"Replaces the first letter of a string with a given substring.\"\n}",
    "valid": true,
    "data": {
        "anonymous_name": "fn_47",
        "readable_name": "replace_first_letter",
        "description": "Replaces the first letter of a string with a given substring.",
        "usage_examples": [
            {
                "task_name": "re2_train_395_if_the_word_starts_with_any_letter_replace_that_with_e_s",
                "program": "(lambda (fn_47 $0 (regex_concat 'e' 's')))",
                "language": "if the word starts with any letter replace that with e s"
            },
            {
                "task_name": "re2_train_463_if_the_word_starts_with_any_letter_replace_that_with_a",
                "program": "(lambda (fn_47 $0 'a'))",
                "language": "if the word starts with any letter replace that with a"
            },
            {
                "task_name": "re2_train_327_if_the_word_starts_with_consonant_replace_that_with_i",
                "program": "(lambda (fn_47 $0 'i'))",
                "language": "if the word starts with consonant replace that with i"
            },
            {
                "task_name": "re2_train_169_if_the_word_starts_with_any_letter_replace_that_with_b",
                "program": "(lambda (fn_47 $0 'b'))",
                "language": "if the word starts with any letter replace that with b"
            }
        ]
    }
}
2026-05-09 18:29:36,188 INFO:You are writing software documentation. Your goal is to write human-readable names for the following library functions:

replace_if_match :: tfullstr -> tsubstr -> tsubstr -> tfullstr

(lambda (lambda (lambda (regex_flatten (regex_map (lambda (regex_if (regex_match $1 $0) $2 $0)) (regex_split '.' $2))))))
description: Replaces a substring in a string if it matches a given pattern.

replace_first_letter :: tfullstr -> tsubstr -> tsubstr -> tfullstr

(lambda (lambda (lambda (regex_flatten (regex_cons $0 (regex_cons $1 (regex_cdr (regex_split '.' $2))))))))
description: Replaces the first letter of a string with a given letter.

replace_vowel :: tsubstr

(regex_or 'a' (regex_or 'e' (regex_or 'i' (regex_or 'o' 'u'))))
description: Replaces a vowel in a string with a given letter.

replace_last_letter :: tfullstr -> tsubstr -> tfullstr

(lambda (lambda (regex_flatten (regex_append $0 (regex_reverse_cdr (regex_split empty_string $1))))))
description: Replaces the last letter of a string with a given letter.

replace_each_substring :: tfullstr -> (tsubstr -> tsubstr) -> tfullstr

(lambda (lambda (regex_flatten (regex_map $0 (regex_split empty_string $1)))))
description: Replaces each substring in a string with a given substring.

replace_first_letter_alt_1 :: tfullstr -> tsubstr -> tfullstr

(lambda (lambda (regex_flatten (regex_cons $0 (regex_cdr (regex_split empty_string $1))))))
description: Replaces the first letter of a string with a given substring.

fn_48 :: tsubstr -> tsubstr -> tfullstr -> tfullstr

(lambda (lambda (lambda (replace_each_substring $0 (lambda (regex_if (regex_match $2 $0) $3 $0))))))

fn_49 :: tfullstr -> tsubstr -> tfullstr

(lambda (lambda (regex_flatten (regex_append $0 (regex_split empty_string $1)))))

fn_50 :: tsubstr -> tsubstr -> tfullstr -> tfullstr

(lambda (lambda (lambda (replace_if_match $0 (regex_concat $1 $2) $2))))

fn_51 :: tfullstr -> tsubstr -> tsubstr -> tfullstr

(lambda (lambda (lambda (regex_flatten (regex_append (regex_concat $0 $1) (regex_reverse_cdr (regex_split '.' $2)))))))

======
Consider the following anonymous function:

fn_48 :: tsubstr -> tsubstr -> tfullstr -> tfullstr

(lambda (lambda (lambda (replace_each_substring $0 (lambda (regex_if (regex_match $2 $0) $3 $0))))))

Here are some examples of its usage:

-- if there is vowel replace that with j
(lambda (fn_48 'j' replace_vowel $0))

-- if there is t replace that with i
(lambda (fn_48 'i' 't' $0))

-- if there is d replace that with c t
(lambda (fn_48 (regex_concat 'c' 't') 'd' $0))

Please write a human-readable name and description for `fn_48` in the JSON format shown below.
Your `readable_name` should be underscore-separated and should not contain any spaces.
It should also be unique (not existing in the function library above).
If you cannot come up with a good name, please set `readable_name` to `null`.

{
    "anonymous_name": "fn_48",
    "readable_name": TODO,
    "description": TODO
}

2026-05-09 18:29:37,128 INFO:GPT (gpt-3.5-turbo-instruct) completion:
2026-05-09 18:29:37,128 INFO:[
    {
        "index": 0,
        "text": "\n{\n    \"anonymous_name\": \"fn_48\",\n    \"readable_name\": \"replace_each_substring_if_match\",\n    \"description\": \"Replaces each substring in a string if it matches a given pattern.\"\n}",
        "valid": true,
        "data": {
            "anonymous_name": "fn_48",
            "readable_name": "replace_each_substring_if_match",
            "description": "Replaces each substring in a string if it matches a given pattern."
        }
    },
    {
        "index": 1,
        "text": "\n{\n    \"anonymous_name\": \"fn_48\",\n    \"readable_name\": \"replace_each_substring_if_match\",\n    \"description\": \"Replaces each substring in a string if it matches a given pattern.\"\n}",
        "valid": true,
        "data": {
            "anonymous_name": "fn_48",
            "readable_name": "replace_each_substring_if_match",
            "description": "Replaces each substring in a string if it matches a given pattern."
        }
    },
    {
        "index": 2,
        "text": "\n{\n    \"anonymous_name\": \"fn_48\",\n    \"readable_name\": \"replace_each_substring_if_match\",\n    \"description\": \"Replaces each substring in a string if it matches a given pattern.\"\n}",
        "valid": true,
        "data": {
            "anonymous_name": "fn_48",
            "readable_name": "replace_each_substring_if_match",
            "description": "Replaces each substring in a string if it matches a given pattern."
        }
    },
    {
        "index": 3,
        "text": "\n{\n    \"anonymous_name\": \"fn_48\",\n    \"readable_name\": \"replace_each_substring_if_match\",\n    \"description\": \"Replaces each substring in a string if it matches a given pattern.\"\n}",
        "valid": true,
        "data": {
            "anonymous_name": "fn_48",
            "readable_name": "replace_each_substring_if_match",
            "description": "Replaces each substring in a string if it matches a given pattern."
        }
    },
    {
        "index": 4,
        "text": "\n{\n    \"anonymous_name\": \"fn_48\",\n    \"readable_name\": \"replace_each_substring_if_match\",\n    \"description\": \"Replaces each substring in a string if it matches a given pattern.\"\n}",
        "valid": true,
        "data": {
            "anonymous_name": "fn_48",
            "readable_name": "replace_each_substring_if_match",
            "description": "Replaces each substring in a string if it matches a given pattern."
        }
    }
]
2026-05-09 18:29:37,128 INFO:✅ Successfully named fn_48 -> replace_each_substring_if_match
2026-05-09 18:29:37,128 INFO:{
    "index": 0,
    "text": "\n{\n    \"anonymous_name\": \"fn_48\",\n    \"readable_name\": \"replace_each_substring_if_match\",\n    \"description\": \"Replaces each substring in a string if it matches a given pattern.\"\n}",
    "valid": true,
    "data": {
        "anonymous_name": "fn_48",
        "readable_name": "replace_each_substring_if_match",
        "description": "Replaces each substring in a string if it matches a given pattern.",
        "usage_examples": [
            {
                "task_name": "re2_train_418_if_there_is_vowel_replace_that_with_j",
                "program": "(lambda (fn_48 'j' replace_vowel $0))",
                "language": "if there is vowel replace that with j"
            },
            {
                "task_name": "re2_train_325_if_there_is_t_replace_that_with_i",
                "program": "(lambda (fn_48 'i' 't' $0))",
                "language": "if there is t replace that with i"
            },
            {
                "task_name": "re2_train_109_if_there_is_d_replace_that_with_c_t",
                "program": "(lambda (fn_48 (regex_concat 'c' 't') 'd' $0))",
                "language": "if there is d replace that with c t"
            }
        ]
    }
}
2026-05-09 18:29:37,137 INFO:You are writing software documentation. Your goal is to write human-readable names for the following library functions:

replace_if_match :: tfullstr -> tsubstr -> tsubstr -> tfullstr

(lambda (lambda (lambda (regex_flatten (regex_map (lambda (regex_if (regex_match $1 $0) $2 $0)) (regex_split '.' $2))))))
description: Replaces a substring in a string if it matches a given pattern.

replace_first_letter :: tfullstr -> tsubstr -> tsubstr -> tfullstr

(lambda (lambda (lambda (regex_flatten (regex_cons $0 (regex_cons $1 (regex_cdr (regex_split '.' $2))))))))
description: Replaces the first letter of a string with a given letter.

replace_vowel :: tsubstr

(regex_or 'a' (regex_or 'e' (regex_or 'i' (regex_or 'o' 'u'))))
description: Replaces a vowel in a string with a given letter.

replace_last_letter :: tfullstr -> tsubstr -> tfullstr

(lambda (lambda (regex_flatten (regex_append $0 (regex_reverse_cdr (regex_split empty_string $1))))))
description: Replaces the last letter of a string with a given letter.

replace_each_substring :: tfullstr -> (tsubstr -> tsubstr) -> tfullstr

(lambda (lambda (regex_flatten (regex_map $0 (regex_split empty_string $1)))))
description: Replaces each substring in a string with a given substring.

replace_first_letter_alt_1 :: tfullstr -> tsubstr -> tfullstr

(lambda (lambda (regex_flatten (regex_cons $0 (regex_cdr (regex_split empty_string $1))))))
description: Replaces the first letter of a string with a given substring.

replace_each_substring_if_match :: tsubstr -> tsubstr -> tfullstr -> tfullstr

(lambda (lambda (lambda (replace_each_substring $0 (lambda (regex_if (regex_match $2 $0) $3 $0))))))
description: Replaces each substring in a string if it matches a given pattern.

fn_49 :: tfullstr -> tsubstr -> tfullstr

(lambda (lambda (regex_flatten (regex_append $0 (regex_split empty_string $1)))))

fn_50 :: tsubstr -> tsubstr -> tfullstr -> tfullstr

(lambda (lambda (lambda (replace_if_match $0 (regex_concat $1 $2) $2))))

fn_51 :: tfullstr -> tsubstr -> tsubstr -> tfullstr

(lambda (lambda (lambda (regex_flatten (regex_append (regex_concat $0 $1) (regex_reverse_cdr (regex_split '.' $2)))))))

======
Consider the following anonymous function:

fn_49 :: tfullstr -> tsubstr -> tfullstr

(lambda (lambda (regex_flatten (regex_append $0 (regex_split empty_string $1)))))

Here are some examples of its usage:

-- if the word ends with any letter add d after that
(lambda (fn_49 $0 'd'))

-- if the word ends with any letter any letter add a after that
(lambda (fn_49 $0 'a'))

-- if the word ends with any letter add k after that
(lambda (fn_49 $0 'k'))

-- if the word ends with any letter add q after that
(lambda (fn_49 $0 'q'))

Please write a human-readable name and description for `fn_49` in the JSON format shown below.
Your `readable_name` should be underscore-separated and should not contain any spaces.
It should also be unique (not existing in the function library above).
If you cannot come up with a good name, please set `readable_name` to `null`.

{
    "anonymous_name": "fn_49",
    "readable_name": TODO,
    "description": TODO
}

2026-05-09 18:29:37,843 INFO:GPT (gpt-3.5-turbo-instruct) completion:
2026-05-09 18:29:37,843 INFO:[
    {
        "index": 0,
        "text": "\n{\n    \"anonymous_name\": \"fn_49\",\n    \"readable_name\": \"append_substring_to_end\",\n    \"description\": \"Appends a given substring to the end of a string.\"\n}",
        "valid": true,
        "data": {
            "anonymous_name": "fn_49",
            "readable_name": "append_substring_to_end",
            "description": "Appends a given substring to the end of a string."
        }
    },
    {
        "index": 1,
        "text": "\n{\n    \"anonymous_name\": \"fn_49\",\n    \"readable_name\": \"append_substring_to_end\",\n    \"description\": \"Appends a given substring to the end of a string.\"\n}",
        "valid": true,
        "data": {
            "anonymous_name": "fn_49",
            "readable_name": "append_substring_to_end",
            "description": "Appends a given substring to the end of a string."
        }
    },
    {
        "index": 2,
        "text": "\n{\n    \"anonymous_name\": \"fn_49\",\n    \"readable_name\": \"append_substring_to_end\",\n    \"description\": \"Appends a given substring to the end of a string.\"\n}",
        "valid": true,
        "data": {
            "anonymous_name": "fn_49",
            "readable_name": "append_substring_to_end",
            "description": "Appends a given substring to the end of a string."
        }
    },
    {
        "index": 3,
        "text": "\n{\n    \"anonymous_name\": \"fn_49\",\n    \"readable_name\": \"append_substring_to_end\",\n    \"description\": \"Appends a given substring to the end of a string.\"\n}",
        "valid": true,
        "data": {
            "anonymous_name": "fn_49",
            "readable_name": "append_substring_to_end",
            "description": "Appends a given substring to the end of a string."
        }
    },
    {
        "index": 4,
        "text": "\n{\n    \"anonymous_name\": \"fn_49\",\n    \"readable_name\": \"append_substring_to_end\",\n    \"description\": \"Appends a given substring to the end of a string.\"\n}",
        "valid": true,
        "data": {
            "anonymous_name": "fn_49",
            "readable_name": "append_substring_to_end",
            "description": "Appends a given substring to the end of a string."
        }
    }
]
2026-05-09 18:29:37,843 INFO:✅ Successfully named fn_49 -> append_substring_to_end
2026-05-09 18:29:37,843 INFO:{
    "index": 0,
    "text": "\n{\n    \"anonymous_name\": \"fn_49\",\n    \"readable_name\": \"append_substring_to_end\",\n    \"description\": \"Appends a given substring to the end of a string.\"\n}",
    "valid": true,
    "data": {
        "anonymous_name": "fn_49",
        "readable_name": "append_substring_to_end",
        "description": "Appends a given substring to the end of a string.",
        "usage_examples": [
            {
                "task_name": "re2_train_34_if_the_word_ends_with_any_letter_add_d_after_that",
                "program": "(lambda (fn_49 $0 'd'))",
                "language": "if the word ends with any letter add d after that"
            },
            {
                "task_name": "re2_train_462_if_the_word_ends_with_any_letter_any_letter_add_a_after_that",
                "program": "(lambda (fn_49 $0 'a'))",
                "language": "if the word ends with any letter any letter add a after that"
            },
            {
                "task_name": "re2_train_443_if_the_word_ends_with_any_letter_add_k_after_that",
                "program": "(lambda (fn_49 $0 'k'))",
                "language": "if the word ends with any letter add k after that"
            },
            {
                "task_name": "re2_train_344_if_the_word_ends_with_any_letter_add_q_after_that",
                "program": "(lambda (fn_49 $0 'q'))",
                "language": "if the word ends with any letter add q after that"
            }
        ]
    }
}
2026-05-09 18:29:37,853 INFO:You are writing software documentation. Your goal is to write human-readable names for the following library functions:

replace_if_match :: tfullstr -> tsubstr -> tsubstr -> tfullstr

(lambda (lambda (lambda (regex_flatten (regex_map (lambda (regex_if (regex_match $1 $0) $2 $0)) (regex_split '.' $2))))))
description: Replaces a substring in a string if it matches a given pattern.

replace_first_letter :: tfullstr -> tsubstr -> tsubstr -> tfullstr

(lambda (lambda (lambda (regex_flatten (regex_cons $0 (regex_cons $1 (regex_cdr (regex_split '.' $2))))))))
description: Replaces the first letter of a string with a given letter.

replace_vowel :: tsubstr

(regex_or 'a' (regex_or 'e' (regex_or 'i' (regex_or 'o' 'u'))))
description: Replaces a vowel in a string with a given letter.

replace_last_letter :: tfullstr -> tsubstr -> tfullstr

(lambda (lambda (regex_flatten (regex_append $0 (regex_reverse_cdr (regex_split empty_string $1))))))
description: Replaces the last letter of a string with a given letter.

replace_each_substring :: tfullstr -> (tsubstr -> tsubstr) -> tfullstr

(lambda (lambda (regex_flatten (regex_map $0 (regex_split empty_string $1)))))
description: Replaces each substring in a string with a given substring.

replace_first_letter_alt_1 :: tfullstr -> tsubstr -> tfullstr

(lambda (lambda (regex_flatten (regex_cons $0 (regex_cdr (regex_split empty_string $1))))))
description: Replaces the first letter of a string with a given substring.

replace_each_substring_if_match :: tsubstr -> tsubstr -> tfullstr -> tfullstr

(lambda (lambda (lambda (replace_each_substring $0 (lambda (regex_if (regex_match $2 $0) $3 $0))))))
description: Replaces each substring in a string if it matches a given pattern.

append_substring_to_end :: tfullstr -> tsubstr -> tfullstr

(lambda (lambda (regex_flatten (regex_append $0 (regex_split empty_string $1)))))
description: Appends a given substring to the end of a string.

fn_50 :: tsubstr -> tsubstr -> tfullstr -> tfullstr

(lambda (lambda (lambda (replace_if_match $0 (regex_concat $1 $2) $2))))

fn_51 :: tfullstr -> tsubstr -> tsubstr -> tfullstr

(lambda (lambda (lambda (regex_flatten (regex_append (regex_concat $0 $1) (regex_reverse_cdr (regex_split '.' $2)))))))

======
Consider the following anonymous function:

fn_50 :: tsubstr -> tsubstr -> tfullstr -> tfullstr

(lambda (lambda (lambda (replace_if_match $0 (regex_concat $1 $2) $2))))

Here are some examples of its usage:

-- if there is e add e before that
(lambda (fn_50 'e' 'e' $0))

-- if there is c add d before that
(lambda (fn_50 'c' 'd' $0))

-- if there is g add w before that
(lambda (fn_50 'g' 'w' $0))

-- if there is g add q before that
(lambda (fn_50 'g' 'q' $0))

Please write a human-readable name and description for `fn_50` in the JSON format shown below.
Your `readable_name` should be underscore-separated and should not contain any spaces.
It should also be unique (not existing in the function library above).
If you cannot come up with a good name, please set `readable_name` to `null`.

{
    "anonymous_name": "fn_50",
    "readable_name": TODO,
    "description": TODO
}

2026-05-09 18:29:38,968 INFO:GPT (gpt-3.5-turbo-instruct) completion:
2026-05-09 18:29:38,968 INFO:[
    {
        "index": 0,
        "text": "\n{\n    \"anonymous_name\": \"fn_50\",\n    \"readable_name\": \"replace_if_match_concat\",\n    \"description\": \"Replaces a substring in a string if it matches a given pattern and concatenates it with another substring.\"\n}",
        "valid": true,
        "data": {
            "anonymous_name": "fn_50",
            "readable_name": "replace_if_match_concat",
            "description": "Replaces a substring in a string if it matches a given pattern and concatenates it with another substring."
        }
    },
    {
        "index": 1,
        "text": "\n{\n    \"anonymous_name\": \"fn_50\",\n    \"readable_name\": \"replace_if_match_concat\",\n    \"description\": \"Replaces a substring in a string if it matches a given pattern and concatenates it with another substring.\"\n}",
        "valid": true,
        "data": {
            "anonymous_name": "fn_50",
            "readable_name": "replace_if_match_concat",
            "description": "Replaces a substring in a string if it matches a given pattern and concatenates it with another substring."
        }
    },
    {
        "index": 2,
        "text": "\n{\n    \"anonymous_name\": \"fn_50\",\n    \"readable_name\": \"replace_if_match_concat\",\n    \"description\": \"Replaces a substring in a string if it matches a given pattern and concatenates it with another substring.\"\n}",
        "valid": true,
        "data": {
            "anonymous_name": "fn_50",
            "readable_name": "replace_if_match_concat",
            "description": "Replaces a substring in a string if it matches a given pattern and concatenates it with another substring."
        }
    },
    {
        "index": 3,
        "text": "\n{\n    \"anonymous_name\": \"fn_50\",\n    \"readable_name\": \"replace_if_match_concat\",\n    \"description\": \"Replaces a substring in a string if it matches a given pattern and concatenates it with another substring.\"\n}",
        "valid": true,
        "data": {
            "anonymous_name": "fn_50",
            "readable_name": "replace_if_match_concat",
            "description": "Replaces a substring in a string if it matches a given pattern and concatenates it with another substring."
        }
    },
    {
        "index": 4,
        "text": "\n{\n    \"anonymous_name\": \"fn_50\",\n    \"readable_name\": \"replace_if_match_concat\",\n    \"description\": \"Replaces a substring in a string if it matches a given pattern and concatenates it with another substring.\"\n}",
        "valid": true,
        "data": {
            "anonymous_name": "fn_50",
            "readable_name": "replace_if_match_concat",
            "description": "Replaces a substring in a string if it matches a given pattern and concatenates it with another substring."
        }
    }
]
2026-05-09 18:29:38,968 INFO:✅ Successfully named fn_50 -> replace_if_match_concat
2026-05-09 18:29:38,968 INFO:{
    "index": 0,
    "text": "\n{\n    \"anonymous_name\": \"fn_50\",\n    \"readable_name\": \"replace_if_match_concat\",\n    \"description\": \"Replaces a substring in a string if it matches a given pattern and concatenates it with another substring.\"\n}",
    "valid": true,
    "data": {
        "anonymous_name": "fn_50",
        "readable_name": "replace_if_match_concat",
        "description": "Replaces a substring in a string if it matches a given pattern and concatenates it with another substring.",
        "usage_examples": [
            {
                "task_name": "re2_train_20_if_there_is_e_add_e_before_that",
                "program": "(lambda (fn_50 'e' 'e' $0))",
                "language": "if there is e add e before that"
            },
            {
                "task_name": "re2_train_39_if_there_is_c_add_d_before_that",
                "program": "(lambda (fn_50 'c' 'd' $0))",
                "language": "if there is c add d before that"
            },
            {
                "task_name": "re2_train_351_if_there_is_g_add_w_before_that",
                "program": "(lambda (fn_50 'g' 'w' $0))",
                "language": "if there is g add w before that"
            },
            {
                "task_name": "re2_train_37_if_there_is_g_add_q_before_that",
                "program": "(lambda (fn_50 'g' 'q' $0))",
                "language": "if there is g add q before that"
            }
        ]
    }
}
2026-05-09 18:29:38,977 INFO:You are writing software documentation. Your goal is to write human-readable names for the following library functions:

replace_if_match :: tfullstr -> tsubstr -> tsubstr -> tfullstr

(lambda (lambda (lambda (regex_flatten (regex_map (lambda (regex_if (regex_match $1 $0) $2 $0)) (regex_split '.' $2))))))
description: Replaces a substring in a string if it matches a given pattern.

replace_first_letter :: tfullstr -> tsubstr -> tsubstr -> tfullstr

(lambda (lambda (lambda (regex_flatten (regex_cons $0 (regex_cons $1 (regex_cdr (regex_split '.' $2))))))))
description: Replaces the first letter of a string with a given letter.

replace_vowel :: tsubstr

(regex_or 'a' (regex_or 'e' (regex_or 'i' (regex_or 'o' 'u'))))
description: Replaces a vowel in a string with a given letter.

replace_last_letter :: tfullstr -> tsubstr -> tfullstr

(lambda (lambda (regex_flatten (regex_append $0 (regex_reverse_cdr (regex_split empty_string $1))))))
description: Replaces the last letter of a string with a given letter.

replace_each_substring :: tfullstr -> (tsubstr -> tsubstr) -> tfullstr

(lambda (lambda (regex_flatten (regex_map $0 (regex_split empty_string $1)))))
description: Replaces each substring in a string with a given substring.

replace_first_letter_alt_1 :: tfullstr -> tsubstr -> tfullstr

(lambda (lambda (regex_flatten (regex_cons $0 (regex_cdr (regex_split empty_string $1))))))
description: Replaces the first letter of a string with a given substring.

replace_each_substring_if_match :: tsubstr -> tsubstr -> tfullstr -> tfullstr

(lambda (lambda (lambda (replace_each_substring $0 (lambda (regex_if (regex_match $2 $0) $3 $0))))))
description: Replaces each substring in a string if it matches a given pattern.

append_substring_to_end :: tfullstr -> tsubstr -> tfullstr

(lambda (lambda (regex_flatten (regex_append $0 (regex_split empty_string $1)))))
description: Appends a given substring to the end of a string.

replace_if_match_concat :: tsubstr -> tsubstr -> tfullstr -> tfullstr

(lambda (lambda (lambda (replace_if_match $0 (regex_concat $1 $2) $2))))
description: Replaces a substring in a string if it matches a given pattern and concatenates it with another substring.

fn_51 :: tfullstr -> tsubstr -> tsubstr -> tfullstr

(lambda (lambda (lambda (regex_flatten (regex_append (regex_concat $0 $1) (regex_reverse_cdr (regex_split '.' $2)))))))

======
Consider the following anonymous function:

fn_51 :: tfullstr -> tsubstr -> tsubstr -> tfullstr

(lambda (lambda (lambda (regex_flatten (regex_append (regex_concat $0 $1) (regex_reverse_cdr (regex_split '.' $2)))))))

Here are some examples of its usage:

-- if the word ends with any letter replace that with o m
(lambda (fn_51 $0 'm' 'o'))

-- if the word ends with any letter any letter replace that with o u
(lambda (fn_51 (replace_last_letter $0 empty_string) 'u' 'o'))

-- if the word ends with consonant replace that with a o
(lambda (fn_51 $0 'o' 'a'))

Please write a human-readable name and description for `fn_51` in the JSON format shown below.
Your `readable_name` should be underscore-separated and should not contain any spaces.
It should also be unique (not existing in the function library above).
If you cannot come up with a good name, please set `readable_name` to `null`.

{
    "anonymous_name": "fn_51",
    "readable_name": TODO,
    "description": TODO
}

2026-05-09 18:29:39,890 INFO:GPT (gpt-3.5-turbo-instruct) completion:
2026-05-09 18:29:39,890 INFO:[
    {
        "index": 0,
        "text": "\n{\n    \"anonymous_name\": \"fn_51\",\n    \"readable_name\": \"replace_concat_reverse_last_letter\",\n    \"description\": \"Replaces the last letter of a string with a given letter, concatenates it with another substring, and reverses the resulting string.\"\n}",
        "valid": true,
        "data": {
            "anonymous_name": "fn_51",
            "readable_name": "replace_concat_reverse_last_letter",
            "description": "Replaces the last letter of a string with a given letter, concatenates it with another substring, and reverses the resulting string."
        }
    },
    {
        "index": 1,
        "text": "\n{\n    \"anonymous_name\": \"fn_51\",\n    \"readable_name\": \"replace_concat_reverse_last_letter\",\n    \"description\": \"Replaces the last letter of a string with a given letter, concatenates it with another substring, and reverses the resulting string.\"\n}",
        "valid": true,
        "data": {
            "anonymous_name": "fn_51",
            "readable_name": "replace_concat_reverse_last_letter",
            "description": "Replaces the last letter of a string with a given letter, concatenates it with another substring, and reverses the resulting string."
        }
    },
    {
        "index": 2,
        "text": "\n{\n    \"anonymous_name\": \"fn_51\",\n    \"readable_name\": \"replace_concat_reverse_last_letter\",\n    \"description\": \"Replaces the last letter of a string with a given letter, concatenates it with another substring, and reverses the resulting string.\"\n}",
        "valid": true,
        "data": {
            "anonymous_name": "fn_51",
            "readable_name": "replace_concat_reverse_last_letter",
            "description": "Replaces the last letter of a string with a given letter, concatenates it with another substring, and reverses the resulting string."
        }
    },
    {
        "index": 3,
        "text": "\n{\n    \"anonymous_name\": \"fn_51\",\n    \"readable_name\": \"replace_concat_reverse_last_letter\",\n    \"description\": \"Replaces the last letter of a string with a given letter, concatenates it with another substring, and reverses the resulting string.\"\n}",
        "valid": true,
        "data": {
            "anonymous_name": "fn_51",
            "readable_name": "replace_concat_reverse_last_letter",
            "description": "Replaces the last letter of a string with a given letter, concatenates it with another substring, and reverses the resulting string."
        }
    },
    {
        "index": 4,
        "text": "\n{\n    \"anonymous_name\": \"fn_51\",\n    \"readable_name\": \"replace_concat_reverse_last_letter\",\n    \"description\": \"Replaces the last letter of a string with a given letter, concatenates it with another substring, and reverses the resulting string.\"\n}",
        "valid": true,
        "data": {
            "anonymous_name": "fn_51",
            "readable_name": "replace_concat_reverse_last_letter",
            "description": "Replaces the last letter of a string with a given letter, concatenates it with another substring, and reverses the resulting string."
        }
    }
]
2026-05-09 18:29:39,890 INFO:✅ Successfully named fn_51 -> replace_concat_reverse_last_letter
2026-05-09 18:29:39,890 INFO:{
    "index": 0,
    "text": "\n{\n    \"anonymous_name\": \"fn_51\",\n    \"readable_name\": \"replace_concat_reverse_last_letter\",\n    \"description\": \"Replaces the last letter of a string with a given letter, concatenates it with another substring, and reverses the resulting string.\"\n}",
    "valid": true,
    "data": {
        "anonymous_name": "fn_51",
        "readable_name": "replace_concat_reverse_last_letter",
        "description": "Replaces the last letter of a string with a given letter, concatenates it with another substring, and reverses the resulting string.",
        "usage_examples": [
            {
                "task_name": "re2_train_307_if_the_word_ends_with_any_letter_replace_that_with_o_m",
                "program": "(lambda (fn_51 $0 'm' 'o'))",
                "language": "if the word ends with any letter replace that with o m"
            },
            {
                "task_name": "re2_train_29_if_the_word_ends_with_any_letter_any_letter_replace_that_with_o_u",
                "program": "(lambda (fn_51 (replace_last_letter $0 empty_string) 'u' 'o'))",
                "language": "if the word ends with any letter any letter replace that with o u"
            },
            {
                "task_name": "re2_train_185_if_the_word_ends_with_consonant_replace_that_with_a_o",
                "program": "(lambda (fn_51 $0 'o' 'a'))",
                "language": "if the word ends with consonant replace that with a o"
            }
        ]
    }
}
2026-05-09 18:29:39,890 INFO:------------
2026-05-09 18:29:39,890 INFO:Completed library naming: 10 / 10 abstractions successfully named.
2026-05-09 18:29:39,890 INFO:{
    "#(lambda (lambda (lambda (_rflatten (map (lambda (if (_rmatch $1 $0) $2 $0)) (_rsplit _rdot $2))))))": {
        "anonymous_name": "fn_42",
        "readable_name": "replace_if_match",
        "description": "Replaces a substring in a string if it matches a given pattern.",
        "usage_examples": [
            {
                "task_name": "re2_train_263_if_there_is_vowel_replace_that_with_q_f",
                "program": "(lambda (fn_42 $0 (regex_concat 'q' 'f') fn_44))",
                "language": "if there is vowel replace that with q f"
            },
            {
                "task_name": "re2_train_357_if_there_is_i_replace_that_with_m",
                "program": "(lambda (fn_42 $0 'm' 'i'))",
                "language": "if there is i replace that with m"
            },
            {
                "task_name": "re2_train_118_if_there_is_l_replace_that_with_n_k",
                "program": "(lambda (fn_42 $0 (regex_concat 'n' 'k') 'l'))",
                "language": "if there is l replace that with n k"
            },
            {
                "task_name": "re2_train_455_if_there_is_vowel_replace_that_with_s",
                "program": "(lambda (fn_42 $0 's' fn_44))",
                "language": "if there is vowel replace that with s"
            },
            {
                "task_name": "re2_train_315_if_there_is_h_replace_that_with_y",
                "program": "(lambda (fn_42 $0 'y' 'h'))",
                "language": "if there is h replace that with y"
            },
            {
                "task_name": "re2_train_246_if_there_is_t_replace_that_with_n",
                "program": "(lambda (fn_42 $0 'n' 't'))",
                "language": "if there is t replace that with n"
            },
            {
                "task_name": "re2_train_230_if_there_is_m_replace_that_with_l",
                "program": "(lambda (fn_42 $0 'l' 'm'))",
                "language": "if there is m replace that with l"
            },
            {
                "task_name": "re2_train_477_if_there_is_s_replace_that_with_i_r",
                "program": "(lambda (fn_42 $0 (regex_concat 'i' 'r') 's'))",
                "language": "if there is s replace that with i r"
            },
            {
                "task_name": "re2_train_172_if_there_is_c_replace_that_with_k_b",
                "program": "(lambda (fn_42 $0 (regex_concat 'k' 'b') 'c'))",
                "language": "if there is c replace that with k b"
            },
            {
                "task_name": "re2_train_424_if_there_is_vowel_replace_that_with_a_f",
                "program": "(lambda (fn_42 $0 (regex_concat 'a' 'f') fn_44))",
                "language": "if there is vowel replace that with a f"
            }
        ]
    },
    "#(lambda (lambda (lambda (_rflatten (cons $0 (cons $1 (cdr (_rsplit _rdot $2))))))))": {
        "anonymous_name": "fn_43",
        "readable_name": "replace_first_letter",
        "description": "Replaces the first letter of a string with a given letter.",
        "usage_examples": [
            {
                "task_name": "re2_train_103_if_the_word_starts_with_any_letter_replace_that_with_q_a",
                "program": "(lambda (fn_43 $0 'a' 'q'))",
                "language": "if the word starts with any letter replace that with q a"
            },
            {
                "task_name": "re2_train_21_if_the_word_starts_with_any_letter_replace_that_with_n_a",
                "program": "(lambda (fn_43 $0 'a' 'n'))",
                "language": "if the word starts with any letter replace that with n a"
            },
            {
                "task_name": "re2_train_71_if_the_word_starts_with_any_letter_replace_that_with_w_i",
                "program": "(lambda (fn_43 $0 'i' 'w'))",
                "language": "if the word starts with any letter replace that with w i"
            },
            {
                "task_name": "re2_train_375_if_the_word_starts_with_any_letter_replace_that_with_a_w",
                "program": "(lambda (fn_43 $0 'w' 'a'))",
                "language": "if the word starts with any letter replace that with a w"
            },
            {
                "task_name": "re2_train_184_if_the_word_starts_with_any_letter_replace_that_with_b_w",
                "program": "(lambda (fn_43 $0 'w' 'b'))",
                "language": "if the word starts with any letter replace that with b w"
            },
            {
                "task_name": "re2_train_289_if_the_word_starts_with_any_letter_replace_that_with_j_o",
                "program": "(lambda (fn_43 $0 'o' 'j'))",
                "language": "if the word starts with any letter replace that with j o"
            },
            {
                "task_name": "re2_train_268_if_the_word_starts_with_any_letter_replace_that_with_x_e",
                "program": "(lambda (fn_43 $0 'e' 'x'))",
                "language": "if the word starts with any letter replace that with x e"
            },
            {
                "task_name": "re2_train_127_if_the_word_starts_with_any_letter_replace_that_with_i_r",
                "program": "(lambda (fn_43 $0 'r' 'i'))",
                "language": "if the word starts with any letter replace that with i r"
            }
        ]
    },
    "#(_ror _a (_ror _e (_ror _i (_ror _o _u))))": {
        "anonymous_name": "fn_44",
        "readable_name": "replace_vowel",
        "description": "Replaces a vowel in a string with a given letter.",
        "usage_examples": [
            {
                "task_name": "re2_train_424_if_there_is_vowel_replace_that_with_a_f",
                "program": "(lambda (replace_if_match $0 (regex_concat 'a' 'f') fn_44))",
                "language": "if there is vowel replace that with a f"
            },
            {
                "task_name": "re2_train_418_if_there_is_vowel_replace_that_with_j",
                "program": "(lambda (fn_48 'j' fn_44 $0))",
                "language": "if there is vowel replace that with j"
            },
            {
                "task_name": "re2_train_455_if_there_is_vowel_replace_that_with_s",
                "program": "(lambda (replace_if_match $0 's' fn_44))",
                "language": "if there is vowel replace that with s"
            },
            {
                "task_name": "re2_train_263_if_there_is_vowel_replace_that_with_q_f",
                "program": "(lambda (replace_if_match $0 (regex_concat 'q' 'f') fn_44))",
                "language": "if there is vowel replace that with q f"
            }
        ]
    },
    "#(lambda (lambda (_rflatten (_rappend $0 (_rrevcdr (_rsplit _rempty $1))))))": {
        "anonymous_name": "fn_45",
        "readable_name": "replace_last_letter",
        "description": "Replaces the last letter of a string with a given letter.",
        "usage_examples": [
            {
                "task_name": "re2_train_393_if_the_word_ends_with_consonant_replace_that_with_i",
                "program": "(lambda (fn_45 $0 'i'))",
                "language": "if the word ends with consonant replace that with i"
            },
            {
                "task_name": "re2_train_132_if_the_word_ends_with_any_letter_consonant_replace_that_with_d_t",
                "program": "(lambda (fn_45 (regex_flatten (regex_reverse_cdr (regex_split empty_string $0))) (regex_concat 'd' 't')))",
                "language": "if the word ends with any letter consonant replace that with d t"
            },
            {
                "task_name": "re2_train_26_if_the_word_ends_with_any_letter_replace_that_with_r",
                "program": "(lambda (fn_45 $0 'r'))",
                "language": "if the word ends with any letter replace that with r"
            },
            {
                "task_name": "re2_train_29_if_the_word_ends_with_any_letter_any_letter_replace_that_with_o_u",
                "program": "(lambda (fn_51 (fn_45 $0 empty_string) 'u' 'o'))",
                "language": "if the word ends with any letter any letter replace that with o u"
            },
            {
                "task_name": "re2_train_390_if_the_word_ends_with_any_letter_any_letter_replace_that_with_j",
                "program": "(lambda (fn_45 (fn_45 $0 empty_string) 'j'))",
                "language": "if the word ends with any letter any letter replace that with j"
            },
            {
                "task_name": "re2_train_52_if_the_word_ends_with_any_letter_replace_that_with_f",
                "program": "(lambda (fn_45 $0 'f'))",
                "language": "if the word ends with any letter replace that with f"
            }
        ]
    },
    "#(lambda (lambda (_rflatten (map $0 (_rsplit _rempty $1)))))": {
        "anonymous_name": "fn_46",
        "readable_name": "replace_each_substring",
        "description": "Replaces each substring in a string with a given substring.",
        "usage_examples": [
            {
                "task_name": "re2_train_229_if_there_is_any_letter_replace_that_with_w_t",
                "program": "(lambda (fn_46 $0 (lambda (regex_concat 'w' 't'))))",
                "language": "if there is any letter replace that with w t"
            },
            {
                "task_name": "re2_train_23_if_there_is_any_letter_replace_that_with_k",
                "program": "(lambda (fn_46 $0 (lambda 'k')))",
                "language": "if there is any letter replace that with k"
            },
            {
                "task_name": "re2_train_159_if_there_is_t_replace_that_with_f_v",
                "program": "(lambda (fn_46 $0 (lambda (regex_if (regex_match $0 't') (regex_concat 'f' 'v') $0))))",
                "language": "if there is t replace that with f v"
            },
            {
                "task_name": "re2_train_129_if_there_is_any_letter_replace_that_with_r_v",
                "program": "(lambda (fn_46 $0 (lambda (regex_concat 'r' 'v'))))",
                "language": "if there is any letter replace that with r v"
            },
            {
                "task_name": "re2_train_41_if_there_is_any_letter_add_v_after_that",
                "program": "(lambda (fn_46 $0 (lambda (regex_concat $0 'v'))))",
                "language": "if there is any letter add v after that"
            }
        ]
    },
    "#(lambda (lambda (_rflatten (cons $0 (cdr (_rsplit _rempty $1))))))": {
        "anonymous_name": "fn_47",
        "readable_name": "replace_first_letter",
        "description": "Replaces the first letter of a string with a given substring.",
        "usage_examples": [
            {
                "task_name": "re2_train_395_if_the_word_starts_with_any_letter_replace_that_with_e_s",
                "program": "(lambda (fn_47 $0 (regex_concat 'e' 's')))",
                "language": "if the word starts with any letter replace that with e s"
            },
            {
                "task_name": "re2_train_463_if_the_word_starts_with_any_letter_replace_that_with_a",
                "program": "(lambda (fn_47 $0 'a'))",
                "language": "if the word starts with any letter replace that with a"
            },
            {
                "task_name": "re2_train_327_if_the_word_starts_with_consonant_replace_that_with_i",
                "program": "(lambda (fn_47 $0 'i'))",
                "language": "if the word starts with consonant replace that with i"
            },
            {
                "task_name": "re2_train_169_if_the_word_starts_with_any_letter_replace_that_with_b",
                "program": "(lambda (fn_47 $0 'b'))",
                "language": "if the word starts with any letter replace that with b"
            }
        ]
    },
    "#(lambda (lambda (lambda (#(lambda (lambda (_rflatten (map $0 (_rsplit _rempty $1))))) $0 (lambda (if (_rmatch $2 $0) $3 $0))))))": {
        "anonymous_name": "fn_48",
        "readable_name": "replace_each_substring_if_match",
        "description": "Replaces each substring in a string if it matches a given pattern.",
        "usage_examples": [
            {
                "task_name": "re2_train_418_if_there_is_vowel_replace_that_with_j",
                "program": "(lambda (fn_48 'j' replace_vowel $0))",
                "language": "if there is vowel replace that with j"
            },
            {
                "task_name": "re2_train_325_if_there_is_t_replace_that_with_i",
                "program": "(lambda (fn_48 'i' 't' $0))",
                "language": "if there is t replace that with i"
            },
            {
                "task_name": "re2_train_109_if_there_is_d_replace_that_with_c_t",
                "program": "(lambda (fn_48 (regex_concat 'c' 't') 'd' $0))",
                "language": "if there is d replace that with c t"
            }
        ]
    },
    "#(lambda (lambda (_rflatten (_rappend $0 (_rsplit _rempty $1)))))": {
        "anonymous_name": "fn_49",
        "readable_name": "append_substring_to_end",
        "description": "Appends a given substring to the end of a string.",
        "usage_examples": [
            {
                "task_name": "re2_train_34_if_the_word_ends_with_any_letter_add_d_after_that",
                "program": "(lambda (fn_49 $0 'd'))",
                "language": "if the word ends with any letter add d after that"
            },
            {
                "task_name": "re2_train_462_if_the_word_ends_with_any_letter_any_letter_add_a_after_that",
                "program": "(lambda (fn_49 $0 'a'))",
                "language": "if the word ends with any letter any letter add a after that"
            },
            {
                "task_name": "re2_train_443_if_the_word_ends_with_any_letter_add_k_after_that",
                "program": "(lambda (fn_49 $0 'k'))",
                "language": "if the word ends with any letter add k after that"
            },
            {
                "task_name": "re2_train_344_if_the_word_ends_with_any_letter_add_q_after_that",
                "program": "(lambda (fn_49 $0 'q'))",
                "language": "if the word ends with any letter add q after that"
            }
        ]
    },
    "#(lambda (lambda (lambda (#(lambda (lambda (lambda (_rflatten (map (lambda (if (_rmatch $1 $0) $2 $0)) (_rsplit _rdot $2)))))) $0 (_rconcat $1 $2) $2))))": {
        "anonymous_name": "fn_50",
        "readable_name": "replace_if_match_concat",
        "description": "Replaces a substring in a string if it matches a given pattern and concatenates it with another substring.",
        "usage_examples": [
            {
                "task_name": "re2_train_20_if_there_is_e_add_e_before_that",
                "program": "(lambda (fn_50 'e' 'e' $0))",
                "language": "if there is e add e before that"
            },
            {
                "task_name": "re2_train_39_if_there_is_c_add_d_before_that",
                "program": "(lambda (fn_50 'c' 'd' $0))",
                "language": "if there is c add d before that"
            },
            {
                "task_name": "re2_train_351_if_there_is_g_add_w_before_that",
                "program": "(lambda (fn_50 'g' 'w' $0))",
                "language": "if there is g add w before that"
            },
            {
                "task_name": "re2_train_37_if_there_is_g_add_q_before_that",
                "program": "(lambda (fn_50 'g' 'q' $0))",
                "language": "if there is g add q before that"
            }
        ]
    },
    "#(lambda (lambda (lambda (_rflatten (_rappend (_rconcat $0 $1) (_rrevcdr (_rsplit _rdot $2)))))))": {
        "anonymous_name": "fn_51",
        "readable_name": "replace_concat_reverse_last_letter",
        "description": "Replaces the last letter of a string with a given letter, concatenates it with another substring, and reverses the resulting string.",
        "usage_examples": [
            {
                "task_name": "re2_train_307_if_the_word_ends_with_any_letter_replace_that_with_o_m",
                "program": "(lambda (fn_51 $0 'm' 'o'))",
                "language": "if the word ends with any letter replace that with o m"
            },
            {
                "task_name": "re2_train_29_if_the_word_ends_with_any_letter_any_letter_replace_that_with_o_u",
                "program": "(lambda (fn_51 (replace_last_letter $0 empty_string) 'u' 'o'))",
                "language": "if the word ends with any letter any letter replace that with o u"
            },
            {
                "task_name": "re2_train_185_if_the_word_ends_with_consonant_replace_that_with_a_o",
                "program": "(lambda (fn_51 $0 'o' 'a'))",
                "language": "if the word ends with consonant replace that with a o"
            }
        ]
    }
}
2026-05-09 18:29:39,891 INFO:Wrote results: <original-workspace>/lilo_sec/experiments_iterative/outputs/dev_regex_batch96_firsttest_gpt35_instruct_original_completion_20260509/domains/re2/lilo_original_completion/seed_111/lilo_original_completion_96/1/train/gpt_library_namer_results.json
2026-05-09 18:29:39,891 INFO:Wrote experiments_iterative/outputs/dev_regex_batch96_firsttest_gpt35_instruct_original_completion_20260509/domains/re2/lilo_original_completion/seed_111/lilo_original_completion_96/1/metrics.json
2026-05-09 18:29:39,891 INFO:====================================
2026-05-09 18:29:39,891 INFO:iteration: 1
2026-05-09 18:29:39,891 INFO:library_namer : generate_library_names
2026-05-09 18:29:39,891 INFO:Completed in 11.540s
2026-05-09 18:29:39,891 INFO:====================================
2026-05-09 18:29:39,891 INFO:============LOGGING METADATA============
2026-05-09 18:29:39,891 INFO:	iteration: 2
2026-05-09 18:29:39,891 INFO:	human_readable: Autogenerated iterative experiment.
2026-05-09 18:29:39,891 INFO:	experiment_id: lilo_original_completion_96
2026-05-09 18:29:39,891 INFO:	encoder: re2
2026-05-09 18:29:39,891 INFO:	init_frontiers_every_iteration: False
2026-05-09 18:29:39,891 INFO:	enumeration_timeout: 1000
2026-05-09 18:29:39,891 INFO:	tasks_loader: re2
2026-05-09 18:29:39,891 INFO:	task_language_loader: re2_synthetic
2026-05-09 18:29:39,891 INFO:	timestamped_experiment_id: lilo_original_completion_96
2026-05-09 18:29:39,891 INFO:	init_grammar_from_checkpoint: False
2026-05-09 18:29:39,891 INFO:	init_frontiers_from_checkpoint: True
2026-05-09 18:29:39,891 INFO:	resume_checkpoint_directory: experiments_iterative/outputs/paperfaithful_init_seed111_20260507/domains/re2/dreamcoder/seed_111/dreamcoder_32
2026-05-09 18:29:39,891 INFO:	export_with_timestamp: False
2026-05-09 18:29:39,891 INFO:	ocaml_special_handler: re2
2026-05-09 18:29:39,891 INFO:	timestamp: 
2026-05-09 18:29:39,891 INFO:	curr_iteration: 0
2026-05-09 18:29:39,891 INFO:	global_batch_size: 96
2026-05-09 18:29:39,891 INFO:	experiment_name: dev_regex_batch96_firsttest_gpt35_instruct_original_completion_20260509
2026-05-09 18:29:39,891 INFO:	dsl_description_prefix: This is a domain-specific language for regular expressions that specify string transformations.
2026-05-09 18:29:39,891 INFO:	log_directory: experiments_iterative/logs/dev_regex_batch96_firsttest_gpt35_instruct_original_completion_20260509/domains/re2/lilo_original_completion/seed_111/lilo_original_completion_96
2026-05-09 18:29:39,891 INFO:	random_generator: Generator(PCG64)
2026-05-09 18:29:39,891 INFO:	export_directory: experiments_iterative/outputs/dev_regex_batch96_firsttest_gpt35_instruct_original_completion_20260509/domains/re2/lilo_original_completion/seed_111/lilo_original_completion_96
2026-05-09 18:29:39,891 INFO:	recognition_train_steps: 10000
2026-05-09 18:29:39,891 INFO:	random_seed: 111
2026-05-09 18:29:39,891 INFO:====================================
2026-05-09 18:29:39,892 INFO:reset_task_frontiers for split: test
2026-05-09 18:29:39,892 INFO:============LOGGING FRONTIERS============
2026-05-09 18:29:39,892 INFO:	 total_solved_tasks_train @ iteration 2: 57 / 491
2026-05-09 18:29:39,892 INFO:	 total_solved_tasks_test @ iteration 2: 0 / 500
2026-05-09 18:29:39,892 INFO:====================================
2026-05-09 18:29:39,892 INFO:============LOGGING MODEL_FN============
2026-05-09 18:29:39,892 INFO:	iteration: 2
2026-05-09 18:29:39,892 INFO:	experiment_block_type: model_fn
2026-05-09 18:29:39,892 INFO:	model_type: llm_solver
2026-05-09 18:29:39,892 INFO:	params: {'temperature': 0.9, 'max_tokens_completion_beta': 4.0, 'function_name_classes': ['human_readable', 'default'], 'body_task_selection': 'random', 'n_samples_per_query': 4, 'n_queries_per_task': 4, 'body_task_types': ['language', 'programs'], 'final_task_types': ['language'], 'prepend_dsl_description': True, 'verbose': False}
2026-05-09 18:29:39,892 INFO:	task_split: train
2026-05-09 18:29:39,892 INFO:	model_fn: infer_programs_for_tasks
2026-05-09 18:29:39,892 INFO:	task_batch_size: global_batch_size
2026-05-09 18:29:39,892 INFO:task_ids: 96 tasks: re2_train_66_if_the_word_starts_with_any_letter_any_letter_add_j_before_that -- re2_train_368_if_the_word_starts_with_consonant_any_letter_add_s_before_that
2026-05-09 18:29:39,892 INFO:====================================
2026-05-09 18:29:40,972 INFO:[TASK 0/96 QUERY 0/4]: re2_train_66_if_the_word_starts_with_any_letter_any_letter_add_j_before_that
2026-05-09 18:29:40,972 INFO:Tasks solved so far: 1/1
2026-05-09 18:29:41,575 INFO:[TASK 1/96 QUERY 0/4]: re2_train_457_if_the_word_ends_with_consonant_replace_that_with_r_t
2026-05-09 18:29:41,576 INFO:Tasks solved so far: 1/2
2026-05-09 18:29:42,229 INFO:[TASK 1/96 QUERY 1/4]: re2_train_457_if_the_word_ends_with_consonant_replace_that_with_r_t
2026-05-09 18:29:42,229 INFO:Tasks solved so far: 1/2
2026-05-09 18:29:43,838 INFO:[TASK 1/96 QUERY 2/4]: re2_train_457_if_the_word_ends_with_consonant_replace_that_with_r_t
2026-05-09 18:29:43,838 INFO:Tasks solved so far: 1/2
2026-05-09 18:29:44,646 INFO:[TASK 1/96 QUERY 3/4]: re2_train_457_if_the_word_ends_with_consonant_replace_that_with_r_t
2026-05-09 18:29:44,646 INFO:Tasks solved so far: 1/2
2026-05-09 18:29:45,742 INFO:[TASK 2/96 QUERY 0/4]: re2_train_233_if_there_is_any_letter_any_letter_replace_that_with_d
2026-05-09 18:29:45,742 INFO:Tasks solved so far: 1/3
2026-05-09 18:29:47,363 INFO:[TASK 2/96 QUERY 1/4]: re2_train_233_if_there_is_any_letter_any_letter_replace_that_with_d
2026-05-09 18:29:47,363 INFO:Tasks solved so far: 1/3
2026-05-09 18:29:48,933 INFO:[TASK 2/96 QUERY 2/4]: re2_train_233_if_there_is_any_letter_any_letter_replace_that_with_d
2026-05-09 18:29:48,934 INFO:Tasks solved so far: 1/3
2026-05-09 18:29:50,348 INFO:[TASK 2/96 QUERY 3/4]: re2_train_233_if_there_is_any_letter_any_letter_replace_that_with_d
2026-05-09 18:29:50,348 INFO:Tasks solved so far: 1/3
2026-05-09 18:29:51,162 INFO:[TASK 3/96 QUERY 0/4]: re2_train_448_if_there_is_any_letter_n_double_that
2026-05-09 18:29:51,162 INFO:Tasks solved so far: 1/4
2026-05-09 18:29:51,876 INFO:[TASK 3/96 QUERY 1/4]: re2_train_448_if_there_is_any_letter_n_double_that
2026-05-09 18:29:51,876 INFO:Tasks solved so far: 1/4
2026-05-09 18:29:52,970 INFO:[TASK 3/96 QUERY 2/4]: re2_train_448_if_there_is_any_letter_n_double_that
2026-05-09 18:29:52,970 INFO:Tasks solved so far: 1/4
2026-05-09 18:29:53,769 INFO:[TASK 3/96 QUERY 3/4]: re2_train_448_if_there_is_any_letter_n_double_that
2026-05-09 18:29:53,769 INFO:Tasks solved so far: 1/4
2026-05-09 18:29:54,414 INFO:[TASK 4/96 QUERY 0/4]: re2_train_148_if_the_word_starts_with_consonant_replace_that_with_s_e
2026-05-09 18:29:54,414 INFO:Tasks solved so far: 1/5
2026-05-09 18:29:55,423 INFO:[TASK 4/96 QUERY 1/4]: re2_train_148_if_the_word_starts_with_consonant_replace_that_with_s_e
2026-05-09 18:29:55,423 INFO:Tasks solved so far: 1/5
2026-05-09 18:29:56,146 INFO:[TASK 4/96 QUERY 2/4]: re2_train_148_if_the_word_starts_with_consonant_replace_that_with_s_e
2026-05-09 18:29:56,146 INFO:Tasks solved so far: 1/5
2026-05-09 18:29:56,820 INFO:[TASK 4/96 QUERY 3/4]: re2_train_148_if_the_word_starts_with_consonant_replace_that_with_s_e
2026-05-09 18:29:56,820 INFO:Tasks solved so far: 1/5
2026-05-09 18:29:57,493 INFO:[TASK 5/96 QUERY 0/4]: re2_train_299_if_there_is_any_letter_replace_that_with_g_i
2026-05-09 18:29:57,493 INFO:Tasks solved so far: 2/6
2026-05-09 18:29:58,196 INFO:[TASK 6/96 QUERY 0/4]: re2_train_429_if_the_word_ends_with_any_letter_any_letter_replace_that_with_r_q
2026-05-09 18:29:58,196 INFO:Tasks solved so far: 3/7
2026-05-09 18:29:58,875 INFO:[TASK 7/96 QUERY 0/4]: re2_train_122_if_the_word_starts_with_vowel_replace_that_with_i_a
2026-05-09 18:29:58,875 INFO:Tasks solved so far: 3/8
2026-05-09 18:30:00,617 INFO:[TASK 7/96 QUERY 1/4]: re2_train_122_if_the_word_starts_with_vowel_replace_that_with_i_a
2026-05-09 18:30:00,617 INFO:Tasks solved so far: 3/8
2026-05-09 18:30:01,756 INFO:[TASK 7/96 QUERY 2/4]: re2_train_122_if_the_word_starts_with_vowel_replace_that_with_i_a
2026-05-09 18:30:01,756 INFO:Tasks solved so far: 3/8
2026-05-09 18:30:02,782 INFO:[TASK 7/96 QUERY 3/4]: re2_train_122_if_the_word_starts_with_vowel_replace_that_with_i_a
2026-05-09 18:30:02,782 INFO:Tasks solved so far: 3/8
2026-05-09 18:30:03,864 INFO:[TASK 8/96 QUERY 0/4]: re2_train_330_if_there_is_t_replace_that_with_l_p
2026-05-09 18:30:03,864 INFO:Tasks solved so far: 4/9
2026-05-09 18:30:04,864 INFO:[TASK 9/96 QUERY 0/4]: re2_train_306_if_the_word_ends_with_vowel_any_letter_replace_that_with_n
2026-05-09 18:30:04,864 INFO:Tasks solved so far: 4/10
2026-05-09 18:30:05,723 INFO:[TASK 9/96 QUERY 1/4]: re2_train_306_if_the_word_ends_with_vowel_any_letter_replace_that_with_n
2026-05-09 18:30:05,723 INFO:Tasks solved so far: 4/10
2026-05-09 18:30:07,325 INFO:[TASK 9/96 QUERY 2/4]: re2_train_306_if_the_word_ends_with_vowel_any_letter_replace_that_with_n
2026-05-09 18:30:07,325 INFO:Tasks solved so far: 4/10
2026-05-09 18:30:08,649 INFO:[TASK 9/96 QUERY 3/4]: re2_train_306_if_the_word_ends_with_vowel_any_letter_replace_that_with_n
2026-05-09 18:30:08,649 INFO:Tasks solved so far: 4/10
2026-05-09 18:30:09,652 INFO:[TASK 10/96 QUERY 0/4]: re2_train_447_if_there_is_vowel_replace_that_with_p_v
2026-05-09 18:30:09,652 INFO:Tasks solved so far: 5/11
2026-05-09 18:30:10,557 INFO:[TASK 11/96 QUERY 0/4]: re2_train_197_if_there_is_any_letter_c_add_k_after_that
2026-05-09 18:30:10,557 INFO:Tasks solved so far: 5/12
2026-05-09 18:30:11,218 INFO:[TASK 11/96 QUERY 1/4]: re2_train_197_if_there_is_any_letter_c_add_k_after_that
2026-05-09 18:30:11,218 INFO:Tasks solved so far: 5/12
2026-05-09 18:30:12,448 INFO:[TASK 11/96 QUERY 2/4]: re2_train_197_if_there_is_any_letter_c_add_k_after_that
2026-05-09 18:30:12,448 INFO:Tasks solved so far: 5/12
2026-05-09 18:30:13,621 INFO:[TASK 11/96 QUERY 3/4]: re2_train_197_if_there_is_any_letter_c_add_k_after_that
2026-05-09 18:30:13,622 INFO:Tasks solved so far: 5/12
2026-05-09 18:30:14,725 INFO:[TASK 12/96 QUERY 0/4]: re2_train_68_if_there_is_any_letter_replace_that_with_h_s
2026-05-09 18:30:14,725 INFO:Tasks solved so far: 6/13
2026-05-09 18:30:15,466 INFO:[TASK 13/96 QUERY 0/4]: re2_train_146_if_there_is_vowel_vowel_replace_that_with_p_p
2026-05-09 18:30:15,466 INFO:Tasks solved so far: 6/14
2026-05-09 18:30:16,846 INFO:[TASK 13/96 QUERY 1/4]: re2_train_146_if_there_is_vowel_vowel_replace_that_with_p_p
2026-05-09 18:30:16,846 INFO:Tasks solved so far: 6/14
2026-05-09 18:30:18,043 INFO:[TASK 13/96 QUERY 2/4]: re2_train_146_if_there_is_vowel_vowel_replace_that_with_p_p
2026-05-09 18:30:18,043 INFO:Tasks solved so far: 6/14
2026-05-09 18:30:18,793 INFO:[TASK 13/96 QUERY 3/4]: re2_train_146_if_there_is_vowel_vowel_replace_that_with_p_p
2026-05-09 18:30:18,793 INFO:Tasks solved so far: 6/14
2026-05-09 18:30:19,791 INFO:[TASK 14/96 QUERY 0/4]: re2_train_76_if_there_is_r_replace_that_with_j
2026-05-09 18:30:19,791 INFO:Tasks solved so far: 7/15
2026-05-09 18:30:20,430 INFO:[TASK 15/96 QUERY 0/4]: re2_train_78_if_the_word_starts_with_any_letter_replace_that_with_y_w
2026-05-09 18:30:20,430 INFO:Tasks solved so far: 7/16
2026-05-09 18:30:21,147 INFO:[TASK 15/96 QUERY 1/4]: re2_train_78_if_the_word_starts_with_any_letter_replace_that_with_y_w
2026-05-09 18:30:21,147 INFO:Tasks solved so far: 8/16
2026-05-09 18:30:22,359 INFO:[TASK 16/96 QUERY 0/4]: re2_train_80_if_the_word_starts_with_consonant_consonant_replace_that_with_v_e
2026-05-09 18:30:22,359 INFO:Tasks solved so far: 8/17
2026-05-09 18:30:23,745 INFO:[TASK 16/96 QUERY 1/4]: re2_train_80_if_the_word_starts_with_consonant_consonant_replace_that_with_v_e
2026-05-09 18:30:23,745 INFO:Tasks solved so far: 8/17
2026-05-09 18:30:24,844 INFO:[TASK 16/96 QUERY 2/4]: re2_train_80_if_the_word_starts_with_consonant_consonant_replace_that_with_v_e
2026-05-09 18:30:24,844 INFO:Tasks solved so far: 8/17
2026-05-09 18:30:25,728 INFO:[TASK 16/96 QUERY 3/4]: re2_train_80_if_the_word_starts_with_consonant_consonant_replace_that_with_v_e
2026-05-09 18:30:25,728 INFO:Tasks solved so far: 8/17
2026-05-09 18:30:26,467 INFO:[TASK 17/96 QUERY 0/4]: re2_train_55_if_the_word_starts_with_any_letter_vowel_add_w_before_that
2026-05-09 18:30:26,467 INFO:Tasks solved so far: 8/18
2026-05-09 18:30:28,060 INFO:[TASK 17/96 QUERY 1/4]: re2_train_55_if_the_word_starts_with_any_letter_vowel_add_w_before_that
2026-05-09 18:30:28,060 INFO:Tasks solved so far: 8/18
2026-05-09 18:30:28,863 INFO:[TASK 17/96 QUERY 2/4]: re2_train_55_if_the_word_starts_with_any_letter_vowel_add_w_before_that
2026-05-09 18:30:28,863 INFO:Tasks solved so far: 8/18
2026-05-09 18:30:29,940 INFO:[TASK 17/96 QUERY 3/4]: re2_train_55_if_the_word_starts_with_any_letter_vowel_add_w_before_that
2026-05-09 18:30:29,941 INFO:Tasks solved so far: 8/18
2026-05-09 18:30:30,608 INFO:[TASK 18/96 QUERY 0/4]: re2_train_183_if_the_word_starts_with_any_letter_replace_that_with_r_m
2026-05-09 18:30:30,608 INFO:Tasks solved so far: 9/19
2026-05-09 18:30:31,583 INFO:[TASK 19/96 QUERY 0/4]: re2_train_391_if_the_word_ends_with_any_letter_consonant_add_y_after_that
2026-05-09 18:30:31,583 INFO:Tasks solved so far: 9/20
2026-05-09 18:30:32,618 INFO:[TASK 19/96 QUERY 1/4]: re2_train_391_if_the_word_ends_with_any_letter_consonant_add_y_after_that
2026-05-09 18:30:32,618 INFO:Tasks solved so far: 9/20
2026-05-09 18:30:33,494 INFO:[TASK 19/96 QUERY 2/4]: re2_train_391_if_the_word_ends_with_any_letter_consonant_add_y_after_that
2026-05-09 18:30:33,494 INFO:Tasks solved so far: 9/20
2026-05-09 18:30:34,332 INFO:[TASK 19/96 QUERY 3/4]: re2_train_391_if_the_word_ends_with_any_letter_consonant_add_y_after_that
2026-05-09 18:30:34,332 INFO:Tasks solved so far: 9/20
2026-05-09 18:30:35,454 INFO:[TASK 20/96 QUERY 0/4]: re2_train_382_if_the_word_starts_with_any_letter_add_o_after_that
2026-05-09 18:30:35,454 INFO:Tasks solved so far: 9/21
2026-05-09 18:30:36,102 INFO:[TASK 20/96 QUERY 1/4]: re2_train_382_if_the_word_starts_with_any_letter_add_o_after_that
2026-05-09 18:30:36,102 INFO:Tasks solved so far: 9/21
2026-05-09 18:30:36,686 INFO:[TASK 20/96 QUERY 2/4]: re2_train_382_if_the_word_starts_with_any_letter_add_o_after_that
2026-05-09 18:30:36,686 INFO:Tasks solved so far: 9/21
2026-05-09 18:30:37,833 INFO:[TASK 20/96 QUERY 3/4]: re2_train_382_if_the_word_starts_with_any_letter_add_o_after_that
2026-05-09 18:30:37,833 INFO:Tasks solved so far: 9/21
2026-05-09 18:30:38,447 INFO:[TASK 21/96 QUERY 0/4]: re2_train_126_if_there_is_vowel_any_letter_replace_that_with_q
2026-05-09 18:30:38,448 INFO:Tasks solved so far: 9/22
2026-05-09 18:30:39,131 INFO:[TASK 21/96 QUERY 1/4]: re2_train_126_if_there_is_vowel_any_letter_replace_that_with_q
2026-05-09 18:30:39,131 INFO:Tasks solved so far: 9/22
2026-05-09 18:30:39,740 INFO:[TASK 21/96 QUERY 2/4]: re2_train_126_if_there_is_vowel_any_letter_replace_that_with_q
2026-05-09 18:30:39,740 INFO:Tasks solved so far: 9/22
2026-05-09 18:30:40,580 INFO:[TASK 21/96 QUERY 3/4]: re2_train_126_if_there_is_vowel_any_letter_replace_that_with_q
2026-05-09 18:30:40,580 INFO:Tasks solved so far: 9/22
2026-05-09 18:30:42,135 INFO:[TASK 22/96 QUERY 0/4]: re2_train_321_if_the_word_ends_with_consonant_consonant_add_j_after_that
2026-05-09 18:30:42,136 INFO:Tasks solved so far: 9/23
2026-05-09 18:30:43,075 INFO:[TASK 22/96 QUERY 1/4]: re2_train_321_if_the_word_ends_with_consonant_consonant_add_j_after_that
2026-05-09 18:30:43,075 INFO:Tasks solved so far: 9/23
2026-05-09 18:30:44,315 INFO:[TASK 22/96 QUERY 2/4]: re2_train_321_if_the_word_ends_with_consonant_consonant_add_j_after_that
2026-05-09 18:30:44,315 INFO:Tasks solved so far: 9/23
2026-05-09 18:30:45,203 INFO:[TASK 22/96 QUERY 3/4]: re2_train_321_if_the_word_ends_with_consonant_consonant_add_j_after_that
2026-05-09 18:30:45,203 INFO:Tasks solved so far: 9/23
2026-05-09 18:30:46,761 INFO:[TASK 23/96 QUERY 0/4]: re2_train_114_if_there_is_any_letter_consonant_replace_that_with_g
2026-05-09 18:30:46,761 INFO:Tasks solved so far: 9/24
2026-05-09 18:30:48,207 INFO:[TASK 23/96 QUERY 1/4]: re2_train_114_if_there_is_any_letter_consonant_replace_that_with_g
2026-05-09 18:30:48,207 INFO:Tasks solved so far: 9/24
2026-05-09 18:30:49,341 INFO:[TASK 23/96 QUERY 2/4]: re2_train_114_if_there_is_any_letter_consonant_replace_that_with_g
2026-05-09 18:30:49,341 INFO:Tasks solved so far: 9/24
2026-05-09 18:30:51,288 INFO:[TASK 23/96 QUERY 3/4]: re2_train_114_if_there_is_any_letter_consonant_replace_that_with_g
2026-05-09 18:30:51,288 INFO:Tasks solved so far: 9/24
2026-05-09 18:30:52,442 INFO:[TASK 24/96 QUERY 0/4]: re2_train_380_if_there_is_consonant_add_y_after_that
2026-05-09 18:30:52,443 INFO:Tasks solved so far: 9/25
2026-05-09 18:30:54,032 INFO:[TASK 24/96 QUERY 1/4]: re2_train_380_if_there_is_consonant_add_y_after_that
2026-05-09 18:30:54,032 INFO:Tasks solved so far: 9/25
2026-05-09 18:30:55,420 INFO:[TASK 24/96 QUERY 2/4]: re2_train_380_if_there_is_consonant_add_y_after_that
2026-05-09 18:30:55,420 INFO:Tasks solved so far: 9/25
2026-05-09 18:30:56,902 INFO:[TASK 24/96 QUERY 3/4]: re2_train_380_if_there_is_consonant_add_y_after_that
2026-05-09 18:30:56,902 INFO:Tasks solved so far: 9/25
2026-05-09 18:30:57,242 INFO:error_code=rate_limit_exceeded error_message='Rate limit reached for gpt-3.5-turbo-instruct in organization org-RcBdlQU9qh37R7FbksDxiLKA on tokens per min (TPM): Limit 90000, Used 88577, Requested 2420. Please try again in 664ms. Visit https://platform.openai.com/account/rate-limits to learn more.' error_param=None error_type=tokens message='OpenAI API error received' stream_error=False
2026-05-09 18:30:57,242 INFO:Rate limit reached for gpt-3.5-turbo-instruct in organization org-RcBdlQU9qh37R7FbksDxiLKA on tokens per min (TPM): Limit 90000, Used 88577, Requested 2420. Please try again in 664ms. Visit https://platform.openai.com/account/rate-limits to learn more.
2026-05-09 18:30:57,242 INFO:ERR: OpenAI rate limit. On attempt 1/5 after waiting 30s.
2026-05-09 18:31:28,028 INFO:[TASK 25/96 QUERY 0/4]: re2_train_128_if_there_is_consonant_r_replace_that_with_q_u
2026-05-09 18:31:28,028 INFO:Tasks solved so far: 9/26
2026-05-09 18:31:29,379 INFO:[TASK 25/96 QUERY 1/4]: re2_train_128_if_there_is_consonant_r_replace_that_with_q_u
2026-05-09 18:31:29,379 INFO:Tasks solved so far: 9/26
2026-05-09 18:31:30,221 INFO:[TASK 25/96 QUERY 2/4]: re2_train_128_if_there_is_consonant_r_replace_that_with_q_u
2026-05-09 18:31:30,221 INFO:Tasks solved so far: 9/26
2026-05-09 18:31:31,434 INFO:[TASK 25/96 QUERY 3/4]: re2_train_128_if_there_is_consonant_r_replace_that_with_q_u
2026-05-09 18:31:31,434 INFO:Tasks solved so far: 9/26
2026-05-09 18:31:32,150 INFO:[TASK 26/96 QUERY 0/4]: re2_train_189_if_there_is_consonant_e_replace_that_with_b_l
2026-05-09 18:31:32,150 INFO:Tasks solved so far: 9/27
2026-05-09 18:31:33,099 INFO:[TASK 26/96 QUERY 1/4]: re2_train_189_if_there_is_consonant_e_replace_that_with_b_l
2026-05-09 18:31:33,099 INFO:Tasks solved so far: 9/27
2026-05-09 18:31:34,600 INFO:[TASK 26/96 QUERY 2/4]: re2_train_189_if_there_is_consonant_e_replace_that_with_b_l
2026-05-09 18:31:34,601 INFO:Tasks solved so far: 9/27
2026-05-09 18:31:35,887 INFO:[TASK 26/96 QUERY 3/4]: re2_train_189_if_there_is_consonant_e_replace_that_with_b_l
2026-05-09 18:31:35,887 INFO:Tasks solved so far: 9/27
2026-05-09 18:31:36,780 INFO:[TASK 27/96 QUERY 0/4]: re2_train_452_if_the_word_ends_with_consonant_any_letter_add_w_before_that
2026-05-09 18:31:36,780 INFO:Tasks solved so far: 9/28
2026-05-09 18:31:37,593 INFO:[TASK 27/96 QUERY 1/4]: re2_train_452_if_the_word_ends_with_consonant_any_letter_add_w_before_that
2026-05-09 18:31:37,594 INFO:Tasks solved so far: 9/28
2026-05-09 18:31:38,348 INFO:[TASK 27/96 QUERY 2/4]: re2_train_452_if_the_word_ends_with_consonant_any_letter_add_w_before_that
2026-05-09 18:31:38,348 INFO:Tasks solved so far: 9/28
2026-05-09 18:31:39,748 INFO:[TASK 27/96 QUERY 3/4]: re2_train_452_if_the_word_ends_with_consonant_any_letter_add_w_before_that
2026-05-09 18:31:39,748 INFO:Tasks solved so far: 9/28
2026-05-09 18:31:40,599 INFO:[TASK 28/96 QUERY 0/4]: re2_train_316_if_the_word_starts_with_any_letter_replace_that_with_r_r
2026-05-09 18:31:40,600 INFO:Tasks solved so far: 10/29
2026-05-09 18:31:41,260 INFO:[TASK 29/96 QUERY 0/4]: re2_train_177_if_there_is_e_replace_that_with_t_u
2026-05-09 18:31:41,260 INFO:Tasks solved so far: 11/30
2026-05-09 18:31:42,350 INFO:[TASK 30/96 QUERY 0/4]: re2_train_113_if_there_is_any_letter_replace_that_with_p
2026-05-09 18:31:42,350 INFO:Tasks solved so far: 11/31
2026-05-09 18:31:42,915 INFO:[TASK 30/96 QUERY 1/4]: re2_train_113_if_there_is_any_letter_replace_that_with_p
2026-05-09 18:31:42,915 INFO:Tasks solved so far: 12/31
2026-05-09 18:31:43,731 INFO:[TASK 31/96 QUERY 0/4]: re2_train_211_if_there_is_vowel_vowel_replace_that_with_g_k
2026-05-09 18:31:43,731 INFO:Tasks solved so far: 12/32
2026-05-09 18:31:44,798 INFO:[TASK 31/96 QUERY 1/4]: re2_train_211_if_there_is_vowel_vowel_replace_that_with_g_k
2026-05-09 18:31:44,798 INFO:Tasks solved so far: 12/32
2026-05-09 18:31:45,632 INFO:[TASK 31/96 QUERY 2/4]: re2_train_211_if_there_is_vowel_vowel_replace_that_with_g_k
2026-05-09 18:31:45,632 INFO:Tasks solved so far: 12/32
2026-05-09 18:31:46,464 INFO:[TASK 31/96 QUERY 3/4]: re2_train_211_if_there_is_vowel_vowel_replace_that_with_g_k
2026-05-09 18:31:46,464 INFO:Tasks solved so far: 12/32
2026-05-09 18:31:48,020 INFO:[TASK 32/96 QUERY 0/4]: re2_train_231_if_there_is_vowel_consonant_add_a_before_that
2026-05-09 18:31:48,020 INFO:Tasks solved so far: 12/33
2026-05-09 18:31:49,470 INFO:[TASK 32/96 QUERY 1/4]: re2_train_231_if_there_is_vowel_consonant_add_a_before_that
2026-05-09 18:31:49,470 INFO:Tasks solved so far: 12/33
2026-05-09 18:31:51,240 INFO:[TASK 32/96 QUERY 2/4]: re2_train_231_if_there_is_vowel_consonant_add_a_before_that
2026-05-09 18:31:51,240 INFO:Tasks solved so far: 12/33
2026-05-09 18:31:52,485 INFO:[TASK 32/96 QUERY 3/4]: re2_train_231_if_there_is_vowel_consonant_add_a_before_that
2026-05-09 18:31:52,485 INFO:Tasks solved so far: 12/33
2026-05-09 18:31:53,277 INFO:[TASK 33/96 QUERY 0/4]: re2_train_345_if_there_is_consonant_vowel_replace_that_with_h_e
2026-05-09 18:31:53,277 INFO:Tasks solved so far: 12/34
2026-05-09 18:31:54,661 INFO:[TASK 33/96 QUERY 1/4]: re2_train_345_if_there_is_consonant_vowel_replace_that_with_h_e
2026-05-09 18:31:54,661 INFO:Tasks solved so far: 12/34
2026-05-09 18:31:56,217 INFO:Err during evaluationname 'e' is not defined
2026-05-09 18:31:56,218 INFO:[TASK 33/96 QUERY 2/4]: re2_train_345_if_there_is_consonant_vowel_replace_that_with_h_e
2026-05-09 18:31:56,218 INFO:Tasks solved so far: 12/34
2026-05-09 18:31:57,498 INFO:[TASK 33/96 QUERY 3/4]: re2_train_345_if_there_is_consonant_vowel_replace_that_with_h_e
2026-05-09 18:31:57,498 INFO:Tasks solved so far: 12/34
2026-05-09 18:31:58,332 INFO:[TASK 34/96 QUERY 0/4]: re2_train_237_if_the_word_ends_with_any_letter_replace_that_with_i_y
2026-05-09 18:31:58,332 INFO:Tasks solved so far: 13/35
2026-05-09 18:31:59,053 INFO:[TASK 35/96 QUERY 0/4]: re2_train_312_if_there_is_any_letter_replace_that_with_h_x
2026-05-09 18:31:59,053 INFO:Tasks solved so far: 14/36
2026-05-09 18:32:00,269 INFO:[TASK 36/96 QUERY 0/4]: re2_train_203_if_the_word_starts_with_any_letter_replace_that_with_f
2026-05-09 18:32:00,269 INFO:Tasks solved so far: 15/37
2026-05-09 18:32:01,218 INFO:[TASK 37/96 QUERY 0/4]: re2_train_130_if_there_is_e_any_letter_replace_that_with_c_t
2026-05-09 18:32:01,218 INFO:Tasks solved so far: 15/38
2026-05-09 18:32:02,008 INFO:[TASK 37/96 QUERY 1/4]: re2_train_130_if_there_is_e_any_letter_replace_that_with_c_t
2026-05-09 18:32:02,009 INFO:Tasks solved so far: 15/38
2026-05-09 18:32:02,869 INFO:[TASK 37/96 QUERY 2/4]: re2_train_130_if_there_is_e_any_letter_replace_that_with_c_t
2026-05-09 18:32:02,869 INFO:Tasks solved so far: 15/38
2026-05-09 18:32:03,604 INFO:[TASK 37/96 QUERY 3/4]: re2_train_130_if_there_is_e_any_letter_replace_that_with_c_t
2026-05-09 18:32:03,604 INFO:Tasks solved so far: 15/38
2026-05-09 18:32:04,198 INFO:[TASK 38/96 QUERY 0/4]: re2_train_474_if_there_is_t_replace_that_with_o
2026-05-09 18:32:04,198 INFO:Tasks solved so far: 16/39
2026-05-09 18:32:04,887 INFO:[TASK 39/96 QUERY 0/4]: re2_train_35_if_there_is_any_letter_replace_that_with_q_j
2026-05-09 18:32:04,887 INFO:Tasks solved so far: 17/40
2026-05-09 18:32:05,194 INFO:error_code=rate_limit_exceeded error_message='Rate limit reached for gpt-3.5-turbo-instruct in organization org-RcBdlQU9qh37R7FbksDxiLKA on tokens per min (TPM): Limit 90000, Used 89387, Requested 2412. Please try again in 1.199s. Visit https://platform.openai.com/account/rate-limits to learn more.' error_param=None error_type=tokens message='OpenAI API error received' stream_error=False
2026-05-09 18:32:05,194 INFO:Rate limit reached for gpt-3.5-turbo-instruct in organization org-RcBdlQU9qh37R7FbksDxiLKA on tokens per min (TPM): Limit 90000, Used 89387, Requested 2412. Please try again in 1.199s. Visit https://platform.openai.com/account/rate-limits to learn more.
2026-05-09 18:32:05,194 INFO:ERR: OpenAI rate limit. On attempt 1/5 after waiting 30s.
2026-05-09 18:32:36,212 INFO:[TASK 40/96 QUERY 0/4]: re2_train_471_if_there_is_o_add_r_before_that
2026-05-09 18:32:36,213 INFO:Tasks solved so far: 18/41
2026-05-09 18:32:37,382 INFO:[TASK 41/96 QUERY 0/4]: re2_train_384_if_the_word_ends_with_vowel_consonant_replace_that_with_w_x
2026-05-09 18:32:37,382 INFO:Tasks solved so far: 18/42
2026-05-09 18:32:38,049 INFO:[TASK 41/96 QUERY 1/4]: re2_train_384_if_the_word_ends_with_vowel_consonant_replace_that_with_w_x
2026-05-09 18:32:38,049 INFO:Tasks solved so far: 18/42
2026-05-09 18:32:39,529 INFO:[TASK 41/96 QUERY 2/4]: re2_train_384_if_the_word_ends_with_vowel_consonant_replace_that_with_w_x
2026-05-09 18:32:39,529 INFO:Tasks solved so far: 18/42
2026-05-09 18:32:40,878 INFO:[TASK 41/96 QUERY 3/4]: re2_train_384_if_the_word_ends_with_vowel_consonant_replace_that_with_w_x
2026-05-09 18:32:40,878 INFO:Tasks solved so far: 18/42
2026-05-09 18:32:41,544 INFO:[TASK 42/96 QUERY 0/4]: re2_train_264_if_the_word_starts_with_any_letter_replace_that_with_k_e
2026-05-09 18:32:41,544 INFO:Tasks solved so far: 19/43
2026-05-09 18:32:42,849 INFO:[TASK 43/96 QUERY 0/4]: re2_train_194_if_the_word_starts_with_any_letter_vowel_replace_that_with_r_r
2026-05-09 18:32:42,849 INFO:Tasks solved so far: 19/44
2026-05-09 18:32:44,943 INFO:[TASK 43/96 QUERY 1/4]: re2_train_194_if_the_word_starts_with_any_letter_vowel_replace_that_with_r_r
2026-05-09 18:32:44,943 INFO:Tasks solved so far: 19/44
2026-05-09 18:32:45,613 INFO:[TASK 43/96 QUERY 2/4]: re2_train_194_if_the_word_starts_with_any_letter_vowel_replace_that_with_r_r
2026-05-09 18:32:45,613 INFO:Tasks solved so far: 19/44
2026-05-09 18:32:46,850 INFO:[TASK 43/96 QUERY 3/4]: re2_train_194_if_the_word_starts_with_any_letter_vowel_replace_that_with_r_r
2026-05-09 18:32:46,850 INFO:Tasks solved so far: 19/44
2026-05-09 18:32:47,828 INFO:[TASK 44/96 QUERY 0/4]: re2_train_239_if_the_word_starts_with_consonant_vowel_replace_that_with_j
2026-05-09 18:32:47,828 INFO:Tasks solved so far: 19/45
2026-05-09 18:32:49,492 INFO:[TASK 44/96 QUERY 1/4]: re2_train_239_if_the_word_starts_with_consonant_vowel_replace_that_with_j
2026-05-09 18:32:49,492 INFO:Tasks solved so far: 19/45
2026-05-09 18:32:50,955 INFO:[TASK 44/96 QUERY 2/4]: re2_train_239_if_the_word_starts_with_consonant_vowel_replace_that_with_j
2026-05-09 18:32:50,955 INFO:Tasks solved so far: 19/45
2026-05-09 18:32:51,676 INFO:[TASK 44/96 QUERY 3/4]: re2_train_239_if_the_word_starts_with_consonant_vowel_replace_that_with_j
2026-05-09 18:32:51,676 INFO:Tasks solved so far: 19/45
2026-05-09 18:32:52,987 INFO:[TASK 45/96 QUERY 0/4]: re2_train_276_if_the_word_starts_with_any_letter_replace_that_with_m_i
2026-05-09 18:32:52,987 INFO:Tasks solved so far: 20/46
2026-05-09 18:32:53,597 INFO:[TASK 46/96 QUERY 0/4]: re2_train_174_if_the_word_ends_with_consonant_replace_that_with_y
2026-05-09 18:32:53,597 INFO:Tasks solved so far: 20/47
2026-05-09 18:32:54,546 INFO:[TASK 46/96 QUERY 1/4]: re2_train_174_if_the_word_ends_with_consonant_replace_that_with_y
2026-05-09 18:32:54,546 INFO:Tasks solved so far: 20/47
2026-05-09 18:32:55,571 INFO:[TASK 46/96 QUERY 2/4]: re2_train_174_if_the_word_ends_with_consonant_replace_that_with_y
2026-05-09 18:32:55,571 INFO:Tasks solved so far: 20/47
2026-05-09 18:32:56,618 INFO:[TASK 46/96 QUERY 3/4]: re2_train_174_if_the_word_ends_with_consonant_replace_that_with_y
2026-05-09 18:32:56,618 INFO:Tasks solved so far: 20/47
2026-05-09 18:32:57,793 INFO:[TASK 47/96 QUERY 0/4]: re2_train_16_if_there_is_a_consonant_replace_that_with_f
2026-05-09 18:32:57,793 INFO:Tasks solved so far: 20/48
2026-05-09 18:32:59,214 INFO:[TASK 47/96 QUERY 1/4]: re2_train_16_if_there_is_a_consonant_replace_that_with_f
2026-05-09 18:32:59,214 INFO:Tasks solved so far: 20/48
2026-05-09 18:32:59,921 INFO:[TASK 47/96 QUERY 2/4]: re2_train_16_if_there_is_a_consonant_replace_that_with_f
2026-05-09 18:32:59,921 INFO:Tasks solved so far: 20/48
2026-05-09 18:33:01,562 INFO:[TASK 47/96 QUERY 3/4]: re2_train_16_if_there_is_a_consonant_replace_that_with_f
2026-05-09 18:33:01,562 INFO:Tasks solved so far: 20/48
2026-05-09 18:33:02,551 INFO:[TASK 48/96 QUERY 0/4]: re2_train_346_if_there_is_l_vowel_replace_that_with_p_f
2026-05-09 18:33:02,551 INFO:Tasks solved so far: 20/49
2026-05-09 18:33:03,483 INFO:[TASK 48/96 QUERY 1/4]: re2_train_346_if_there_is_l_vowel_replace_that_with_p_f
2026-05-09 18:33:03,483 INFO:Tasks solved so far: 20/49
2026-05-09 18:33:04,663 INFO:[TASK 48/96 QUERY 2/4]: re2_train_346_if_there_is_l_vowel_replace_that_with_p_f
2026-05-09 18:33:04,663 INFO:Tasks solved so far: 20/49
2026-05-09 18:33:05,414 INFO:[TASK 48/96 QUERY 3/4]: re2_train_346_if_there_is_l_vowel_replace_that_with_p_f
2026-05-09 18:33:05,414 INFO:Tasks solved so far: 20/49
2026-05-09 18:33:06,159 INFO:[TASK 49/96 QUERY 0/4]: re2_train_83_if_there_is_consonant_replace_that_with_c_m
2026-05-09 18:33:06,159 INFO:Tasks solved so far: 21/50
2026-05-09 18:33:07,044 INFO:[TASK 50/96 QUERY 0/4]: re2_train_405_if_there_is_vowel_vowel_replace_that_with_t
2026-05-09 18:33:07,044 INFO:Tasks solved so far: 21/51
2026-05-09 18:33:07,884 INFO:[TASK 50/96 QUERY 1/4]: re2_train_405_if_there_is_vowel_vowel_replace_that_with_t
2026-05-09 18:33:07,884 INFO:Tasks solved so far: 21/51
2026-05-09 18:33:08,709 INFO:[TASK 50/96 QUERY 2/4]: re2_train_405_if_there_is_vowel_vowel_replace_that_with_t
2026-05-09 18:33:08,709 INFO:Tasks solved so far: 21/51
2026-05-09 18:33:09,898 INFO:[TASK 50/96 QUERY 3/4]: re2_train_405_if_there_is_vowel_vowel_replace_that_with_t
2026-05-09 18:33:09,898 INFO:Tasks solved so far: 21/51
2026-05-09 18:33:10,643 INFO:[TASK 51/96 QUERY 0/4]: re2_train_179_if_there_is_vowel_add_h_before_that
2026-05-09 18:33:10,643 INFO:Tasks solved so far: 21/52
2026-05-09 18:33:11,679 INFO:[TASK 51/96 QUERY 1/4]: re2_train_179_if_there_is_vowel_add_h_before_that
2026-05-09 18:33:11,679 INFO:Tasks solved so far: 21/52
2026-05-09 18:33:12,820 INFO:[TASK 51/96 QUERY 2/4]: re2_train_179_if_there_is_vowel_add_h_before_that
2026-05-09 18:33:12,820 INFO:Tasks solved so far: 21/52
2026-05-09 18:33:14,061 INFO:[TASK 51/96 QUERY 3/4]: re2_train_179_if_there_is_vowel_add_h_before_that
2026-05-09 18:33:14,061 INFO:Tasks solved so far: 21/52
2026-05-09 18:33:15,302 INFO:[TASK 52/96 QUERY 0/4]: re2_train_283_if_there_is_any_letter_consonant_replace_that_with_f
2026-05-09 18:33:15,302 INFO:Tasks solved so far: 21/53
2026-05-09 18:33:16,413 INFO:[TASK 52/96 QUERY 1/4]: re2_train_283_if_there_is_any_letter_consonant_replace_that_with_f
2026-05-09 18:33:16,413 INFO:Tasks solved so far: 21/53
2026-05-09 18:33:17,453 INFO:[TASK 52/96 QUERY 2/4]: re2_train_283_if_there_is_any_letter_consonant_replace_that_with_f
2026-05-09 18:33:17,453 INFO:Tasks solved so far: 21/53
2026-05-09 18:33:18,491 INFO:[TASK 52/96 QUERY 3/4]: re2_train_283_if_there_is_any_letter_consonant_replace_that_with_f
2026-05-09 18:33:18,491 INFO:Tasks solved so far: 21/53
2026-05-09 18:33:20,013 INFO:[TASK 53/96 QUERY 0/4]: re2_train_213_if_there_is_consonant_t_replace_that_with_x
2026-05-09 18:33:20,013 INFO:Tasks solved so far: 21/54
2026-05-09 18:33:21,003 INFO:[TASK 53/96 QUERY 1/4]: re2_train_213_if_there_is_consonant_t_replace_that_with_x
2026-05-09 18:33:21,003 INFO:Tasks solved so far: 21/54
2026-05-09 18:33:21,739 INFO:[TASK 53/96 QUERY 2/4]: re2_train_213_if_there_is_consonant_t_replace_that_with_x
2026-05-09 18:33:21,739 INFO:Tasks solved so far: 21/54
2026-05-09 18:33:22,023 INFO:error_code=rate_limit_exceeded error_message='Rate limit reached for gpt-3.5-turbo-instruct in organization org-RcBdlQU9qh37R7FbksDxiLKA on tokens per min (TPM): Limit 90000, Used 88908, Requested 2419. Please try again in 884ms. Visit https://platform.openai.com/account/rate-limits to learn more.' error_param=None error_type=tokens message='OpenAI API error received' stream_error=False
2026-05-09 18:33:22,023 INFO:Rate limit reached for gpt-3.5-turbo-instruct in organization org-RcBdlQU9qh37R7FbksDxiLKA on tokens per min (TPM): Limit 90000, Used 88908, Requested 2419. Please try again in 884ms. Visit https://platform.openai.com/account/rate-limits to learn more.
2026-05-09 18:33:22,023 INFO:ERR: OpenAI rate limit. On attempt 1/5 after waiting 30s.
2026-05-09 18:33:52,596 INFO:[TASK 53/96 QUERY 3/4]: re2_train_213_if_there_is_consonant_t_replace_that_with_x
2026-05-09 18:33:52,596 INFO:Tasks solved so far: 21/54
2026-05-09 18:33:54,035 INFO:[TASK 54/96 QUERY 0/4]: re2_train_362_if_there_is_consonant_consonant_replace_that_with_n_c
2026-05-09 18:33:54,035 INFO:Tasks solved so far: 21/55
2026-05-09 18:33:55,718 INFO:[TASK 54/96 QUERY 1/4]: re2_train_362_if_there_is_consonant_consonant_replace_that_with_n_c
2026-05-09 18:33:55,718 INFO:Tasks solved so far: 21/55
2026-05-09 18:33:56,646 INFO:[TASK 54/96 QUERY 2/4]: re2_train_362_if_there_is_consonant_consonant_replace_that_with_n_c
2026-05-09 18:33:56,646 INFO:Tasks solved so far: 21/55
2026-05-09 18:33:57,716 INFO:[TASK 54/96 QUERY 3/4]: re2_train_362_if_there_is_consonant_consonant_replace_that_with_n_c
2026-05-09 18:33:57,716 INFO:Tasks solved so far: 21/55
2026-05-09 18:33:58,443 INFO:[TASK 55/96 QUERY 0/4]: re2_train_243_if_there_is_c_add_u_before_that
2026-05-09 18:33:58,443 INFO:Tasks solved so far: 22/56
2026-05-09 18:33:59,957 INFO:[TASK 56/96 QUERY 0/4]: re2_train_475_if_the_word_starts_with_consonant_o_replace_that_with_r
2026-05-09 18:33:59,957 INFO:Tasks solved so far: 22/57
2026-05-09 18:34:01,003 INFO:[TASK 56/96 QUERY 1/4]: re2_train_475_if_the_word_starts_with_consonant_o_replace_that_with_r
2026-05-09 18:34:01,003 INFO:Tasks solved so far: 22/57
2026-05-09 18:34:02,258 INFO:[TASK 56/96 QUERY 2/4]: re2_train_475_if_the_word_starts_with_consonant_o_replace_that_with_r
2026-05-09 18:34:02,258 INFO:Tasks solved so far: 22/57
2026-05-09 18:34:03,421 INFO:[TASK 56/96 QUERY 3/4]: re2_train_475_if_the_word_starts_with_consonant_o_replace_that_with_r
2026-05-09 18:34:03,421 INFO:Tasks solved so far: 22/57
2026-05-09 18:34:04,494 INFO:[TASK 57/96 QUERY 0/4]: re2_train_168_if_the_word_ends_with_consonant_consonant_replace_that_with_r
2026-05-09 18:34:04,495 INFO:Tasks solved so far: 22/58
2026-05-09 18:34:05,671 INFO:[TASK 57/96 QUERY 1/4]: re2_train_168_if_the_word_ends_with_consonant_consonant_replace_that_with_r
2026-05-09 18:34:05,671 INFO:Tasks solved so far: 22/58
2026-05-09 18:34:06,479 INFO:[TASK 57/96 QUERY 2/4]: re2_train_168_if_the_word_ends_with_consonant_consonant_replace_that_with_r
2026-05-09 18:34:06,479 INFO:Tasks solved so far: 22/58
2026-05-09 18:34:07,171 INFO:[TASK 57/96 QUERY 3/4]: re2_train_168_if_the_word_ends_with_consonant_consonant_replace_that_with_r
2026-05-09 18:34:07,171 INFO:Tasks solved so far: 22/58
2026-05-09 18:34:07,895 INFO:[TASK 58/96 QUERY 0/4]: re2_train_465_if_the_word_starts_with_consonant_replace_that_with_q_n
2026-05-09 18:34:07,895 INFO:Tasks solved so far: 22/59
2026-05-09 18:34:08,520 INFO:[TASK 58/96 QUERY 1/4]: re2_train_465_if_the_word_starts_with_consonant_replace_that_with_q_n
2026-05-09 18:34:08,520 INFO:Tasks solved so far: 22/59
2026-05-09 18:34:09,747 INFO:[TASK 58/96 QUERY 2/4]: re2_train_465_if_the_word_starts_with_consonant_replace_that_with_q_n
2026-05-09 18:34:09,747 INFO:Tasks solved so far: 22/59
2026-05-09 18:34:10,355 INFO:[TASK 58/96 QUERY 3/4]: re2_train_465_if_the_word_starts_with_consonant_replace_that_with_q_n
2026-05-09 18:34:10,355 INFO:Tasks solved so far: 22/59
2026-05-09 18:34:11,616 INFO:[TASK 59/96 QUERY 0/4]: re2_train_136_if_the_word_starts_with_any_letter_vowel_add_d_before_that
2026-05-09 18:34:11,616 INFO:Tasks solved so far: 22/60
2026-05-09 18:34:13,043 INFO:[TASK 59/96 QUERY 1/4]: re2_train_136_if_the_word_starts_with_any_letter_vowel_add_d_before_that
2026-05-09 18:34:13,043 INFO:Tasks solved so far: 22/60
2026-05-09 18:34:14,253 INFO:[TASK 59/96 QUERY 2/4]: re2_train_136_if_the_word_starts_with_any_letter_vowel_add_d_before_that
2026-05-09 18:34:14,254 INFO:Tasks solved so far: 22/60
2026-05-09 18:34:15,194 INFO:[TASK 59/96 QUERY 3/4]: re2_train_136_if_the_word_starts_with_any_letter_vowel_add_d_before_that
2026-05-09 18:34:15,194 INFO:Tasks solved so far: 22/60
2026-05-09 18:34:16,012 INFO:[TASK 60/96 QUERY 0/4]: re2_train_209_if_there_is_vowel_consonant_add_d_after_that
2026-05-09 18:34:16,012 INFO:Tasks solved so far: 22/61
2026-05-09 18:34:17,340 INFO:[TASK 60/96 QUERY 1/4]: re2_train_209_if_there_is_vowel_consonant_add_d_after_that
2026-05-09 18:34:17,340 INFO:Tasks solved so far: 22/61
2026-05-09 18:34:19,033 INFO:[TASK 60/96 QUERY 2/4]: re2_train_209_if_there_is_vowel_consonant_add_d_after_that
2026-05-09 18:34:19,033 INFO:Tasks solved so far: 22/61
2026-05-09 18:34:19,834 INFO:[TASK 60/96 QUERY 3/4]: re2_train_209_if_there_is_vowel_consonant_add_d_after_that
2026-05-09 18:34:19,834 INFO:Tasks solved so far: 22/61
2026-05-09 18:34:20,646 INFO:[TASK 61/96 QUERY 0/4]: re2_train_445_if_the_word_ends_with_any_letter_replace_that_with_x_s
2026-05-09 18:34:20,646 INFO:Tasks solved so far: 23/62
2026-05-09 18:34:21,425 INFO:[TASK 62/96 QUERY 0/4]: re2_train_414_if_there_is_i_replace_that_with_v
2026-05-09 18:34:21,425 INFO:Tasks solved so far: 24/63
2026-05-09 18:34:22,167 INFO:[TASK 63/96 QUERY 0/4]: re2_train_134_if_the_word_starts_with_any_letter_add_f_before_that
2026-05-09 18:34:22,167 INFO:Tasks solved so far: 25/64
2026-05-09 18:34:23,304 INFO:[TASK 64/96 QUERY 0/4]: re2_train_99_if_there_is_t_replace_that_with_d_q
2026-05-09 18:34:23,304 INFO:Tasks solved so far: 26/65
2026-05-09 18:34:24,005 INFO:[TASK 65/96 QUERY 0/4]: re2_train_406_if_the_word_starts_with_any_letter_consonant_replace_that_with_l_a
2026-05-09 18:34:24,005 INFO:Tasks solved so far: 26/66
2026-05-09 18:34:25,132 INFO:[TASK 65/96 QUERY 1/4]: re2_train_406_if_the_word_starts_with_any_letter_consonant_replace_that_with_l_a
2026-05-09 18:34:25,132 INFO:Tasks solved so far: 26/66
2026-05-09 18:34:25,848 INFO:[TASK 65/96 QUERY 2/4]: re2_train_406_if_the_word_starts_with_any_letter_consonant_replace_that_with_l_a
2026-05-09 18:34:25,848 INFO:Tasks solved so far: 26/66
2026-05-09 18:34:26,605 INFO:[TASK 65/96 QUERY 3/4]: re2_train_406_if_the_word_starts_with_any_letter_consonant_replace_that_with_l_a
2026-05-09 18:34:26,605 INFO:Tasks solved so far: 26/66
2026-05-09 18:34:27,468 INFO:[TASK 66/96 QUERY 0/4]: re2_train_286_if_the_word_starts_with_vowel_any_letter_replace_that_with_w
2026-05-09 18:34:27,468 INFO:Tasks solved so far: 26/67
2026-05-09 18:34:27,781 INFO:error_code=rate_limit_exceeded error_message='Rate limit reached for gpt-3.5-turbo-instruct in organization org-RcBdlQU9qh37R7FbksDxiLKA on tokens per min (TPM): Limit 90000, Used 88644, Requested 2423. Please try again in 711ms. Visit https://platform.openai.com/account/rate-limits to learn more.' error_param=None error_type=tokens message='OpenAI API error received' stream_error=False
2026-05-09 18:34:27,781 INFO:Rate limit reached for gpt-3.5-turbo-instruct in organization org-RcBdlQU9qh37R7FbksDxiLKA on tokens per min (TPM): Limit 90000, Used 88644, Requested 2423. Please try again in 711ms. Visit https://platform.openai.com/account/rate-limits to learn more.
2026-05-09 18:34:27,781 INFO:ERR: OpenAI rate limit. On attempt 1/5 after waiting 30s.
2026-05-09 18:34:58,349 INFO:[TASK 66/96 QUERY 1/4]: re2_train_286_if_the_word_starts_with_vowel_any_letter_replace_that_with_w
2026-05-09 18:34:58,350 INFO:Tasks solved so far: 26/67
2026-05-09 18:34:59,424 INFO:[TASK 66/96 QUERY 2/4]: re2_train_286_if_the_word_starts_with_vowel_any_letter_replace_that_with_w
2026-05-09 18:34:59,424 INFO:Tasks solved so far: 26/67
2026-05-09 18:35:00,312 INFO:[TASK 66/96 QUERY 3/4]: re2_train_286_if_the_word_starts_with_vowel_any_letter_replace_that_with_w
2026-05-09 18:35:00,312 INFO:Tasks solved so far: 26/67
2026-05-09 18:35:01,248 INFO:[TASK 67/96 QUERY 0/4]: re2_train_364_if_the_word_ends_with_s_replace_that_with_y
2026-05-09 18:35:01,248 INFO:Tasks solved so far: 26/68
2026-05-09 18:35:02,047 INFO:[TASK 67/96 QUERY 1/4]: re2_train_364_if_the_word_ends_with_s_replace_that_with_y
2026-05-09 18:35:02,047 INFO:Tasks solved so far: 26/68
2026-05-09 18:35:02,705 INFO:[TASK 67/96 QUERY 2/4]: re2_train_364_if_the_word_ends_with_s_replace_that_with_y
2026-05-09 18:35:02,705 INFO:Tasks solved so far: 26/68
2026-05-09 18:35:04,484 INFO:[TASK 67/96 QUERY 3/4]: re2_train_364_if_the_word_ends_with_s_replace_that_with_y
2026-05-09 18:35:04,484 INFO:Tasks solved so far: 26/68
2026-05-09 18:35:05,709 INFO:[TASK 68/96 QUERY 0/4]: re2_train_7_if_the_word_starts_with_consonant_replace_that_with_j_e
2026-05-09 18:35:05,709 INFO:Tasks solved so far: 26/69
2026-05-09 18:35:06,500 INFO:[TASK 68/96 QUERY 1/4]: re2_train_7_if_the_word_starts_with_consonant_replace_that_with_j_e
2026-05-09 18:35:06,500 INFO:Tasks solved so far: 26/69
2026-05-09 18:35:07,100 INFO:[TASK 68/96 QUERY 2/4]: re2_train_7_if_the_word_starts_with_consonant_replace_that_with_j_e
2026-05-09 18:35:07,100 INFO:Tasks solved so far: 26/69
2026-05-09 18:35:07,879 INFO:[TASK 68/96 QUERY 3/4]: re2_train_7_if_the_word_starts_with_consonant_replace_that_with_j_e
2026-05-09 18:35:07,879 INFO:Tasks solved so far: 26/69
2026-05-09 18:35:08,649 INFO:[TASK 69/96 QUERY 0/4]: re2_train_442_if_there_is_any_letter_replace_that_with_h_r
2026-05-09 18:35:08,649 INFO:Tasks solved so far: 27/70
2026-05-09 18:35:09,803 INFO:[TASK 70/96 QUERY 0/4]: re2_train_388_if_the_word_starts_with_consonant_replace_that_with_q_i
2026-05-09 18:35:09,803 INFO:Tasks solved so far: 28/71
2026-05-09 18:35:11,266 INFO:[TASK 71/96 QUERY 0/4]: re2_train_302_if_there_is_vowel_add_v_after_that
2026-05-09 18:35:11,266 INFO:Tasks solved so far: 28/72
2026-05-09 18:35:12,319 INFO:[TASK 71/96 QUERY 1/4]: re2_train_302_if_there_is_vowel_add_v_after_that
2026-05-09 18:35:12,319 INFO:Tasks solved so far: 28/72
2026-05-09 18:35:12,976 INFO:[TASK 71/96 QUERY 2/4]: re2_train_302_if_there_is_vowel_add_v_after_that
2026-05-09 18:35:12,976 INFO:Tasks solved so far: 28/72
2026-05-09 18:35:13,608 INFO:[TASK 71/96 QUERY 3/4]: re2_train_302_if_there_is_vowel_add_v_after_that
2026-05-09 18:35:13,608 INFO:Tasks solved so far: 28/72
2026-05-09 18:35:14,380 INFO:[TASK 72/96 QUERY 0/4]: re2_train_235_if_the_word_starts_with_consonant_vowel_replace_that_with_v_j
2026-05-09 18:35:14,380 INFO:Tasks solved so far: 28/73
2026-05-09 18:35:15,544 INFO:[TASK 72/96 QUERY 1/4]: re2_train_235_if_the_word_starts_with_consonant_vowel_replace_that_with_v_j
2026-05-09 18:35:15,544 INFO:Tasks solved so far: 28/73
2026-05-09 18:35:16,799 INFO:[TASK 72/96 QUERY 2/4]: re2_train_235_if_the_word_starts_with_consonant_vowel_replace_that_with_v_j
2026-05-09 18:35:16,799 INFO:Tasks solved so far: 28/73
2026-05-09 18:35:17,921 INFO:[TASK 72/96 QUERY 3/4]: re2_train_235_if_the_word_starts_with_consonant_vowel_replace_that_with_v_j
2026-05-09 18:35:17,921 INFO:Tasks solved so far: 28/73
2026-05-09 18:35:18,708 INFO:[TASK 73/96 QUERY 0/4]: re2_train_392_if_the_word_starts_with_any_letter_vowel_replace_that_with_v_p
2026-05-09 18:35:18,708 INFO:Tasks solved so far: 28/74
2026-05-09 18:35:19,428 INFO:[TASK 73/96 QUERY 1/4]: re2_train_392_if_the_word_starts_with_any_letter_vowel_replace_that_with_v_p
2026-05-09 18:35:19,428 INFO:Tasks solved so far: 28/74
2026-05-09 18:35:20,820 INFO:[TASK 73/96 QUERY 2/4]: re2_train_392_if_the_word_starts_with_any_letter_vowel_replace_that_with_v_p
2026-05-09 18:35:20,820 INFO:Tasks solved so far: 28/74
2026-05-09 18:35:21,506 INFO:[TASK 73/96 QUERY 3/4]: re2_train_392_if_the_word_starts_with_any_letter_vowel_replace_that_with_v_p
2026-05-09 18:35:21,506 INFO:Tasks solved so far: 28/74
2026-05-09 18:35:22,500 INFO:[TASK 74/96 QUERY 0/4]: re2_train_458_if_there_is_n_consonant_add_p_after_that
2026-05-09 18:35:22,500 INFO:Tasks solved so far: 28/75
2026-05-09 18:35:23,993 INFO:[TASK 74/96 QUERY 1/4]: re2_train_458_if_there_is_n_consonant_add_p_after_that
2026-05-09 18:35:23,994 INFO:Tasks solved so far: 28/75
2026-05-09 18:35:25,167 INFO:[TASK 74/96 QUERY 2/4]: re2_train_458_if_there_is_n_consonant_add_p_after_that
2026-05-09 18:35:25,167 INFO:Tasks solved so far: 28/75
2026-05-09 18:35:26,131 INFO:[TASK 74/96 QUERY 3/4]: re2_train_458_if_there_is_n_consonant_add_p_after_that
2026-05-09 18:35:26,131 INFO:Tasks solved so far: 28/75
2026-05-09 18:35:27,410 INFO:[TASK 75/96 QUERY 0/4]: re2_train_280_if_there_is_any_letter_add_q_before_that
2026-05-09 18:35:27,410 INFO:Tasks solved so far: 29/76
2026-05-09 18:35:28,750 INFO:[TASK 76/96 QUERY 0/4]: re2_train_394_if_there_is_t_replace_that_with_k
2026-05-09 18:35:28,750 INFO:Tasks solved so far: 30/77
2026-05-09 18:35:29,700 INFO:[TASK 77/96 QUERY 0/4]: re2_train_370_if_the_word_starts_with_any_letter_vowel_replace_that_with_x
2026-05-09 18:35:29,701 INFO:Tasks solved so far: 30/78
2026-05-09 18:35:30,967 INFO:[TASK 77/96 QUERY 1/4]: re2_train_370_if_the_word_starts_with_any_letter_vowel_replace_that_with_x
2026-05-09 18:35:30,967 INFO:Tasks solved so far: 30/78
2026-05-09 18:35:31,630 INFO:[TASK 77/96 QUERY 2/4]: re2_train_370_if_the_word_starts_with_any_letter_vowel_replace_that_with_x
2026-05-09 18:35:31,630 INFO:Tasks solved so far: 30/78
2026-05-09 18:35:32,237 INFO:[TASK 77/96 QUERY 3/4]: re2_train_370_if_the_word_starts_with_any_letter_vowel_replace_that_with_x
2026-05-09 18:35:32,237 INFO:Tasks solved so far: 30/78
2026-05-09 18:35:33,104 INFO:[TASK 78/96 QUERY 0/4]: re2_train_417_if_there_is_any_letter_add_l_before_that
2026-05-09 18:35:33,104 INFO:Tasks solved so far: 31/79
2026-05-09 18:35:33,493 INFO:error_code=rate_limit_exceeded error_message='Rate limit reached for gpt-3.5-turbo-instruct in organization org-RcBdlQU9qh37R7FbksDxiLKA on tokens per min (TPM): Limit 90000, Used 88734, Requested 2413. Please try again in 764ms. Visit https://platform.openai.com/account/rate-limits to learn more.' error_param=None error_type=tokens message='OpenAI API error received' stream_error=False
2026-05-09 18:35:33,493 INFO:Rate limit reached for gpt-3.5-turbo-instruct in organization org-RcBdlQU9qh37R7FbksDxiLKA on tokens per min (TPM): Limit 90000, Used 88734, Requested 2413. Please try again in 764ms. Visit https://platform.openai.com/account/rate-limits to learn more.
2026-05-09 18:35:33,493 INFO:ERR: OpenAI rate limit. On attempt 1/5 after waiting 30s.
2026-05-09 18:36:04,123 INFO:[TASK 79/96 QUERY 0/4]: re2_train_270_if_there_is_r_replace_that_with_e_d
2026-05-09 18:36:04,123 INFO:Tasks solved so far: 32/80
2026-05-09 18:36:05,507 INFO:[TASK 80/96 QUERY 0/4]: re2_train_383_if_the_word_starts_with_vowel_replace_that_with_q_h
2026-05-09 18:36:05,507 INFO:Tasks solved so far: 32/81
2026-05-09 18:36:06,811 INFO:[TASK 80/96 QUERY 1/4]: re2_train_383_if_the_word_starts_with_vowel_replace_that_with_q_h
2026-05-09 18:36:06,811 INFO:Tasks solved so far: 32/81
2026-05-09 18:36:07,950 INFO:[TASK 80/96 QUERY 2/4]: re2_train_383_if_the_word_starts_with_vowel_replace_that_with_q_h
2026-05-09 18:36:07,950 INFO:Tasks solved so far: 32/81
2026-05-09 18:36:08,989 INFO:[TASK 80/96 QUERY 3/4]: re2_train_383_if_the_word_starts_with_vowel_replace_that_with_q_h
2026-05-09 18:36:08,989 INFO:Tasks solved so far: 32/81
2026-05-09 18:36:09,932 INFO:[TASK 81/96 QUERY 0/4]: re2_train_9_if_the_word_starts_with_any_letter_vowel_add_j_before_that
2026-05-09 18:36:09,932 INFO:Tasks solved so far: 32/82
2026-05-09 18:36:10,791 INFO:[TASK 81/96 QUERY 1/4]: re2_train_9_if_the_word_starts_with_any_letter_vowel_add_j_before_that
2026-05-09 18:36:10,791 INFO:Tasks solved so far: 32/82
2026-05-09 18:36:11,997 INFO:[TASK 81/96 QUERY 2/4]: re2_train_9_if_the_word_starts_with_any_letter_vowel_add_j_before_that
2026-05-09 18:36:11,997 INFO:Tasks solved so far: 32/82
2026-05-09 18:36:13,287 INFO:[TASK 81/96 QUERY 3/4]: re2_train_9_if_the_word_starts_with_any_letter_vowel_add_j_before_that
2026-05-09 18:36:13,287 INFO:Tasks solved so far: 32/82
2026-05-09 18:36:14,026 INFO:[TASK 82/96 QUERY 0/4]: re2_train_421_if_there_is_vowel_replace_that_with_b_t
2026-05-09 18:36:14,026 INFO:Tasks solved so far: 33/83
2026-05-09 18:36:14,797 INFO:[TASK 83/96 QUERY 0/4]: re2_train_150_if_the_word_ends_with_s_remove_that
2026-05-09 18:36:14,797 INFO:Tasks solved so far: 33/84
2026-05-09 18:36:15,459 INFO:[TASK 83/96 QUERY 1/4]: re2_train_150_if_the_word_ends_with_s_remove_that
2026-05-09 18:36:15,459 INFO:Tasks solved so far: 33/84
2026-05-09 18:36:16,028 INFO:[TASK 83/96 QUERY 2/4]: re2_train_150_if_the_word_ends_with_s_remove_that
2026-05-09 18:36:16,029 INFO:Tasks solved so far: 33/84
2026-05-09 18:36:16,794 INFO:[TASK 83/96 QUERY 3/4]: re2_train_150_if_the_word_ends_with_s_remove_that
2026-05-09 18:36:16,794 INFO:Tasks solved so far: 33/84
2026-05-09 18:36:17,444 INFO:[TASK 84/96 QUERY 0/4]: re2_train_319_if_there_is_g_replace_that_with_c
2026-05-09 18:36:17,444 INFO:Tasks solved so far: 34/85
2026-05-09 18:36:18,173 INFO:[TASK 85/96 QUERY 0/4]: re2_train_135_if_there_is_any_letter_replace_that_with_f_n
2026-05-09 18:36:18,173 INFO:Tasks solved so far: 35/86
2026-05-09 18:36:18,872 INFO:[TASK 86/96 QUERY 0/4]: re2_train_224_if_there_is_vowel_l_replace_that_with_a
2026-05-09 18:36:18,872 INFO:Tasks solved so far: 35/87
2026-05-09 18:36:19,944 INFO:[TASK 86/96 QUERY 1/4]: re2_train_224_if_there_is_vowel_l_replace_that_with_a
2026-05-09 18:36:19,944 INFO:Tasks solved so far: 35/87
2026-05-09 18:36:20,817 INFO:[TASK 86/96 QUERY 2/4]: re2_train_224_if_there_is_vowel_l_replace_that_with_a
2026-05-09 18:36:20,817 INFO:Tasks solved so far: 35/87
2026-05-09 18:36:22,477 INFO:[TASK 86/96 QUERY 3/4]: re2_train_224_if_there_is_vowel_l_replace_that_with_a
2026-05-09 18:36:22,477 INFO:Tasks solved so far: 35/87
2026-05-09 18:36:23,446 INFO:[TASK 87/96 QUERY 0/4]: re2_train_178_if_there_is_vowel_replace_that_with_n_p
2026-05-09 18:36:23,446 INFO:Tasks solved so far: 36/88
2026-05-09 18:36:24,306 INFO:[TASK 88/96 QUERY 0/4]: re2_train_244_if_there_is_any_letter_replace_that_with_u_e
2026-05-09 18:36:24,306 INFO:Tasks solved so far: 37/89
2026-05-09 18:36:25,032 INFO:[TASK 89/96 QUERY 0/4]: re2_train_19_if_the_word_ends_with_any_letter_consonant_replace_that_with_v
2026-05-09 18:36:25,032 INFO:Tasks solved so far: 37/90
2026-05-09 18:36:26,123 INFO:[TASK 89/96 QUERY 1/4]: re2_train_19_if_the_word_ends_with_any_letter_consonant_replace_that_with_v
2026-05-09 18:36:26,124 INFO:Tasks solved so far: 37/90
2026-05-09 18:36:26,861 INFO:[TASK 89/96 QUERY 2/4]: re2_train_19_if_the_word_ends_with_any_letter_consonant_replace_that_with_v
2026-05-09 18:36:26,861 INFO:Tasks solved so far: 37/90
2026-05-09 18:36:28,008 INFO:[TASK 89/96 QUERY 3/4]: re2_train_19_if_the_word_ends_with_any_letter_consonant_replace_that_with_v
2026-05-09 18:36:28,008 INFO:Tasks solved so far: 37/90
2026-05-09 18:36:29,043 INFO:[TASK 90/96 QUERY 0/4]: re2_train_439_if_there_is_c_replace_that_with_n_m
2026-05-09 18:36:29,043 INFO:Tasks solved so far: 38/91
2026-05-09 18:36:30,028 INFO:[TASK 91/96 QUERY 0/4]: re2_train_59_if_the_word_ends_with_vowel_any_letter_replace_that_with_t
2026-05-09 18:36:30,028 INFO:Tasks solved so far: 38/92
2026-05-09 18:36:30,996 INFO:[TASK 91/96 QUERY 1/4]: re2_train_59_if_the_word_ends_with_vowel_any_letter_replace_that_with_t
2026-05-09 18:36:30,997 INFO:Tasks solved so far: 38/92
2026-05-09 18:36:32,024 INFO:[TASK 91/96 QUERY 2/4]: re2_train_59_if_the_word_ends_with_vowel_any_letter_replace_that_with_t
2026-05-09 18:36:32,024 INFO:Tasks solved so far: 38/92
2026-05-09 18:36:32,948 INFO:[TASK 91/96 QUERY 3/4]: re2_train_59_if_the_word_ends_with_vowel_any_letter_replace_that_with_t
2026-05-09 18:36:32,948 INFO:Tasks solved so far: 38/92
2026-05-09 18:36:33,834 INFO:[TASK 92/96 QUERY 0/4]: re2_train_266_if_the_word_starts_with_consonant_replace_that_with_w_v
2026-05-09 18:36:33,834 INFO:Tasks solved so far: 38/93
2026-05-09 18:36:34,561 INFO:[TASK 92/96 QUERY 1/4]: re2_train_266_if_the_word_starts_with_consonant_replace_that_with_w_v
2026-05-09 18:36:34,561 INFO:Tasks solved so far: 38/93
2026-05-09 18:36:35,286 INFO:[TASK 92/96 QUERY 2/4]: re2_train_266_if_the_word_starts_with_consonant_replace_that_with_w_v
2026-05-09 18:36:35,287 INFO:Tasks solved so far: 38/93
2026-05-09 18:36:35,574 INFO:error_code=rate_limit_exceeded error_message='Rate limit reached for gpt-3.5-turbo-instruct in organization org-RcBdlQU9qh37R7FbksDxiLKA on tokens per min (TPM): Limit 90000, Used 88949, Requested 2418. Please try again in 911ms. Visit https://platform.openai.com/account/rate-limits to learn more.' error_param=None error_type=tokens message='OpenAI API error received' stream_error=False
2026-05-09 18:36:35,574 INFO:Rate limit reached for gpt-3.5-turbo-instruct in organization org-RcBdlQU9qh37R7FbksDxiLKA on tokens per min (TPM): Limit 90000, Used 88949, Requested 2418. Please try again in 911ms. Visit https://platform.openai.com/account/rate-limits to learn more.
2026-05-09 18:36:35,574 INFO:ERR: OpenAI rate limit. On attempt 1/5 after waiting 30s.
2026-05-09 18:37:06,387 INFO:[TASK 92/96 QUERY 3/4]: re2_train_266_if_the_word_starts_with_consonant_replace_that_with_w_v
2026-05-09 18:37:06,387 INFO:Tasks solved so far: 38/93
2026-05-09 18:37:07,261 INFO:[TASK 93/96 QUERY 0/4]: re2_train_349_if_the_word_starts_with_any_letter_consonant_replace_that_with_y_m
2026-05-09 18:37:07,261 INFO:Tasks solved so far: 38/94
2026-05-09 18:37:08,009 INFO:[TASK 93/96 QUERY 1/4]: re2_train_349_if_the_word_starts_with_any_letter_consonant_replace_that_with_y_m
2026-05-09 18:37:08,010 INFO:Tasks solved so far: 38/94
2026-05-09 18:37:08,738 INFO:[TASK 93/96 QUERY 2/4]: re2_train_349_if_the_word_starts_with_any_letter_consonant_replace_that_with_y_m
2026-05-09 18:37:08,738 INFO:Tasks solved so far: 38/94
2026-05-09 18:37:09,429 INFO:[TASK 93/96 QUERY 3/4]: re2_train_349_if_the_word_starts_with_any_letter_consonant_replace_that_with_y_m
2026-05-09 18:37:09,429 INFO:Tasks solved so far: 38/94
2026-05-09 18:37:10,553 INFO:[TASK 94/96 QUERY 0/4]: re2_train_486_if_the_word_starts_with_any_letter_add_b_before_that
2026-05-09 18:37:10,553 INFO:Tasks solved so far: 39/95
2026-05-09 18:37:11,487 INFO:[TASK 95/96 QUERY 0/4]: re2_train_368_if_the_word_starts_with_consonant_any_letter_add_s_before_that
2026-05-09 18:37:11,487 INFO:Tasks solved so far: 39/96
2026-05-09 18:37:12,772 INFO:[TASK 95/96 QUERY 1/4]: re2_train_368_if_the_word_starts_with_consonant_any_letter_add_s_before_that
2026-05-09 18:37:12,772 INFO:Tasks solved so far: 39/96
2026-05-09 18:37:14,235 INFO:[TASK 95/96 QUERY 2/4]: re2_train_368_if_the_word_starts_with_consonant_any_letter_add_s_before_that
2026-05-09 18:37:14,235 INFO:Tasks solved so far: 39/96
2026-05-09 18:37:15,261 INFO:[TASK 95/96 QUERY 3/4]: re2_train_368_if_the_word_starts_with_consonant_any_letter_add_s_before_that
2026-05-09 18:37:15,261 INFO:Tasks solved so far: 39/96
2026-05-09 18:37:15,568 INFO:Wrote experiments_iterative/outputs/dev_regex_batch96_firsttest_gpt35_instruct_original_completion_20260509/domains/re2/lilo_original_completion/seed_111/lilo_original_completion_96/2/metrics.json
2026-05-09 18:37:15,568 INFO:====================================
2026-05-09 18:37:15,568 INFO:iteration: 2
2026-05-09 18:37:15,568 INFO:llm_solver : infer_programs_for_tasks
2026-05-09 18:37:15,568 INFO:Completed in 455.676s
2026-05-09 18:37:15,568 INFO:====================================
2026-05-09 18:37:15,568 INFO:============LOGGING MODEL_FN============
2026-05-09 18:37:15,568 INFO:	iteration: 2
2026-05-09 18:37:15,568 INFO:	experiment_block_type: model_fn
2026-05-09 18:37:15,568 INFO:	model_type: amortized_synthesis
2026-05-09 18:37:15,568 INFO:	params: {'recognition_train_steps': 10000}
2026-05-09 18:37:15,568 INFO:	task_split: train
2026-05-09 18:37:15,568 INFO:	model_fn: optimize_model_for_frontiers
2026-05-09 18:37:15,568 INFO:	task_batch_size: all
2026-05-09 18:37:15,568 INFO:task_ids: 491 tasks: re2_train_489_if_there_is_any_letter_consonant_replace_that_with_b -- re2_train_432_if_the_word_ends_with_vowel_any_letter_replace_that_with_h_i
2026-05-09 18:37:15,568 INFO:====================================
2026-05-09 18:37:15,582 INFO:No pre-enumerated helmholtzFrontiers: we will sample randomly during the training loop.
2026-05-09 18:37:16,014 INFO:Attempted frontier likelihood normalization. Initial frontiers: 96. Now: 96
2026-05-09 18:37:16,014 INFO:Sampling new helmholtz frontiers during training.
2026-05-09 18:37:17,161 INFO:We now have 493 Helmholtz entries.
2026-05-09 18:37:24,240 INFO:Sampling new helmholtz frontiers during training.
2026-05-09 18:37:25,396 INFO:We now have 490 Helmholtz entries.
2026-05-09 18:37:32,422 INFO:Sampling new helmholtz frontiers during training.
2026-05-09 18:37:33,401 INFO:We now have 492 Helmholtz entries.
2026-05-09 18:37:40,289 INFO:Sampling new helmholtz frontiers during training.
2026-05-09 18:37:41,184 INFO:We now have 490 Helmholtz entries.
2026-05-09 18:37:48,111 INFO:Sampling new helmholtz frontiers during training.
2026-05-09 18:37:49,061 INFO:We now have 489 Helmholtz entries.
2026-05-09 18:37:56,443 INFO:Sampling new helmholtz frontiers during training.
2026-05-09 18:37:57,397 INFO:We now have 494 Helmholtz entries.
2026-05-09 18:38:04,078 INFO:Sampling new helmholtz frontiers during training.
2026-05-09 18:38:05,073 INFO:We now have 492 Helmholtz entries.
2026-05-09 18:38:12,412 INFO:Sampling new helmholtz frontiers during training.
2026-05-09 18:38:13,306 INFO:We now have 495 Helmholtz entries.
2026-05-09 18:38:20,779 INFO:Sampling new helmholtz frontiers during training.
2026-05-09 18:38:21,957 INFO:We now have 490 Helmholtz entries.
2026-05-09 18:38:28,470 INFO:Sampling new helmholtz frontiers during training.
2026-05-09 18:38:30,118 INFO:We now have 486 Helmholtz entries.
2026-05-09 18:38:37,175 INFO:Sampling new helmholtz frontiers during training.
2026-05-09 18:38:38,336 INFO:We now have 490 Helmholtz entries.
2026-05-09 18:38:39,713 INFO:Wrote experiments_iterative/outputs/dev_regex_batch96_firsttest_gpt35_instruct_original_completion_20260509/domains/re2/lilo_original_completion/seed_111/lilo_original_completion_96/2/metrics.json
2026-05-09 18:38:39,713 INFO:====================================
2026-05-09 18:38:39,713 INFO:iteration: 2
2026-05-09 18:38:39,713 INFO:amortized_synthesis : optimize_model_for_frontiers
2026-05-09 18:38:39,713 INFO:Completed in 84.144s
2026-05-09 18:38:39,713 INFO:====================================
2026-05-09 18:38:39,713 INFO:============LOGGING MODEL_FN============
2026-05-09 18:38:39,713 INFO:	iteration: 2
2026-05-09 18:38:39,713 INFO:	experiment_block_type: model_fn
2026-05-09 18:38:39,713 INFO:	model_type: amortized_synthesis
2026-05-09 18:38:39,713 INFO:	params: {'enumeration_timeout': 1000}
2026-05-09 18:38:39,713 INFO:	task_split: train
2026-05-09 18:38:39,713 INFO:	model_fn: infer_programs_for_tasks
2026-05-09 18:38:39,713 INFO:	task_batch_size: global_batch_size
2026-05-09 18:38:39,713 INFO:task_ids: 96 tasks: re2_train_66_if_the_word_starts_with_any_letter_any_letter_add_j_before_that -- re2_train_368_if_the_word_starts_with_consonant_any_letter_add_s_before_that
2026-05-09 18:38:39,713 INFO:====================================
2026-05-09 18:38:44,303 INFO:Beginning enumeration on a total of 96 tasks with a total of 32 CPUs.
2026-05-09 19:14:05,232 INFO:Wrote experiments_iterative/outputs/dev_regex_batch96_firsttest_gpt35_instruct_original_completion_20260509/domains/re2/lilo_original_completion/seed_111/lilo_original_completion_96/2/metrics.json
2026-05-09 19:14:05,232 INFO:====================================
2026-05-09 19:14:05,232 INFO:iteration: 2
2026-05-09 19:14:05,232 INFO:amortized_synthesis : infer_programs_for_tasks
2026-05-09 19:14:05,232 INFO:Completed in 2125.518s
2026-05-09 19:14:05,232 INFO:====================================
2026-05-09 19:14:05,262 INFO:============Checkpointing frontiers to experiments_iterative/outputs/dev_regex_batch96_firsttest_gpt35_instruct_original_completion_20260509/domains/re2/lilo_original_completion/seed_111/lilo_original_completion_96/2/frontiers.json===========
2026-05-09 19:14:05,263 INFO:============LOGGING MODEL_FN============
2026-05-09 19:14:05,263 INFO:	iteration: 2
2026-05-09 19:14:05,263 INFO:	experiment_block_type: model_fn
2026-05-09 19:14:05,263 INFO:	model_type: library_learner
2026-05-09 19:14:05,263 INFO:	task_batch_sizes: ['all']
2026-05-09 19:14:05,263 INFO:	task_splits: ['train']
2026-05-09 19:14:05,263 INFO:	params: {'max_arity': 3, 'iterations': 10, 'candidates_per_iteration': 1, 'include_samples': True, 'use_mdl_program': False, 'beta_reduce_programs': True, 'update_grammar': True, 'replace_existing_abstractions': True}
2026-05-09 19:14:05,263 INFO:	model_fn: get_compressed_grammar_mdl_prior_rank
2026-05-09 19:14:05,263 INFO:task_ids train: 491 tasks: re2_train_489_if_there_is_any_letter_consonant_replace_that_with_b -- re2_train_432_if_the_word_ends_with_vowel_any_letter_replace_that_with_h_i
2026-05-09 19:14:05,263 INFO:====================================
2026-05-09 19:14:08,383 INFO:Updated grammar (productions=42) with 10 new abstractions.
2026-05-09 19:14:08,579 INFO:reset_task_frontiers for split: train
2026-05-09 19:14:08,585 INFO:reset_samples for split: train
2026-05-09 19:14:08,585 INFO:============LOGGING MODEL_FN============
2026-05-09 19:14:08,585 INFO:	iteration: 2
2026-05-09 19:14:08,585 INFO:	experiment_block_type: model_fn
2026-05-09 19:14:08,585 INFO:	model_type: library_namer
2026-05-09 19:14:08,585 INFO:	params: {'body_task_selection': 'random'}
2026-05-09 19:14:08,585 INFO:	task_split: train
2026-05-09 19:14:08,585 INFO:	model_fn: generate_library_names
2026-05-09 19:14:08,585 INFO:	task_batch_size: all
2026-05-09 19:14:08,585 INFO:task_ids: 491 tasks: re2_train_489_if_there_is_any_letter_consonant_replace_that_with_b -- re2_train_432_if_the_word_ends_with_vowel_any_letter_replace_that_with_h_i
2026-05-09 19:14:08,585 INFO:====================================
2026-05-09 19:14:08,589 INFO:You are writing software documentation. Your goal is to write human-readable names for the following library functions:

fn_42 :: tfullstr -> tsubstr -> tsubstr -> tfullstr

(lambda (lambda (lambda (regex_flatten (regex_map (lambda (regex_if (regex_match $1 $0) $2 $0)) (regex_split '.' $2))))))

fn_43 :: tsubstr

(regex_or 'a' (regex_or 'e' (regex_or 'i' (regex_or 'o' 'u'))))

fn_44 :: tfullstr -> tsubstr -> tsubstr -> tfullstr

(lambda (lambda (lambda (regex_flatten (regex_cons $0 (regex_cons $1 (regex_cdr (regex_split '.' $2))))))))

fn_45 :: tfullstr -> (tsubstr -> tsubstr) -> tfullstr

(lambda (lambda (regex_flatten (regex_map $0 (regex_split empty_string $1)))))

fn_46 :: tfullstr -> tsubstr -> tfullstr

(lambda (lambda (regex_flatten (regex_append $0 (regex_reverse_cdr (regex_split '.' $1))))))

fn_47 :: tfullstr -> tsubstr -> tfullstr

(lambda (lambda (regex_flatten (regex_cons $0 (regex_cdr (regex_split empty_string $1))))))

fn_48 :: tfullstr -> list(tsubstr)

(lambda (regex_split empty_string $0))

fn_49 :: tsubstr -> tsubstr -> tfullstr -> tfullstr

(lambda (lambda (lambda (fn_45 $0 (lambda (regex_if (regex_match $2 $0) $3 $0))))))

fn_50 :: tsubstr -> tsubstr -> tfullstr -> tfullstr

(lambda (lambda (lambda (fn_42 $0 (regex_concat $1 $2) $2))))

fn_51 :: tsubstr -> tsubstr -> tfullstr -> tfullstr

(lambda (lambda (lambda (fn_45 $0 (lambda (regex_if (regex_match $0 't') (regex_concat $2 $3) $0))))))

======
Consider the following anonymous function:

fn_42 :: tfullstr -> tsubstr -> tsubstr -> tfullstr

(lambda (lambda (lambda (regex_flatten (regex_map (lambda (regex_if (regex_match $1 $0) $2 $0)) (regex_split '.' $2))))))

Here are some examples of its usage:

-- if there is t replace that with k
(lambda (fn_42 $0 'k' 't'))

-- if there is consonant replace that with c m
(lambda (fn_42 $0 (regex_concat 'c' 'm') (regex_not fn_43)))

-- if there is o replace that with l
(lambda (fn_42 $0 'l' 'o'))

-- if there is c replace that with n m
(lambda (fn_42 $0 (regex_concat 'n' 'm') 'c'))

-- if there is t replace that with o
(lambda (fn_42 $0 'o' 't'))

-- if there is vowel replace that with a f
(lambda (fn_42 $0 (regex_concat 'a' 'f') fn_43))

-- if there is vowel replace that with n p
(lambda (fn_42 $0 (regex_concat 'n' 'p') fn_43))

-- if there is h replace that with y
(lambda (fn_42 $0 'y' 'h'))

-- if there is c replace that with k b
(lambda (fn_42 $0 (regex_concat 'k' 'b') 'c'))

-- if there is e replace that with t u
(lambda (fn_42 $0 (regex_concat 't' 'u') 'e'))

Please write a human-readable name and description for `fn_42` in the JSON format shown below.
Your `readable_name` should be underscore-separated and should not contain any spaces.
It should also be unique (not existing in the function library above).
If you cannot come up with a good name, please set `readable_name` to `null`.

{
    "anonymous_name": "fn_42",
    "readable_name": TODO,
    "description": TODO
}

2026-05-09 19:14:11,967 INFO:GPT (gpt-3.5-turbo-instruct) completion:
2026-05-09 19:14:11,968 INFO:[
    {
        "index": 0,
        "text": "\n{\n    \"anonymous_name\": \"fn_42\",\n    \"readable_name\": \"regex_replace_if_match\",\n    \"description\": \"Replaces a substring in a string if it matches a given pattern, using a conditional statement. The first argument is the string to be searched, the second argument is the replacement substring, and the third argument is the pattern to match against. The function uses regular expressions to split the string into substrings, and then maps over those substrings to check if they match the pattern. If a match is found, the replacement substring is used, otherwise the original substring is used. Finally, the substrings are flattened and concatenated back into a single string.\"\n}",
        "valid": true,
        "data": {
            "anonymous_name": "fn_42",
            "readable_name": "regex_replace_if_match",
            "description": "Replaces a substring in a string if it matches a given pattern, using a conditional statement. The first argument is the string to be searched, the second argument is the replacement substring, and the third argument is the pattern to match against. The function uses regular expressions to split the string into substrings, and then maps over those substrings to check if they match the pattern. If a match is found, the replacement substring is used, otherwise the original substring is used. Finally, the substrings are flattened and concatenated back into a single string."
        }
    },
    {
        "index": 1,
        "text": "\n{\n    \"anonymous_name\": \"fn_42\",\n    \"readable_name\": \"regex_replace_if_match\",\n    \"description\": \"Replaces a substring in a string if it matches a given pattern, using a conditional statement. The first argument is the string to be searched, the second argument is the replacement substring, and the third argument is the pattern to match against. The function uses regular expressions to split the string into substrings, and then maps over those substrings to check if they match the pattern. If a match is found, the replacement substring is used, otherwise the original substring is used. Finally, the substrings are flattened and concatenated back into a single string.\"\n}",
        "valid": true,
        "data": {
            "anonymous_name": "fn_42",
            "readable_name": "regex_replace_if_match",
            "description": "Replaces a substring in a string if it matches a given pattern, using a conditional statement. The first argument is the string to be searched, the second argument is the replacement substring, and the third argument is the pattern to match against. The function uses regular expressions to split the string into substrings, and then maps over those substrings to check if they match the pattern. If a match is found, the replacement substring is used, otherwise the original substring is used. Finally, the substrings are flattened and concatenated back into a single string."
        }
    },
    {
        "index": 2,
        "text": "\n{\n    \"anonymous_name\": \"fn_42\",\n    \"readable_name\": \"regex_replace_if_match\",\n    \"description\": \"Replaces a substring in a string if it matches a given pattern, using a conditional statement. The first argument is the string to be searched, the second argument is the replacement substring, and the third argument is the pattern to match against. The function uses regular expressions to split the string into substrings, and then maps over those substrings to check if they match the pattern. If a match is found, the replacement substring is used, otherwise the original substring is used. Finally, the substrings are flattened and concatenated back into a single string.\"\n}",
        "valid": true,
        "data": {
            "anonymous_name": "fn_42",
            "readable_name": "regex_replace_if_match",
            "description": "Replaces a substring in a string if it matches a given pattern, using a conditional statement. The first argument is the string to be searched, the second argument is the replacement substring, and the third argument is the pattern to match against. The function uses regular expressions to split the string into substrings, and then maps over those substrings to check if they match the pattern. If a match is found, the replacement substring is used, otherwise the original substring is used. Finally, the substrings are flattened and concatenated back into a single string."
        }
    },
    {
        "index": 3,
        "text": "\n{\n    \"anonymous_name\": \"fn_42\",\n    \"readable_name\": \"regex_replace_if_match\",\n    \"description\": \"Replaces a substring in a string if it matches a given pattern, using a conditional statement. The first argument is the string to be searched, the second argument is the replacement substring, and the third argument is the pattern to match against. The function uses regular expressions to split the string into substrings, and then maps over those substrings to check if they match the pattern. If a match is found, the replacement substring is used, otherwise the original substring is used. Finally, the substrings are flattened and concatenated back into a single string.\"\n}",
        "valid": true,
        "data": {
            "anonymous_name": "fn_42",
            "readable_name": "regex_replace_if_match",
            "description": "Replaces a substring in a string if it matches a given pattern, using a conditional statement. The first argument is the string to be searched, the second argument is the replacement substring, and the third argument is the pattern to match against. The function uses regular expressions to split the string into substrings, and then maps over those substrings to check if they match the pattern. If a match is found, the replacement substring is used, otherwise the original substring is used. Finally, the substrings are flattened and concatenated back into a single string."
        }
    },
    {
        "index": 4,
        "text": "\n{\n    \"anonymous_name\": \"fn_42\",\n    \"readable_name\": \"regex_replace_if_match\",\n    \"description\": \"Replaces a substring in a string if it matches a given pattern, using a conditional statement. The first argument is the string to be searched, the second argument is the replacement substring, and the third argument is the pattern to match against. The function uses regular expressions to split the string into substrings, and then maps over those substrings to check if they match the pattern. If a match is found, the replacement substring is used, otherwise the original substring is used. Finally, the substrings are flattened and concatenated back into a single string.\"\n}",
        "valid": true,
        "data": {
            "anonymous_name": "fn_42",
            "readable_name": "regex_replace_if_match",
            "description": "Replaces a substring in a string if it matches a given pattern, using a conditional statement. The first argument is the string to be searched, the second argument is the replacement substring, and the third argument is the pattern to match against. The function uses regular expressions to split the string into substrings, and then maps over those substrings to check if they match the pattern. If a match is found, the replacement substring is used, otherwise the original substring is used. Finally, the substrings are flattened and concatenated back into a single string."
        }
    }
]
2026-05-09 19:14:11,968 INFO:✅ Successfully named fn_42 -> regex_replace_if_match
2026-05-09 19:14:11,968 INFO:{
    "index": 0,
    "text": "\n{\n    \"anonymous_name\": \"fn_42\",\n    \"readable_name\": \"regex_replace_if_match\",\n    \"description\": \"Replaces a substring in a string if it matches a given pattern, using a conditional statement. The first argument is the string to be searched, the second argument is the replacement substring, and the third argument is the pattern to match against. The function uses regular expressions to split the string into substrings, and then maps over those substrings to check if they match the pattern. If a match is found, the replacement substring is used, otherwise the original substring is used. Finally, the substrings are flattened and concatenated back into a single string.\"\n}",
    "valid": true,
    "data": {
        "anonymous_name": "fn_42",
        "readable_name": "regex_replace_if_match",
        "description": "Replaces a substring in a string if it matches a given pattern, using a conditional statement. The first argument is the string to be searched, the second argument is the replacement substring, and the third argument is the pattern to match against. The function uses regular expressions to split the string into substrings, and then maps over those substrings to check if they match the pattern. If a match is found, the replacement substring is used, otherwise the original substring is used. Finally, the substrings are flattened and concatenated back into a single string.",
        "usage_examples": [
            {
                "task_name": "re2_train_394_if_there_is_t_replace_that_with_k",
                "program": "(lambda (fn_42 $0 'k' 't'))",
                "language": "if there is t replace that with k"
            },
            {
                "task_name": "re2_train_83_if_there_is_consonant_replace_that_with_c_m",
                "program": "(lambda (fn_42 $0 (regex_concat 'c' 'm') (regex_not fn_43)))",
                "language": "if there is consonant replace that with c m"
            },
            {
                "task_name": "re2_train_473_if_there_is_o_replace_that_with_l",
                "program": "(lambda (fn_42 $0 'l' 'o'))",
                "language": "if there is o replace that with l"
            },
            {
                "task_name": "re2_train_439_if_there_is_c_replace_that_with_n_m",
                "program": "(lambda (fn_42 $0 (regex_concat 'n' 'm') 'c'))",
                "language": "if there is c replace that with n m"
            },
            {
                "task_name": "re2_train_474_if_there_is_t_replace_that_with_o",
                "program": "(lambda (fn_42 $0 'o' 't'))",
                "language": "if there is t replace that with o"
            },
            {
                "task_name": "re2_train_424_if_there_is_vowel_replace_that_with_a_f",
                "program": "(lambda (fn_42 $0 (regex_concat 'a' 'f') fn_43))",
                "language": "if there is vowel replace that with a f"
            },
            {
                "task_name": "re2_train_178_if_there_is_vowel_replace_that_with_n_p",
                "program": "(lambda (fn_42 $0 (regex_concat 'n' 'p') fn_43))",
                "language": "if there is vowel replace that with n p"
            },
            {
                "task_name": "re2_train_315_if_there_is_h_replace_that_with_y",
                "program": "(lambda (fn_42 $0 'y' 'h'))",
                "language": "if there is h replace that with y"
            },
            {
                "task_name": "re2_train_172_if_there_is_c_replace_that_with_k_b",
                "program": "(lambda (fn_42 $0 (regex_concat 'k' 'b') 'c'))",
                "language": "if there is c replace that with k b"
            },
            {
                "task_name": "re2_train_177_if_there_is_e_replace_that_with_t_u",
                "program": "(lambda (fn_42 $0 (regex_concat 't' 'u') 'e'))",
                "language": "if there is e replace that with t u"
            }
        ]
    }
}
2026-05-09 19:14:11,978 INFO:You are writing software documentation. Your goal is to write human-readable names for the following library functions:

regex_replace_if_match :: tfullstr -> tsubstr -> tsubstr -> tfullstr

(lambda (lambda (lambda (regex_flatten (regex_map (lambda (regex_if (regex_match $1 $0) $2 $0)) (regex_split '.' $2))))))
description: Replaces a substring in a string if it matches a given pattern, using a conditional statement. The first argument is the string to be searched, the second argument is the replacement substring, and the third argument is the pattern to match against. The function uses regular expressions to split the string into substrings, and then maps over those substrings to check if they match the pattern. If a match is found, the replacement substring is used, otherwise the original substring is used. Finally, the substrings are flattened and concatenated back into a single string.

fn_43 :: tsubstr

(regex_or 'a' (regex_or 'e' (regex_or 'i' (regex_or 'o' 'u'))))

fn_44 :: tfullstr -> tsubstr -> tsubstr -> tfullstr

(lambda (lambda (lambda (regex_flatten (regex_cons $0 (regex_cons $1 (regex_cdr (regex_split '.' $2))))))))

fn_45 :: tfullstr -> (tsubstr -> tsubstr) -> tfullstr

(lambda (lambda (regex_flatten (regex_map $0 (regex_split empty_string $1)))))

fn_46 :: tfullstr -> tsubstr -> tfullstr

(lambda (lambda (regex_flatten (regex_append $0 (regex_reverse_cdr (regex_split '.' $1))))))

fn_47 :: tfullstr -> tsubstr -> tfullstr

(lambda (lambda (regex_flatten (regex_cons $0 (regex_cdr (regex_split empty_string $1))))))

fn_48 :: tfullstr -> list(tsubstr)

(lambda (regex_split empty_string $0))

fn_49 :: tsubstr -> tsubstr -> tfullstr -> tfullstr

(lambda (lambda (lambda (fn_45 $0 (lambda (regex_if (regex_match $2 $0) $3 $0))))))

fn_50 :: tsubstr -> tsubstr -> tfullstr -> tfullstr

(lambda (lambda (lambda (regex_replace_if_match $0 (regex_concat $1 $2) $2))))

fn_51 :: tsubstr -> tsubstr -> tfullstr -> tfullstr

(lambda (lambda (lambda (fn_45 $0 (lambda (regex_if (regex_match $0 't') (regex_concat $2 $3) $0))))))

======
Consider the following anonymous function:

fn_43 :: tsubstr

(regex_or 'a' (regex_or 'e' (regex_or 'i' (regex_or 'o' 'u'))))

Here are some examples of its usage:

-- if there is vowel replace that with n p
(lambda (regex_replace_if_match $0 (regex_concat 'n' 'p') fn_43))

-- if there is vowel replace that with s
(lambda (regex_replace_if_match $0 's' fn_43))

-- if there is vowel replace that with b t
(lambda (regex_replace_if_match $0 (regex_concat 'b' 't') fn_43))

-- if there is consonant replace that with c m
(lambda (regex_replace_if_match $0 (regex_concat 'c' 'm') (regex_not fn_43)))

-- if there is vowel replace that with a f
(lambda (regex_replace_if_match $0 (regex_concat 'a' 'f') fn_43))

-- if there is vowel replace that with p v
(lambda (regex_replace_if_match $0 (regex_concat 'p' 'v') fn_43))

-- if there is vowel replace that with q f
(lambda (regex_replace_if_match $0 (regex_concat 'q' 'f') fn_43))

-- if there is vowel add v after that
(lambda (fn_45 $0 (lambda (regex_if (regex_match fn_43 $0) (regex_concat $0 'v') $0))))

-- if there is vowel replace that with j
(lambda (fn_49 'j' fn_43 $0))

-- if there is vowel add h before that
(lambda (fn_45 $0 (lambda (regex_if (regex_match fn_43 $0) (regex_concat 'h' $0) $0))))

Please write a human-readable name and description for `fn_43` in the JSON format shown below.
Your `readable_name` should be underscore-separated and should not contain any spaces.
It should also be unique (not existing in the function library above).
If you cannot come up with a good name, please set `readable_name` to `null`.

{
    "anonymous_name": "fn_43",
    "readable_name": TODO,
    "description": TODO
}

2026-05-09 19:14:13,737 INFO:GPT (gpt-3.5-turbo-instruct) completion:
2026-05-09 19:14:13,737 INFO:[
    {
        "index": 0,
        "text": "\n{\n    \"anonymous_name\": \"fn_43\",\n    \"readable_name\": \"replace_vowels\",\n    \"description\": \"Replaces vowels in a string with a given pattern, using regular expressions. The function checks for vowels 'a', 'e', 'i', 'o', and 'u' and replaces them with a specified substring. If no match is found, the original substring is returned.\"\n}",
        "valid": true,
        "data": {
            "anonymous_name": "fn_43",
            "readable_name": "replace_vowels",
            "description": "Replaces vowels in a string with a given pattern, using regular expressions. The function checks for vowels 'a', 'e', 'i', 'o', and 'u' and replaces them with a specified substring. If no match is found, the original substring is returned."
        }
    },
    {
        "index": 1,
        "text": "\n{\n    \"anonymous_name\": \"fn_43\",\n    \"readable_name\": \"replace_vowels\",\n    \"description\": \"Replaces vowels in a string with a given pattern, using regular expressions. The function checks for vowels 'a', 'e', 'i', 'o', and 'u' and replaces them with a specified substring. If no match is found, the original substring is returned.\"\n}",
        "valid": true,
        "data": {
            "anonymous_name": "fn_43",
            "readable_name": "replace_vowels",
            "description": "Replaces vowels in a string with a given pattern, using regular expressions. The function checks for vowels 'a', 'e', 'i', 'o', and 'u' and replaces them with a specified substring. If no match is found, the original substring is returned."
        }
    },
    {
        "index": 2,
        "text": "\n{\n    \"anonymous_name\": \"fn_43\",\n    \"readable_name\": \"replace_vowels\",\n    \"description\": \"Replaces vowels in a string with a given pattern, using regular expressions. The function checks for vowels 'a', 'e', 'i', 'o', and 'u' and replaces them with a specified substring. If no match is found, the original substring is returned.\"\n}",
        "valid": true,
        "data": {
            "anonymous_name": "fn_43",
            "readable_name": "replace_vowels",
            "description": "Replaces vowels in a string with a given pattern, using regular expressions. The function checks for vowels 'a', 'e', 'i', 'o', and 'u' and replaces them with a specified substring. If no match is found, the original substring is returned."
        }
    },
    {
        "index": 3,
        "text": "\n{\n    \"anonymous_name\": \"fn_43\",\n    \"readable_name\": \"replace_vowels\",\n    \"description\": \"Replaces vowels in a string with a given pattern, using regular expressions. The function checks for vowels 'a', 'e', 'i', 'o', and 'u' and replaces them with a specified substring. If no match is found, the original substring is returned.\"\n}",
        "valid": true,
        "data": {
            "anonymous_name": "fn_43",
            "readable_name": "replace_vowels",
            "description": "Replaces vowels in a string with a given pattern, using regular expressions. The function checks for vowels 'a', 'e', 'i', 'o', and 'u' and replaces them with a specified substring. If no match is found, the original substring is returned."
        }
    },
    {
        "index": 4,
        "text": "\n{\n    \"anonymous_name\": \"fn_43\",\n    \"readable_name\": \"replace_vowels\",\n    \"description\": \"Replaces vowels in a string with a given pattern, using regular expressions. The function checks for vowels 'a', 'e', 'i', 'o', and 'u' and replaces them with a specified substring. If no match is found, the original substring is returned.\"\n}",
        "valid": true,
        "data": {
            "anonymous_name": "fn_43",
            "readable_name": "replace_vowels",
            "description": "Replaces vowels in a string with a given pattern, using regular expressions. The function checks for vowels 'a', 'e', 'i', 'o', and 'u' and replaces them with a specified substring. If no match is found, the original substring is returned."
        }
    }
]
2026-05-09 19:14:13,738 INFO:✅ Successfully named fn_43 -> replace_vowels
2026-05-09 19:14:13,738 INFO:{
    "index": 0,
    "text": "\n{\n    \"anonymous_name\": \"fn_43\",\n    \"readable_name\": \"replace_vowels\",\n    \"description\": \"Replaces vowels in a string with a given pattern, using regular expressions. The function checks for vowels 'a', 'e', 'i', 'o', and 'u' and replaces them with a specified substring. If no match is found, the original substring is returned.\"\n}",
    "valid": true,
    "data": {
        "anonymous_name": "fn_43",
        "readable_name": "replace_vowels",
        "description": "Replaces vowels in a string with a given pattern, using regular expressions. The function checks for vowels 'a', 'e', 'i', 'o', and 'u' and replaces them with a specified substring. If no match is found, the original substring is returned.",
        "usage_examples": [
            {
                "task_name": "re2_train_178_if_there_is_vowel_replace_that_with_n_p",
                "program": "(lambda (regex_replace_if_match $0 (regex_concat 'n' 'p') fn_43))",
                "language": "if there is vowel replace that with n p"
            },
            {
                "task_name": "re2_train_455_if_there_is_vowel_replace_that_with_s",
                "program": "(lambda (regex_replace_if_match $0 's' fn_43))",
                "language": "if there is vowel replace that with s"
            },
            {
                "task_name": "re2_train_421_if_there_is_vowel_replace_that_with_b_t",
                "program": "(lambda (regex_replace_if_match $0 (regex_concat 'b' 't') fn_43))",
                "language": "if there is vowel replace that with b t"
            },
            {
                "task_name": "re2_train_83_if_there_is_consonant_replace_that_with_c_m",
                "program": "(lambda (regex_replace_if_match $0 (regex_concat 'c' 'm') (regex_not fn_43)))",
                "language": "if there is consonant replace that with c m"
            },
            {
                "task_name": "re2_train_424_if_there_is_vowel_replace_that_with_a_f",
                "program": "(lambda (regex_replace_if_match $0 (regex_concat 'a' 'f') fn_43))",
                "language": "if there is vowel replace that with a f"
            },
            {
                "task_name": "re2_train_447_if_there_is_vowel_replace_that_with_p_v",
                "program": "(lambda (regex_replace_if_match $0 (regex_concat 'p' 'v') fn_43))",
                "language": "if there is vowel replace that with p v"
            },
            {
                "task_name": "re2_train_263_if_there_is_vowel_replace_that_with_q_f",
                "program": "(lambda (regex_replace_if_match $0 (regex_concat 'q' 'f') fn_43))",
                "language": "if there is vowel replace that with q f"
            },
            {
                "task_name": "re2_train_302_if_there_is_vowel_add_v_after_that",
                "program": "(lambda (fn_45 $0 (lambda (regex_if (regex_match fn_43 $0) (regex_concat $0 'v') $0))))",
                "language": "if there is vowel add v after that"
            },
            {
                "task_name": "re2_train_418_if_there_is_vowel_replace_that_with_j",
                "program": "(lambda (fn_49 'j' fn_43 $0))",
                "language": "if there is vowel replace that with j"
            },
            {
                "task_name": "re2_train_179_if_there_is_vowel_add_h_before_that",
                "program": "(lambda (fn_45 $0 (lambda (regex_if (regex_match fn_43 $0) (regex_concat 'h' $0) $0))))",
                "language": "if there is vowel add h before that"
            }
        ]
    }
}
2026-05-09 19:14:13,747 INFO:You are writing software documentation. Your goal is to write human-readable names for the following library functions:

regex_replace_if_match :: tfullstr -> tsubstr -> tsubstr -> tfullstr

(lambda (lambda (lambda (regex_flatten (regex_map (lambda (regex_if (regex_match $1 $0) $2 $0)) (regex_split '.' $2))))))
description: Replaces a substring in a string if it matches a given pattern, using a conditional statement. The first argument is the string to be searched, the second argument is the replacement substring, and the third argument is the pattern to match against. The function uses regular expressions to split the string into substrings, and then maps over those substrings to check if they match the pattern. If a match is found, the replacement substring is used, otherwise the original substring is used. Finally, the substrings are flattened and concatenated back into a single string.

replace_vowels :: tsubstr

(regex_or 'a' (regex_or 'e' (regex_or 'i' (regex_or 'o' 'u'))))
description: Replaces vowels in a string with a given pattern, using regular expressions. The function checks for vowels 'a', 'e', 'i', 'o', and 'u' and replaces them with a specified substring. If no match is found, the original substring is returned.

fn_44 :: tfullstr -> tsubstr -> tsubstr -> tfullstr

(lambda (lambda (lambda (regex_flatten (regex_cons $0 (regex_cons $1 (regex_cdr (regex_split '.' $2))))))))

fn_45 :: tfullstr -> (tsubstr -> tsubstr) -> tfullstr

(lambda (lambda (regex_flatten (regex_map $0 (regex_split empty_string $1)))))

fn_46 :: tfullstr -> tsubstr -> tfullstr

(lambda (lambda (regex_flatten (regex_append $0 (regex_reverse_cdr (regex_split '.' $1))))))

fn_47 :: tfullstr -> tsubstr -> tfullstr

(lambda (lambda (regex_flatten (regex_cons $0 (regex_cdr (regex_split empty_string $1))))))

fn_48 :: tfullstr -> list(tsubstr)

(lambda (regex_split empty_string $0))

fn_49 :: tsubstr -> tsubstr -> tfullstr -> tfullstr

(lambda (lambda (lambda (fn_45 $0 (lambda (regex_if (regex_match $2 $0) $3 $0))))))

fn_50 :: tsubstr -> tsubstr -> tfullstr -> tfullstr

(lambda (lambda (lambda (regex_replace_if_match $0 (regex_concat $1 $2) $2))))

fn_51 :: tsubstr -> tsubstr -> tfullstr -> tfullstr

(lambda (lambda (lambda (fn_45 $0 (lambda (regex_if (regex_match $0 't') (regex_concat $2 $3) $0))))))

======
Consider the following anonymous function:

fn_44 :: tfullstr -> tsubstr -> tsubstr -> tfullstr

(lambda (lambda (lambda (regex_flatten (regex_cons $0 (regex_cons $1 (regex_cdr (regex_split '.' $2))))))))

Here are some examples of its usage:

-- if the word starts with any letter replace that with q a
(lambda (fn_44 $0 'a' 'q'))

-- if the word starts with any letter replace that with m i
(lambda (fn_44 $0 'i' 'm'))

-- if the word starts with any letter replace that with w i
(lambda (fn_44 $0 'i' 'w'))

-- if the word starts with any letter replace that with r m
(lambda (fn_44 $0 'm' 'r'))

-- if the word starts with consonant replace that with q i
(lambda (fn_44 $0 'i' 'q'))

-- if the word starts with any letter replace that with n a
(lambda (fn_44 $0 'a' 'n'))

-- if the word starts with any letter replace that with y w
(lambda (fn_44 $0 'w' 'y'))

-- if the word starts with any letter replace that with k e
(lambda (fn_44 $0 'e' 'k'))

-- if the word starts with any letter add o after that
(lambda (fn_44 $0 'o' (regex_car (fn_48 $0))))

-- if the word starts with any letter replace that with x e
(lambda (fn_44 $0 'e' 'x'))

Please write a human-readable name and description for `fn_44` in the JSON format shown below.
Your `readable_name` should be underscore-separated and should not contain any spaces.
It should also be unique (not existing in the function library above).
If you cannot come up with a good name, please set `readable_name` to `null`.

{
    "anonymous_name": "fn_44",
    "readable_name": TODO,
    "description": TODO
}

2026-05-09 19:14:15,332 INFO:GPT (gpt-3.5-turbo-instruct) completion:
2026-05-09 19:14:15,332 INFO:[
    {
        "index": 0,
        "text": "\n{\n    \"anonymous_name\": \"fn_44\",\n    \"readable_name\": \"replace_first_two_substrings\",\n    \"description\": \"Replaces the first two substrings in a string with given substrings, using regular expressions. The first argument is the string to be searched, the second argument is the replacement substring for the first substring, and the third argument is the replacement substring for the second substring. The function splits the string into substrings using the '.' character, and then replaces the first two substrings with the given replacements. Finally, the substrings are flattened and concatenated back into a single string.\"\n}",
        "valid": true,
        "data": {
            "anonymous_name": "fn_44",
            "readable_name": "replace_first_two_substrings",
            "description": "Replaces the first two substrings in a string with given substrings, using regular expressions. The first argument is the string to be searched, the second argument is the replacement substring for the first substring, and the third argument is the replacement substring for the second substring. The function splits the string into substrings using the '.' character, and then replaces the first two substrings with the given replacements. Finally, the substrings are flattened and concatenated back into a single string."
        }
    },
    {
        "index": 1,
        "text": "\n{\n    \"anonymous_name\": \"fn_44\",\n    \"readable_name\": \"replace_first_two_substrings\",\n    \"description\": \"Replaces the first two substrings in a string with given substrings, using regular expressions. The first argument is the string to be searched, the second argument is the replacement substring for the first substring, and the third argument is the replacement substring for the second substring. The function splits the string into substrings using the '.' character, and then replaces the first two substrings with the given replacements. Finally, the substrings are flattened and concatenated back into a single string.\"\n}",
        "valid": true,
        "data": {
            "anonymous_name": "fn_44",
            "readable_name": "replace_first_two_substrings",
            "description": "Replaces the first two substrings in a string with given substrings, using regular expressions. The first argument is the string to be searched, the second argument is the replacement substring for the first substring, and the third argument is the replacement substring for the second substring. The function splits the string into substrings using the '.' character, and then replaces the first two substrings with the given replacements. Finally, the substrings are flattened and concatenated back into a single string."
        }
    },
    {
        "index": 2,
        "text": "\n{\n    \"anonymous_name\": \"fn_44\",\n    \"readable_name\": \"replace_first_two_substrings\",\n    \"description\": \"Replaces the first two substrings in a string with given substrings, using regular expressions. The first argument is the string to be searched, the second argument is the replacement substring for the first substring, and the third argument is the replacement substring for the second substring. The function splits the string into substrings using the '.' character, and then replaces the first two substrings with the given replacements. Finally, the substrings are flattened and concatenated back into a single string.\"\n}",
        "valid": true,
        "data": {
            "anonymous_name": "fn_44",
            "readable_name": "replace_first_two_substrings",
            "description": "Replaces the first two substrings in a string with given substrings, using regular expressions. The first argument is the string to be searched, the second argument is the replacement substring for the first substring, and the third argument is the replacement substring for the second substring. The function splits the string into substrings using the '.' character, and then replaces the first two substrings with the given replacements. Finally, the substrings are flattened and concatenated back into a single string."
        }
    },
    {
        "index": 3,
        "text": "\n{\n    \"anonymous_name\": \"fn_44\",\n    \"readable_name\": \"replace_first_two_substrings\",\n    \"description\": \"Replaces the first two substrings in a string with given substrings, using regular expressions. The first argument is the string to be searched, the second argument is the replacement substring for the first substring, and the third argument is the replacement substring for the second substring. The function splits the string into substrings using the '.' character, and then replaces the first two substrings with the given replacements. Finally, the substrings are flattened and concatenated back into a single string.\"\n}",
        "valid": true,
        "data": {
            "anonymous_name": "fn_44",
            "readable_name": "replace_first_two_substrings",
            "description": "Replaces the first two substrings in a string with given substrings, using regular expressions. The first argument is the string to be searched, the second argument is the replacement substring for the first substring, and the third argument is the replacement substring for the second substring. The function splits the string into substrings using the '.' character, and then replaces the first two substrings with the given replacements. Finally, the substrings are flattened and concatenated back into a single string."
        }
    },
    {
        "index": 4,
        "text": "\n{\n    \"anonymous_name\": \"fn_44\",\n    \"readable_name\": \"replace_first_two_substrings\",\n    \"description\": \"Replaces the first two substrings in a string with given substrings, using regular expressions. The first argument is the string to be searched, the second argument is the replacement substring for the first substring, and the third argument is the replacement substring for the second substring. The function splits the string into substrings using the '.' character, and then replaces the first two substrings with the given replacements. Finally, the substrings are flattened and concatenated back into a single string.\"\n}",
        "valid": true,
        "data": {
            "anonymous_name": "fn_44",
            "readable_name": "replace_first_two_substrings",
            "description": "Replaces the first two substrings in a string with given substrings, using regular expressions. The first argument is the string to be searched, the second argument is the replacement substring for the first substring, and the third argument is the replacement substring for the second substring. The function splits the string into substrings using the '.' character, and then replaces the first two substrings with the given replacements. Finally, the substrings are flattened and concatenated back into a single string."
        }
    }
]
2026-05-09 19:14:15,332 INFO:✅ Successfully named fn_44 -> replace_first_two_substrings
2026-05-09 19:14:15,332 INFO:{
    "index": 0,
    "text": "\n{\n    \"anonymous_name\": \"fn_44\",\n    \"readable_name\": \"replace_first_two_substrings\",\n    \"description\": \"Replaces the first two substrings in a string with given substrings, using regular expressions. The first argument is the string to be searched, the second argument is the replacement substring for the first substring, and the third argument is the replacement substring for the second substring. The function splits the string into substrings using the '.' character, and then replaces the first two substrings with the given replacements. Finally, the substrings are flattened and concatenated back into a single string.\"\n}",
    "valid": true,
    "data": {
        "anonymous_name": "fn_44",
        "readable_name": "replace_first_two_substrings",
        "description": "Replaces the first two substrings in a string with given substrings, using regular expressions. The first argument is the string to be searched, the second argument is the replacement substring for the first substring, and the third argument is the replacement substring for the second substring. The function splits the string into substrings using the '.' character, and then replaces the first two substrings with the given replacements. Finally, the substrings are flattened and concatenated back into a single string.",
        "usage_examples": [
            {
                "task_name": "re2_train_103_if_the_word_starts_with_any_letter_replace_that_with_q_a",
                "program": "(lambda (fn_44 $0 'a' 'q'))",
                "language": "if the word starts with any letter replace that with q a"
            },
            {
                "task_name": "re2_train_276_if_the_word_starts_with_any_letter_replace_that_with_m_i",
                "program": "(lambda (fn_44 $0 'i' 'm'))",
                "language": "if the word starts with any letter replace that with m i"
            },
            {
                "task_name": "re2_train_71_if_the_word_starts_with_any_letter_replace_that_with_w_i",
                "program": "(lambda (fn_44 $0 'i' 'w'))",
                "language": "if the word starts with any letter replace that with w i"
            },
            {
                "task_name": "re2_train_183_if_the_word_starts_with_any_letter_replace_that_with_r_m",
                "program": "(lambda (fn_44 $0 'm' 'r'))",
                "language": "if the word starts with any letter replace that with r m"
            },
            {
                "task_name": "re2_train_388_if_the_word_starts_with_consonant_replace_that_with_q_i",
                "program": "(lambda (fn_44 $0 'i' 'q'))",
                "language": "if the word starts with consonant replace that with q i"
            },
            {
                "task_name": "re2_train_21_if_the_word_starts_with_any_letter_replace_that_with_n_a",
                "program": "(lambda (fn_44 $0 'a' 'n'))",
                "language": "if the word starts with any letter replace that with n a"
            },
            {
                "task_name": "re2_train_78_if_the_word_starts_with_any_letter_replace_that_with_y_w",
                "program": "(lambda (fn_44 $0 'w' 'y'))",
                "language": "if the word starts with any letter replace that with y w"
            },
            {
                "task_name": "re2_train_264_if_the_word_starts_with_any_letter_replace_that_with_k_e",
                "program": "(lambda (fn_44 $0 'e' 'k'))",
                "language": "if the word starts with any letter replace that with k e"
            },
            {
                "task_name": "re2_train_382_if_the_word_starts_with_any_letter_add_o_after_that",
                "program": "(lambda (fn_44 $0 'o' (regex_car (fn_48 $0))))",
                "language": "if the word starts with any letter add o after that"
            },
            {
                "task_name": "re2_train_268_if_the_word_starts_with_any_letter_replace_that_with_x_e",
                "program": "(lambda (fn_44 $0 'e' 'x'))",
                "language": "if the word starts with any letter replace that with x e"
            }
        ]
    }
}
2026-05-09 19:14:15,340 INFO:You are writing software documentation. Your goal is to write human-readable names for the following library functions:

regex_replace_if_match :: tfullstr -> tsubstr -> tsubstr -> tfullstr

(lambda (lambda (lambda (regex_flatten (regex_map (lambda (regex_if (regex_match $1 $0) $2 $0)) (regex_split '.' $2))))))
description: Replaces a substring in a string if it matches a given pattern, using a conditional statement. The first argument is the string to be searched, the second argument is the replacement substring, and the third argument is the pattern to match against. The function uses regular expressions to split the string into substrings, and then maps over those substrings to check if they match the pattern. If a match is found, the replacement substring is used, otherwise the original substring is used. Finally, the substrings are flattened and concatenated back into a single string.

replace_vowels :: tsubstr

(regex_or 'a' (regex_or 'e' (regex_or 'i' (regex_or 'o' 'u'))))
description: Replaces vowels in a string with a given pattern, using regular expressions. The function checks for vowels 'a', 'e', 'i', 'o', and 'u' and replaces them with a specified substring. If no match is found, the original substring is returned.

replace_first_two_substrings :: tfullstr -> tsubstr -> tsubstr -> tfullstr

(lambda (lambda (lambda (regex_flatten (regex_cons $0 (regex_cons $1 (regex_cdr (regex_split '.' $2))))))))
description: Replaces the first two substrings in a string with given substrings, using regular expressions. The first argument is the string to be searched, the second argument is the replacement substring for the first substring, and the third argument is the replacement substring for the second substring. The function splits the string into substrings using the '.' character, and then replaces the first two substrings with the given replacements. Finally, the substrings are flattened and concatenated back into a single string.

fn_45 :: tfullstr -> (tsubstr -> tsubstr) -> tfullstr

(lambda (lambda (regex_flatten (regex_map $0 (regex_split empty_string $1)))))

fn_46 :: tfullstr -> tsubstr -> tfullstr

(lambda (lambda (regex_flatten (regex_append $0 (regex_reverse_cdr (regex_split '.' $1))))))

fn_47 :: tfullstr -> tsubstr -> tfullstr

(lambda (lambda (regex_flatten (regex_cons $0 (regex_cdr (regex_split empty_string $1))))))

fn_48 :: tfullstr -> list(tsubstr)

(lambda (regex_split empty_string $0))

fn_49 :: tsubstr -> tsubstr -> tfullstr -> tfullstr

(lambda (lambda (lambda (fn_45 $0 (lambda (regex_if (regex_match $2 $0) $3 $0))))))

fn_50 :: tsubstr -> tsubstr -> tfullstr -> tfullstr

(lambda (lambda (lambda (regex_replace_if_match $0 (regex_concat $1 $2) $2))))

fn_51 :: tsubstr -> tsubstr -> tfullstr -> tfullstr

(lambda (lambda (lambda (fn_45 $0 (lambda (regex_if (regex_match $0 't') (regex_concat $2 $3) $0))))))

======
Consider the following anonymous function:

fn_45 :: tfullstr -> (tsubstr -> tsubstr) -> tfullstr

(lambda (lambda (regex_flatten (regex_map $0 (regex_split empty_string $1)))))

Here are some examples of its usage:

-- if there is any letter replace that with g i
(lambda (fn_45 $0 (lambda (regex_concat 'g' 'i'))))

-- if there is any letter replace that with k
(lambda (fn_45 $0 (lambda 'k')))

-- if there is any letter replace that with h x
(lambda (fn_45 $0 (lambda (regex_concat 'h' 'x'))))

-- if there is any letter replace that with r v
(lambda (fn_45 $0 (lambda (regex_concat 'r' 'v'))))

-- if there is any letter add q before that
(lambda (fn_45 $0 (lambda (regex_concat 'q' $0))))

-- if there is any letter add l before that
(lambda (fn_45 $0 (lambda (regex_concat 'l' $0))))

-- if there is any letter replace that with q j
(lambda (fn_45 $0 (lambda (regex_concat 'q' 'j'))))

-- if there is any letter replace that with p
(lambda (fn_45 $0 (lambda 'p')))

-- if there is any letter replace that with h s
(lambda (fn_45 $0 (lambda (regex_concat 'h' 's'))))

-- if there is vowel add h before that
(lambda (fn_45 $0 (lambda (regex_if (regex_match replace_vowels $0) (regex_concat 'h' $0) $0))))

Please write a human-readable name and description for `fn_45` in the JSON format shown below.
Your `readable_name` should be underscore-separated and should not contain any spaces.
It should also be unique (not existing in the function library above).
If you cannot come up with a good name, please set `readable_name` to `null`.

{
    "anonymous_name": "fn_45",
    "readable_name": TODO,
    "description": TODO
}

2026-05-09 19:14:16,531 INFO:GPT (gpt-3.5-turbo-instruct) completion:
2026-05-09 19:14:16,531 INFO:[
    {
        "index": 0,
        "text": "\n{\n    \"anonymous_name\": \"fn_45\",\n    \"readable_name\": \"replace_substrings\",\n    \"description\": \"Replaces substrings in a string with a given replacement substring, using regular expressions. The first argument is the string to be searched, and the second argument is a function that takes a substring and returns the replacement substring. The function splits the string into substrings using the empty string as a delimiter, and then maps over those substrings to apply the replacement function. Finally, the substrings are flattened and concatenated back into a single string.\"\n}",
        "valid": true,
        "data": {
            "anonymous_name": "fn_45",
            "readable_name": "replace_substrings",
            "description": "Replaces substrings in a string with a given replacement substring, using regular expressions. The first argument is the string to be searched, and the second argument is a function that takes a substring and returns the replacement substring. The function splits the string into substrings using the empty string as a delimiter, and then maps over those substrings to apply the replacement function. Finally, the substrings are flattened and concatenated back into a single string."
        }
    },
    {
        "index": 1,
        "text": "\n{\n    \"anonymous_name\": \"fn_45\",\n    \"readable_name\": \"replace_substrings\",\n    \"description\": \"Replaces substrings in a string with a given replacement substring, using regular expressions. The first argument is the string to be searched, and the second argument is a function that takes a substring and returns the replacement substring. The function splits the string into substrings using the empty string as a delimiter, and then maps over those substrings to apply the replacement function. Finally, the substrings are flattened and concatenated back into a single string.\"\n}",
        "valid": true,
        "data": {
            "anonymous_name": "fn_45",
            "readable_name": "replace_substrings",
            "description": "Replaces substrings in a string with a given replacement substring, using regular expressions. The first argument is the string to be searched, and the second argument is a function that takes a substring and returns the replacement substring. The function splits the string into substrings using the empty string as a delimiter, and then maps over those substrings to apply the replacement function. Finally, the substrings are flattened and concatenated back into a single string."
        }
    },
    {
        "index": 2,
        "text": "\n{\n    \"anonymous_name\": \"fn_45\",\n    \"readable_name\": \"replace_substrings\",\n    \"description\": \"Replaces substrings in a string with a given replacement substring, using regular expressions. The first argument is the string to be searched, and the second argument is a function that takes a substring and returns the replacement substring. The function splits the string into substrings using the empty string as a delimiter, and then maps over those substrings to apply the replacement function. Finally, the substrings are flattened and concatenated back into a single string.\"\n}",
        "valid": true,
        "data": {
            "anonymous_name": "fn_45",
            "readable_name": "replace_substrings",
            "description": "Replaces substrings in a string with a given replacement substring, using regular expressions. The first argument is the string to be searched, and the second argument is a function that takes a substring and returns the replacement substring. The function splits the string into substrings using the empty string as a delimiter, and then maps over those substrings to apply the replacement function. Finally, the substrings are flattened and concatenated back into a single string."
        }
    },
    {
        "index": 3,
        "text": "\n{\n    \"anonymous_name\": \"fn_45\",\n    \"readable_name\": \"replace_substrings\",\n    \"description\": \"Replaces substrings in a string with a given replacement substring, using regular expressions. The first argument is the string to be searched, and the second argument is a function that takes a substring and returns the replacement substring. The function splits the string into substrings using the empty string as a delimiter, and then maps over those substrings to apply the replacement function. Finally, the substrings are flattened and concatenated back into a single string.\"\n}",
        "valid": true,
        "data": {
            "anonymous_name": "fn_45",
            "readable_name": "replace_substrings",
            "description": "Replaces substrings in a string with a given replacement substring, using regular expressions. The first argument is the string to be searched, and the second argument is a function that takes a substring and returns the replacement substring. The function splits the string into substrings using the empty string as a delimiter, and then maps over those substrings to apply the replacement function. Finally, the substrings are flattened and concatenated back into a single string."
        }
    },
    {
        "index": 4,
        "text": "\n{\n    \"anonymous_name\": \"fn_45\",\n    \"readable_name\": \"replace_substrings\",\n    \"description\": \"Replaces substrings in a string with a given replacement substring, using regular expressions. The first argument is the string to be searched, and the second argument is a function that takes a substring and returns the replacement substring. The function splits the string into substrings using the empty string as a delimiter, and then maps over those substrings to apply the replacement function. Finally, the substrings are flattened and concatenated back into a single string.\"\n}",
        "valid": true,
        "data": {
            "anonymous_name": "fn_45",
            "readable_name": "replace_substrings",
            "description": "Replaces substrings in a string with a given replacement substring, using regular expressions. The first argument is the string to be searched, and the second argument is a function that takes a substring and returns the replacement substring. The function splits the string into substrings using the empty string as a delimiter, and then maps over those substrings to apply the replacement function. Finally, the substrings are flattened and concatenated back into a single string."
        }
    }
]
2026-05-09 19:14:16,531 INFO:✅ Successfully named fn_45 -> replace_substrings
2026-05-09 19:14:16,531 INFO:{
    "index": 0,
    "text": "\n{\n    \"anonymous_name\": \"fn_45\",\n    \"readable_name\": \"replace_substrings\",\n    \"description\": \"Replaces substrings in a string with a given replacement substring, using regular expressions. The first argument is the string to be searched, and the second argument is a function that takes a substring and returns the replacement substring. The function splits the string into substrings using the empty string as a delimiter, and then maps over those substrings to apply the replacement function. Finally, the substrings are flattened and concatenated back into a single string.\"\n}",
    "valid": true,
    "data": {
        "anonymous_name": "fn_45",
        "readable_name": "replace_substrings",
        "description": "Replaces substrings in a string with a given replacement substring, using regular expressions. The first argument is the string to be searched, and the second argument is a function that takes a substring and returns the replacement substring. The function splits the string into substrings using the empty string as a delimiter, and then maps over those substrings to apply the replacement function. Finally, the substrings are flattened and concatenated back into a single string.",
        "usage_examples": [
            {
                "task_name": "re2_train_299_if_there_is_any_letter_replace_that_with_g_i",
                "program": "(lambda (fn_45 $0 (lambda (regex_concat 'g' 'i'))))",
                "language": "if there is any letter replace that with g i"
            },
            {
                "task_name": "re2_train_23_if_there_is_any_letter_replace_that_with_k",
                "program": "(lambda (fn_45 $0 (lambda 'k')))",
                "language": "if there is any letter replace that with k"
            },
            {
                "task_name": "re2_train_312_if_there_is_any_letter_replace_that_with_h_x",
                "program": "(lambda (fn_45 $0 (lambda (regex_concat 'h' 'x'))))",
                "language": "if there is any letter replace that with h x"
            },
            {
                "task_name": "re2_train_129_if_there_is_any_letter_replace_that_with_r_v",
                "program": "(lambda (fn_45 $0 (lambda (regex_concat 'r' 'v'))))",
                "language": "if there is any letter replace that with r v"
            },
            {
                "task_name": "re2_train_280_if_there_is_any_letter_add_q_before_that",
                "program": "(lambda (fn_45 $0 (lambda (regex_concat 'q' $0))))",
                "language": "if there is any letter add q before that"
            },
            {
                "task_name": "re2_train_417_if_there_is_any_letter_add_l_before_that",
                "program": "(lambda (fn_45 $0 (lambda (regex_concat 'l' $0))))",
                "language": "if there is any letter add l before that"
            },
            {
                "task_name": "re2_train_35_if_there_is_any_letter_replace_that_with_q_j",
                "program": "(lambda (fn_45 $0 (lambda (regex_concat 'q' 'j'))))",
                "language": "if there is any letter replace that with q j"
            },
            {
                "task_name": "re2_train_113_if_there_is_any_letter_replace_that_with_p",
                "program": "(lambda (fn_45 $0 (lambda 'p')))",
                "language": "if there is any letter replace that with p"
            },
            {
                "task_name": "re2_train_68_if_there_is_any_letter_replace_that_with_h_s",
                "program": "(lambda (fn_45 $0 (lambda (regex_concat 'h' 's'))))",
                "language": "if there is any letter replace that with h s"
            },
            {
                "task_name": "re2_train_179_if_there_is_vowel_add_h_before_that",
                "program": "(lambda (fn_45 $0 (lambda (regex_if (regex_match replace_vowels $0) (regex_concat 'h' $0) $0))))",
                "language": "if there is vowel add h before that"
            }
        ]
    }
}
2026-05-09 19:14:16,542 INFO:You are writing software documentation. Your goal is to write human-readable names for the following library functions:

regex_replace_if_match :: tfullstr -> tsubstr -> tsubstr -> tfullstr

(lambda (lambda (lambda (regex_flatten (regex_map (lambda (regex_if (regex_match $1 $0) $2 $0)) (regex_split '.' $2))))))
description: Replaces a substring in a string if it matches a given pattern, using a conditional statement. The first argument is the string to be searched, the second argument is the replacement substring, and the third argument is the pattern to match against. The function uses regular expressions to split the string into substrings, and then maps over those substrings to check if they match the pattern. If a match is found, the replacement substring is used, otherwise the original substring is used. Finally, the substrings are flattened and concatenated back into a single string.

replace_vowels :: tsubstr

(regex_or 'a' (regex_or 'e' (regex_or 'i' (regex_or 'o' 'u'))))
description: Replaces vowels in a string with a given pattern, using regular expressions. The function checks for vowels 'a', 'e', 'i', 'o', and 'u' and replaces them with a specified substring. If no match is found, the original substring is returned.

replace_first_two_substrings :: tfullstr -> tsubstr -> tsubstr -> tfullstr

(lambda (lambda (lambda (regex_flatten (regex_cons $0 (regex_cons $1 (regex_cdr (regex_split '.' $2))))))))
description: Replaces the first two substrings in a string with given substrings, using regular expressions. The first argument is the string to be searched, the second argument is the replacement substring for the first substring, and the third argument is the replacement substring for the second substring. The function splits the string into substrings using the '.' character, and then replaces the first two substrings with the given replacements. Finally, the substrings are flattened and concatenated back into a single string.

replace_substrings :: tfullstr -> (tsubstr -> tsubstr) -> tfullstr

(lambda (lambda (regex_flatten (regex_map $0 (regex_split empty_string $1)))))
description: Replaces substrings in a string with a given replacement substring, using regular expressions. The first argument is the string to be searched, and the second argument is a function that takes a substring and returns the replacement substring. The function splits the string into substrings using the empty string as a delimiter, and then maps over those substrings to apply the replacement function. Finally, the substrings are flattened and concatenated back into a single string.

fn_46 :: tfullstr -> tsubstr -> tfullstr

(lambda (lambda (regex_flatten (regex_append $0 (regex_reverse_cdr (regex_split '.' $1))))))

fn_47 :: tfullstr -> tsubstr -> tfullstr

(lambda (lambda (regex_flatten (regex_cons $0 (regex_cdr (regex_split empty_string $1))))))

fn_48 :: tfullstr -> list(tsubstr)

(lambda (regex_split empty_string $0))

fn_49 :: tsubstr -> tsubstr -> tfullstr -> tfullstr

(lambda (lambda (lambda (replace_substrings $0 (lambda (regex_if (regex_match $2 $0) $3 $0))))))

fn_50 :: tsubstr -> tsubstr -> tfullstr -> tfullstr

(lambda (lambda (lambda (regex_replace_if_match $0 (regex_concat $1 $2) $2))))

fn_51 :: tsubstr -> tsubstr -> tfullstr -> tfullstr

(lambda (lambda (lambda (replace_substrings $0 (lambda (regex_if (regex_match $0 't') (regex_concat $2 $3) $0))))))

======
Consider the following anonymous function:

fn_46 :: tfullstr -> tsubstr -> tfullstr

(lambda (lambda (regex_flatten (regex_append $0 (regex_reverse_cdr (regex_split '.' $1))))))

Here are some examples of its usage:

-- if the word ends with any letter replace that with x s
(lambda (fn_46 $0 (regex_concat 'x' 's')))

-- if the word ends with any letter replace that with r
(lambda (fn_46 $0 'r'))

-- if the word ends with consonant replace that with i
(lambda (fn_46 $0 'i'))

-- if the word ends with any letter any letter replace that with r q
(lambda (fn_46 (regex_flatten (regex_append empty_string (regex_reverse_cdr (fn_48 $0)))) (regex_concat 'r' 'q')))

-- if the word ends with any letter any letter replace that with o u
(lambda (fn_46 (fn_46 $0 empty_string) (regex_concat 'o' 'u')))

-- if the word ends with any letter any letter replace that with j
(lambda (fn_46 (fn_46 $0 empty_string) 'j'))

-- if the word ends with any letter replace that with o m
(lambda (fn_46 $0 (regex_concat 'o' 'm')))

-- if the word ends with any letter replace that with i y
(lambda (fn_46 $0 (regex_concat 'i' 'y')))

-- if the word ends with consonant replace that with a o
(lambda (fn_46 $0 (regex_concat 'a' 'o')))

Please write a human-readable name and description for `fn_46` in the JSON format shown below.
Your `readable_name` should be underscore-separated and should not contain any spaces.
It should also be unique (not existing in the function library above).
If you cannot come up with a good name, please set `readable_name` to `null`.

{
    "anonymous_name": "fn_46",
    "readable_name": TODO,
    "description": TODO
}

2026-05-09 19:14:18,002 INFO:GPT (gpt-3.5-turbo-instruct) completion:
2026-05-09 19:14:18,003 INFO:[
    {
        "index": 0,
        "text": "\n{\n    \"anonymous_name\": \"fn_46\",\n    \"readable_name\": \"replace_and_append\",\n    \"description\": \"Replaces a substring in a string and appends it to the end, using regular expressions. The first argument is the string to be searched, and the second argument is the substring to be replaced and appended. The function splits the string into substrings using the '.' character, and then replaces the substring with the given replacement and appends it to the end. Finally, the substrings are flattened and concatenated back into a single string.\"\n}",
        "valid": true,
        "data": {
            "anonymous_name": "fn_46",
            "readable_name": "replace_and_append",
            "description": "Replaces a substring in a string and appends it to the end, using regular expressions. The first argument is the string to be searched, and the second argument is the substring to be replaced and appended. The function splits the string into substrings using the '.' character, and then replaces the substring with the given replacement and appends it to the end. Finally, the substrings are flattened and concatenated back into a single string."
        }
    },
    {
        "index": 1,
        "text": "\n{\n    \"anonymous_name\": \"fn_46\",\n    \"readable_name\": \"replace_and_append\",\n    \"description\": \"Replaces a substring in a string and appends it to the end, using regular expressions. The first argument is the string to be searched, and the second argument is the substring to be replaced and appended. The function splits the string into substrings using the '.' character, and then replaces the substring with the given replacement and appends it to the end. Finally, the substrings are flattened and concatenated back into a single string.\"\n}",
        "valid": true,
        "data": {
            "anonymous_name": "fn_46",
            "readable_name": "replace_and_append",
            "description": "Replaces a substring in a string and appends it to the end, using regular expressions. The first argument is the string to be searched, and the second argument is the substring to be replaced and appended. The function splits the string into substrings using the '.' character, and then replaces the substring with the given replacement and appends it to the end. Finally, the substrings are flattened and concatenated back into a single string."
        }
    },
    {
        "index": 2,
        "text": "\n{\n    \"anonymous_name\": \"fn_46\",\n    \"readable_name\": \"replace_and_append\",\n    \"description\": \"Replaces a substring in a string and appends it to the end, using regular expressions. The first argument is the string to be searched, and the second argument is the substring to be replaced and appended. The function splits the string into substrings using the '.' character, and then replaces the substring with the given replacement and appends it to the end. Finally, the substrings are flattened and concatenated back into a single string.\"\n}",
        "valid": true,
        "data": {
            "anonymous_name": "fn_46",
            "readable_name": "replace_and_append",
            "description": "Replaces a substring in a string and appends it to the end, using regular expressions. The first argument is the string to be searched, and the second argument is the substring to be replaced and appended. The function splits the string into substrings using the '.' character, and then replaces the substring with the given replacement and appends it to the end. Finally, the substrings are flattened and concatenated back into a single string."
        }
    },
    {
        "index": 3,
        "text": "\n{\n    \"anonymous_name\": \"fn_46\",\n    \"readable_name\": \"replace_and_append\",\n    \"description\": \"Replaces a substring in a string and appends it to the end, using regular expressions. The first argument is the string to be searched, and the second argument is the substring to be replaced and appended. The function splits the string into substrings using the '.' character, and then replaces the substring with the given replacement and appends it to the end. Finally, the substrings are flattened and concatenated back into a single string.\"\n}",
        "valid": true,
        "data": {
            "anonymous_name": "fn_46",
            "readable_name": "replace_and_append",
            "description": "Replaces a substring in a string and appends it to the end, using regular expressions. The first argument is the string to be searched, and the second argument is the substring to be replaced and appended. The function splits the string into substrings using the '.' character, and then replaces the substring with the given replacement and appends it to the end. Finally, the substrings are flattened and concatenated back into a single string."
        }
    },
    {
        "index": 4,
        "text": "\n{\n    \"anonymous_name\": \"fn_46\",\n    \"readable_name\": \"replace_and_append\",\n    \"description\": \"Replaces a substring in a string and appends it to the end, using regular expressions. The first argument is the string to be searched, and the second argument is the substring to be replaced and appended. The function splits the string into substrings using the '.' character, and then replaces the substring with the given replacement and appends it to the end. Finally, the substrings are flattened and concatenated back into a single string.\"\n}",
        "valid": true,
        "data": {
            "anonymous_name": "fn_46",
            "readable_name": "replace_and_append",
            "description": "Replaces a substring in a string and appends it to the end, using regular expressions. The first argument is the string to be searched, and the second argument is the substring to be replaced and appended. The function splits the string into substrings using the '.' character, and then replaces the substring with the given replacement and appends it to the end. Finally, the substrings are flattened and concatenated back into a single string."
        }
    }
]
2026-05-09 19:14:18,003 INFO:✅ Successfully named fn_46 -> replace_and_append
2026-05-09 19:14:18,003 INFO:{
    "index": 0,
    "text": "\n{\n    \"anonymous_name\": \"fn_46\",\n    \"readable_name\": \"replace_and_append\",\n    \"description\": \"Replaces a substring in a string and appends it to the end, using regular expressions. The first argument is the string to be searched, and the second argument is the substring to be replaced and appended. The function splits the string into substrings using the '.' character, and then replaces the substring with the given replacement and appends it to the end. Finally, the substrings are flattened and concatenated back into a single string.\"\n}",
    "valid": true,
    "data": {
        "anonymous_name": "fn_46",
        "readable_name": "replace_and_append",
        "description": "Replaces a substring in a string and appends it to the end, using regular expressions. The first argument is the string to be searched, and the second argument is the substring to be replaced and appended. The function splits the string into substrings using the '.' character, and then replaces the substring with the given replacement and appends it to the end. Finally, the substrings are flattened and concatenated back into a single string.",
        "usage_examples": [
            {
                "task_name": "re2_train_445_if_the_word_ends_with_any_letter_replace_that_with_x_s",
                "program": "(lambda (fn_46 $0 (regex_concat 'x' 's')))",
                "language": "if the word ends with any letter replace that with x s"
            },
            {
                "task_name": "re2_train_26_if_the_word_ends_with_any_letter_replace_that_with_r",
                "program": "(lambda (fn_46 $0 'r'))",
                "language": "if the word ends with any letter replace that with r"
            },
            {
                "task_name": "re2_train_393_if_the_word_ends_with_consonant_replace_that_with_i",
                "program": "(lambda (fn_46 $0 'i'))",
                "language": "if the word ends with consonant replace that with i"
            },
            {
                "task_name": "re2_train_429_if_the_word_ends_with_any_letter_any_letter_replace_that_with_r_q",
                "program": "(lambda (fn_46 (regex_flatten (regex_append empty_string (regex_reverse_cdr (fn_48 $0)))) (regex_concat 'r' 'q')))",
                "language": "if the word ends with any letter any letter replace that with r q"
            },
            {
                "task_name": "re2_train_29_if_the_word_ends_with_any_letter_any_letter_replace_that_with_o_u",
                "program": "(lambda (fn_46 (fn_46 $0 empty_string) (regex_concat 'o' 'u')))",
                "language": "if the word ends with any letter any letter replace that with o u"
            },
            {
                "task_name": "re2_train_390_if_the_word_ends_with_any_letter_any_letter_replace_that_with_j",
                "program": "(lambda (fn_46 (fn_46 $0 empty_string) 'j'))",
                "language": "if the word ends with any letter any letter replace that with j"
            },
            {
                "task_name": "re2_train_307_if_the_word_ends_with_any_letter_replace_that_with_o_m",
                "program": "(lambda (fn_46 $0 (regex_concat 'o' 'm')))",
                "language": "if the word ends with any letter replace that with o m"
            },
            {
                "task_name": "re2_train_237_if_the_word_ends_with_any_letter_replace_that_with_i_y",
                "program": "(lambda (fn_46 $0 (regex_concat 'i' 'y')))",
                "language": "if the word ends with any letter replace that with i y"
            },
            {
                "task_name": "re2_train_185_if_the_word_ends_with_consonant_replace_that_with_a_o",
                "program": "(lambda (fn_46 $0 (regex_concat 'a' 'o')))",
                "language": "if the word ends with consonant replace that with a o"
            }
        ]
    }
}
2026-05-09 19:14:18,013 INFO:You are writing software documentation. Your goal is to write human-readable names for the following library functions:

regex_replace_if_match :: tfullstr -> tsubstr -> tsubstr -> tfullstr

(lambda (lambda (lambda (regex_flatten (regex_map (lambda (regex_if (regex_match $1 $0) $2 $0)) (regex_split '.' $2))))))
description: Replaces a substring in a string if it matches a given pattern, using a conditional statement. The first argument is the string to be searched, the second argument is the replacement substring, and the third argument is the pattern to match against. The function uses regular expressions to split the string into substrings, and then maps over those substrings to check if they match the pattern. If a match is found, the replacement substring is used, otherwise the original substring is used. Finally, the substrings are flattened and concatenated back into a single string.

replace_vowels :: tsubstr

(regex_or 'a' (regex_or 'e' (regex_or 'i' (regex_or 'o' 'u'))))
description: Replaces vowels in a string with a given pattern, using regular expressions. The function checks for vowels 'a', 'e', 'i', 'o', and 'u' and replaces them with a specified substring. If no match is found, the original substring is returned.

replace_first_two_substrings :: tfullstr -> tsubstr -> tsubstr -> tfullstr

(lambda (lambda (lambda (regex_flatten (regex_cons $0 (regex_cons $1 (regex_cdr (regex_split '.' $2))))))))
description: Replaces the first two substrings in a string with given substrings, using regular expressions. The first argument is the string to be searched, the second argument is the replacement substring for the first substring, and the third argument is the replacement substring for the second substring. The function splits the string into substrings using the '.' character, and then replaces the first two substrings with the given replacements. Finally, the substrings are flattened and concatenated back into a single string.

replace_substrings :: tfullstr -> (tsubstr -> tsubstr) -> tfullstr

(lambda (lambda (regex_flatten (regex_map $0 (regex_split empty_string $1)))))
description: Replaces substrings in a string with a given replacement substring, using regular expressions. The first argument is the string to be searched, and the second argument is a function that takes a substring and returns the replacement substring. The function splits the string into substrings using the empty string as a delimiter, and then maps over those substrings to apply the replacement function. Finally, the substrings are flattened and concatenated back into a single string.

replace_and_append :: tfullstr -> tsubstr -> tfullstr

(lambda (lambda (regex_flatten (regex_append $0 (regex_reverse_cdr (regex_split '.' $1))))))
description: Replaces a substring in a string and appends it to the end, using regular expressions. The first argument is the string to be searched, and the second argument is the substring to be replaced and appended. The function splits the string into substrings using the '.' character, and then replaces the substring with the given replacement and appends it to the end. Finally, the substrings are flattened and concatenated back into a single string.

fn_47 :: tfullstr -> tsubstr -> tfullstr

(lambda (lambda (regex_flatten (regex_cons $0 (regex_cdr (regex_split empty_string $1))))))

fn_48 :: tfullstr -> list(tsubstr)

(lambda (regex_split empty_string $0))

fn_49 :: tsubstr -> tsubstr -> tfullstr -> tfullstr

(lambda (lambda (lambda (replace_substrings $0 (lambda (regex_if (regex_match $2 $0) $3 $0))))))

fn_50 :: tsubstr -> tsubstr -> tfullstr -> tfullstr

(lambda (lambda (lambda (regex_replace_if_match $0 (regex_concat $1 $2) $2))))

fn_51 :: tsubstr -> tsubstr -> tfullstr -> tfullstr

(lambda (lambda (lambda (replace_substrings $0 (lambda (regex_if (regex_match $0 't') (regex_concat $2 $3) $0))))))

======
Consider the following anonymous function:

fn_47 :: tfullstr -> tsubstr -> tfullstr

(lambda (lambda (regex_flatten (regex_cons $0 (regex_cdr (regex_split empty_string $1))))))

Here are some examples of its usage:

-- if the word starts with any letter replace that with f
(lambda (fn_47 $0 'f'))

-- if the word starts with consonant replace that with i
(lambda (fn_47 $0 'i'))

-- if the word starts with any letter replace that with r r
(lambda (fn_47 $0 (regex_concat 'r' 'r')))

-- if the word starts with any letter replace that with b
(lambda (fn_47 $0 'b'))

-- if the word starts with any letter replace that with e s
(lambda (fn_47 $0 (regex_concat 'e' 's')))

-- if the word starts with any letter replace that with a
(lambda (fn_47 $0 'a'))

Please write a human-readable name and description for `fn_47` in the JSON format shown below.
Your `readable_name` should be underscore-separated and should not contain any spaces.
It should also be unique (not existing in the function library above).
If you cannot come up with a good name, please set `readable_name` to `null`.

{
    "anonymous_name": "fn_47",
    "readable_name": TODO,
    "description": TODO
}

2026-05-09 19:14:19,580 INFO:GPT (gpt-3.5-turbo-instruct) completion:
2026-05-09 19:14:19,580 INFO:[
    {
        "index": 0,
        "text": "\n{\n    \"anonymous_name\": \"fn_47\",\n    \"readable_name\": \"replace_and_remove_first_substring\",\n    \"description\": \"Replaces the first substring in a string and removes it, using regular expressions. The first argument is the string to be searched, and the second argument is the substring to be replaced and removed. The function splits the string into substrings using the empty string as a delimiter, and then replaces the first substring with the given replacement and removes it. Finally, the substrings are flattened and concatenated back into a single string.\"\n}",
        "valid": true,
        "data": {
            "anonymous_name": "fn_47",
            "readable_name": "replace_and_remove_first_substring",
            "description": "Replaces the first substring in a string and removes it, using regular expressions. The first argument is the string to be searched, and the second argument is the substring to be replaced and removed. The function splits the string into substrings using the empty string as a delimiter, and then replaces the first substring with the given replacement and removes it. Finally, the substrings are flattened and concatenated back into a single string."
        }
    },
    {
        "index": 1,
        "text": "\n{\n    \"anonymous_name\": \"fn_47\",\n    \"readable_name\": \"replace_and_remove_first_substring\",\n    \"description\": \"Replaces the first substring in a string and removes it, using regular expressions. The first argument is the string to be searched, and the second argument is the substring to be replaced and removed. The function splits the string into substrings using the empty string as a delimiter, and then replaces the first substring with the given replacement and removes it. Finally, the substrings are flattened and concatenated back into a single string.\"\n}",
        "valid": true,
        "data": {
            "anonymous_name": "fn_47",
            "readable_name": "replace_and_remove_first_substring",
            "description": "Replaces the first substring in a string and removes it, using regular expressions. The first argument is the string to be searched, and the second argument is the substring to be replaced and removed. The function splits the string into substrings using the empty string as a delimiter, and then replaces the first substring with the given replacement and removes it. Finally, the substrings are flattened and concatenated back into a single string."
        }
    },
    {
        "index": 2,
        "text": "\n{\n    \"anonymous_name\": \"fn_47\",\n    \"readable_name\": \"replace_and_remove_first_substring\",\n    \"description\": \"Replaces the first substring in a string and removes it, using regular expressions. The first argument is the string to be searched, and the second argument is the substring to be replaced and removed. The function splits the string into substrings using the empty string as a delimiter, and then replaces the first substring with the given replacement and removes it. Finally, the substrings are flattened and concatenated back into a single string.\"\n}",
        "valid": true,
        "data": {
            "anonymous_name": "fn_47",
            "readable_name": "replace_and_remove_first_substring",
            "description": "Replaces the first substring in a string and removes it, using regular expressions. The first argument is the string to be searched, and the second argument is the substring to be replaced and removed. The function splits the string into substrings using the empty string as a delimiter, and then replaces the first substring with the given replacement and removes it. Finally, the substrings are flattened and concatenated back into a single string."
        }
    },
    {
        "index": 3,
        "text": "\n{\n    \"anonymous_name\": \"fn_47\",\n    \"readable_name\": \"replace_and_remove_first_substring\",\n    \"description\": \"Replaces the first substring in a string and removes it, using regular expressions. The first argument is the string to be searched, and the second argument is the substring to be replaced and removed. The function splits the string into substrings using the empty string as a delimiter, and then replaces the first substring with the given replacement and removes it. Finally, the substrings are flattened and concatenated back into a single string.\"\n}",
        "valid": true,
        "data": {
            "anonymous_name": "fn_47",
            "readable_name": "replace_and_remove_first_substring",
            "description": "Replaces the first substring in a string and removes it, using regular expressions. The first argument is the string to be searched, and the second argument is the substring to be replaced and removed. The function splits the string into substrings using the empty string as a delimiter, and then replaces the first substring with the given replacement and removes it. Finally, the substrings are flattened and concatenated back into a single string."
        }
    },
    {
        "index": 4,
        "text": "\n{\n    \"anonymous_name\": \"fn_47\",\n    \"readable_name\": \"replace_and_remove_first_substring\",\n    \"description\": \"Replaces the first substring in a string and removes it, using regular expressions. The first argument is the string to be searched, and the second argument is the substring to be replaced and removed. The function splits the string into substrings using the empty string as a delimiter, and then replaces the first substring with the given replacement and removes it. Finally, the substrings are flattened and concatenated back into a single string.\"\n}",
        "valid": true,
        "data": {
            "anonymous_name": "fn_47",
            "readable_name": "replace_and_remove_first_substring",
            "description": "Replaces the first substring in a string and removes it, using regular expressions. The first argument is the string to be searched, and the second argument is the substring to be replaced and removed. The function splits the string into substrings using the empty string as a delimiter, and then replaces the first substring with the given replacement and removes it. Finally, the substrings are flattened and concatenated back into a single string."
        }
    }
]
2026-05-09 19:14:19,580 INFO:✅ Successfully named fn_47 -> replace_and_remove_first_substring
2026-05-09 19:14:19,581 INFO:{
    "index": 0,
    "text": "\n{\n    \"anonymous_name\": \"fn_47\",\n    \"readable_name\": \"replace_and_remove_first_substring\",\n    \"description\": \"Replaces the first substring in a string and removes it, using regular expressions. The first argument is the string to be searched, and the second argument is the substring to be replaced and removed. The function splits the string into substrings using the empty string as a delimiter, and then replaces the first substring with the given replacement and removes it. Finally, the substrings are flattened and concatenated back into a single string.\"\n}",
    "valid": true,
    "data": {
        "anonymous_name": "fn_47",
        "readable_name": "replace_and_remove_first_substring",
        "description": "Replaces the first substring in a string and removes it, using regular expressions. The first argument is the string to be searched, and the second argument is the substring to be replaced and removed. The function splits the string into substrings using the empty string as a delimiter, and then replaces the first substring with the given replacement and removes it. Finally, the substrings are flattened and concatenated back into a single string.",
        "usage_examples": [
            {
                "task_name": "re2_train_203_if_the_word_starts_with_any_letter_replace_that_with_f",
                "program": "(lambda (fn_47 $0 'f'))",
                "language": "if the word starts with any letter replace that with f"
            },
            {
                "task_name": "re2_train_327_if_the_word_starts_with_consonant_replace_that_with_i",
                "program": "(lambda (fn_47 $0 'i'))",
                "language": "if the word starts with consonant replace that with i"
            },
            {
                "task_name": "re2_train_316_if_the_word_starts_with_any_letter_replace_that_with_r_r",
                "program": "(lambda (fn_47 $0 (regex_concat 'r' 'r')))",
                "language": "if the word starts with any letter replace that with r r"
            },
            {
                "task_name": "re2_train_169_if_the_word_starts_with_any_letter_replace_that_with_b",
                "program": "(lambda (fn_47 $0 'b'))",
                "language": "if the word starts with any letter replace that with b"
            },
            {
                "task_name": "re2_train_395_if_the_word_starts_with_any_letter_replace_that_with_e_s",
                "program": "(lambda (fn_47 $0 (regex_concat 'e' 's')))",
                "language": "if the word starts with any letter replace that with e s"
            },
            {
                "task_name": "re2_train_463_if_the_word_starts_with_any_letter_replace_that_with_a",
                "program": "(lambda (fn_47 $0 'a'))",
                "language": "if the word starts with any letter replace that with a"
            }
        ]
    }
}
2026-05-09 19:14:19,590 INFO:You are writing software documentation. Your goal is to write human-readable names for the following library functions:

regex_replace_if_match :: tfullstr -> tsubstr -> tsubstr -> tfullstr

(lambda (lambda (lambda (regex_flatten (regex_map (lambda (regex_if (regex_match $1 $0) $2 $0)) (regex_split '.' $2))))))
description: Replaces a substring in a string if it matches a given pattern, using a conditional statement. The first argument is the string to be searched, the second argument is the replacement substring, and the third argument is the pattern to match against. The function uses regular expressions to split the string into substrings, and then maps over those substrings to check if they match the pattern. If a match is found, the replacement substring is used, otherwise the original substring is used. Finally, the substrings are flattened and concatenated back into a single string.

replace_vowels :: tsubstr

(regex_or 'a' (regex_or 'e' (regex_or 'i' (regex_or 'o' 'u'))))
description: Replaces vowels in a string with a given pattern, using regular expressions. The function checks for vowels 'a', 'e', 'i', 'o', and 'u' and replaces them with a specified substring. If no match is found, the original substring is returned.

replace_first_two_substrings :: tfullstr -> tsubstr -> tsubstr -> tfullstr

(lambda (lambda (lambda (regex_flatten (regex_cons $0 (regex_cons $1 (regex_cdr (regex_split '.' $2))))))))
description: Replaces the first two substrings in a string with given substrings, using regular expressions. The first argument is the string to be searched, the second argument is the replacement substring for the first substring, and the third argument is the replacement substring for the second substring. The function splits the string into substrings using the '.' character, and then replaces the first two substrings with the given replacements. Finally, the substrings are flattened and concatenated back into a single string.

replace_substrings :: tfullstr -> (tsubstr -> tsubstr) -> tfullstr

(lambda (lambda (regex_flatten (regex_map $0 (regex_split empty_string $1)))))
description: Replaces substrings in a string with a given replacement substring, using regular expressions. The first argument is the string to be searched, and the second argument is a function that takes a substring and returns the replacement substring. The function splits the string into substrings using the empty string as a delimiter, and then maps over those substrings to apply the replacement function. Finally, the substrings are flattened and concatenated back into a single string.

replace_and_append :: tfullstr -> tsubstr -> tfullstr

(lambda (lambda (regex_flatten (regex_append $0 (regex_reverse_cdr (regex_split '.' $1))))))
description: Replaces a substring in a string and appends it to the end, using regular expressions. The first argument is the string to be searched, and the second argument is the substring to be replaced and appended. The function splits the string into substrings using the '.' character, and then replaces the substring with the given replacement and appends it to the end. Finally, the substrings are flattened and concatenated back into a single string.

replace_and_remove_first_substring :: tfullstr -> tsubstr -> tfullstr

(lambda (lambda (regex_flatten (regex_cons $0 (regex_cdr (regex_split empty_string $1))))))
description: Replaces the first substring in a string and removes it, using regular expressions. The first argument is the string to be searched, and the second argument is the substring to be replaced and removed. The function splits the string into substrings using the empty string as a delimiter, and then replaces the first substring with the given replacement and removes it. Finally, the substrings are flattened and concatenated back into a single string.

fn_48 :: tfullstr -> list(tsubstr)

(lambda (regex_split empty_string $0))

fn_49 :: tsubstr -> tsubstr -> tfullstr -> tfullstr

(lambda (lambda (lambda (replace_substrings $0 (lambda (regex_if (regex_match $2 $0) $3 $0))))))

fn_50 :: tsubstr -> tsubstr -> tfullstr -> tfullstr

(lambda (lambda (lambda (regex_replace_if_match $0 (regex_concat $1 $2) $2))))

fn_51 :: tsubstr -> tsubstr -> tfullstr -> tfullstr

(lambda (lambda (lambda (replace_substrings $0 (lambda (regex_if (regex_match $0 't') (regex_concat $2 $3) $0))))))

======
Consider the following anonymous function:

fn_48 :: tfullstr -> list(tsubstr)

(lambda (regex_split empty_string $0))

Here are some examples of its usage:

-- if the word ends with any letter any letter add a after that
(lambda (regex_flatten (regex_append 'a' (fn_48 $0))))

-- if the word starts with any letter add b before that
(lambda (regex_flatten (regex_cons 'b' (fn_48 $0))))

-- if the word starts with any letter add v before that
(lambda (regex_flatten (regex_cons 'v' (fn_48 $0))))

-- if the word ends with any letter add d after that
(lambda (regex_flatten (regex_append 'd' (fn_48 $0))))

-- if the word ends with any letter add k after that
(lambda (regex_flatten (regex_append 'k' (fn_48 $0))))

-- if the word starts with any letter add o after that
(lambda (replace_first_two_substrings $0 'o' (regex_car (fn_48 $0))))

-- if the word starts with any letter add f before that
(lambda (regex_flatten (regex_cons 'f' (fn_48 $0))))

-- if the word starts with any letter any letter add j before that
(lambda (regex_flatten (regex_cons 'j' (fn_48 $0))))

-- if the word ends with any letter replace that with f
(lambda (regex_flatten (regex_append 'f' (regex_reverse_cdr (fn_48 $0)))))

-- if the word ends with s replace that with y
(lambda (regex_flatten (regex_append (regex_tail (fn_48 (regex_replace_if_match $0 'y' 's'))) (regex_reverse_cdr (fn_48 $0)))))

Please write a human-readable name and description for `fn_48` in the JSON format shown below.
Your `readable_name` should be underscore-separated and should not contain any spaces.
It should also be unique (not existing in the function library above).
If you cannot come up with a good name, please set `readable_name` to `null`.

{
    "anonymous_name": "fn_48",
    "readable_name": TODO,
    "description": TODO
}

2026-05-09 19:14:21,420 INFO:GPT (gpt-3.5-turbo-instruct) completion:
2026-05-09 19:14:21,421 INFO:[
    {
        "index": 0,
        "text": "\n{\n    \"anonymous_name\": \"fn_48\",\n    \"readable_name\": \"split_string\",\n    \"description\": \"Splits a string into a list of substrings, using the empty string as a delimiter.\"\n}",
        "valid": true,
        "data": {
            "anonymous_name": "fn_48",
            "readable_name": "split_string",
            "description": "Splits a string into a list of substrings, using the empty string as a delimiter."
        }
    },
    {
        "index": 1,
        "text": "\n{\n    \"anonymous_name\": \"fn_48\",\n    \"readable_name\": \"split_string\",\n    \"description\": \"Splits a string into a list of substrings, using the empty string as a delimiter.\"\n}",
        "valid": true,
        "data": {
            "anonymous_name": "fn_48",
            "readable_name": "split_string",
            "description": "Splits a string into a list of substrings, using the empty string as a delimiter."
        }
    },
    {
        "index": 2,
        "text": "\n{\n    \"anonymous_name\": \"fn_48\",\n    \"readable_name\": \"split_string\",\n    \"description\": \"Splits a string into a list of substrings, using the empty string as a delimiter.\"\n}",
        "valid": true,
        "data": {
            "anonymous_name": "fn_48",
            "readable_name": "split_string",
            "description": "Splits a string into a list of substrings, using the empty string as a delimiter."
        }
    },
    {
        "index": 3,
        "text": "\n{\n    \"anonymous_name\": \"fn_48\",\n    \"readable_name\": \"split_string\",\n    \"description\": \"Splits a string into a list of substrings, using the empty string as a delimiter.\"\n}",
        "valid": true,
        "data": {
            "anonymous_name": "fn_48",
            "readable_name": "split_string",
            "description": "Splits a string into a list of substrings, using the empty string as a delimiter."
        }
    },
    {
        "index": 4,
        "text": "\n{\n    \"anonymous_name\": \"fn_48\",\n    \"readable_name\": \"split_string\",\n    \"description\": \"Splits a string into a list of substrings, using the empty string as a delimiter.\"\n}",
        "valid": true,
        "data": {
            "anonymous_name": "fn_48",
            "readable_name": "split_string",
            "description": "Splits a string into a list of substrings, using the empty string as a delimiter."
        }
    }
]
2026-05-09 19:14:21,421 INFO:✅ Successfully named fn_48 -> split_string
2026-05-09 19:14:21,421 INFO:{
    "index": 0,
    "text": "\n{\n    \"anonymous_name\": \"fn_48\",\n    \"readable_name\": \"split_string\",\n    \"description\": \"Splits a string into a list of substrings, using the empty string as a delimiter.\"\n}",
    "valid": true,
    "data": {
        "anonymous_name": "fn_48",
        "readable_name": "split_string",
        "description": "Splits a string into a list of substrings, using the empty string as a delimiter.",
        "usage_examples": [
            {
                "task_name": "re2_train_462_if_the_word_ends_with_any_letter_any_letter_add_a_after_that",
                "program": "(lambda (regex_flatten (regex_append 'a' (fn_48 $0))))",
                "language": "if the word ends with any letter any letter add a after that"
            },
            {
                "task_name": "re2_train_486_if_the_word_starts_with_any_letter_add_b_before_that",
                "program": "(lambda (regex_flatten (regex_cons 'b' (fn_48 $0))))",
                "language": "if the word starts with any letter add b before that"
            },
            {
                "task_name": "re2_train_472_if_the_word_starts_with_any_letter_add_v_before_that",
                "program": "(lambda (regex_flatten (regex_cons 'v' (fn_48 $0))))",
                "language": "if the word starts with any letter add v before that"
            },
            {
                "task_name": "re2_train_34_if_the_word_ends_with_any_letter_add_d_after_that",
                "program": "(lambda (regex_flatten (regex_append 'd' (fn_48 $0))))",
                "language": "if the word ends with any letter add d after that"
            },
            {
                "task_name": "re2_train_443_if_the_word_ends_with_any_letter_add_k_after_that",
                "program": "(lambda (regex_flatten (regex_append 'k' (fn_48 $0))))",
                "language": "if the word ends with any letter add k after that"
            },
            {
                "task_name": "re2_train_382_if_the_word_starts_with_any_letter_add_o_after_that",
                "program": "(lambda (replace_first_two_substrings $0 'o' (regex_car (fn_48 $0))))",
                "language": "if the word starts with any letter add o after that"
            },
            {
                "task_name": "re2_train_134_if_the_word_starts_with_any_letter_add_f_before_that",
                "program": "(lambda (regex_flatten (regex_cons 'f' (fn_48 $0))))",
                "language": "if the word starts with any letter add f before that"
            },
            {
                "task_name": "re2_train_66_if_the_word_starts_with_any_letter_any_letter_add_j_before_that",
                "program": "(lambda (regex_flatten (regex_cons 'j' (fn_48 $0))))",
                "language": "if the word starts with any letter any letter add j before that"
            },
            {
                "task_name": "re2_train_52_if_the_word_ends_with_any_letter_replace_that_with_f",
                "program": "(lambda (regex_flatten (regex_append 'f' (regex_reverse_cdr (fn_48 $0)))))",
                "language": "if the word ends with any letter replace that with f"
            },
            {
                "task_name": "re2_train_364_if_the_word_ends_with_s_replace_that_with_y",
                "program": "(lambda (regex_flatten (regex_append (regex_tail (fn_48 (regex_replace_if_match $0 'y' 's'))) (regex_reverse_cdr (fn_48 $0)))))",
                "language": "if the word ends with s replace that with y"
            }
        ]
    }
}
2026-05-09 19:14:21,431 INFO:You are writing software documentation. Your goal is to write human-readable names for the following library functions:

regex_replace_if_match :: tfullstr -> tsubstr -> tsubstr -> tfullstr

(lambda (lambda (lambda (regex_flatten (regex_map (lambda (regex_if (regex_match $1 $0) $2 $0)) (regex_split '.' $2))))))
description: Replaces a substring in a string if it matches a given pattern, using a conditional statement. The first argument is the string to be searched, the second argument is the replacement substring, and the third argument is the pattern to match against. The function uses regular expressions to split the string into substrings, and then maps over those substrings to check if they match the pattern. If a match is found, the replacement substring is used, otherwise the original substring is used. Finally, the substrings are flattened and concatenated back into a single string.

replace_vowels :: tsubstr

(regex_or 'a' (regex_or 'e' (regex_or 'i' (regex_or 'o' 'u'))))
description: Replaces vowels in a string with a given pattern, using regular expressions. The function checks for vowels 'a', 'e', 'i', 'o', and 'u' and replaces them with a specified substring. If no match is found, the original substring is returned.

replace_first_two_substrings :: tfullstr -> tsubstr -> tsubstr -> tfullstr

(lambda (lambda (lambda (regex_flatten (regex_cons $0 (regex_cons $1 (regex_cdr (regex_split '.' $2))))))))
description: Replaces the first two substrings in a string with given substrings, using regular expressions. The first argument is the string to be searched, the second argument is the replacement substring for the first substring, and the third argument is the replacement substring for the second substring. The function splits the string into substrings using the '.' character, and then replaces the first two substrings with the given replacements. Finally, the substrings are flattened and concatenated back into a single string.

replace_substrings :: tfullstr -> (tsubstr -> tsubstr) -> tfullstr

(lambda (lambda (regex_flatten (regex_map $0 (regex_split empty_string $1)))))
description: Replaces substrings in a string with a given replacement substring, using regular expressions. The first argument is the string to be searched, and the second argument is a function that takes a substring and returns the replacement substring. The function splits the string into substrings using the empty string as a delimiter, and then maps over those substrings to apply the replacement function. Finally, the substrings are flattened and concatenated back into a single string.

replace_and_append :: tfullstr -> tsubstr -> tfullstr

(lambda (lambda (regex_flatten (regex_append $0 (regex_reverse_cdr (regex_split '.' $1))))))
description: Replaces a substring in a string and appends it to the end, using regular expressions. The first argument is the string to be searched, and the second argument is the substring to be replaced and appended. The function splits the string into substrings using the '.' character, and then replaces the substring with the given replacement and appends it to the end. Finally, the substrings are flattened and concatenated back into a single string.

replace_and_remove_first_substring :: tfullstr -> tsubstr -> tfullstr

(lambda (lambda (regex_flatten (regex_cons $0 (regex_cdr (regex_split empty_string $1))))))
description: Replaces the first substring in a string and removes it, using regular expressions. The first argument is the string to be searched, and the second argument is the substring to be replaced and removed. The function splits the string into substrings using the empty string as a delimiter, and then replaces the first substring with the given replacement and removes it. Finally, the substrings are flattened and concatenated back into a single string.

split_string :: tfullstr -> list(tsubstr)

(lambda (regex_split empty_string $0))
description: Splits a string into a list of substrings, using the empty string as a delimiter.

fn_49 :: tsubstr -> tsubstr -> tfullstr -> tfullstr

(lambda (lambda (lambda (replace_substrings $0 (lambda (regex_if (regex_match $2 $0) $3 $0))))))

fn_50 :: tsubstr -> tsubstr -> tfullstr -> tfullstr

(lambda (lambda (lambda (regex_replace_if_match $0 (regex_concat $1 $2) $2))))

fn_51 :: tsubstr -> tsubstr -> tfullstr -> tfullstr

(lambda (lambda (lambda (replace_substrings $0 (lambda (regex_if (regex_match $0 't') (regex_concat $2 $3) $0))))))

======
Consider the following anonymous function:

fn_49 :: tsubstr -> tsubstr -> tfullstr -> tfullstr

(lambda (lambda (lambda (replace_substrings $0 (lambda (regex_if (regex_match $2 $0) $3 $0))))))

Here are some examples of its usage:

-- if there is vowel replace that with j
(lambda (fn_49 'j' replace_vowels $0))

-- if there is t replace that with i
(lambda (fn_49 'i' 't' $0))

-- if there is d replace that with c t
(lambda (fn_49 (regex_concat 'c' 't') 'd' $0))

Please write a human-readable name and description for `fn_49` in the JSON format shown below.
Your `readable_name` should be underscore-separated and should not contain any spaces.
It should also be unique (not existing in the function library above).
If you cannot come up with a good name, please set `readable_name` to `null`.

{
    "anonymous_name": "fn_49",
    "readable_name": TODO,
    "description": TODO
}

2026-05-09 19:14:23,560 INFO:GPT (gpt-3.5-turbo-instruct) completion:
2026-05-09 19:14:23,560 INFO:[
    {
        "index": 0,
        "text": "\n{\n    \"anonymous_name\": \"fn_49\",\n    \"readable_name\": \"replace_substrings_if_match\",\n    \"description\": \"Replaces substrings in a string if they match a given pattern, using regular expressions. The first argument is the substring to be replaced, the second argument is a function that takes a substring and returns the replacement substring, and the third argument is the string to be searched. The function checks if the substrings in the string match the given pattern, and if so, replaces them with the result of the replacement function. Finally, the substrings are flattened and concatenated back into a single string.\"\n}",
        "valid": true,
        "data": {
            "anonymous_name": "fn_49",
            "readable_name": "replace_substrings_if_match",
            "description": "Replaces substrings in a string if they match a given pattern, using regular expressions. The first argument is the substring to be replaced, the second argument is a function that takes a substring and returns the replacement substring, and the third argument is the string to be searched. The function checks if the substrings in the string match the given pattern, and if so, replaces them with the result of the replacement function. Finally, the substrings are flattened and concatenated back into a single string."
        }
    },
    {
        "index": 1,
        "text": "\n{\n    \"anonymous_name\": \"fn_49\",\n    \"readable_name\": \"replace_substrings_if_match\",\n    \"description\": \"Replaces substrings in a string if they match a given pattern, using regular expressions. The first argument is the substring to be replaced, the second argument is a function that takes a substring and returns the replacement substring, and the third argument is the string to be searched. The function checks if the substrings in the string match the given pattern, and if so, replaces them with the result of the replacement function. Finally, the substrings are flattened and concatenated back into a single string.\"\n}",
        "valid": true,
        "data": {
            "anonymous_name": "fn_49",
            "readable_name": "replace_substrings_if_match",
            "description": "Replaces substrings in a string if they match a given pattern, using regular expressions. The first argument is the substring to be replaced, the second argument is a function that takes a substring and returns the replacement substring, and the third argument is the string to be searched. The function checks if the substrings in the string match the given pattern, and if so, replaces them with the result of the replacement function. Finally, the substrings are flattened and concatenated back into a single string."
        }
    },
    {
        "index": 2,
        "text": "\n{\n    \"anonymous_name\": \"fn_49\",\n    \"readable_name\": \"replace_substrings_if_match\",\n    \"description\": \"Replaces substrings in a string if they match a given pattern, using regular expressions. The first argument is the substring to be replaced, the second argument is a function that takes a substring and returns the replacement substring, and the third argument is the string to be searched. The function checks if the substrings in the string match the given pattern, and if so, replaces them with the result of the replacement function. Finally, the substrings are flattened and concatenated back into a single string.\"\n}",
        "valid": true,
        "data": {
            "anonymous_name": "fn_49",
            "readable_name": "replace_substrings_if_match",
            "description": "Replaces substrings in a string if they match a given pattern, using regular expressions. The first argument is the substring to be replaced, the second argument is a function that takes a substring and returns the replacement substring, and the third argument is the string to be searched. The function checks if the substrings in the string match the given pattern, and if so, replaces them with the result of the replacement function. Finally, the substrings are flattened and concatenated back into a single string."
        }
    },
    {
        "index": 3,
        "text": "\n{\n    \"anonymous_name\": \"fn_49\",\n    \"readable_name\": \"replace_substrings_if_match\",\n    \"description\": \"Replaces substrings in a string if they match a given pattern, using regular expressions. The first argument is the substring to be replaced, the second argument is a function that takes a substring and returns the replacement substring, and the third argument is the string to be searched. The function checks if the substrings in the string match the given pattern, and if so, replaces them with the result of the replacement function. Finally, the substrings are flattened and concatenated back into a single string.\"\n}",
        "valid": true,
        "data": {
            "anonymous_name": "fn_49",
            "readable_name": "replace_substrings_if_match",
            "description": "Replaces substrings in a string if they match a given pattern, using regular expressions. The first argument is the substring to be replaced, the second argument is a function that takes a substring and returns the replacement substring, and the third argument is the string to be searched. The function checks if the substrings in the string match the given pattern, and if so, replaces them with the result of the replacement function. Finally, the substrings are flattened and concatenated back into a single string."
        }
    },
    {
        "index": 4,
        "text": "\n{\n    \"anonymous_name\": \"fn_49\",\n    \"readable_name\": \"replace_substrings_if_match\",\n    \"description\": \"Replaces substrings in a string if they match a given pattern, using regular expressions. The first argument is the substring to be replaced, the second argument is a function that takes a substring and returns the replacement substring, and the third argument is the string to be searched. The function checks if the substrings in the string match the given pattern, and if so, replaces them with the result of the replacement function. Finally, the substrings are flattened and concatenated back into a single string.\"\n}",
        "valid": true,
        "data": {
            "anonymous_name": "fn_49",
            "readable_name": "replace_substrings_if_match",
            "description": "Replaces substrings in a string if they match a given pattern, using regular expressions. The first argument is the substring to be replaced, the second argument is a function that takes a substring and returns the replacement substring, and the third argument is the string to be searched. The function checks if the substrings in the string match the given pattern, and if so, replaces them with the result of the replacement function. Finally, the substrings are flattened and concatenated back into a single string."
        }
    }
]
2026-05-09 19:14:23,561 INFO:✅ Successfully named fn_49 -> replace_substrings_if_match
2026-05-09 19:14:23,561 INFO:{
    "index": 0,
    "text": "\n{\n    \"anonymous_name\": \"fn_49\",\n    \"readable_name\": \"replace_substrings_if_match\",\n    \"description\": \"Replaces substrings in a string if they match a given pattern, using regular expressions. The first argument is the substring to be replaced, the second argument is a function that takes a substring and returns the replacement substring, and the third argument is the string to be searched. The function checks if the substrings in the string match the given pattern, and if so, replaces them with the result of the replacement function. Finally, the substrings are flattened and concatenated back into a single string.\"\n}",
    "valid": true,
    "data": {
        "anonymous_name": "fn_49",
        "readable_name": "replace_substrings_if_match",
        "description": "Replaces substrings in a string if they match a given pattern, using regular expressions. The first argument is the substring to be replaced, the second argument is a function that takes a substring and returns the replacement substring, and the third argument is the string to be searched. The function checks if the substrings in the string match the given pattern, and if so, replaces them with the result of the replacement function. Finally, the substrings are flattened and concatenated back into a single string.",
        "usage_examples": [
            {
                "task_name": "re2_train_418_if_there_is_vowel_replace_that_with_j",
                "program": "(lambda (fn_49 'j' replace_vowels $0))",
                "language": "if there is vowel replace that with j"
            },
            {
                "task_name": "re2_train_325_if_there_is_t_replace_that_with_i",
                "program": "(lambda (fn_49 'i' 't' $0))",
                "language": "if there is t replace that with i"
            },
            {
                "task_name": "re2_train_109_if_there_is_d_replace_that_with_c_t",
                "program": "(lambda (fn_49 (regex_concat 'c' 't') 'd' $0))",
                "language": "if there is d replace that with c t"
            }
        ]
    }
}
2026-05-09 19:14:23,571 INFO:You are writing software documentation. Your goal is to write human-readable names for the following library functions:

regex_replace_if_match :: tfullstr -> tsubstr -> tsubstr -> tfullstr

(lambda (lambda (lambda (regex_flatten (regex_map (lambda (regex_if (regex_match $1 $0) $2 $0)) (regex_split '.' $2))))))
description: Replaces a substring in a string if it matches a given pattern, using a conditional statement. The first argument is the string to be searched, the second argument is the replacement substring, and the third argument is the pattern to match against. The function uses regular expressions to split the string into substrings, and then maps over those substrings to check if they match the pattern. If a match is found, the replacement substring is used, otherwise the original substring is used. Finally, the substrings are flattened and concatenated back into a single string.

replace_vowels :: tsubstr

(regex_or 'a' (regex_or 'e' (regex_or 'i' (regex_or 'o' 'u'))))
description: Replaces vowels in a string with a given pattern, using regular expressions. The function checks for vowels 'a', 'e', 'i', 'o', and 'u' and replaces them with a specified substring. If no match is found, the original substring is returned.

replace_first_two_substrings :: tfullstr -> tsubstr -> tsubstr -> tfullstr

(lambda (lambda (lambda (regex_flatten (regex_cons $0 (regex_cons $1 (regex_cdr (regex_split '.' $2))))))))
description: Replaces the first two substrings in a string with given substrings, using regular expressions. The first argument is the string to be searched, the second argument is the replacement substring for the first substring, and the third argument is the replacement substring for the second substring. The function splits the string into substrings using the '.' character, and then replaces the first two substrings with the given replacements. Finally, the substrings are flattened and concatenated back into a single string.

replace_substrings :: tfullstr -> (tsubstr -> tsubstr) -> tfullstr

(lambda (lambda (regex_flatten (regex_map $0 (regex_split empty_string $1)))))
description: Replaces substrings in a string with a given replacement substring, using regular expressions. The first argument is the string to be searched, and the second argument is a function that takes a substring and returns the replacement substring. The function splits the string into substrings using the empty string as a delimiter, and then maps over those substrings to apply the replacement function. Finally, the substrings are flattened and concatenated back into a single string.

replace_and_append :: tfullstr -> tsubstr -> tfullstr

(lambda (lambda (regex_flatten (regex_append $0 (regex_reverse_cdr (regex_split '.' $1))))))
description: Replaces a substring in a string and appends it to the end, using regular expressions. The first argument is the string to be searched, and the second argument is the substring to be replaced and appended. The function splits the string into substrings using the '.' character, and then replaces the substring with the given replacement and appends it to the end. Finally, the substrings are flattened and concatenated back into a single string.

replace_and_remove_first_substring :: tfullstr -> tsubstr -> tfullstr

(lambda (lambda (regex_flatten (regex_cons $0 (regex_cdr (regex_split empty_string $1))))))
description: Replaces the first substring in a string and removes it, using regular expressions. The first argument is the string to be searched, and the second argument is the substring to be replaced and removed. The function splits the string into substrings using the empty string as a delimiter, and then replaces the first substring with the given replacement and removes it. Finally, the substrings are flattened and concatenated back into a single string.

split_string :: tfullstr -> list(tsubstr)

(lambda (regex_split empty_string $0))
description: Splits a string into a list of substrings, using the empty string as a delimiter.

replace_substrings_if_match :: tsubstr -> tsubstr -> tfullstr -> tfullstr

(lambda (lambda (lambda (replace_substrings $0 (lambda (regex_if (regex_match $2 $0) $3 $0))))))
description: Replaces substrings in a string if they match a given pattern, using regular expressions. The first argument is the substring to be replaced, the second argument is a function that takes a substring and returns the replacement substring, and the third argument is the string to be searched. The function checks if the substrings in the string match the given pattern, and if so, replaces them with the result of the replacement function. Finally, the substrings are flattened and concatenated back into a single string.

fn_50 :: tsubstr -> tsubstr -> tfullstr -> tfullstr

(lambda (lambda (lambda (regex_replace_if_match $0 (regex_concat $1 $2) $2))))

fn_51 :: tsubstr -> tsubstr -> tfullstr -> tfullstr

(lambda (lambda (lambda (replace_substrings $0 (lambda (regex_if (regex_match $0 't') (regex_concat $2 $3) $0))))))

======
Consider the following anonymous function:

fn_50 :: tsubstr -> tsubstr -> tfullstr -> tfullstr

(lambda (lambda (lambda (regex_replace_if_match $0 (regex_concat $1 $2) $2))))

Here are some examples of its usage:

-- if there is g add q before that
(lambda (fn_50 'g' 'q' $0))

-- if there is o add r before that
(lambda (fn_50 'o' 'r' $0))

-- if there is g add w before that
(lambda (fn_50 'g' 'w' $0))

-- if there is e add e before that
(lambda (fn_50 'e' 'e' $0))

-- if there is c add d before that
(lambda (fn_50 'c' 'd' $0))

-- if there is c add u before that
(lambda (fn_50 'c' 'u' $0))

Please write a human-readable name and description for `fn_50` in the JSON format shown below.
Your `readable_name` should be underscore-separated and should not contain any spaces.
It should also be unique (not existing in the function library above).
If you cannot come up with a good name, please set `readable_name` to `null`.

{
    "anonymous_name": "fn_50",
    "readable_name": TODO,
    "description": TODO
}

2026-05-09 19:14:24,600 INFO:GPT (gpt-3.5-turbo-instruct) completion:
2026-05-09 19:14:24,601 INFO:[
    {
        "index": 0,
        "text": "\n{\n    \"anonymous_name\": \"fn_50\",\n    \"readable_name\": \"replace_if_match_concat\",\n    \"description\": \"Replaces a substring in a string if it matches a given pattern, and concatenates a given substring to the replacement. The first argument is the substring to be replaced, the second argument is the substring to be concatenated, and the third argument is the string to be searched.\"\n}",
        "valid": true,
        "data": {
            "anonymous_name": "fn_50",
            "readable_name": "replace_if_match_concat",
            "description": "Replaces a substring in a string if it matches a given pattern, and concatenates a given substring to the replacement. The first argument is the substring to be replaced, the second argument is the substring to be concatenated, and the third argument is the string to be searched."
        }
    },
    {
        "index": 1,
        "text": "\n{\n    \"anonymous_name\": \"fn_50\",\n    \"readable_name\": \"replace_if_match_concat\",\n    \"description\": \"Replaces a substring in a string if it matches a given pattern, and concatenates a given substring to the replacement. The first argument is the substring to be replaced, the second argument is the substring to be concatenated, and the third argument is the string to be searched.\"\n}",
        "valid": true,
        "data": {
            "anonymous_name": "fn_50",
            "readable_name": "replace_if_match_concat",
            "description": "Replaces a substring in a string if it matches a given pattern, and concatenates a given substring to the replacement. The first argument is the substring to be replaced, the second argument is the substring to be concatenated, and the third argument is the string to be searched."
        }
    },
    {
        "index": 2,
        "text": "\n{\n    \"anonymous_name\": \"fn_50\",\n    \"readable_name\": \"replace_if_match_concat\",\n    \"description\": \"Replaces a substring in a string if it matches a given pattern, and concatenates a given substring to the replacement. The first argument is the substring to be replaced, the second argument is the substring to be concatenated, and the third argument is the string to be searched.\"\n}",
        "valid": true,
        "data": {
            "anonymous_name": "fn_50",
            "readable_name": "replace_if_match_concat",
            "description": "Replaces a substring in a string if it matches a given pattern, and concatenates a given substring to the replacement. The first argument is the substring to be replaced, the second argument is the substring to be concatenated, and the third argument is the string to be searched."
        }
    },
    {
        "index": 3,
        "text": "\n{\n    \"anonymous_name\": \"fn_50\",\n    \"readable_name\": \"replace_if_match_concat\",\n    \"description\": \"Replaces a substring in a string if it matches a given pattern, and concatenates a given substring to the replacement. The first argument is the substring to be replaced, the second argument is the substring to be concatenated, and the third argument is the string to be searched.\"\n}",
        "valid": true,
        "data": {
            "anonymous_name": "fn_50",
            "readable_name": "replace_if_match_concat",
            "description": "Replaces a substring in a string if it matches a given pattern, and concatenates a given substring to the replacement. The first argument is the substring to be replaced, the second argument is the substring to be concatenated, and the third argument is the string to be searched."
        }
    },
    {
        "index": 4,
        "text": "\n{\n    \"anonymous_name\": \"fn_50\",\n    \"readable_name\": \"replace_if_match_concat\",\n    \"description\": \"Replaces a substring in a string if it matches a given pattern, and concatenates a given substring to the replacement. The first argument is the substring to be replaced, the second argument is the substring to be concatenated, and the third argument is the string to be searched.\"\n}",
        "valid": true,
        "data": {
            "anonymous_name": "fn_50",
            "readable_name": "replace_if_match_concat",
            "description": "Replaces a substring in a string if it matches a given pattern, and concatenates a given substring to the replacement. The first argument is the substring to be replaced, the second argument is the substring to be concatenated, and the third argument is the string to be searched."
        }
    }
]
2026-05-09 19:14:24,601 INFO:✅ Successfully named fn_50 -> replace_if_match_concat
2026-05-09 19:14:24,601 INFO:{
    "index": 0,
    "text": "\n{\n    \"anonymous_name\": \"fn_50\",\n    \"readable_name\": \"replace_if_match_concat\",\n    \"description\": \"Replaces a substring in a string if it matches a given pattern, and concatenates a given substring to the replacement. The first argument is the substring to be replaced, the second argument is the substring to be concatenated, and the third argument is the string to be searched.\"\n}",
    "valid": true,
    "data": {
        "anonymous_name": "fn_50",
        "readable_name": "replace_if_match_concat",
        "description": "Replaces a substring in a string if it matches a given pattern, and concatenates a given substring to the replacement. The first argument is the substring to be replaced, the second argument is the substring to be concatenated, and the third argument is the string to be searched.",
        "usage_examples": [
            {
                "task_name": "re2_train_37_if_there_is_g_add_q_before_that",
                "program": "(lambda (fn_50 'g' 'q' $0))",
                "language": "if there is g add q before that"
            },
            {
                "task_name": "re2_train_471_if_there_is_o_add_r_before_that",
                "program": "(lambda (fn_50 'o' 'r' $0))",
                "language": "if there is o add r before that"
            },
            {
                "task_name": "re2_train_351_if_there_is_g_add_w_before_that",
                "program": "(lambda (fn_50 'g' 'w' $0))",
                "language": "if there is g add w before that"
            },
            {
                "task_name": "re2_train_20_if_there_is_e_add_e_before_that",
                "program": "(lambda (fn_50 'e' 'e' $0))",
                "language": "if there is e add e before that"
            },
            {
                "task_name": "re2_train_39_if_there_is_c_add_d_before_that",
                "program": "(lambda (fn_50 'c' 'd' $0))",
                "language": "if there is c add d before that"
            },
            {
                "task_name": "re2_train_243_if_there_is_c_add_u_before_that",
                "program": "(lambda (fn_50 'c' 'u' $0))",
                "language": "if there is c add u before that"
            }
        ]
    }
}
2026-05-09 19:14:24,611 INFO:You are writing software documentation. Your goal is to write human-readable names for the following library functions:

regex_replace_if_match :: tfullstr -> tsubstr -> tsubstr -> tfullstr

(lambda (lambda (lambda (regex_flatten (regex_map (lambda (regex_if (regex_match $1 $0) $2 $0)) (regex_split '.' $2))))))
description: Replaces a substring in a string if it matches a given pattern, using a conditional statement. The first argument is the string to be searched, the second argument is the replacement substring, and the third argument is the pattern to match against. The function uses regular expressions to split the string into substrings, and then maps over those substrings to check if they match the pattern. If a match is found, the replacement substring is used, otherwise the original substring is used. Finally, the substrings are flattened and concatenated back into a single string.

replace_vowels :: tsubstr

(regex_or 'a' (regex_or 'e' (regex_or 'i' (regex_or 'o' 'u'))))
description: Replaces vowels in a string with a given pattern, using regular expressions. The function checks for vowels 'a', 'e', 'i', 'o', and 'u' and replaces them with a specified substring. If no match is found, the original substring is returned.

replace_first_two_substrings :: tfullstr -> tsubstr -> tsubstr -> tfullstr

(lambda (lambda (lambda (regex_flatten (regex_cons $0 (regex_cons $1 (regex_cdr (regex_split '.' $2))))))))
description: Replaces the first two substrings in a string with given substrings, using regular expressions. The first argument is the string to be searched, the second argument is the replacement substring for the first substring, and the third argument is the replacement substring for the second substring. The function splits the string into substrings using the '.' character, and then replaces the first two substrings with the given replacements. Finally, the substrings are flattened and concatenated back into a single string.

replace_substrings :: tfullstr -> (tsubstr -> tsubstr) -> tfullstr

(lambda (lambda (regex_flatten (regex_map $0 (regex_split empty_string $1)))))
description: Replaces substrings in a string with a given replacement substring, using regular expressions. The first argument is the string to be searched, and the second argument is a function that takes a substring and returns the replacement substring. The function splits the string into substrings using the empty string as a delimiter, and then maps over those substrings to apply the replacement function. Finally, the substrings are flattened and concatenated back into a single string.

replace_and_append :: tfullstr -> tsubstr -> tfullstr

(lambda (lambda (regex_flatten (regex_append $0 (regex_reverse_cdr (regex_split '.' $1))))))
description: Replaces a substring in a string and appends it to the end, using regular expressions. The first argument is the string to be searched, and the second argument is the substring to be replaced and appended. The function splits the string into substrings using the '.' character, and then replaces the substring with the given replacement and appends it to the end. Finally, the substrings are flattened and concatenated back into a single string.

replace_and_remove_first_substring :: tfullstr -> tsubstr -> tfullstr

(lambda (lambda (regex_flatten (regex_cons $0 (regex_cdr (regex_split empty_string $1))))))
description: Replaces the first substring in a string and removes it, using regular expressions. The first argument is the string to be searched, and the second argument is the substring to be replaced and removed. The function splits the string into substrings using the empty string as a delimiter, and then replaces the first substring with the given replacement and removes it. Finally, the substrings are flattened and concatenated back into a single string.

split_string :: tfullstr -> list(tsubstr)

(lambda (regex_split empty_string $0))
description: Splits a string into a list of substrings, using the empty string as a delimiter.

replace_substrings_if_match :: tsubstr -> tsubstr -> tfullstr -> tfullstr

(lambda (lambda (lambda (replace_substrings $0 (lambda (regex_if (regex_match $2 $0) $3 $0))))))
description: Replaces substrings in a string if they match a given pattern, using regular expressions. The first argument is the substring to be replaced, the second argument is a function that takes a substring and returns the replacement substring, and the third argument is the string to be searched. The function checks if the substrings in the string match the given pattern, and if so, replaces them with the result of the replacement function. Finally, the substrings are flattened and concatenated back into a single string.

replace_if_match_concat :: tsubstr -> tsubstr -> tfullstr -> tfullstr

(lambda (lambda (lambda (regex_replace_if_match $0 (regex_concat $1 $2) $2))))
description: Replaces a substring in a string if it matches a given pattern, and concatenates a given substring to the replacement. The first argument is the substring to be replaced, the second argument is the substring to be concatenated, and the third argument is the string to be searched.

fn_51 :: tsubstr -> tsubstr -> tfullstr -> tfullstr

(lambda (lambda (lambda (replace_substrings $0 (lambda (regex_if (regex_match $0 't') (regex_concat $2 $3) $0))))))

======
Consider the following anonymous function:

fn_51 :: tsubstr -> tsubstr -> tfullstr -> tfullstr

(lambda (lambda (lambda (replace_substrings $0 (lambda (regex_if (regex_match $0 't') (regex_concat $2 $3) $0))))))

Here are some examples of its usage:

-- if there is t replace that with l p
(lambda (fn_51 'p' 'l' $0))

-- if there is t replace that with d q
(lambda (fn_51 'q' 'd' $0))

-- if there is t replace that with f v
(lambda (fn_51 'v' 'f' $0))

Please write a human-readable name and description for `fn_51` in the JSON format shown below.
Your `readable_name` should be underscore-separated and should not contain any spaces.
It should also be unique (not existing in the function library above).
If you cannot come up with a good name, please set `readable_name` to `null`.

{
    "anonymous_name": "fn_51",
    "readable_name": TODO,
    "description": TODO
}

2026-05-09 19:14:25,662 INFO:GPT (gpt-3.5-turbo-instruct) completion:
2026-05-09 19:14:25,662 INFO:[
    {
        "index": 0,
        "text": "\n{\n    \"anonymous_name\": \"fn_51\",\n    \"readable_name\": \"replace_substrings_if_t_then_concat\",\n    \"description\": \"Replaces substrings in a string if they contain the letter 't', and concatenates a given substring to the replacement.\"\n}",
        "valid": true,
        "data": {
            "anonymous_name": "fn_51",
            "readable_name": "replace_substrings_if_t_then_concat",
            "description": "Replaces substrings in a string if they contain the letter 't', and concatenates a given substring to the replacement."
        }
    },
    {
        "index": 1,
        "text": "\n{\n    \"anonymous_name\": \"fn_51\",\n    \"readable_name\": \"replace_substrings_if_t_then_concat\",\n    \"description\": \"Replaces substrings in a string if they contain the letter 't', and concatenates a given substring to the replacement.\"\n}",
        "valid": true,
        "data": {
            "anonymous_name": "fn_51",
            "readable_name": "replace_substrings_if_t_then_concat",
            "description": "Replaces substrings in a string if they contain the letter 't', and concatenates a given substring to the replacement."
        }
    },
    {
        "index": 2,
        "text": "\n{\n    \"anonymous_name\": \"fn_51\",\n    \"readable_name\": \"replace_substrings_if_t_then_concat\",\n    \"description\": \"Replaces substrings in a string if they contain the letter 't', and concatenates a given substring to the replacement.\"\n}",
        "valid": true,
        "data": {
            "anonymous_name": "fn_51",
            "readable_name": "replace_substrings_if_t_then_concat",
            "description": "Replaces substrings in a string if they contain the letter 't', and concatenates a given substring to the replacement."
        }
    },
    {
        "index": 3,
        "text": "\n{\n    \"anonymous_name\": \"fn_51\",\n    \"readable_name\": \"replace_substrings_if_t_then_concat\",\n    \"description\": \"Replaces substrings in a string if they contain the letter 't', and concatenates a given substring to the replacement.\"\n}",
        "valid": true,
        "data": {
            "anonymous_name": "fn_51",
            "readable_name": "replace_substrings_if_t_then_concat",
            "description": "Replaces substrings in a string if they contain the letter 't', and concatenates a given substring to the replacement."
        }
    },
    {
        "index": 4,
        "text": "\n{\n    \"anonymous_name\": \"fn_51\",\n    \"readable_name\": \"replace_substrings_if_t_then_concat\",\n    \"description\": \"Replaces substrings in a string if they contain the letter 't', and concatenates a given substring to the replacement.\"\n}",
        "valid": true,
        "data": {
            "anonymous_name": "fn_51",
            "readable_name": "replace_substrings_if_t_then_concat",
            "description": "Replaces substrings in a string if they contain the letter 't', and concatenates a given substring to the replacement."
        }
    }
]
2026-05-09 19:14:25,662 INFO:✅ Successfully named fn_51 -> replace_substrings_if_t_then_concat
2026-05-09 19:14:25,662 INFO:{
    "index": 0,
    "text": "\n{\n    \"anonymous_name\": \"fn_51\",\n    \"readable_name\": \"replace_substrings_if_t_then_concat\",\n    \"description\": \"Replaces substrings in a string if they contain the letter 't', and concatenates a given substring to the replacement.\"\n}",
    "valid": true,
    "data": {
        "anonymous_name": "fn_51",
        "readable_name": "replace_substrings_if_t_then_concat",
        "description": "Replaces substrings in a string if they contain the letter 't', and concatenates a given substring to the replacement.",
        "usage_examples": [
            {
                "task_name": "re2_train_330_if_there_is_t_replace_that_with_l_p",
                "program": "(lambda (fn_51 'p' 'l' $0))",
                "language": "if there is t replace that with l p"
            },
            {
                "task_name": "re2_train_99_if_there_is_t_replace_that_with_d_q",
                "program": "(lambda (fn_51 'q' 'd' $0))",
                "language": "if there is t replace that with d q"
            },
            {
                "task_name": "re2_train_159_if_there_is_t_replace_that_with_f_v",
                "program": "(lambda (fn_51 'v' 'f' $0))",
                "language": "if there is t replace that with f v"
            }
        ]
    }
}
2026-05-09 19:14:25,662 INFO:------------
2026-05-09 19:14:25,662 INFO:Completed library naming: 10 / 10 abstractions successfully named.
2026-05-09 19:14:25,662 INFO:{
    "#(lambda (lambda (lambda (_rflatten (map (lambda (if (_rmatch $1 $0) $2 $0)) (_rsplit _rdot $2))))))": {
        "anonymous_name": "fn_42",
        "readable_name": "regex_replace_if_match",
        "description": "Replaces a substring in a string if it matches a given pattern, using a conditional statement. The first argument is the string to be searched, the second argument is the replacement substring, and the third argument is the pattern to match against. The function uses regular expressions to split the string into substrings, and then maps over those substrings to check if they match the pattern. If a match is found, the replacement substring is used, otherwise the original substring is used. Finally, the substrings are flattened and concatenated back into a single string.",
        "usage_examples": [
            {
                "task_name": "re2_train_394_if_there_is_t_replace_that_with_k",
                "program": "(lambda (fn_42 $0 'k' 't'))",
                "language": "if there is t replace that with k"
            },
            {
                "task_name": "re2_train_83_if_there_is_consonant_replace_that_with_c_m",
                "program": "(lambda (fn_42 $0 (regex_concat 'c' 'm') (regex_not fn_43)))",
                "language": "if there is consonant replace that with c m"
            },
            {
                "task_name": "re2_train_473_if_there_is_o_replace_that_with_l",
                "program": "(lambda (fn_42 $0 'l' 'o'))",
                "language": "if there is o replace that with l"
            },
            {
                "task_name": "re2_train_439_if_there_is_c_replace_that_with_n_m",
                "program": "(lambda (fn_42 $0 (regex_concat 'n' 'm') 'c'))",
                "language": "if there is c replace that with n m"
            },
            {
                "task_name": "re2_train_474_if_there_is_t_replace_that_with_o",
                "program": "(lambda (fn_42 $0 'o' 't'))",
                "language": "if there is t replace that with o"
            },
            {
                "task_name": "re2_train_424_if_there_is_vowel_replace_that_with_a_f",
                "program": "(lambda (fn_42 $0 (regex_concat 'a' 'f') fn_43))",
                "language": "if there is vowel replace that with a f"
            },
            {
                "task_name": "re2_train_178_if_there_is_vowel_replace_that_with_n_p",
                "program": "(lambda (fn_42 $0 (regex_concat 'n' 'p') fn_43))",
                "language": "if there is vowel replace that with n p"
            },
            {
                "task_name": "re2_train_315_if_there_is_h_replace_that_with_y",
                "program": "(lambda (fn_42 $0 'y' 'h'))",
                "language": "if there is h replace that with y"
            },
            {
                "task_name": "re2_train_172_if_there_is_c_replace_that_with_k_b",
                "program": "(lambda (fn_42 $0 (regex_concat 'k' 'b') 'c'))",
                "language": "if there is c replace that with k b"
            },
            {
                "task_name": "re2_train_177_if_there_is_e_replace_that_with_t_u",
                "program": "(lambda (fn_42 $0 (regex_concat 't' 'u') 'e'))",
                "language": "if there is e replace that with t u"
            }
        ]
    },
    "#(_ror _a (_ror _e (_ror _i (_ror _o _u))))": {
        "anonymous_name": "fn_43",
        "readable_name": "replace_vowels",
        "description": "Replaces vowels in a string with a given pattern, using regular expressions. The function checks for vowels 'a', 'e', 'i', 'o', and 'u' and replaces them with a specified substring. If no match is found, the original substring is returned.",
        "usage_examples": [
            {
                "task_name": "re2_train_178_if_there_is_vowel_replace_that_with_n_p",
                "program": "(lambda (regex_replace_if_match $0 (regex_concat 'n' 'p') fn_43))",
                "language": "if there is vowel replace that with n p"
            },
            {
                "task_name": "re2_train_455_if_there_is_vowel_replace_that_with_s",
                "program": "(lambda (regex_replace_if_match $0 's' fn_43))",
                "language": "if there is vowel replace that with s"
            },
            {
                "task_name": "re2_train_421_if_there_is_vowel_replace_that_with_b_t",
                "program": "(lambda (regex_replace_if_match $0 (regex_concat 'b' 't') fn_43))",
                "language": "if there is vowel replace that with b t"
            },
            {
                "task_name": "re2_train_83_if_there_is_consonant_replace_that_with_c_m",
                "program": "(lambda (regex_replace_if_match $0 (regex_concat 'c' 'm') (regex_not fn_43)))",
                "language": "if there is consonant replace that with c m"
            },
            {
                "task_name": "re2_train_424_if_there_is_vowel_replace_that_with_a_f",
                "program": "(lambda (regex_replace_if_match $0 (regex_concat 'a' 'f') fn_43))",
                "language": "if there is vowel replace that with a f"
            },
            {
                "task_name": "re2_train_447_if_there_is_vowel_replace_that_with_p_v",
                "program": "(lambda (regex_replace_if_match $0 (regex_concat 'p' 'v') fn_43))",
                "language": "if there is vowel replace that with p v"
            },
            {
                "task_name": "re2_train_263_if_there_is_vowel_replace_that_with_q_f",
                "program": "(lambda (regex_replace_if_match $0 (regex_concat 'q' 'f') fn_43))",
                "language": "if there is vowel replace that with q f"
            },
            {
                "task_name": "re2_train_302_if_there_is_vowel_add_v_after_that",
                "program": "(lambda (fn_45 $0 (lambda (regex_if (regex_match fn_43 $0) (regex_concat $0 'v') $0))))",
                "language": "if there is vowel add v after that"
            },
            {
                "task_name": "re2_train_418_if_there_is_vowel_replace_that_with_j",
                "program": "(lambda (fn_49 'j' fn_43 $0))",
                "language": "if there is vowel replace that with j"
            },
            {
                "task_name": "re2_train_179_if_there_is_vowel_add_h_before_that",
                "program": "(lambda (fn_45 $0 (lambda (regex_if (regex_match fn_43 $0) (regex_concat 'h' $0) $0))))",
                "language": "if there is vowel add h before that"
            }
        ]
    },
    "#(lambda (lambda (lambda (_rflatten (cons $0 (cons $1 (cdr (_rsplit _rdot $2))))))))": {
        "anonymous_name": "fn_44",
        "readable_name": "replace_first_two_substrings",
        "description": "Replaces the first two substrings in a string with given substrings, using regular expressions. The first argument is the string to be searched, the second argument is the replacement substring for the first substring, and the third argument is the replacement substring for the second substring. The function splits the string into substrings using the '.' character, and then replaces the first two substrings with the given replacements. Finally, the substrings are flattened and concatenated back into a single string.",
        "usage_examples": [
            {
                "task_name": "re2_train_103_if_the_word_starts_with_any_letter_replace_that_with_q_a",
                "program": "(lambda (fn_44 $0 'a' 'q'))",
                "language": "if the word starts with any letter replace that with q a"
            },
            {
                "task_name": "re2_train_276_if_the_word_starts_with_any_letter_replace_that_with_m_i",
                "program": "(lambda (fn_44 $0 'i' 'm'))",
                "language": "if the word starts with any letter replace that with m i"
            },
            {
                "task_name": "re2_train_71_if_the_word_starts_with_any_letter_replace_that_with_w_i",
                "program": "(lambda (fn_44 $0 'i' 'w'))",
                "language": "if the word starts with any letter replace that with w i"
            },
            {
                "task_name": "re2_train_183_if_the_word_starts_with_any_letter_replace_that_with_r_m",
                "program": "(lambda (fn_44 $0 'm' 'r'))",
                "language": "if the word starts with any letter replace that with r m"
            },
            {
                "task_name": "re2_train_388_if_the_word_starts_with_consonant_replace_that_with_q_i",
                "program": "(lambda (fn_44 $0 'i' 'q'))",
                "language": "if the word starts with consonant replace that with q i"
            },
            {
                "task_name": "re2_train_21_if_the_word_starts_with_any_letter_replace_that_with_n_a",
                "program": "(lambda (fn_44 $0 'a' 'n'))",
                "language": "if the word starts with any letter replace that with n a"
            },
            {
                "task_name": "re2_train_78_if_the_word_starts_with_any_letter_replace_that_with_y_w",
                "program": "(lambda (fn_44 $0 'w' 'y'))",
                "language": "if the word starts with any letter replace that with y w"
            },
            {
                "task_name": "re2_train_264_if_the_word_starts_with_any_letter_replace_that_with_k_e",
                "program": "(lambda (fn_44 $0 'e' 'k'))",
                "language": "if the word starts with any letter replace that with k e"
            },
            {
                "task_name": "re2_train_382_if_the_word_starts_with_any_letter_add_o_after_that",
                "program": "(lambda (fn_44 $0 'o' (regex_car (fn_48 $0))))",
                "language": "if the word starts with any letter add o after that"
            },
            {
                "task_name": "re2_train_268_if_the_word_starts_with_any_letter_replace_that_with_x_e",
                "program": "(lambda (fn_44 $0 'e' 'x'))",
                "language": "if the word starts with any letter replace that with x e"
            }
        ]
    },
    "#(lambda (lambda (_rflatten (map $0 (_rsplit _rempty $1)))))": {
        "anonymous_name": "fn_45",
        "readable_name": "replace_substrings",
        "description": "Replaces substrings in a string with a given replacement substring, using regular expressions. The first argument is the string to be searched, and the second argument is a function that takes a substring and returns the replacement substring. The function splits the string into substrings using the empty string as a delimiter, and then maps over those substrings to apply the replacement function. Finally, the substrings are flattened and concatenated back into a single string.",
        "usage_examples": [
            {
                "task_name": "re2_train_299_if_there_is_any_letter_replace_that_with_g_i",
                "program": "(lambda (fn_45 $0 (lambda (regex_concat 'g' 'i'))))",
                "language": "if there is any letter replace that with g i"
            },
            {
                "task_name": "re2_train_23_if_there_is_any_letter_replace_that_with_k",
                "program": "(lambda (fn_45 $0 (lambda 'k')))",
                "language": "if there is any letter replace that with k"
            },
            {
                "task_name": "re2_train_312_if_there_is_any_letter_replace_that_with_h_x",
                "program": "(lambda (fn_45 $0 (lambda (regex_concat 'h' 'x'))))",
                "language": "if there is any letter replace that with h x"
            },
            {
                "task_name": "re2_train_129_if_there_is_any_letter_replace_that_with_r_v",
                "program": "(lambda (fn_45 $0 (lambda (regex_concat 'r' 'v'))))",
                "language": "if there is any letter replace that with r v"
            },
            {
                "task_name": "re2_train_280_if_there_is_any_letter_add_q_before_that",
                "program": "(lambda (fn_45 $0 (lambda (regex_concat 'q' $0))))",
                "language": "if there is any letter add q before that"
            },
            {
                "task_name": "re2_train_417_if_there_is_any_letter_add_l_before_that",
                "program": "(lambda (fn_45 $0 (lambda (regex_concat 'l' $0))))",
                "language": "if there is any letter add l before that"
            },
            {
                "task_name": "re2_train_35_if_there_is_any_letter_replace_that_with_q_j",
                "program": "(lambda (fn_45 $0 (lambda (regex_concat 'q' 'j'))))",
                "language": "if there is any letter replace that with q j"
            },
            {
                "task_name": "re2_train_113_if_there_is_any_letter_replace_that_with_p",
                "program": "(lambda (fn_45 $0 (lambda 'p')))",
                "language": "if there is any letter replace that with p"
            },
            {
                "task_name": "re2_train_68_if_there_is_any_letter_replace_that_with_h_s",
                "program": "(lambda (fn_45 $0 (lambda (regex_concat 'h' 's'))))",
                "language": "if there is any letter replace that with h s"
            },
            {
                "task_name": "re2_train_179_if_there_is_vowel_add_h_before_that",
                "program": "(lambda (fn_45 $0 (lambda (regex_if (regex_match replace_vowels $0) (regex_concat 'h' $0) $0))))",
                "language": "if there is vowel add h before that"
            }
        ]
    },
    "#(lambda (lambda (_rflatten (_rappend $0 (_rrevcdr (_rsplit _rdot $1))))))": {
        "anonymous_name": "fn_46",
        "readable_name": "replace_and_append",
        "description": "Replaces a substring in a string and appends it to the end, using regular expressions. The first argument is the string to be searched, and the second argument is the substring to be replaced and appended. The function splits the string into substrings using the '.' character, and then replaces the substring with the given replacement and appends it to the end. Finally, the substrings are flattened and concatenated back into a single string.",
        "usage_examples": [
            {
                "task_name": "re2_train_445_if_the_word_ends_with_any_letter_replace_that_with_x_s",
                "program": "(lambda (fn_46 $0 (regex_concat 'x' 's')))",
                "language": "if the word ends with any letter replace that with x s"
            },
            {
                "task_name": "re2_train_26_if_the_word_ends_with_any_letter_replace_that_with_r",
                "program": "(lambda (fn_46 $0 'r'))",
                "language": "if the word ends with any letter replace that with r"
            },
            {
                "task_name": "re2_train_393_if_the_word_ends_with_consonant_replace_that_with_i",
                "program": "(lambda (fn_46 $0 'i'))",
                "language": "if the word ends with consonant replace that with i"
            },
            {
                "task_name": "re2_train_429_if_the_word_ends_with_any_letter_any_letter_replace_that_with_r_q",
                "program": "(lambda (fn_46 (regex_flatten (regex_append empty_string (regex_reverse_cdr (fn_48 $0)))) (regex_concat 'r' 'q')))",
                "language": "if the word ends with any letter any letter replace that with r q"
            },
            {
                "task_name": "re2_train_29_if_the_word_ends_with_any_letter_any_letter_replace_that_with_o_u",
                "program": "(lambda (fn_46 (fn_46 $0 empty_string) (regex_concat 'o' 'u')))",
                "language": "if the word ends with any letter any letter replace that with o u"
            },
            {
                "task_name": "re2_train_390_if_the_word_ends_with_any_letter_any_letter_replace_that_with_j",
                "program": "(lambda (fn_46 (fn_46 $0 empty_string) 'j'))",
                "language": "if the word ends with any letter any letter replace that with j"
            },
            {
                "task_name": "re2_train_307_if_the_word_ends_with_any_letter_replace_that_with_o_m",
                "program": "(lambda (fn_46 $0 (regex_concat 'o' 'm')))",
                "language": "if the word ends with any letter replace that with o m"
            },
            {
                "task_name": "re2_train_237_if_the_word_ends_with_any_letter_replace_that_with_i_y",
                "program": "(lambda (fn_46 $0 (regex_concat 'i' 'y')))",
                "language": "if the word ends with any letter replace that with i y"
            },
            {
                "task_name": "re2_train_185_if_the_word_ends_with_consonant_replace_that_with_a_o",
                "program": "(lambda (fn_46 $0 (regex_concat 'a' 'o')))",
                "language": "if the word ends with consonant replace that with a o"
            }
        ]
    },
    "#(lambda (lambda (_rflatten (cons $0 (cdr (_rsplit _rempty $1))))))": {
        "anonymous_name": "fn_47",
        "readable_name": "replace_and_remove_first_substring",
        "description": "Replaces the first substring in a string and removes it, using regular expressions. The first argument is the string to be searched, and the second argument is the substring to be replaced and removed. The function splits the string into substrings using the empty string as a delimiter, and then replaces the first substring with the given replacement and removes it. Finally, the substrings are flattened and concatenated back into a single string.",
        "usage_examples": [
            {
                "task_name": "re2_train_203_if_the_word_starts_with_any_letter_replace_that_with_f",
                "program": "(lambda (fn_47 $0 'f'))",
                "language": "if the word starts with any letter replace that with f"
            },
            {
                "task_name": "re2_train_327_if_the_word_starts_with_consonant_replace_that_with_i",
                "program": "(lambda (fn_47 $0 'i'))",
                "language": "if the word starts with consonant replace that with i"
            },
            {
                "task_name": "re2_train_316_if_the_word_starts_with_any_letter_replace_that_with_r_r",
                "program": "(lambda (fn_47 $0 (regex_concat 'r' 'r')))",
                "language": "if the word starts with any letter replace that with r r"
            },
            {
                "task_name": "re2_train_169_if_the_word_starts_with_any_letter_replace_that_with_b",
                "program": "(lambda (fn_47 $0 'b'))",
                "language": "if the word starts with any letter replace that with b"
            },
            {
                "task_name": "re2_train_395_if_the_word_starts_with_any_letter_replace_that_with_e_s",
                "program": "(lambda (fn_47 $0 (regex_concat 'e' 's')))",
                "language": "if the word starts with any letter replace that with e s"
            },
            {
                "task_name": "re2_train_463_if_the_word_starts_with_any_letter_replace_that_with_a",
                "program": "(lambda (fn_47 $0 'a'))",
                "language": "if the word starts with any letter replace that with a"
            }
        ]
    },
    "#(lambda (_rsplit _rempty $0))": {
        "anonymous_name": "fn_48",
        "readable_name": "split_string",
        "description": "Splits a string into a list of substrings, using the empty string as a delimiter.",
        "usage_examples": [
            {
                "task_name": "re2_train_462_if_the_word_ends_with_any_letter_any_letter_add_a_after_that",
                "program": "(lambda (regex_flatten (regex_append 'a' (fn_48 $0))))",
                "language": "if the word ends with any letter any letter add a after that"
            },
            {
                "task_name": "re2_train_486_if_the_word_starts_with_any_letter_add_b_before_that",
                "program": "(lambda (regex_flatten (regex_cons 'b' (fn_48 $0))))",
                "language": "if the word starts with any letter add b before that"
            },
            {
                "task_name": "re2_train_472_if_the_word_starts_with_any_letter_add_v_before_that",
                "program": "(lambda (regex_flatten (regex_cons 'v' (fn_48 $0))))",
                "language": "if the word starts with any letter add v before that"
            },
            {
                "task_name": "re2_train_34_if_the_word_ends_with_any_letter_add_d_after_that",
                "program": "(lambda (regex_flatten (regex_append 'd' (fn_48 $0))))",
                "language": "if the word ends with any letter add d after that"
            },
            {
                "task_name": "re2_train_443_if_the_word_ends_with_any_letter_add_k_after_that",
                "program": "(lambda (regex_flatten (regex_append 'k' (fn_48 $0))))",
                "language": "if the word ends with any letter add k after that"
            },
            {
                "task_name": "re2_train_382_if_the_word_starts_with_any_letter_add_o_after_that",
                "program": "(lambda (replace_first_two_substrings $0 'o' (regex_car (fn_48 $0))))",
                "language": "if the word starts with any letter add o after that"
            },
            {
                "task_name": "re2_train_134_if_the_word_starts_with_any_letter_add_f_before_that",
                "program": "(lambda (regex_flatten (regex_cons 'f' (fn_48 $0))))",
                "language": "if the word starts with any letter add f before that"
            },
            {
                "task_name": "re2_train_66_if_the_word_starts_with_any_letter_any_letter_add_j_before_that",
                "program": "(lambda (regex_flatten (regex_cons 'j' (fn_48 $0))))",
                "language": "if the word starts with any letter any letter add j before that"
            },
            {
                "task_name": "re2_train_52_if_the_word_ends_with_any_letter_replace_that_with_f",
                "program": "(lambda (regex_flatten (regex_append 'f' (regex_reverse_cdr (fn_48 $0)))))",
                "language": "if the word ends with any letter replace that with f"
            },
            {
                "task_name": "re2_train_364_if_the_word_ends_with_s_replace_that_with_y",
                "program": "(lambda (regex_flatten (regex_append (regex_tail (fn_48 (regex_replace_if_match $0 'y' 's'))) (regex_reverse_cdr (fn_48 $0)))))",
                "language": "if the word ends with s replace that with y"
            }
        ]
    },
    "#(lambda (lambda (lambda (#(lambda (lambda (_rflatten (map $0 (_rsplit _rempty $1))))) $0 (lambda (if (_rmatch $2 $0) $3 $0))))))": {
        "anonymous_name": "fn_49",
        "readable_name": "replace_substrings_if_match",
        "description": "Replaces substrings in a string if they match a given pattern, using regular expressions. The first argument is the substring to be replaced, the second argument is a function that takes a substring and returns the replacement substring, and the third argument is the string to be searched. The function checks if the substrings in the string match the given pattern, and if so, replaces them with the result of the replacement function. Finally, the substrings are flattened and concatenated back into a single string.",
        "usage_examples": [
            {
                "task_name": "re2_train_418_if_there_is_vowel_replace_that_with_j",
                "program": "(lambda (fn_49 'j' replace_vowels $0))",
                "language": "if there is vowel replace that with j"
            },
            {
                "task_name": "re2_train_325_if_there_is_t_replace_that_with_i",
                "program": "(lambda (fn_49 'i' 't' $0))",
                "language": "if there is t replace that with i"
            },
            {
                "task_name": "re2_train_109_if_there_is_d_replace_that_with_c_t",
                "program": "(lambda (fn_49 (regex_concat 'c' 't') 'd' $0))",
                "language": "if there is d replace that with c t"
            }
        ]
    },
    "#(lambda (lambda (lambda (#(lambda (lambda (lambda (_rflatten (map (lambda (if (_rmatch $1 $0) $2 $0)) (_rsplit _rdot $2)))))) $0 (_rconcat $1 $2) $2))))": {
        "anonymous_name": "fn_50",
        "readable_name": "replace_if_match_concat",
        "description": "Replaces a substring in a string if it matches a given pattern, and concatenates a given substring to the replacement. The first argument is the substring to be replaced, the second argument is the substring to be concatenated, and the third argument is the string to be searched.",
        "usage_examples": [
            {
                "task_name": "re2_train_37_if_there_is_g_add_q_before_that",
                "program": "(lambda (fn_50 'g' 'q' $0))",
                "language": "if there is g add q before that"
            },
            {
                "task_name": "re2_train_471_if_there_is_o_add_r_before_that",
                "program": "(lambda (fn_50 'o' 'r' $0))",
                "language": "if there is o add r before that"
            },
            {
                "task_name": "re2_train_351_if_there_is_g_add_w_before_that",
                "program": "(lambda (fn_50 'g' 'w' $0))",
                "language": "if there is g add w before that"
            },
            {
                "task_name": "re2_train_20_if_there_is_e_add_e_before_that",
                "program": "(lambda (fn_50 'e' 'e' $0))",
                "language": "if there is e add e before that"
            },
            {
                "task_name": "re2_train_39_if_there_is_c_add_d_before_that",
                "program": "(lambda (fn_50 'c' 'd' $0))",
                "language": "if there is c add d before that"
            },
            {
                "task_name": "re2_train_243_if_there_is_c_add_u_before_that",
                "program": "(lambda (fn_50 'c' 'u' $0))",
                "language": "if there is c add u before that"
            }
        ]
    },
    "#(lambda (lambda (lambda (#(lambda (lambda (_rflatten (map $0 (_rsplit _rempty $1))))) $0 (lambda (if (_rmatch $0 _t) (_rconcat $2 $3) $0))))))": {
        "anonymous_name": "fn_51",
        "readable_name": "replace_substrings_if_t_then_concat",
        "description": "Replaces substrings in a string if they contain the letter 't', and concatenates a given substring to the replacement.",
        "usage_examples": [
            {
                "task_name": "re2_train_330_if_there_is_t_replace_that_with_l_p",
                "program": "(lambda (fn_51 'p' 'l' $0))",
                "language": "if there is t replace that with l p"
            },
            {
                "task_name": "re2_train_99_if_there_is_t_replace_that_with_d_q",
                "program": "(lambda (fn_51 'q' 'd' $0))",
                "language": "if there is t replace that with d q"
            },
            {
                "task_name": "re2_train_159_if_there_is_t_replace_that_with_f_v",
                "program": "(lambda (fn_51 'v' 'f' $0))",
                "language": "if there is t replace that with f v"
            }
        ]
    }
}
2026-05-09 19:14:25,663 INFO:Wrote results: <original-workspace>/lilo_sec/experiments_iterative/outputs/dev_regex_batch96_firsttest_gpt35_instruct_original_completion_20260509/domains/re2/lilo_original_completion/seed_111/lilo_original_completion_96/2/train/gpt_library_namer_results.json
2026-05-09 19:14:25,663 INFO:Wrote experiments_iterative/outputs/dev_regex_batch96_firsttest_gpt35_instruct_original_completion_20260509/domains/re2/lilo_original_completion/seed_111/lilo_original_completion_96/2/metrics.json
2026-05-09 19:14:25,663 INFO:====================================
2026-05-09 19:14:25,663 INFO:iteration: 2
2026-05-09 19:14:25,663 INFO:library_namer : generate_library_names
2026-05-09 19:14:25,663 INFO:Completed in 17.078s
2026-05-09 19:14:25,663 INFO:====================================
2026-05-09 19:14:25,663 INFO:============LOGGING METADATA============
2026-05-09 19:14:25,663 INFO:	iteration: 3
2026-05-09 19:14:25,663 INFO:	human_readable: Autogenerated iterative experiment.
2026-05-09 19:14:25,663 INFO:	experiment_id: lilo_original_completion_96
2026-05-09 19:14:25,663 INFO:	encoder: re2
2026-05-09 19:14:25,663 INFO:	init_frontiers_every_iteration: False
2026-05-09 19:14:25,663 INFO:	enumeration_timeout: 1000
2026-05-09 19:14:25,663 INFO:	tasks_loader: re2
2026-05-09 19:14:25,663 INFO:	task_language_loader: re2_synthetic
2026-05-09 19:14:25,663 INFO:	timestamped_experiment_id: lilo_original_completion_96
2026-05-09 19:14:25,664 INFO:	init_grammar_from_checkpoint: False
2026-05-09 19:14:25,664 INFO:	init_frontiers_from_checkpoint: True
2026-05-09 19:14:25,664 INFO:	resume_checkpoint_directory: experiments_iterative/outputs/paperfaithful_init_seed111_20260507/domains/re2/dreamcoder/seed_111/dreamcoder_32
2026-05-09 19:14:25,664 INFO:	export_with_timestamp: False
2026-05-09 19:14:25,664 INFO:	ocaml_special_handler: re2
2026-05-09 19:14:25,664 INFO:	timestamp: 
2026-05-09 19:14:25,664 INFO:	curr_iteration: 0
2026-05-09 19:14:25,664 INFO:	global_batch_size: 96
2026-05-09 19:14:25,664 INFO:	experiment_name: dev_regex_batch96_firsttest_gpt35_instruct_original_completion_20260509
2026-05-09 19:14:25,664 INFO:	dsl_description_prefix: This is a domain-specific language for regular expressions that specify string transformations.
2026-05-09 19:14:25,664 INFO:	log_directory: experiments_iterative/logs/dev_regex_batch96_firsttest_gpt35_instruct_original_completion_20260509/domains/re2/lilo_original_completion/seed_111/lilo_original_completion_96
2026-05-09 19:14:25,664 INFO:	random_generator: Generator(PCG64)
2026-05-09 19:14:25,664 INFO:	export_directory: experiments_iterative/outputs/dev_regex_batch96_firsttest_gpt35_instruct_original_completion_20260509/domains/re2/lilo_original_completion/seed_111/lilo_original_completion_96
2026-05-09 19:14:25,664 INFO:	recognition_train_steps: 10000
2026-05-09 19:14:25,664 INFO:	random_seed: 111
2026-05-09 19:14:25,664 INFO:====================================
2026-05-09 19:14:25,664 INFO:reset_task_frontiers for split: test
2026-05-09 19:14:25,664 INFO:============LOGGING FRONTIERS============
2026-05-09 19:14:25,665 INFO:	 total_solved_tasks_train @ iteration 3: 100 / 491
2026-05-09 19:14:25,665 INFO:	 total_solved_tasks_test @ iteration 3: 0 / 500
2026-05-09 19:14:25,665 INFO:====================================
2026-05-09 19:14:25,665 INFO:============LOGGING MODEL_FN============
2026-05-09 19:14:25,665 INFO:	iteration: 3
2026-05-09 19:14:25,665 INFO:	experiment_block_type: model_fn
2026-05-09 19:14:25,665 INFO:	model_type: llm_solver
2026-05-09 19:14:25,665 INFO:	params: {'temperature': 0.9, 'max_tokens_completion_beta': 4.0, 'function_name_classes': ['human_readable', 'default'], 'body_task_selection': 'random', 'n_samples_per_query': 4, 'n_queries_per_task': 4, 'body_task_types': ['language', 'programs'], 'final_task_types': ['language'], 'prepend_dsl_description': True, 'verbose': False}
2026-05-09 19:14:25,665 INFO:	task_split: train
2026-05-09 19:14:25,665 INFO:	model_fn: infer_programs_for_tasks
2026-05-09 19:14:25,665 INFO:	task_batch_size: global_batch_size
2026-05-09 19:14:25,665 INFO:task_ids: 96 tasks: re2_train_3_if_there_is_d_replace_that_with_y -- re2_train_314_if_the_word_starts_with_vowel_add_l_after_that
2026-05-09 19:14:25,665 INFO:====================================
2026-05-09 19:14:27,339 INFO:[TASK 0/96 QUERY 0/4]: re2_train_3_if_there_is_d_replace_that_with_y
2026-05-09 19:14:27,339 INFO:Tasks solved so far: 1/1
2026-05-09 19:14:28,762 INFO:[TASK 1/96 QUERY 0/4]: re2_train_45_if_there_is_vowel_add_n_after_that
2026-05-09 19:14:28,763 INFO:Tasks solved so far: 2/2
2026-05-09 19:14:29,842 INFO:[TASK 2/96 QUERY 0/4]: re2_train_333_if_the_word_starts_with_vowel_replace_that_with_i_d
2026-05-09 19:14:29,843 INFO:Tasks solved so far: 2/3
2026-05-09 19:14:30,528 INFO:[TASK 2/96 QUERY 1/4]: re2_train_333_if_the_word_starts_with_vowel_replace_that_with_i_d
2026-05-09 19:14:30,528 INFO:Tasks solved so far: 2/3
2026-05-09 19:14:32,428 INFO:[TASK 2/96 QUERY 2/4]: re2_train_333_if_the_word_starts_with_vowel_replace_that_with_i_d
2026-05-09 19:14:32,428 INFO:Tasks solved so far: 2/3
2026-05-09 19:14:33,190 INFO:[TASK 2/96 QUERY 3/4]: re2_train_333_if_the_word_starts_with_vowel_replace_that_with_i_d
2026-05-09 19:14:33,190 INFO:Tasks solved so far: 2/3
2026-05-09 19:14:33,828 INFO:[TASK 3/96 QUERY 0/4]: re2_train_48_if_there_is_vowel_add_c_after_that
2026-05-09 19:14:33,828 INFO:Tasks solved so far: 2/4
2026-05-09 19:14:35,299 INFO:[TASK 3/96 QUERY 1/4]: re2_train_48_if_there_is_vowel_add_c_after_that
2026-05-09 19:14:35,300 INFO:Tasks solved so far: 2/4
2026-05-09 19:14:36,598 INFO:[TASK 3/96 QUERY 2/4]: re2_train_48_if_there_is_vowel_add_c_after_that
2026-05-09 19:14:36,598 INFO:Tasks solved so far: 3/4
2026-05-09 19:14:37,682 INFO:[TASK 4/96 QUERY 0/4]: re2_train_121_if_there_is_t_add_y_after_that
2026-05-09 19:14:37,682 INFO:Tasks solved so far: 3/5
2026-05-09 19:14:38,566 INFO:[TASK 4/96 QUERY 1/4]: re2_train_121_if_there_is_t_add_y_after_that
2026-05-09 19:14:38,566 INFO:Tasks solved so far: 3/5
2026-05-09 19:14:39,357 INFO:[TASK 4/96 QUERY 2/4]: re2_train_121_if_there_is_t_add_y_after_that
2026-05-09 19:14:39,357 INFO:Tasks solved so far: 3/5
2026-05-09 19:14:40,120 INFO:[TASK 4/96 QUERY 3/4]: re2_train_121_if_there_is_t_add_y_after_that
2026-05-09 19:14:40,120 INFO:Tasks solved so far: 4/5
2026-05-09 19:14:41,068 INFO:[TASK 5/96 QUERY 0/4]: re2_train_324_if_the_word_starts_with_vowel_any_letter_replace_that_with_i_s
2026-05-09 19:14:41,068 INFO:Tasks solved so far: 4/6
2026-05-09 19:14:41,906 INFO:[TASK 5/96 QUERY 1/4]: re2_train_324_if_the_word_starts_with_vowel_any_letter_replace_that_with_i_s
2026-05-09 19:14:41,906 INFO:Tasks solved so far: 4/6
2026-05-09 19:14:44,790 INFO:[TASK 5/96 QUERY 2/4]: re2_train_324_if_the_word_starts_with_vowel_any_letter_replace_that_with_i_s
2026-05-09 19:14:44,791 INFO:Tasks solved so far: 4/6
2026-05-09 19:14:46,451 INFO:[TASK 5/96 QUERY 3/4]: re2_train_324_if_the_word_starts_with_vowel_any_letter_replace_that_with_i_s
2026-05-09 19:14:46,452 INFO:Tasks solved so far: 4/6
2026-05-09 19:14:47,605 INFO:[TASK 6/96 QUERY 0/4]: re2_train_326_if_the_word_starts_with_any_letter_vowel_replace_that_with_p
2026-05-09 19:14:47,605 INFO:Tasks solved so far: 4/7
2026-05-09 19:14:48,943 INFO:[TASK 6/96 QUERY 1/4]: re2_train_326_if_the_word_starts_with_any_letter_vowel_replace_that_with_p
2026-05-09 19:14:48,943 INFO:Tasks solved so far: 4/7
2026-05-09 19:14:50,593 INFO:[TASK 6/96 QUERY 2/4]: re2_train_326_if_the_word_starts_with_any_letter_vowel_replace_that_with_p
2026-05-09 19:14:50,593 INFO:Tasks solved so far: 4/7
2026-05-09 19:14:51,634 INFO:[TASK 6/96 QUERY 3/4]: re2_train_326_if_the_word_starts_with_any_letter_vowel_replace_that_with_p
2026-05-09 19:14:51,634 INFO:Tasks solved so far: 4/7
2026-05-09 19:14:52,378 INFO:[TASK 7/96 QUERY 0/4]: re2_train_444_if_there_is_vowel_s_replace_that_with_r
2026-05-09 19:14:52,379 INFO:Tasks solved so far: 4/8
2026-05-09 19:14:53,112 INFO:[TASK 7/96 QUERY 1/4]: re2_train_444_if_there_is_vowel_s_replace_that_with_r
2026-05-09 19:14:53,112 INFO:Tasks solved so far: 4/8
2026-05-09 19:14:54,597 INFO:[TASK 7/96 QUERY 2/4]: re2_train_444_if_there_is_vowel_s_replace_that_with_r
2026-05-09 19:14:54,597 INFO:Tasks solved so far: 4/8
2026-05-09 19:14:55,511 INFO:[TASK 7/96 QUERY 3/4]: re2_train_444_if_there_is_vowel_s_replace_that_with_r
2026-05-09 19:14:55,512 INFO:Tasks solved so far: 4/8
2026-05-09 19:14:56,244 INFO:[TASK 8/96 QUERY 0/4]: re2_train_294_if_the_word_starts_with_consonant_consonant_replace_that_with_e_i
2026-05-09 19:14:56,244 INFO:Tasks solved so far: 4/9
2026-05-09 19:14:57,283 INFO:[TASK 8/96 QUERY 1/4]: re2_train_294_if_the_word_starts_with_consonant_consonant_replace_that_with_e_i
2026-05-09 19:14:57,283 INFO:Tasks solved so far: 4/9
2026-05-09 19:14:58,218 INFO:[TASK 8/96 QUERY 2/4]: re2_train_294_if_the_word_starts_with_consonant_consonant_replace_that_with_e_i
2026-05-09 19:14:58,218 INFO:Tasks solved so far: 4/9
2026-05-09 19:14:59,464 INFO:[TASK 8/96 QUERY 3/4]: re2_train_294_if_the_word_starts_with_consonant_consonant_replace_that_with_e_i
2026-05-09 19:14:59,464 INFO:Tasks solved so far: 4/9
2026-05-09 19:15:00,231 INFO:[TASK 9/96 QUERY 0/4]: re2_train_57_if_there_is_vowel_t_replace_that_with_n
2026-05-09 19:15:00,231 INFO:Tasks solved so far: 4/10
2026-05-09 19:15:01,196 INFO:[TASK 9/96 QUERY 1/4]: re2_train_57_if_there_is_vowel_t_replace_that_with_n
2026-05-09 19:15:01,196 INFO:Tasks solved so far: 4/10
2026-05-09 19:15:02,341 INFO:[TASK 9/96 QUERY 2/4]: re2_train_57_if_there_is_vowel_t_replace_that_with_n
2026-05-09 19:15:02,341 INFO:Tasks solved so far: 4/10
2026-05-09 19:15:03,258 INFO:[TASK 9/96 QUERY 3/4]: re2_train_57_if_there_is_vowel_t_replace_that_with_n
2026-05-09 19:15:03,258 INFO:Tasks solved so far: 4/10
2026-05-09 19:15:04,034 INFO:[TASK 10/96 QUERY 0/4]: re2_train_476_if_there_is_consonant_replace_that_with_x_u
2026-05-09 19:15:04,034 INFO:Tasks solved so far: 5/11
2026-05-09 19:15:04,993 INFO:[TASK 11/96 QUERY 0/4]: re2_train_273_if_there_is_vowel_any_letter_add_i_before_that
2026-05-09 19:15:04,993 INFO:Tasks solved so far: 5/12
2026-05-09 19:15:05,703 INFO:[TASK 11/96 QUERY 1/4]: re2_train_273_if_there_is_vowel_any_letter_add_i_before_that
2026-05-09 19:15:05,704 INFO:Tasks solved so far: 5/12
2026-05-09 19:15:06,894 INFO:[TASK 11/96 QUERY 2/4]: re2_train_273_if_there_is_vowel_any_letter_add_i_before_that
2026-05-09 19:15:06,894 INFO:Tasks solved so far: 5/12
2026-05-09 19:15:07,775 INFO:[TASK 11/96 QUERY 3/4]: re2_train_273_if_there_is_vowel_any_letter_add_i_before_that
2026-05-09 19:15:07,775 INFO:Tasks solved so far: 5/12
2026-05-09 19:15:08,526 INFO:[TASK 12/96 QUERY 0/4]: re2_train_100_if_the_word_starts_with_vowel_replace_that_with_e_i
2026-05-09 19:15:08,526 INFO:Tasks solved so far: 5/13
2026-05-09 19:15:09,920 INFO:[TASK 12/96 QUERY 1/4]: re2_train_100_if_the_word_starts_with_vowel_replace_that_with_e_i
2026-05-09 19:15:09,920 INFO:Tasks solved so far: 5/13
2026-05-09 19:15:11,751 INFO:[TASK 12/96 QUERY 2/4]: re2_train_100_if_the_word_starts_with_vowel_replace_that_with_e_i
2026-05-09 19:15:11,751 INFO:Tasks solved so far: 6/13
2026-05-09 19:15:12,490 INFO:[TASK 13/96 QUERY 0/4]: re2_train_5_if_the_word_ends_with_consonant_consonant_double_that
2026-05-09 19:15:12,490 INFO:Tasks solved so far: 6/14
2026-05-09 19:15:13,369 INFO:[TASK 13/96 QUERY 1/4]: re2_train_5_if_the_word_ends_with_consonant_consonant_double_that
2026-05-09 19:15:13,369 INFO:Tasks solved so far: 6/14
2026-05-09 19:15:14,370 INFO:[TASK 13/96 QUERY 2/4]: re2_train_5_if_the_word_ends_with_consonant_consonant_double_that
2026-05-09 19:15:14,370 INFO:Tasks solved so far: 6/14
2026-05-09 19:15:15,425 INFO:[TASK 13/96 QUERY 3/4]: re2_train_5_if_the_word_ends_with_consonant_consonant_double_that
2026-05-09 19:15:15,425 INFO:Tasks solved so far: 6/14
2026-05-09 19:15:16,721 INFO:[TASK 14/96 QUERY 0/4]: re2_train_60_if_the_word_starts_with_any_letter_replace_that_with_e_e
2026-05-09 19:15:16,721 INFO:Tasks solved so far: 7/15
2026-05-09 19:15:18,311 INFO:[TASK 15/96 QUERY 0/4]: re2_train_158_if_the_word_ends_with_consonant_consonant_add_d_after_that
2026-05-09 19:15:18,311 INFO:Tasks solved so far: 7/16
2026-05-09 19:15:19,738 INFO:[TASK 15/96 QUERY 1/4]: re2_train_158_if_the_word_ends_with_consonant_consonant_add_d_after_that
2026-05-09 19:15:19,738 INFO:Tasks solved so far: 7/16
2026-05-09 19:15:20,772 INFO:[TASK 15/96 QUERY 2/4]: re2_train_158_if_the_word_ends_with_consonant_consonant_add_d_after_that
2026-05-09 19:15:20,772 INFO:Tasks solved so far: 7/16
2026-05-09 19:15:21,457 INFO:[TASK 15/96 QUERY 3/4]: re2_train_158_if_the_word_ends_with_consonant_consonant_add_d_after_that
2026-05-09 19:15:21,457 INFO:Tasks solved so far: 7/16
2026-05-09 19:15:22,405 INFO:[TASK 16/96 QUERY 0/4]: re2_train_293_if_the_word_ends_with_consonant_add_j_after_that
2026-05-09 19:15:22,405 INFO:Tasks solved so far: 7/17
2026-05-09 19:15:23,161 INFO:[TASK 16/96 QUERY 1/4]: re2_train_293_if_the_word_ends_with_consonant_add_j_after_that
2026-05-09 19:15:23,161 INFO:Tasks solved so far: 7/17
2026-05-09 19:15:23,899 INFO:[TASK 16/96 QUERY 2/4]: re2_train_293_if_the_word_ends_with_consonant_add_j_after_that
2026-05-09 19:15:23,899 INFO:Tasks solved so far: 7/17
2026-05-09 19:15:24,730 INFO:[TASK 16/96 QUERY 3/4]: re2_train_293_if_the_word_ends_with_consonant_add_j_after_that
2026-05-09 19:15:24,730 INFO:Tasks solved so far: 7/17
2026-05-09 19:15:25,871 INFO:[TASK 17/96 QUERY 0/4]: re2_train_318_if_there_is_u_any_letter_replace_that_with_e
2026-05-09 19:15:25,871 INFO:Tasks solved so far: 7/18
2026-05-09 19:15:26,218 INFO:error_code=rate_limit_exceeded error_message='Rate limit reached for gpt-3.5-turbo-instruct in organization org-RcBdlQU9qh37R7FbksDxiLKA on tokens per min (TPM): Limit 90000, Used 90000, Requested 3136. Please try again in 2.09s. Visit https://platform.openai.com/account/rate-limits to learn more.' error_param=None error_type=tokens message='OpenAI API error received' stream_error=False
2026-05-09 19:15:26,218 INFO:Rate limit reached for gpt-3.5-turbo-instruct in organization org-RcBdlQU9qh37R7FbksDxiLKA on tokens per min (TPM): Limit 90000, Used 90000, Requested 3136. Please try again in 2.09s. Visit https://platform.openai.com/account/rate-limits to learn more.
2026-05-09 19:15:26,218 INFO:ERR: OpenAI rate limit. On attempt 1/5 after waiting 30s.
2026-05-09 19:15:56,843 INFO:[TASK 17/96 QUERY 1/4]: re2_train_318_if_there_is_u_any_letter_replace_that_with_e
2026-05-09 19:15:56,843 INFO:Tasks solved so far: 7/18
2026-05-09 19:15:57,585 INFO:[TASK 17/96 QUERY 2/4]: re2_train_318_if_there_is_u_any_letter_replace_that_with_e
2026-05-09 19:15:57,585 INFO:Tasks solved so far: 7/18
2026-05-09 19:15:58,391 INFO:[TASK 17/96 QUERY 3/4]: re2_train_318_if_there_is_u_any_letter_replace_that_with_e
2026-05-09 19:15:58,391 INFO:Tasks solved so far: 7/18
2026-05-09 19:16:00,081 INFO:[TASK 18/96 QUERY 0/4]: re2_train_353_if_there_is_vowel_replace_that_with_u_q
2026-05-09 19:16:00,082 INFO:Tasks solved so far: 8/19
2026-05-09 19:16:01,122 INFO:[TASK 19/96 QUERY 0/4]: re2_train_339_if_the_word_ends_with_consonant_double_that
2026-05-09 19:16:01,123 INFO:Tasks solved so far: 8/20
2026-05-09 19:16:01,795 INFO:[TASK 19/96 QUERY 1/4]: re2_train_339_if_the_word_ends_with_consonant_double_that
2026-05-09 19:16:01,795 INFO:Tasks solved so far: 8/20
2026-05-09 19:16:02,856 INFO:[TASK 19/96 QUERY 2/4]: re2_train_339_if_the_word_ends_with_consonant_double_that
2026-05-09 19:16:02,856 INFO:Tasks solved so far: 8/20
2026-05-09 19:16:03,497 INFO:[TASK 19/96 QUERY 3/4]: re2_train_339_if_the_word_ends_with_consonant_double_that
2026-05-09 19:16:03,497 INFO:Tasks solved so far: 8/20
2026-05-09 19:16:04,183 INFO:[TASK 20/96 QUERY 0/4]: re2_train_205_if_there_is_consonant_replace_that_with_p
2026-05-09 19:16:04,183 INFO:Tasks solved so far: 9/21
2026-05-09 19:16:05,453 INFO:[TASK 21/96 QUERY 0/4]: re2_train_49_if_the_word_starts_with_consonant_e_add_l_before_that
2026-05-09 19:16:05,453 INFO:Tasks solved so far: 9/22
2026-05-09 19:16:07,227 INFO:[TASK 21/96 QUERY 1/4]: re2_train_49_if_the_word_starts_with_consonant_e_add_l_before_that
2026-05-09 19:16:07,228 INFO:Tasks solved so far: 9/22
2026-05-09 19:16:08,276 INFO:[TASK 21/96 QUERY 2/4]: re2_train_49_if_the_word_starts_with_consonant_e_add_l_before_that
2026-05-09 19:16:08,276 INFO:Tasks solved so far: 9/22
2026-05-09 19:16:09,083 INFO:[TASK 21/96 QUERY 3/4]: re2_train_49_if_the_word_starts_with_consonant_e_add_l_before_that
2026-05-09 19:16:09,083 INFO:Tasks solved so far: 9/22
2026-05-09 19:16:10,112 INFO:[TASK 22/96 QUERY 0/4]: re2_train_453_if_there_is_vowel_r_add_i_before_that
2026-05-09 19:16:10,112 INFO:Tasks solved so far: 9/23
2026-05-09 19:16:10,950 INFO:[TASK 22/96 QUERY 1/4]: re2_train_453_if_there_is_vowel_r_add_i_before_that
2026-05-09 19:16:10,950 INFO:Tasks solved so far: 9/23
2026-05-09 19:16:12,733 INFO:[TASK 22/96 QUERY 2/4]: re2_train_453_if_there_is_vowel_r_add_i_before_that
2026-05-09 19:16:12,733 INFO:Tasks solved so far: 9/23
2026-05-09 19:16:13,653 INFO:[TASK 22/96 QUERY 3/4]: re2_train_453_if_there_is_vowel_r_add_i_before_that
2026-05-09 19:16:13,653 INFO:Tasks solved so far: 9/23
2026-05-09 19:16:14,632 INFO:[TASK 23/96 QUERY 0/4]: re2_train_369_if_the_word_ends_with_consonant_consonant_add_c_after_that
2026-05-09 19:16:14,632 INFO:Tasks solved so far: 9/24
2026-05-09 19:16:15,898 INFO:[TASK 23/96 QUERY 1/4]: re2_train_369_if_the_word_ends_with_consonant_consonant_add_c_after_that
2026-05-09 19:16:15,898 INFO:Tasks solved so far: 9/24
2026-05-09 19:16:16,908 INFO:[TASK 23/96 QUERY 2/4]: re2_train_369_if_the_word_ends_with_consonant_consonant_add_c_after_that
2026-05-09 19:16:16,908 INFO:Tasks solved so far: 9/24
2026-05-09 19:16:18,371 INFO:[TASK 23/96 QUERY 3/4]: re2_train_369_if_the_word_ends_with_consonant_consonant_add_c_after_that
2026-05-09 19:16:18,372 INFO:Tasks solved so far: 9/24
2026-05-09 19:16:19,128 INFO:[TASK 24/96 QUERY 0/4]: re2_train_167_if_there_is_l_replace_that_with_v_q
2026-05-09 19:16:19,128 INFO:Tasks solved so far: 10/25
2026-05-09 19:16:20,294 INFO:[TASK 25/96 QUERY 0/4]: re2_train_296_if_there_is_s_replace_that_with_t_q
2026-05-09 19:16:20,294 INFO:Tasks solved so far: 11/26
2026-05-09 19:16:21,033 INFO:[TASK 26/96 QUERY 0/4]: re2_train_267_if_the_word_ends_with_consonant_consonant_add_e_after_that
2026-05-09 19:16:21,033 INFO:Tasks solved so far: 11/27
2026-05-09 19:16:22,204 INFO:[TASK 26/96 QUERY 1/4]: re2_train_267_if_the_word_ends_with_consonant_consonant_add_e_after_that
2026-05-09 19:16:22,204 INFO:Tasks solved so far: 11/27
2026-05-09 19:16:22,536 INFO:error_code=rate_limit_exceeded error_message='Rate limit reached for gpt-3.5-turbo-instruct in organization org-RcBdlQU9qh37R7FbksDxiLKA on tokens per min (TPM): Limit 90000, Used 87556, Requested 3166. Please try again in 481ms. Visit https://platform.openai.com/account/rate-limits to learn more.' error_param=None error_type=tokens message='OpenAI API error received' stream_error=False
2026-05-09 19:16:22,536 INFO:Rate limit reached for gpt-3.5-turbo-instruct in organization org-RcBdlQU9qh37R7FbksDxiLKA on tokens per min (TPM): Limit 90000, Used 87556, Requested 3166. Please try again in 481ms. Visit https://platform.openai.com/account/rate-limits to learn more.
2026-05-09 19:16:22,536 INFO:ERR: OpenAI rate limit. On attempt 1/5 after waiting 30s.
2026-05-09 19:16:53,217 INFO:[TASK 26/96 QUERY 2/4]: re2_train_267_if_the_word_ends_with_consonant_consonant_add_e_after_that
2026-05-09 19:16:53,217 INFO:Tasks solved so far: 11/27
2026-05-09 19:16:54,982 INFO:[TASK 26/96 QUERY 3/4]: re2_train_267_if_the_word_ends_with_consonant_consonant_add_e_after_that
2026-05-09 19:16:54,982 INFO:Tasks solved so far: 11/27
2026-05-09 19:16:55,958 INFO:[TASK 27/96 QUERY 0/4]: re2_train_201_if_there_is_any_letter_consonant_replace_that_with_y
2026-05-09 19:16:55,958 INFO:Tasks solved so far: 11/28
2026-05-09 19:16:57,452 INFO:[TASK 27/96 QUERY 1/4]: re2_train_201_if_there_is_any_letter_consonant_replace_that_with_y
2026-05-09 19:16:57,452 INFO:Tasks solved so far: 11/28
2026-05-09 19:16:58,216 INFO:[TASK 27/96 QUERY 2/4]: re2_train_201_if_there_is_any_letter_consonant_replace_that_with_y
2026-05-09 19:16:58,216 INFO:Tasks solved so far: 11/28
2026-05-09 19:16:58,910 INFO:[TASK 27/96 QUERY 3/4]: re2_train_201_if_there_is_any_letter_consonant_replace_that_with_y
2026-05-09 19:16:58,910 INFO:Tasks solved so far: 11/28
2026-05-09 19:17:00,041 INFO:[TASK 28/96 QUERY 0/4]: re2_train_93_if_the_word_starts_with_vowel_replace_that_with_u_c
2026-05-09 19:17:00,041 INFO:Tasks solved so far: 11/29
2026-05-09 19:17:01,347 INFO:[TASK 28/96 QUERY 1/4]: re2_train_93_if_the_word_starts_with_vowel_replace_that_with_u_c
2026-05-09 19:17:01,348 INFO:Tasks solved so far: 11/29
2026-05-09 19:17:02,174 INFO:[TASK 28/96 QUERY 2/4]: re2_train_93_if_the_word_starts_with_vowel_replace_that_with_u_c
2026-05-09 19:17:02,174 INFO:Tasks solved so far: 11/29
2026-05-09 19:17:03,083 INFO:[TASK 28/96 QUERY 3/4]: re2_train_93_if_the_word_starts_with_vowel_replace_that_with_u_c
2026-05-09 19:17:03,084 INFO:Tasks solved so far: 11/29
2026-05-09 19:17:04,683 INFO:[TASK 29/96 QUERY 0/4]: re2_train_288_if_the_word_ends_with_consonant_consonant_replace_that_with_a
2026-05-09 19:17:04,683 INFO:Tasks solved so far: 11/30
2026-05-09 19:17:05,524 INFO:[TASK 29/96 QUERY 1/4]: re2_train_288_if_the_word_ends_with_consonant_consonant_replace_that_with_a
2026-05-09 19:17:05,524 INFO:Tasks solved so far: 11/30
2026-05-09 19:17:06,591 INFO:[TASK 29/96 QUERY 2/4]: re2_train_288_if_the_word_ends_with_consonant_consonant_replace_that_with_a
2026-05-09 19:17:06,591 INFO:Tasks solved so far: 11/30
2026-05-09 19:17:07,373 INFO:[TASK 29/96 QUERY 3/4]: re2_train_288_if_the_word_ends_with_consonant_consonant_replace_that_with_a
2026-05-09 19:17:07,373 INFO:Tasks solved so far: 11/30
2026-05-09 19:17:08,227 INFO:[TASK 30/96 QUERY 0/4]: re2_train_470_if_the_word_starts_with_any_letter_vowel_replace_that_with_w
2026-05-09 19:17:08,227 INFO:Tasks solved so far: 11/31
2026-05-09 19:17:09,447 INFO:[TASK 30/96 QUERY 1/4]: re2_train_470_if_the_word_starts_with_any_letter_vowel_replace_that_with_w
2026-05-09 19:17:09,447 INFO:Tasks solved so far: 11/31
2026-05-09 19:17:10,308 INFO:[TASK 30/96 QUERY 2/4]: re2_train_470_if_the_word_starts_with_any_letter_vowel_replace_that_with_w
2026-05-09 19:17:10,308 INFO:Tasks solved so far: 11/31
2026-05-09 19:17:11,218 INFO:[TASK 30/96 QUERY 3/4]: re2_train_470_if_the_word_starts_with_any_letter_vowel_replace_that_with_w
2026-05-09 19:17:11,218 INFO:Tasks solved so far: 11/31
2026-05-09 19:17:12,431 INFO:[TASK 31/96 QUERY 0/4]: re2_train_377_if_the_word_ends_with_any_letter_replace_that_with_r_j
2026-05-09 19:17:12,431 INFO:Tasks solved so far: 12/32
2026-05-09 19:17:13,136 INFO:[TASK 32/96 QUERY 0/4]: re2_train_338_if_the_word_starts_with_consonant_replace_that_with_w_x
2026-05-09 19:17:13,136 INFO:Tasks solved so far: 12/33
2026-05-09 19:17:14,419 INFO:[TASK 32/96 QUERY 1/4]: re2_train_338_if_the_word_starts_with_consonant_replace_that_with_w_x
2026-05-09 19:17:14,419 INFO:Tasks solved so far: 12/33
2026-05-09 19:17:15,788 INFO:[TASK 32/96 QUERY 2/4]: re2_train_338_if_the_word_starts_with_consonant_replace_that_with_w_x
2026-05-09 19:17:15,788 INFO:Tasks solved so far: 12/33
2026-05-09 19:17:16,892 INFO:[TASK 32/96 QUERY 3/4]: re2_train_338_if_the_word_starts_with_consonant_replace_that_with_w_x
2026-05-09 19:17:16,892 INFO:Tasks solved so far: 12/33
2026-05-09 19:17:17,704 INFO:[TASK 33/96 QUERY 0/4]: re2_train_214_if_the_word_ends_with_consonant_any_letter_replace_that_with_b_h
2026-05-09 19:17:17,704 INFO:Tasks solved so far: 12/34
2026-05-09 19:17:18,704 INFO:[TASK 33/96 QUERY 1/4]: re2_train_214_if_the_word_ends_with_consonant_any_letter_replace_that_with_b_h
2026-05-09 19:17:18,704 INFO:Tasks solved so far: 12/34
2026-05-09 19:17:20,271 INFO:[TASK 33/96 QUERY 2/4]: re2_train_214_if_the_word_ends_with_consonant_any_letter_replace_that_with_b_h
2026-05-09 19:17:20,271 INFO:Tasks solved so far: 12/34
2026-05-09 19:17:21,686 INFO:[TASK 33/96 QUERY 3/4]: re2_train_214_if_the_word_ends_with_consonant_any_letter_replace_that_with_b_h
2026-05-09 19:17:21,686 INFO:Tasks solved so far: 12/34
2026-05-09 19:17:22,532 INFO:[TASK 34/96 QUERY 0/4]: re2_train_92_if_there_is_any_letter_consonant_add_k_after_that
2026-05-09 19:17:22,532 INFO:Tasks solved so far: 12/35
2026-05-09 19:17:23,806 INFO:[TASK 34/96 QUERY 1/4]: re2_train_92_if_there_is_any_letter_consonant_add_k_after_that
2026-05-09 19:17:23,806 INFO:Tasks solved so far: 12/35
2026-05-09 19:17:24,159 INFO:error_code=rate_limit_exceeded error_message='Rate limit reached for gpt-3.5-turbo-instruct in organization org-RcBdlQU9qh37R7FbksDxiLKA on tokens per min (TPM): Limit 90000, Used 87128, Requested 3123. Please try again in 167ms. Visit https://platform.openai.com/account/rate-limits to learn more.' error_param=None error_type=tokens message='OpenAI API error received' stream_error=False
2026-05-09 19:17:24,159 INFO:Rate limit reached for gpt-3.5-turbo-instruct in organization org-RcBdlQU9qh37R7FbksDxiLKA on tokens per min (TPM): Limit 90000, Used 87128, Requested 3123. Please try again in 167ms. Visit https://platform.openai.com/account/rate-limits to learn more.
2026-05-09 19:17:24,159 INFO:ERR: OpenAI rate limit. On attempt 1/5 after waiting 30s.
2026-05-09 19:17:54,721 INFO:[TASK 34/96 QUERY 2/4]: re2_train_92_if_there_is_any_letter_consonant_add_k_after_that
2026-05-09 19:17:54,721 INFO:Tasks solved so far: 12/35
2026-05-09 19:17:55,936 INFO:[TASK 34/96 QUERY 3/4]: re2_train_92_if_there_is_any_letter_consonant_add_k_after_that
2026-05-09 19:17:55,936 INFO:Tasks solved so far: 12/35
2026-05-09 19:17:56,820 INFO:[TASK 35/96 QUERY 0/4]: re2_train_498_if_the_word_starts_with_consonant_consonant_add_e_before_that
2026-05-09 19:17:56,820 INFO:Tasks solved so far: 12/36
2026-05-09 19:17:57,650 INFO:[TASK 35/96 QUERY 1/4]: re2_train_498_if_the_word_starts_with_consonant_consonant_add_e_before_that
2026-05-09 19:17:57,651 INFO:Tasks solved so far: 12/36
2026-05-09 19:17:58,621 INFO:[TASK 35/96 QUERY 2/4]: re2_train_498_if_the_word_starts_with_consonant_consonant_add_e_before_that
2026-05-09 19:17:58,621 INFO:Tasks solved so far: 12/36
2026-05-09 19:18:00,529 INFO:[TASK 35/96 QUERY 3/4]: re2_train_498_if_the_word_starts_with_consonant_consonant_add_e_before_that
2026-05-09 19:18:00,529 INFO:Tasks solved so far: 12/36
2026-05-09 19:18:01,348 INFO:[TASK 36/96 QUERY 0/4]: re2_train_139_if_there_is_u_any_letter_double_that
2026-05-09 19:18:01,348 INFO:Tasks solved so far: 12/37
2026-05-09 19:18:02,339 INFO:[TASK 36/96 QUERY 1/4]: re2_train_139_if_there_is_u_any_letter_double_that
2026-05-09 19:18:02,339 INFO:Tasks solved so far: 12/37
2026-05-09 19:18:03,693 INFO:[TASK 36/96 QUERY 2/4]: re2_train_139_if_there_is_u_any_letter_double_that
2026-05-09 19:18:03,693 INFO:Tasks solved so far: 12/37
2026-05-09 19:18:05,083 INFO:[TASK 36/96 QUERY 3/4]: re2_train_139_if_there_is_u_any_letter_double_that
2026-05-09 19:18:05,083 INFO:Tasks solved so far: 12/37
2026-05-09 19:18:06,498 INFO:[TASK 37/96 QUERY 0/4]: re2_train_482_if_the_word_ends_with_any_letter_consonant_replace_that_with_x
2026-05-09 19:18:06,498 INFO:Tasks solved so far: 12/38
2026-05-09 19:18:07,248 INFO:[TASK 37/96 QUERY 1/4]: re2_train_482_if_the_word_ends_with_any_letter_consonant_replace_that_with_x
2026-05-09 19:18:07,248 INFO:Tasks solved so far: 12/38
2026-05-09 19:18:08,117 INFO:[TASK 37/96 QUERY 2/4]: re2_train_482_if_the_word_ends_with_any_letter_consonant_replace_that_with_x
2026-05-09 19:18:08,117 INFO:Tasks solved so far: 12/38
2026-05-09 19:18:08,961 INFO:[TASK 37/96 QUERY 3/4]: re2_train_482_if_the_word_ends_with_any_letter_consonant_replace_that_with_x
2026-05-09 19:18:08,961 INFO:Tasks solved so far: 12/38
2026-05-09 19:18:10,613 INFO:[TASK 38/96 QUERY 0/4]: re2_train_385_if_the_word_starts_with_any_letter_replace_that_with_x_i
2026-05-09 19:18:10,613 INFO:Tasks solved so far: 13/39
2026-05-09 19:18:11,908 INFO:[TASK 39/96 QUERY 0/4]: re2_train_334_if_the_word_starts_with_consonant_any_letter_replace_that_with_r_d
2026-05-09 19:18:11,908 INFO:Tasks solved so far: 13/40
2026-05-09 19:18:12,925 INFO:[TASK 39/96 QUERY 1/4]: re2_train_334_if_the_word_starts_with_consonant_any_letter_replace_that_with_r_d
2026-05-09 19:18:12,925 INFO:Tasks solved so far: 13/40
2026-05-09 19:18:14,524 INFO:[TASK 39/96 QUERY 2/4]: re2_train_334_if_the_word_starts_with_consonant_any_letter_replace_that_with_r_d
2026-05-09 19:18:14,524 INFO:Tasks solved so far: 13/40
2026-05-09 19:18:15,388 INFO:[TASK 39/96 QUERY 3/4]: re2_train_334_if_the_word_starts_with_consonant_any_letter_replace_that_with_r_d
2026-05-09 19:18:15,388 INFO:Tasks solved so far: 13/40
2026-05-09 19:18:17,071 INFO:[TASK 40/96 QUERY 0/4]: re2_train_107_if_there_is_any_letter_consonant_add_n_after_that
2026-05-09 19:18:17,071 INFO:Tasks solved so far: 13/41
2026-05-09 19:18:18,366 INFO:[TASK 40/96 QUERY 1/4]: re2_train_107_if_there_is_any_letter_consonant_add_n_after_that
2026-05-09 19:18:18,366 INFO:Tasks solved so far: 13/41
2026-05-09 19:18:19,197 INFO:[TASK 40/96 QUERY 2/4]: re2_train_107_if_there_is_any_letter_consonant_add_n_after_that
2026-05-09 19:18:19,197 INFO:Tasks solved so far: 13/41
2026-05-09 19:18:20,535 INFO:[TASK 40/96 QUERY 3/4]: re2_train_107_if_there_is_any_letter_consonant_add_n_after_that
2026-05-09 19:18:20,535 INFO:Tasks solved so far: 13/41
2026-05-09 19:18:22,520 INFO:[TASK 41/96 QUERY 0/4]: re2_train_466_if_the_word_ends_with_any_letter_add_u_after_that
2026-05-09 19:18:22,520 INFO:Tasks solved so far: 14/42
2026-05-09 19:18:23,545 INFO:[TASK 42/96 QUERY 0/4]: re2_train_140_if_the_word_ends_with_vowel_any_letter_replace_that_with_y
2026-05-09 19:18:23,545 INFO:Tasks solved so far: 14/43
2026-05-09 19:18:25,274 INFO:[TASK 42/96 QUERY 1/4]: re2_train_140_if_the_word_ends_with_vowel_any_letter_replace_that_with_y
2026-05-09 19:18:25,274 INFO:Tasks solved so far: 14/43
2026-05-09 19:18:26,092 INFO:[TASK 42/96 QUERY 2/4]: re2_train_140_if_the_word_ends_with_vowel_any_letter_replace_that_with_y
2026-05-09 19:18:26,092 INFO:Tasks solved so far: 14/43
2026-05-09 19:18:27,896 INFO:[TASK 42/96 QUERY 3/4]: re2_train_140_if_the_word_ends_with_vowel_any_letter_replace_that_with_y
2026-05-09 19:18:27,896 INFO:Tasks solved so far: 14/43
2026-05-09 19:18:29,276 INFO:[TASK 43/96 QUERY 0/4]: re2_train_187_if_there_is_consonant_replace_that_with_m_b
2026-05-09 19:18:29,276 INFO:Tasks solved so far: 15/44
2026-05-09 19:18:29,643 INFO:error_code=rate_limit_exceeded error_message='Rate limit reached for gpt-3.5-turbo-instruct in organization org-RcBdlQU9qh37R7FbksDxiLKA on tokens per min (TPM): Limit 90000, Used 87967, Requested 3174. Please try again in 760ms. Visit https://platform.openai.com/account/rate-limits to learn more.' error_param=None error_type=tokens message='OpenAI API error received' stream_error=False
2026-05-09 19:18:29,643 INFO:Rate limit reached for gpt-3.5-turbo-instruct in organization org-RcBdlQU9qh37R7FbksDxiLKA on tokens per min (TPM): Limit 90000, Used 87967, Requested 3174. Please try again in 760ms. Visit https://platform.openai.com/account/rate-limits to learn more.
2026-05-09 19:18:29,643 INFO:ERR: OpenAI rate limit. On attempt 1/5 after waiting 30s.
2026-05-09 19:19:00,117 INFO:[TASK 44/96 QUERY 0/4]: re2_train_277_if_there_is_i_any_letter_replace_that_with_q
2026-05-09 19:19:00,118 INFO:Tasks solved so far: 15/45
2026-05-09 19:19:01,364 INFO:[TASK 44/96 QUERY 1/4]: re2_train_277_if_there_is_i_any_letter_replace_that_with_q
2026-05-09 19:19:01,364 INFO:Tasks solved so far: 15/45
2026-05-09 19:19:02,500 INFO:[TASK 44/96 QUERY 2/4]: re2_train_277_if_there_is_i_any_letter_replace_that_with_q
2026-05-09 19:19:02,500 INFO:Tasks solved so far: 15/45
2026-05-09 19:19:03,165 INFO:[TASK 44/96 QUERY 3/4]: re2_train_277_if_there_is_i_any_letter_replace_that_with_q
2026-05-09 19:19:03,165 INFO:Tasks solved so far: 15/45
2026-05-09 19:19:04,262 INFO:[TASK 45/96 QUERY 0/4]: re2_train_381_if_there_is_any_letter_replace_that_with_n_g
2026-05-09 19:19:04,262 INFO:Tasks solved so far: 16/46
2026-05-09 19:19:04,996 INFO:[TASK 46/96 QUERY 0/4]: re2_train_468_if_the_word_ends_with_any_letter_replace_that_with_x_p
2026-05-09 19:19:04,996 INFO:Tasks solved so far: 17/47
2026-05-09 19:19:06,593 INFO:[TASK 47/96 QUERY 0/4]: re2_train_65_if_there_is_d_vowel_add_q_after_that
2026-05-09 19:19:06,593 INFO:Tasks solved so far: 17/48
2026-05-09 19:19:07,503 INFO:[TASK 47/96 QUERY 1/4]: re2_train_65_if_there_is_d_vowel_add_q_after_that
2026-05-09 19:19:07,504 INFO:Tasks solved so far: 17/48
2026-05-09 19:19:08,862 INFO:[TASK 47/96 QUERY 2/4]: re2_train_65_if_there_is_d_vowel_add_q_after_that
2026-05-09 19:19:08,862 INFO:Tasks solved so far: 17/48
2026-05-09 19:19:09,680 INFO:[TASK 47/96 QUERY 3/4]: re2_train_65_if_there_is_d_vowel_add_q_after_that
2026-05-09 19:19:09,680 INFO:Tasks solved so far: 17/48
2026-05-09 19:19:10,712 INFO:[TASK 48/96 QUERY 0/4]: re2_train_317_if_the_word_ends_with_vowel_consonant_replace_that_with_h_t
2026-05-09 19:19:10,712 INFO:Tasks solved so far: 17/49
2026-05-09 19:19:11,503 INFO:[TASK 48/96 QUERY 1/4]: re2_train_317_if_the_word_ends_with_vowel_consonant_replace_that_with_h_t
2026-05-09 19:19:11,503 INFO:Tasks solved so far: 17/49
2026-05-09 19:19:12,497 INFO:[TASK 48/96 QUERY 2/4]: re2_train_317_if_the_word_ends_with_vowel_consonant_replace_that_with_h_t
2026-05-09 19:19:12,497 INFO:Tasks solved so far: 17/49
2026-05-09 19:19:13,557 INFO:[TASK 48/96 QUERY 3/4]: re2_train_317_if_the_word_ends_with_vowel_consonant_replace_that_with_h_t
2026-05-09 19:19:13,558 INFO:Tasks solved so far: 17/49
2026-05-09 19:19:14,711 INFO:[TASK 49/96 QUERY 0/4]: re2_train_215_if_the_word_ends_with_any_letter_consonant_replace_that_with_g_l
2026-05-09 19:19:14,711 INFO:Tasks solved so far: 17/50
2026-05-09 19:19:16,468 INFO:[TASK 49/96 QUERY 1/4]: re2_train_215_if_the_word_ends_with_any_letter_consonant_replace_that_with_g_l
2026-05-09 19:19:16,468 INFO:Tasks solved so far: 17/50
2026-05-09 19:19:18,055 INFO:[TASK 49/96 QUERY 2/4]: re2_train_215_if_the_word_ends_with_any_letter_consonant_replace_that_with_g_l
2026-05-09 19:19:18,056 INFO:Tasks solved so far: 17/50
2026-05-09 19:19:18,856 INFO:[TASK 49/96 QUERY 3/4]: re2_train_215_if_the_word_ends_with_any_letter_consonant_replace_that_with_g_l
2026-05-09 19:19:18,856 INFO:Tasks solved so far: 17/50
2026-05-09 19:19:19,676 INFO:[TASK 50/96 QUERY 0/4]: re2_train_120_if_the_word_starts_with_consonant_add_l_before_that
2026-05-09 19:19:19,676 INFO:Tasks solved so far: 17/51
2026-05-09 19:19:21,056 INFO:[TASK 50/96 QUERY 1/4]: re2_train_120_if_the_word_starts_with_consonant_add_l_before_that
2026-05-09 19:19:21,056 INFO:Tasks solved so far: 17/51
2026-05-09 19:19:21,880 INFO:[TASK 50/96 QUERY 2/4]: re2_train_120_if_the_word_starts_with_consonant_add_l_before_that
2026-05-09 19:19:21,880 INFO:Tasks solved so far: 17/51
2026-05-09 19:19:22,934 INFO:[TASK 50/96 QUERY 3/4]: re2_train_120_if_the_word_starts_with_consonant_add_l_before_that
2026-05-09 19:19:22,934 INFO:Tasks solved so far: 17/51
2026-05-09 19:19:23,718 INFO:[TASK 51/96 QUERY 0/4]: re2_train_105_if_there_is_vowel_any_letter_replace_that_with_j_r
2026-05-09 19:19:23,718 INFO:Tasks solved so far: 17/52
2026-05-09 19:19:24,482 INFO:[TASK 51/96 QUERY 1/4]: re2_train_105_if_there_is_vowel_any_letter_replace_that_with_j_r
2026-05-09 19:19:24,483 INFO:Tasks solved so far: 17/52
2026-05-09 19:19:25,262 INFO:[TASK 51/96 QUERY 2/4]: re2_train_105_if_there_is_vowel_any_letter_replace_that_with_j_r
2026-05-09 19:19:25,262 INFO:Tasks solved so far: 17/52
2026-05-09 19:19:26,060 INFO:[TASK 51/96 QUERY 3/4]: re2_train_105_if_there_is_vowel_any_letter_replace_that_with_j_r
2026-05-09 19:19:26,060 INFO:Tasks solved so far: 17/52
2026-05-09 19:19:26,440 INFO:error_code=rate_limit_exceeded error_message='Rate limit reached for gpt-3.5-turbo-instruct in organization org-RcBdlQU9qh37R7FbksDxiLKA on tokens per min (TPM): Limit 90000, Used 88774, Requested 3157. Please try again in 1.287s. Visit https://platform.openai.com/account/rate-limits to learn more.' error_param=None error_type=tokens message='OpenAI API error received' stream_error=False
2026-05-09 19:19:26,440 INFO:Rate limit reached for gpt-3.5-turbo-instruct in organization org-RcBdlQU9qh37R7FbksDxiLKA on tokens per min (TPM): Limit 90000, Used 88774, Requested 3157. Please try again in 1.287s. Visit https://platform.openai.com/account/rate-limits to learn more.
2026-05-09 19:19:26,440 INFO:ERR: OpenAI rate limit. On attempt 1/5 after waiting 30s.
2026-05-09 19:19:56,917 INFO:[TASK 52/96 QUERY 0/4]: re2_train_4_if_there_is_b_add_k_before_that
2026-05-09 19:19:56,917 INFO:Tasks solved so far: 17/53
2026-05-09 19:19:58,661 INFO:[TASK 52/96 QUERY 1/4]: re2_train_4_if_there_is_b_add_k_before_that
2026-05-09 19:19:58,661 INFO:Tasks solved so far: 18/53
2026-05-09 19:19:59,679 INFO:[TASK 53/96 QUERY 0/4]: re2_train_27_if_there_is_consonant_replace_that_with_v_i
2026-05-09 19:19:59,679 INFO:Tasks solved so far: 19/54
2026-05-09 19:20:00,999 INFO:[TASK 54/96 QUERY 0/4]: re2_train_142_if_the_word_starts_with_consonant_replace_that_with_r_p
2026-05-09 19:20:00,999 INFO:Tasks solved so far: 19/55
2026-05-09 19:20:01,838 INFO:[TASK 54/96 QUERY 1/4]: re2_train_142_if_the_word_starts_with_consonant_replace_that_with_r_p
2026-05-09 19:20:01,838 INFO:Tasks solved so far: 19/55
2026-05-09 19:20:02,639 INFO:[TASK 54/96 QUERY 2/4]: re2_train_142_if_the_word_starts_with_consonant_replace_that_with_r_p
2026-05-09 19:20:02,639 INFO:Tasks solved so far: 19/55
2026-05-09 19:20:03,368 INFO:[TASK 54/96 QUERY 3/4]: re2_train_142_if_the_word_starts_with_consonant_replace_that_with_r_p
2026-05-09 19:20:03,369 INFO:Tasks solved so far: 19/55
2026-05-09 19:20:04,151 INFO:[TASK 55/96 QUERY 0/4]: re2_train_245_if_there_is_any_letter_any_letter_replace_that_with_j
2026-05-09 19:20:04,151 INFO:Tasks solved so far: 19/56
2026-05-09 19:20:05,833 INFO:[TASK 55/96 QUERY 1/4]: re2_train_245_if_there_is_any_letter_any_letter_replace_that_with_j
2026-05-09 19:20:05,833 INFO:Tasks solved so far: 19/56
2026-05-09 19:20:06,619 INFO:[TASK 55/96 QUERY 2/4]: re2_train_245_if_there_is_any_letter_any_letter_replace_that_with_j
2026-05-09 19:20:06,619 INFO:Tasks solved so far: 19/56
2026-05-09 19:20:07,320 INFO:[TASK 55/96 QUERY 3/4]: re2_train_245_if_there_is_any_letter_any_letter_replace_that_with_j
2026-05-09 19:20:07,320 INFO:Tasks solved so far: 19/56
2026-05-09 19:20:08,179 INFO:[TASK 56/96 QUERY 0/4]: re2_train_250_if_there_is_s_add_x_after_that
2026-05-09 19:20:08,179 INFO:Tasks solved so far: 19/57
2026-05-09 19:20:08,954 INFO:[TASK 56/96 QUERY 1/4]: re2_train_250_if_there_is_s_add_x_after_that
2026-05-09 19:20:08,954 INFO:Tasks solved so far: 19/57
2026-05-09 19:20:10,215 INFO:[TASK 56/96 QUERY 2/4]: re2_train_250_if_there_is_s_add_x_after_that
2026-05-09 19:20:10,215 INFO:Tasks solved so far: 19/57
2026-05-09 19:20:11,510 INFO:[TASK 56/96 QUERY 3/4]: re2_train_250_if_there_is_s_add_x_after_that
2026-05-09 19:20:11,511 INFO:Tasks solved so far: 19/57
2026-05-09 19:20:12,504 INFO:[TASK 57/96 QUERY 0/4]: re2_train_46_if_the_word_ends_with_any_letter_consonant_add_a_before_that
2026-05-09 19:20:12,504 INFO:Tasks solved so far: 19/58
2026-05-09 19:20:13,665 INFO:[TASK 57/96 QUERY 1/4]: re2_train_46_if_the_word_ends_with_any_letter_consonant_add_a_before_that
2026-05-09 19:20:13,665 INFO:Tasks solved so far: 19/58
2026-05-09 19:20:15,030 INFO:[TASK 57/96 QUERY 2/4]: re2_train_46_if_the_word_ends_with_any_letter_consonant_add_a_before_that
2026-05-09 19:20:15,031 INFO:Tasks solved so far: 19/58
2026-05-09 19:20:15,893 INFO:[TASK 57/96 QUERY 3/4]: re2_train_46_if_the_word_ends_with_any_letter_consonant_add_a_before_that
2026-05-09 19:20:15,893 INFO:Tasks solved so far: 19/58
2026-05-09 19:20:16,714 INFO:[TASK 58/96 QUERY 0/4]: re2_train_98_if_the_word_starts_with_consonant_replace_that_with_g_d
2026-05-09 19:20:16,714 INFO:Tasks solved so far: 19/59
2026-05-09 19:20:17,377 INFO:[TASK 58/96 QUERY 1/4]: re2_train_98_if_the_word_starts_with_consonant_replace_that_with_g_d
2026-05-09 19:20:17,377 INFO:Tasks solved so far: 19/59
2026-05-09 19:20:17,983 INFO:[TASK 58/96 QUERY 2/4]: re2_train_98_if_the_word_starts_with_consonant_replace_that_with_g_d
2026-05-09 19:20:17,983 INFO:Tasks solved so far: 19/59
2026-05-09 19:20:19,035 INFO:[TASK 58/96 QUERY 3/4]: re2_train_98_if_the_word_starts_with_consonant_replace_that_with_g_d
2026-05-09 19:20:19,035 INFO:Tasks solved so far: 19/59
2026-05-09 19:20:19,764 INFO:[TASK 59/96 QUERY 0/4]: re2_train_70_if_the_word_starts_with_consonant_replace_that_with_a_g
2026-05-09 19:20:19,764 INFO:Tasks solved so far: 19/60
2026-05-09 19:20:20,882 INFO:[TASK 59/96 QUERY 1/4]: re2_train_70_if_the_word_starts_with_consonant_replace_that_with_a_g
2026-05-09 19:20:20,882 INFO:Tasks solved so far: 19/60
2026-05-09 19:20:21,269 INFO:error_code=rate_limit_exceeded error_message='Rate limit reached for gpt-3.5-turbo-instruct in organization org-RcBdlQU9qh37R7FbksDxiLKA on tokens per min (TPM): Limit 90000, Used 87681, Requested 3156. Please try again in 558ms. Visit https://platform.openai.com/account/rate-limits to learn more.' error_param=None error_type=tokens message='OpenAI API error received' stream_error=False
2026-05-09 19:20:21,269 INFO:Rate limit reached for gpt-3.5-turbo-instruct in organization org-RcBdlQU9qh37R7FbksDxiLKA on tokens per min (TPM): Limit 90000, Used 87681, Requested 3156. Please try again in 558ms. Visit https://platform.openai.com/account/rate-limits to learn more.
2026-05-09 19:20:21,269 INFO:ERR: OpenAI rate limit. On attempt 1/5 after waiting 30s.
2026-05-09 19:20:51,706 INFO:[TASK 59/96 QUERY 2/4]: re2_train_70_if_the_word_starts_with_consonant_replace_that_with_a_g
2026-05-09 19:20:51,706 INFO:Tasks solved so far: 19/60
2026-05-09 19:20:52,822 INFO:[TASK 59/96 QUERY 3/4]: re2_train_70_if_the_word_starts_with_consonant_replace_that_with_a_g
2026-05-09 19:20:52,822 INFO:Tasks solved so far: 19/60
2026-05-09 19:20:53,599 INFO:[TASK 60/96 QUERY 0/4]: re2_train_223_if_there_is_any_letter_replace_that_with_n_i
2026-05-09 19:20:53,599 INFO:Tasks solved so far: 20/61
2026-05-09 19:20:54,382 INFO:[TASK 61/96 QUERY 0/4]: re2_train_469_if_there_is_p_add_o_after_that
2026-05-09 19:20:54,382 INFO:Tasks solved so far: 20/62
2026-05-09 19:20:55,594 INFO:[TASK 61/96 QUERY 1/4]: re2_train_469_if_there_is_p_add_o_after_that
2026-05-09 19:20:55,594 INFO:Tasks solved so far: 21/62
2026-05-09 19:20:56,371 INFO:[TASK 62/96 QUERY 0/4]: re2_train_133_if_there_is_p_add_p_after_that
2026-05-09 19:20:56,371 INFO:Tasks solved so far: 22/63
2026-05-09 19:20:57,492 INFO:[TASK 63/96 QUERY 0/4]: re2_train_499_if_there_is_vowel_vowel_add_o_before_that
2026-05-09 19:20:57,492 INFO:Tasks solved so far: 22/64
2026-05-09 19:20:58,969 INFO:[TASK 63/96 QUERY 1/4]: re2_train_499_if_there_is_vowel_vowel_add_o_before_that
2026-05-09 19:20:58,969 INFO:Tasks solved so far: 22/64
2026-05-09 19:21:00,363 INFO:[TASK 63/96 QUERY 2/4]: re2_train_499_if_there_is_vowel_vowel_add_o_before_that
2026-05-09 19:21:00,363 INFO:Tasks solved so far: 22/64
2026-05-09 19:21:01,753 INFO:[TASK 63/96 QUERY 3/4]: re2_train_499_if_there_is_vowel_vowel_add_o_before_that
2026-05-09 19:21:01,753 INFO:Tasks solved so far: 22/64
2026-05-09 19:21:02,583 INFO:[TASK 64/96 QUERY 0/4]: re2_train_64_if_there_is_o_any_letter_replace_that_with_t
2026-05-09 19:21:02,583 INFO:Tasks solved so far: 22/65
2026-05-09 19:21:03,699 INFO:[TASK 64/96 QUERY 1/4]: re2_train_64_if_there_is_o_any_letter_replace_that_with_t
2026-05-09 19:21:03,699 INFO:Tasks solved so far: 22/65
2026-05-09 19:21:04,538 INFO:[TASK 64/96 QUERY 2/4]: re2_train_64_if_there_is_o_any_letter_replace_that_with_t
2026-05-09 19:21:04,538 INFO:Tasks solved so far: 22/65
2026-05-09 19:21:05,254 INFO:[TASK 64/96 QUERY 3/4]: re2_train_64_if_there_is_o_any_letter_replace_that_with_t
2026-05-09 19:21:05,254 INFO:Tasks solved so far: 22/65
2026-05-09 19:21:06,122 INFO:[TASK 65/96 QUERY 0/4]: re2_train_336_if_there_is_vowel_any_letter_replace_that_with_y
2026-05-09 19:21:06,122 INFO:Tasks solved so far: 22/66
2026-05-09 19:21:07,179 INFO:[TASK 65/96 QUERY 1/4]: re2_train_336_if_there_is_vowel_any_letter_replace_that_with_y
2026-05-09 19:21:07,179 INFO:Tasks solved so far: 22/66
2026-05-09 19:21:08,386 INFO:[TASK 65/96 QUERY 2/4]: re2_train_336_if_there_is_vowel_any_letter_replace_that_with_y
2026-05-09 19:21:08,386 INFO:Tasks solved so far: 22/66
2026-05-09 19:21:10,281 INFO:[TASK 65/96 QUERY 3/4]: re2_train_336_if_there_is_vowel_any_letter_replace_that_with_y
2026-05-09 19:21:10,281 INFO:Tasks solved so far: 22/66
2026-05-09 19:21:11,151 INFO:[TASK 66/96 QUERY 0/4]: re2_train_497_if_there_is_consonant_replace_that_with_m_a
2026-05-09 19:21:11,152 INFO:Tasks solved so far: 22/67
2026-05-09 19:21:12,509 INFO:[TASK 66/96 QUERY 1/4]: re2_train_497_if_there_is_consonant_replace_that_with_m_a
2026-05-09 19:21:12,509 INFO:Tasks solved so far: 23/67
2026-05-09 19:21:13,226 INFO:[TASK 67/96 QUERY 0/4]: re2_train_495_if_the_word_ends_with_any_letter_replace_that_with_c_v
2026-05-09 19:21:13,227 INFO:Tasks solved so far: 24/68
2026-05-09 19:21:14,388 INFO:[TASK 68/96 QUERY 0/4]: re2_train_208_if_the_word_starts_with_any_letter_any_letter_replace_that_with_w
2026-05-09 19:21:14,388 INFO:Tasks solved so far: 24/69
2026-05-09 19:21:15,222 INFO:[TASK 68/96 QUERY 1/4]: re2_train_208_if_the_word_starts_with_any_letter_any_letter_replace_that_with_w
2026-05-09 19:21:15,222 INFO:Tasks solved so far: 24/69
2026-05-09 19:21:15,914 INFO:[TASK 68/96 QUERY 2/4]: re2_train_208_if_the_word_starts_with_any_letter_any_letter_replace_that_with_w
2026-05-09 19:21:15,914 INFO:Tasks solved so far: 24/69
2026-05-09 19:21:16,616 INFO:[TASK 68/96 QUERY 3/4]: re2_train_208_if_the_word_starts_with_any_letter_any_letter_replace_that_with_w
2026-05-09 19:21:16,616 INFO:Tasks solved so far: 24/69
2026-05-09 19:21:17,438 INFO:[TASK 69/96 QUERY 0/4]: re2_train_271_if_there_is_c_add_e_after_that
2026-05-09 19:21:17,438 INFO:Tasks solved so far: 24/70
2026-05-09 19:21:18,064 INFO:[TASK 69/96 QUERY 1/4]: re2_train_271_if_there_is_c_add_e_after_that
2026-05-09 19:21:18,064 INFO:Tasks solved so far: 24/70
2026-05-09 19:21:18,949 INFO:[TASK 69/96 QUERY 2/4]: re2_train_271_if_there_is_c_add_e_after_that
2026-05-09 19:21:18,949 INFO:Tasks solved so far: 24/70
2026-05-09 19:21:19,287 INFO:error_code=rate_limit_exceeded error_message='Rate limit reached for gpt-3.5-turbo-instruct in organization org-RcBdlQU9qh37R7FbksDxiLKA on tokens per min (TPM): Limit 90000, Used 90000, Requested 3175. Please try again in 2.116s. Visit https://platform.openai.com/account/rate-limits to learn more.' error_param=None error_type=tokens message='OpenAI API error received' stream_error=False
2026-05-09 19:21:19,287 INFO:Rate limit reached for gpt-3.5-turbo-instruct in organization org-RcBdlQU9qh37R7FbksDxiLKA on tokens per min (TPM): Limit 90000, Used 90000, Requested 3175. Please try again in 2.116s. Visit https://platform.openai.com/account/rate-limits to learn more.
2026-05-09 19:21:19,287 INFO:ERR: OpenAI rate limit. On attempt 1/5 after waiting 30s.
2026-05-09 19:21:50,358 INFO:[TASK 69/96 QUERY 3/4]: re2_train_271_if_there_is_c_add_e_after_that
2026-05-09 19:21:50,358 INFO:Tasks solved so far: 24/70
2026-05-09 19:21:51,722 INFO:[TASK 70/96 QUERY 0/4]: re2_train_53_if_the_word_ends_with_any_letter_replace_that_with_t_m
2026-05-09 19:21:51,722 INFO:Tasks solved so far: 25/71
2026-05-09 19:21:52,799 INFO:[TASK 71/96 QUERY 0/4]: re2_train_251_if_there_is_consonant_add_m_after_that
2026-05-09 19:21:52,800 INFO:Tasks solved so far: 26/72
2026-05-09 19:21:54,119 INFO:[TASK 72/96 QUERY 0/4]: re2_train_311_if_there_is_g_replace_that_with_k_a
2026-05-09 19:21:54,119 INFO:Tasks solved so far: 27/73
2026-05-09 19:21:55,271 INFO:[TASK 73/96 QUERY 0/4]: re2_train_309_if_the_word_ends_with_consonant_replace_that_with_n_a
2026-05-09 19:21:55,271 INFO:Tasks solved so far: 27/74
2026-05-09 19:21:56,366 INFO:[TASK 73/96 QUERY 1/4]: re2_train_309_if_the_word_ends_with_consonant_replace_that_with_n_a
2026-05-09 19:21:56,366 INFO:Tasks solved so far: 27/74
2026-05-09 19:21:57,359 INFO:[TASK 73/96 QUERY 2/4]: re2_train_309_if_the_word_ends_with_consonant_replace_that_with_n_a
2026-05-09 19:21:57,359 INFO:Tasks solved so far: 27/74
2026-05-09 19:21:58,130 INFO:[TASK 73/96 QUERY 3/4]: re2_train_309_if_the_word_ends_with_consonant_replace_that_with_n_a
2026-05-09 19:21:58,130 INFO:Tasks solved so far: 27/74
2026-05-09 19:21:59,294 INFO:[TASK 74/96 QUERY 0/4]: re2_train_102_if_the_word_starts_with_any_letter_vowel_replace_that_with_t
2026-05-09 19:21:59,294 INFO:Tasks solved so far: 27/75
2026-05-09 19:22:00,173 INFO:[TASK 74/96 QUERY 1/4]: re2_train_102_if_the_word_starts_with_any_letter_vowel_replace_that_with_t
2026-05-09 19:22:00,173 INFO:Tasks solved so far: 27/75
2026-05-09 19:22:01,263 INFO:[TASK 74/96 QUERY 2/4]: re2_train_102_if_the_word_starts_with_any_letter_vowel_replace_that_with_t
2026-05-09 19:22:01,263 INFO:Tasks solved so far: 27/75
2026-05-09 19:22:02,776 INFO:[TASK 74/96 QUERY 3/4]: re2_train_102_if_the_word_starts_with_any_letter_vowel_replace_that_with_t
2026-05-09 19:22:02,776 INFO:Tasks solved so far: 27/75
2026-05-09 19:22:03,884 INFO:[TASK 75/96 QUERY 0/4]: re2_train_116_if_the_word_starts_with_consonant_any_letter_replace_that_with_f
2026-05-09 19:22:03,884 INFO:Tasks solved so far: 27/76
2026-05-09 19:22:04,546 INFO:[TASK 75/96 QUERY 1/4]: re2_train_116_if_the_word_starts_with_consonant_any_letter_replace_that_with_f
2026-05-09 19:22:04,546 INFO:Tasks solved so far: 27/76
2026-05-09 19:22:05,380 INFO:[TASK 75/96 QUERY 2/4]: re2_train_116_if_the_word_starts_with_consonant_any_letter_replace_that_with_f
2026-05-09 19:22:05,380 INFO:Tasks solved so far: 27/76
2026-05-09 19:22:06,758 INFO:[TASK 75/96 QUERY 3/4]: re2_train_116_if_the_word_starts_with_consonant_any_letter_replace_that_with_f
2026-05-09 19:22:06,759 INFO:Tasks solved so far: 27/76
2026-05-09 19:22:07,577 INFO:[TASK 76/96 QUERY 0/4]: re2_train_378_if_there_is_any_letter_replace_that_with_i_p
2026-05-09 19:22:07,578 INFO:Tasks solved so far: 28/77
2026-05-09 19:22:08,364 INFO:[TASK 77/96 QUERY 0/4]: re2_train_216_if_the_word_ends_with_consonant_replace_that_with_w
2026-05-09 19:22:08,364 INFO:Tasks solved so far: 28/78
2026-05-09 19:22:09,098 INFO:[TASK 77/96 QUERY 1/4]: re2_train_216_if_the_word_ends_with_consonant_replace_that_with_w
2026-05-09 19:22:09,098 INFO:Tasks solved so far: 28/78
2026-05-09 19:22:09,869 INFO:[TASK 77/96 QUERY 2/4]: re2_train_216_if_the_word_ends_with_consonant_replace_that_with_w
2026-05-09 19:22:09,869 INFO:Tasks solved so far: 28/78
2026-05-09 19:22:10,883 INFO:[TASK 77/96 QUERY 3/4]: re2_train_216_if_the_word_ends_with_consonant_replace_that_with_w
2026-05-09 19:22:10,883 INFO:Tasks solved so far: 28/78
2026-05-09 19:22:11,923 INFO:[TASK 78/96 QUERY 0/4]: re2_train_62_if_the_word_starts_with_consonant_consonant_replace_that_with_q_l
2026-05-09 19:22:11,924 INFO:Tasks solved so far: 28/79
2026-05-09 19:22:13,143 INFO:[TASK 78/96 QUERY 1/4]: re2_train_62_if_the_word_starts_with_consonant_consonant_replace_that_with_q_l
2026-05-09 19:22:13,144 INFO:Tasks solved so far: 28/79
2026-05-09 19:22:14,433 INFO:[TASK 78/96 QUERY 2/4]: re2_train_62_if_the_word_starts_with_consonant_consonant_replace_that_with_q_l
2026-05-09 19:22:14,433 INFO:Tasks solved so far: 28/79
2026-05-09 19:22:14,746 INFO:error_code=rate_limit_exceeded error_message='Rate limit reached for gpt-3.5-turbo-instruct in organization org-RcBdlQU9qh37R7FbksDxiLKA on tokens per min (TPM): Limit 90000, Used 88271, Requested 3129. Please try again in 933ms. Visit https://platform.openai.com/account/rate-limits to learn more.' error_param=None error_type=tokens message='OpenAI API error received' stream_error=False
2026-05-09 19:22:14,747 INFO:Rate limit reached for gpt-3.5-turbo-instruct in organization org-RcBdlQU9qh37R7FbksDxiLKA on tokens per min (TPM): Limit 90000, Used 88271, Requested 3129. Please try again in 933ms. Visit https://platform.openai.com/account/rate-limits to learn more.
2026-05-09 19:22:14,747 INFO:ERR: OpenAI rate limit. On attempt 1/5 after waiting 30s.
2026-05-09 19:22:45,326 INFO:[TASK 78/96 QUERY 3/4]: re2_train_62_if_the_word_starts_with_consonant_consonant_replace_that_with_q_l
2026-05-09 19:22:45,326 INFO:Tasks solved so far: 28/79
2026-05-09 19:22:46,620 INFO:[TASK 79/96 QUERY 0/4]: re2_train_305_if_there_is_any_letter_vowel_replace_that_with_e_s
2026-05-09 19:22:46,620 INFO:Tasks solved so far: 28/80
2026-05-09 19:22:47,904 INFO:[TASK 79/96 QUERY 1/4]: re2_train_305_if_there_is_any_letter_vowel_replace_that_with_e_s
2026-05-09 19:22:47,904 INFO:Tasks solved so far: 28/80
2026-05-09 19:22:48,715 INFO:[TASK 79/96 QUERY 2/4]: re2_train_305_if_there_is_any_letter_vowel_replace_that_with_e_s
2026-05-09 19:22:48,715 INFO:Tasks solved so far: 28/80
2026-05-09 19:22:49,592 INFO:[TASK 79/96 QUERY 3/4]: re2_train_305_if_there_is_any_letter_vowel_replace_that_with_e_s
2026-05-09 19:22:49,592 INFO:Tasks solved so far: 28/80
2026-05-09 19:22:50,510 INFO:[TASK 80/96 QUERY 0/4]: re2_train_38_if_there_is_vowel_any_letter_replace_that_with_v_g
2026-05-09 19:22:50,510 INFO:Tasks solved so far: 28/81
2026-05-09 19:22:51,610 INFO:[TASK 80/96 QUERY 1/4]: re2_train_38_if_there_is_vowel_any_letter_replace_that_with_v_g
2026-05-09 19:22:51,610 INFO:Tasks solved so far: 28/81
2026-05-09 19:22:52,535 INFO:[TASK 80/96 QUERY 2/4]: re2_train_38_if_there_is_vowel_any_letter_replace_that_with_v_g
2026-05-09 19:22:52,535 INFO:Tasks solved so far: 28/81
2026-05-09 19:22:53,588 INFO:[TASK 80/96 QUERY 3/4]: re2_train_38_if_there_is_vowel_any_letter_replace_that_with_v_g
2026-05-09 19:22:53,588 INFO:Tasks solved so far: 28/81
2026-05-09 19:22:54,638 INFO:[TASK 81/96 QUERY 0/4]: re2_train_331_if_the_word_ends_with_consonant_replace_that_with_o_g
2026-05-09 19:22:54,638 INFO:Tasks solved so far: 29/82
2026-05-09 19:22:55,609 INFO:[TASK 82/96 QUERY 0/4]: re2_train_188_if_there_is_consonant_replace_that_with_g_o
2026-05-09 19:22:55,609 INFO:Tasks solved so far: 30/83
2026-05-09 19:22:57,057 INFO:[TASK 83/96 QUERY 0/4]: re2_train_30_if_the_word_ends_with_n_any_letter_replace_that_with_v
2026-05-09 19:22:57,057 INFO:Tasks solved so far: 30/84
2026-05-09 19:22:58,400 INFO:[TASK 83/96 QUERY 1/4]: re2_train_30_if_the_word_ends_with_n_any_letter_replace_that_with_v
2026-05-09 19:22:58,400 INFO:Tasks solved so far: 30/84
2026-05-09 19:22:59,169 INFO:[TASK 83/96 QUERY 2/4]: re2_train_30_if_the_word_ends_with_n_any_letter_replace_that_with_v
2026-05-09 19:22:59,170 INFO:Tasks solved so far: 30/84
2026-05-09 19:23:00,061 INFO:[TASK 83/96 QUERY 3/4]: re2_train_30_if_the_word_ends_with_n_any_letter_replace_that_with_v
2026-05-09 19:23:00,061 INFO:Tasks solved so far: 30/84
2026-05-09 19:23:00,846 INFO:[TASK 84/96 QUERY 0/4]: re2_train_456_if_there_is_vowel_add_v_before_that
2026-05-09 19:23:00,846 INFO:Tasks solved so far: 30/85
2026-05-09 19:23:02,065 INFO:[TASK 84/96 QUERY 1/4]: re2_train_456_if_there_is_vowel_add_v_before_that
2026-05-09 19:23:02,065 INFO:Tasks solved so far: 31/85
2026-05-09 19:23:03,277 INFO:[TASK 85/96 QUERY 0/4]: re2_train_25_if_there_is_vowel_vowel_replace_that_with_d
2026-05-09 19:23:03,278 INFO:Tasks solved so far: 31/86
2026-05-09 19:23:04,075 INFO:[TASK 85/96 QUERY 1/4]: re2_train_25_if_there_is_vowel_vowel_replace_that_with_d
2026-05-09 19:23:04,075 INFO:Tasks solved so far: 31/86
2026-05-09 19:23:04,856 INFO:[TASK 85/96 QUERY 2/4]: re2_train_25_if_there_is_vowel_vowel_replace_that_with_d
2026-05-09 19:23:04,856 INFO:Tasks solved so far: 31/86
2026-05-09 19:23:05,685 INFO:[TASK 85/96 QUERY 3/4]: re2_train_25_if_there_is_vowel_vowel_replace_that_with_d
2026-05-09 19:23:05,686 INFO:Tasks solved so far: 31/86
2026-05-09 19:23:06,607 INFO:[TASK 86/96 QUERY 0/4]: re2_train_191_if_the_word_starts_with_any_letter_add_d_after_that
2026-05-09 19:23:06,607 INFO:Tasks solved so far: 31/87
2026-05-09 19:23:07,662 INFO:[TASK 86/96 QUERY 1/4]: re2_train_191_if_the_word_starts_with_any_letter_add_d_after_that
2026-05-09 19:23:07,663 INFO:Tasks solved so far: 31/87
2026-05-09 19:23:08,499 INFO:[TASK 86/96 QUERY 2/4]: re2_train_191_if_the_word_starts_with_any_letter_add_d_after_that
2026-05-09 19:23:08,499 INFO:Tasks solved so far: 32/87
2026-05-09 19:23:09,629 INFO:[TASK 87/96 QUERY 0/4]: re2_train_141_if_the_word_starts_with_any_letter_consonant_replace_that_with_x_x
2026-05-09 19:23:09,630 INFO:Tasks solved so far: 32/88
2026-05-09 19:23:10,527 INFO:[TASK 87/96 QUERY 1/4]: re2_train_141_if_the_word_starts_with_any_letter_consonant_replace_that_with_x_x
2026-05-09 19:23:10,527 INFO:Tasks solved so far: 32/88
2026-05-09 19:23:11,351 INFO:[TASK 87/96 QUERY 2/4]: re2_train_141_if_the_word_starts_with_any_letter_consonant_replace_that_with_x_x
2026-05-09 19:23:11,351 INFO:Tasks solved so far: 32/88
2026-05-09 19:23:11,675 INFO:error_code=rate_limit_exceeded error_message='Rate limit reached for gpt-3.5-turbo-instruct in organization org-RcBdlQU9qh37R7FbksDxiLKA on tokens per min (TPM): Limit 90000, Used 88370, Requested 3173. Please try again in 1.028s. Visit https://platform.openai.com/account/rate-limits to learn more.' error_param=None error_type=tokens message='OpenAI API error received' stream_error=False
2026-05-09 19:23:11,675 INFO:Rate limit reached for gpt-3.5-turbo-instruct in organization org-RcBdlQU9qh37R7FbksDxiLKA on tokens per min (TPM): Limit 90000, Used 88370, Requested 3173. Please try again in 1.028s. Visit https://platform.openai.com/account/rate-limits to learn more.
2026-05-09 19:23:11,675 INFO:ERR: OpenAI rate limit. On attempt 1/5 after waiting 30s.
2026-05-09 19:23:42,882 INFO:[TASK 87/96 QUERY 3/4]: re2_train_141_if_the_word_starts_with_any_letter_consonant_replace_that_with_x_x
2026-05-09 19:23:42,882 INFO:Tasks solved so far: 32/88
2026-05-09 19:23:44,067 INFO:[TASK 88/96 QUERY 0/4]: re2_train_407_if_the_word_starts_with_any_letter_any_letter_replace_that_with_e_s
2026-05-09 19:23:44,068 INFO:Tasks solved so far: 32/89
2026-05-09 19:23:45,897 INFO:[TASK 88/96 QUERY 1/4]: re2_train_407_if_the_word_starts_with_any_letter_any_letter_replace_that_with_e_s
2026-05-09 19:23:45,897 INFO:Tasks solved so far: 32/89
2026-05-09 19:23:46,687 INFO:[TASK 88/96 QUERY 2/4]: re2_train_407_if_the_word_starts_with_any_letter_any_letter_replace_that_with_e_s
2026-05-09 19:23:46,687 INFO:Tasks solved so far: 32/89
2026-05-09 19:23:47,638 INFO:[TASK 88/96 QUERY 3/4]: re2_train_407_if_the_word_starts_with_any_letter_any_letter_replace_that_with_e_s
2026-05-09 19:23:47,638 INFO:Tasks solved so far: 32/89
2026-05-09 19:23:48,538 INFO:[TASK 89/96 QUERY 0/4]: re2_train_301_if_there_is_t_vowel_replace_that_with_d
2026-05-09 19:23:48,539 INFO:Tasks solved so far: 32/90
2026-05-09 19:23:49,849 INFO:[TASK 89/96 QUERY 1/4]: re2_train_301_if_there_is_t_vowel_replace_that_with_d
2026-05-09 19:23:49,849 INFO:Tasks solved so far: 32/90
2026-05-09 19:23:50,608 INFO:[TASK 89/96 QUERY 2/4]: re2_train_301_if_there_is_t_vowel_replace_that_with_d
2026-05-09 19:23:50,608 INFO:Tasks solved so far: 32/90
2026-05-09 19:23:51,472 INFO:[TASK 89/96 QUERY 3/4]: re2_train_301_if_there_is_t_vowel_replace_that_with_d
2026-05-09 19:23:51,472 INFO:Tasks solved so far: 32/90
2026-05-09 19:23:52,445 INFO:[TASK 90/96 QUERY 0/4]: re2_train_400_if_there_is_any_letter_vowel_add_p_before_that
2026-05-09 19:23:52,445 INFO:Tasks solved so far: 32/91
2026-05-09 19:23:53,705 INFO:[TASK 90/96 QUERY 1/4]: re2_train_400_if_there_is_any_letter_vowel_add_p_before_that
2026-05-09 19:23:53,706 INFO:Tasks solved so far: 32/91
2026-05-09 19:23:54,516 INFO:[TASK 90/96 QUERY 2/4]: re2_train_400_if_there_is_any_letter_vowel_add_p_before_that
2026-05-09 19:23:54,516 INFO:Tasks solved so far: 32/91
2026-05-09 19:23:55,458 INFO:[TASK 90/96 QUERY 3/4]: re2_train_400_if_there_is_any_letter_vowel_add_p_before_that
2026-05-09 19:23:55,458 INFO:Tasks solved so far: 32/91
2026-05-09 19:23:56,776 INFO:[TASK 91/96 QUERY 0/4]: re2_train_75_if_the_word_starts_with_consonant_vowel_replace_that_with_o_t
2026-05-09 19:23:56,776 INFO:Tasks solved so far: 32/92
2026-05-09 19:23:57,943 INFO:[TASK 91/96 QUERY 1/4]: re2_train_75_if_the_word_starts_with_consonant_vowel_replace_that_with_o_t
2026-05-09 19:23:57,943 INFO:Tasks solved so far: 32/92
2026-05-09 19:23:59,141 INFO:[TASK 91/96 QUERY 2/4]: re2_train_75_if_the_word_starts_with_consonant_vowel_replace_that_with_o_t
2026-05-09 19:23:59,141 INFO:Tasks solved so far: 32/92
2026-05-09 19:24:00,069 INFO:[TASK 91/96 QUERY 3/4]: re2_train_75_if_the_word_starts_with_consonant_vowel_replace_that_with_o_t
2026-05-09 19:24:00,069 INFO:Tasks solved so far: 32/92
2026-05-09 19:24:01,251 INFO:[TASK 92/96 QUERY 0/4]: re2_train_67_if_there_is_any_letter_replace_that_with_j
2026-05-09 19:24:01,252 INFO:Tasks solved so far: 33/93
2026-05-09 19:24:02,078 INFO:[TASK 93/96 QUERY 0/4]: re2_train_111_if_the_word_starts_with_any_letter_replace_that_with_g_a
2026-05-09 19:24:02,078 INFO:Tasks solved so far: 34/94
2026-05-09 19:24:02,955 INFO:[TASK 94/96 QUERY 0/4]: re2_train_404_if_there_is_u_replace_that_with_b
2026-05-09 19:24:02,955 INFO:Tasks solved so far: 35/95
2026-05-09 19:24:03,828 INFO:[TASK 95/96 QUERY 0/4]: re2_train_314_if_the_word_starts_with_vowel_add_l_after_that
2026-05-09 19:24:03,828 INFO:Tasks solved so far: 35/96
2026-05-09 19:24:05,117 INFO:[TASK 95/96 QUERY 1/4]: re2_train_314_if_the_word_starts_with_vowel_add_l_after_that
2026-05-09 19:24:05,117 INFO:Tasks solved so far: 35/96
2026-05-09 19:24:05,920 INFO:[TASK 95/96 QUERY 2/4]: re2_train_314_if_the_word_starts_with_vowel_add_l_after_that
2026-05-09 19:24:05,920 INFO:Tasks solved so far: 35/96
2026-05-09 19:24:06,716 INFO:[TASK 95/96 QUERY 3/4]: re2_train_314_if_the_word_starts_with_vowel_add_l_after_that
2026-05-09 19:24:06,716 INFO:Tasks solved so far: 35/96
2026-05-09 19:24:06,931 INFO:Wrote experiments_iterative/outputs/dev_regex_batch96_firsttest_gpt35_instruct_original_completion_20260509/domains/re2/lilo_original_completion/seed_111/lilo_original_completion_96/3/metrics.json
2026-05-09 19:24:06,931 INFO:====================================
2026-05-09 19:24:06,931 INFO:iteration: 3
2026-05-09 19:24:06,931 INFO:llm_solver : infer_programs_for_tasks
2026-05-09 19:24:06,931 INFO:Completed in 581.266s
2026-05-09 19:24:06,931 INFO:====================================
2026-05-09 19:24:06,931 INFO:============LOGGING MODEL_FN============
2026-05-09 19:24:06,931 INFO:	iteration: 3
2026-05-09 19:24:06,931 INFO:	experiment_block_type: model_fn
2026-05-09 19:24:06,931 INFO:	model_type: amortized_synthesis
2026-05-09 19:24:06,931 INFO:	params: {'recognition_train_steps': 10000}
2026-05-09 19:24:06,931 INFO:	task_split: train
2026-05-09 19:24:06,931 INFO:	model_fn: optimize_model_for_frontiers
2026-05-09 19:24:06,931 INFO:	task_batch_size: all
2026-05-09 19:24:06,931 INFO:task_ids: 491 tasks: re2_train_489_if_there_is_any_letter_consonant_replace_that_with_b -- re2_train_432_if_the_word_ends_with_vowel_any_letter_replace_that_with_h_i
2026-05-09 19:24:06,931 INFO:====================================
2026-05-09 19:24:06,948 INFO:No pre-enumerated helmholtzFrontiers: we will sample randomly during the training loop.
2026-05-09 19:24:07,802 INFO:Attempted frontier likelihood normalization. Initial frontiers: 135. Now: 135
2026-05-09 19:24:07,828 INFO:Sampling new helmholtz frontiers during training.
2026-05-09 19:24:08,911 INFO:We now have 491 Helmholtz entries.
2026-05-09 19:24:16,546 INFO:Sampling new helmholtz frontiers during training.
2026-05-09 19:24:17,674 INFO:We now have 494 Helmholtz entries.
2026-05-09 19:24:25,364 INFO:Sampling new helmholtz frontiers during training.
2026-05-09 19:24:26,456 INFO:We now have 495 Helmholtz entries.
2026-05-09 19:24:34,321 INFO:Sampling new helmholtz frontiers during training.
2026-05-09 19:24:35,695 INFO:We now have 494 Helmholtz entries.
2026-05-09 19:24:43,126 INFO:Sampling new helmholtz frontiers during training.
2026-05-09 19:24:44,194 INFO:We now have 492 Helmholtz entries.
2026-05-09 19:24:51,705 INFO:Sampling new helmholtz frontiers during training.
2026-05-09 19:24:52,803 INFO:We now have 495 Helmholtz entries.
2026-05-09 19:25:00,133 INFO:Sampling new helmholtz frontiers during training.
2026-05-09 19:25:01,262 INFO:We now have 493 Helmholtz entries.
2026-05-09 19:25:09,079 INFO:Sampling new helmholtz frontiers during training.
2026-05-09 19:25:09,954 INFO:We now have 496 Helmholtz entries.
2026-05-09 19:25:17,315 INFO:Sampling new helmholtz frontiers during training.
2026-05-09 19:25:18,159 INFO:We now have 497 Helmholtz entries.
2026-05-09 19:25:26,282 INFO:Sampling new helmholtz frontiers during training.
2026-05-09 19:25:27,330 INFO:We now have 492 Helmholtz entries.
2026-05-09 19:25:34,535 INFO:Sampling new helmholtz frontiers during training.
2026-05-09 19:25:35,371 INFO:We now have 496 Helmholtz entries.
2026-05-09 19:25:35,688 INFO:Wrote experiments_iterative/outputs/dev_regex_batch96_firsttest_gpt35_instruct_original_completion_20260509/domains/re2/lilo_original_completion/seed_111/lilo_original_completion_96/3/metrics.json
2026-05-09 19:25:35,688 INFO:====================================
2026-05-09 19:25:35,688 INFO:iteration: 3
2026-05-09 19:25:35,688 INFO:amortized_synthesis : optimize_model_for_frontiers
2026-05-09 19:25:35,688 INFO:Completed in 88.756s
2026-05-09 19:25:35,688 INFO:====================================
2026-05-09 19:25:35,688 INFO:============LOGGING MODEL_FN============
2026-05-09 19:25:35,688 INFO:	iteration: 3
2026-05-09 19:25:35,688 INFO:	experiment_block_type: model_fn
2026-05-09 19:25:35,688 INFO:	model_type: amortized_synthesis
2026-05-09 19:25:35,688 INFO:	params: {'enumeration_timeout': 1000}
2026-05-09 19:25:35,688 INFO:	task_split: train
2026-05-09 19:25:35,688 INFO:	model_fn: infer_programs_for_tasks
2026-05-09 19:25:35,688 INFO:	task_batch_size: global_batch_size
2026-05-09 19:25:35,688 INFO:task_ids: 96 tasks: re2_train_3_if_there_is_d_replace_that_with_y -- re2_train_314_if_the_word_starts_with_vowel_add_l_after_that
2026-05-09 19:25:35,688 INFO:====================================
2026-05-09 19:25:40,365 INFO:Beginning enumeration on a total of 96 tasks with a total of 32 CPUs.
2026-05-09 20:01:18,226 INFO:Wrote experiments_iterative/outputs/dev_regex_batch96_firsttest_gpt35_instruct_original_completion_20260509/domains/re2/lilo_original_completion/seed_111/lilo_original_completion_96/3/metrics.json
2026-05-09 20:01:18,226 INFO:====================================
2026-05-09 20:01:18,226 INFO:iteration: 3
2026-05-09 20:01:18,226 INFO:amortized_synthesis : infer_programs_for_tasks
2026-05-09 20:01:18,226 INFO:Completed in 2142.537s
2026-05-09 20:01:18,226 INFO:====================================
2026-05-09 20:01:18,226 INFO:============LOGGING MODEL_FN============
2026-05-09 20:01:18,226 INFO:	iteration: 3
2026-05-09 20:01:18,226 INFO:	experiment_block_type: model_fn
2026-05-09 20:01:18,226 INFO:	first_iteration: 3
2026-05-09 20:01:18,226 INFO:	model_type: llm_solver
2026-05-09 20:01:18,226 INFO:	run_every_n_iterations: 3
2026-05-09 20:01:18,226 INFO:	params: {'temperature': 0.9, 'max_tokens_completion_beta': 4.0, 'function_name_classes': ['human_readable', 'default'], 'body_task_selection': 'random', 'n_samples_per_query': 4, 'n_queries_per_task': 4, 'body_task_types': ['language', 'programs'], 'final_task_types': ['language'], 'prepend_dsl_description': True, 'verbose': False}
2026-05-09 20:01:18,226 INFO:	task_split: test
2026-05-09 20:01:18,226 INFO:	model_fn: infer_programs_for_tasks
2026-05-09 20:01:18,226 INFO:	task_batch_size: all
2026-05-09 20:01:18,226 INFO:task_ids: 500 tasks: re2_test_0_if_the_word_ends_with_s_replace_that_with_m -- re2_test_499_if_there_is_consonant_replace_that_with_q_f
2026-05-09 20:01:18,226 INFO:====================================
2026-05-09 20:01:19,630 INFO:[TASK 0/500 QUERY 0/4]: re2_test_0_if_the_word_ends_with_s_replace_that_with_m
2026-05-09 20:01:19,630 INFO:Tasks solved so far: 0/1
2026-05-09 20:01:21,341 INFO:[TASK 0/500 QUERY 1/4]: re2_test_0_if_the_word_ends_with_s_replace_that_with_m
2026-05-09 20:01:21,341 INFO:Tasks solved so far: 1/1
2026-05-09 20:01:22,250 INFO:[TASK 1/500 QUERY 0/4]: re2_test_1_if_there_is_any_letter_t_double_that
2026-05-09 20:01:22,250 INFO:Tasks solved so far: 1/2
2026-05-09 20:01:23,794 INFO:[TASK 1/500 QUERY 1/4]: re2_test_1_if_there_is_any_letter_t_double_that
2026-05-09 20:01:23,794 INFO:Tasks solved so far: 1/2
2026-05-09 20:01:25,246 INFO:[TASK 1/500 QUERY 2/4]: re2_test_1_if_there_is_any_letter_t_double_that
2026-05-09 20:01:25,246 INFO:Tasks solved so far: 1/2
2026-05-09 20:01:26,344 INFO:[TASK 1/500 QUERY 3/4]: re2_test_1_if_there_is_any_letter_t_double_that
2026-05-09 20:01:26,344 INFO:Tasks solved so far: 1/2
2026-05-09 20:01:27,743 INFO:[TASK 2/500 QUERY 0/4]: re2_test_2_if_the_word_starts_with_any_letter_consonant_replace_that_with_q_f
2026-05-09 20:01:27,743 INFO:Tasks solved so far: 1/3
2026-05-09 20:01:29,299 INFO:[TASK 2/500 QUERY 1/4]: re2_test_2_if_the_word_starts_with_any_letter_consonant_replace_that_with_q_f
2026-05-09 20:01:29,299 INFO:Tasks solved so far: 1/3
2026-05-09 20:01:30,152 INFO:[TASK 2/500 QUERY 2/4]: re2_test_2_if_the_word_starts_with_any_letter_consonant_replace_that_with_q_f
2026-05-09 20:01:30,152 INFO:Tasks solved so far: 1/3
2026-05-09 20:01:32,011 INFO:[TASK 2/500 QUERY 3/4]: re2_test_2_if_the_word_starts_with_any_letter_consonant_replace_that_with_q_f
2026-05-09 20:01:32,011 INFO:Tasks solved so far: 1/3
2026-05-09 20:01:33,173 INFO:[TASK 3/500 QUERY 0/4]: re2_test_3_if_there_is_consonant_vowel_add_f_before_that
2026-05-09 20:01:33,173 INFO:Tasks solved so far: 1/4
2026-05-09 20:01:34,117 INFO:[TASK 3/500 QUERY 1/4]: re2_test_3_if_there_is_consonant_vowel_add_f_before_that
2026-05-09 20:01:34,117 INFO:Tasks solved so far: 1/4
2026-05-09 20:01:34,996 INFO:[TASK 3/500 QUERY 2/4]: re2_test_3_if_there_is_consonant_vowel_add_f_before_that
2026-05-09 20:01:34,996 INFO:Tasks solved so far: 1/4
2026-05-09 20:01:36,787 INFO:[TASK 3/500 QUERY 3/4]: re2_test_3_if_there_is_consonant_vowel_add_f_before_that
2026-05-09 20:01:36,787 INFO:Tasks solved so far: 1/4
2026-05-09 20:01:37,462 INFO:[TASK 4/500 QUERY 0/4]: re2_test_4_if_the_word_starts_with_any_letter_replace_that_with_k_a
2026-05-09 20:01:37,462 INFO:Tasks solved so far: 2/5
2026-05-09 20:01:38,228 INFO:[TASK 5/500 QUERY 0/4]: re2_test_5_if_there_is_any_letter_add_u_after_that
2026-05-09 20:01:38,228 INFO:Tasks solved so far: 2/6
2026-05-09 20:01:38,906 INFO:[TASK 5/500 QUERY 1/4]: re2_test_5_if_there_is_any_letter_add_u_after_that
2026-05-09 20:01:38,906 INFO:Tasks solved so far: 3/6
2026-05-09 20:01:39,582 INFO:[TASK 6/500 QUERY 0/4]: re2_test_6_if_the_word_starts_with_vowel_replace_that_with_g_p
2026-05-09 20:01:39,582 INFO:Tasks solved so far: 3/7
2026-05-09 20:01:40,537 INFO:[TASK 6/500 QUERY 1/4]: re2_test_6_if_the_word_starts_with_vowel_replace_that_with_g_p
2026-05-09 20:01:40,537 INFO:Tasks solved so far: 4/7
2026-05-09 20:01:41,278 INFO:[TASK 7/500 QUERY 0/4]: re2_test_7_if_the_word_starts_with_any_letter_vowel_replace_that_with_y_l
2026-05-09 20:01:41,278 INFO:Tasks solved so far: 4/8
2026-05-09 20:01:42,091 INFO:[TASK 7/500 QUERY 1/4]: re2_test_7_if_the_word_starts_with_any_letter_vowel_replace_that_with_y_l
2026-05-09 20:01:42,092 INFO:Tasks solved so far: 4/8
2026-05-09 20:01:43,415 INFO:[TASK 7/500 QUERY 2/4]: re2_test_7_if_the_word_starts_with_any_letter_vowel_replace_that_with_y_l
2026-05-09 20:01:43,415 INFO:Tasks solved so far: 4/8
2026-05-09 20:01:44,293 INFO:[TASK 7/500 QUERY 3/4]: re2_test_7_if_the_word_starts_with_any_letter_vowel_replace_that_with_y_l
2026-05-09 20:01:44,293 INFO:Tasks solved so far: 4/8
2026-05-09 20:01:45,065 INFO:[TASK 8/500 QUERY 0/4]: re2_test_8_if_the_word_ends_with_consonant_replace_that_with_g
2026-05-09 20:01:45,065 INFO:Tasks solved so far: 4/9
2026-05-09 20:01:45,925 INFO:[TASK 8/500 QUERY 1/4]: re2_test_8_if_the_word_ends_with_consonant_replace_that_with_g
2026-05-09 20:01:45,925 INFO:Tasks solved so far: 5/9
2026-05-09 20:01:47,666 INFO:[TASK 9/500 QUERY 0/4]: re2_test_9_if_there_is_t_vowel_replace_that_with_g
2026-05-09 20:01:47,666 INFO:Tasks solved so far: 5/10
2026-05-09 20:01:48,915 INFO:[TASK 9/500 QUERY 1/4]: re2_test_9_if_there_is_t_vowel_replace_that_with_g
2026-05-09 20:01:48,916 INFO:Tasks solved so far: 5/10
2026-05-09 20:01:50,181 INFO:[TASK 9/500 QUERY 2/4]: re2_test_9_if_there_is_t_vowel_replace_that_with_g
2026-05-09 20:01:50,181 INFO:Tasks solved so far: 5/10
2026-05-09 20:01:51,851 INFO:[TASK 9/500 QUERY 3/4]: re2_test_9_if_there_is_t_vowel_replace_that_with_g
2026-05-09 20:01:51,851 INFO:Tasks solved so far: 5/10
2026-05-09 20:01:52,964 INFO:[TASK 10/500 QUERY 0/4]: re2_test_10_if_the_word_starts_with_any_letter_replace_that_with_w_t
2026-05-09 20:01:52,964 INFO:Tasks solved so far: 6/11
2026-05-09 20:01:53,807 INFO:[TASK 11/500 QUERY 0/4]: re2_test_11_if_there_is_c_any_letter_replace_that_with_m
2026-05-09 20:01:53,807 INFO:Tasks solved so far: 6/12
2026-05-09 20:01:55,548 INFO:Err during evaluationname 'e' is not defined
2026-05-09 20:01:55,548 INFO:[TASK 11/500 QUERY 1/4]: re2_test_11_if_there_is_c_any_letter_replace_that_with_m
2026-05-09 20:01:55,549 INFO:Tasks solved so far: 6/12
2026-05-09 20:01:56,199 INFO:[TASK 11/500 QUERY 2/4]: re2_test_11_if_there_is_c_any_letter_replace_that_with_m
2026-05-09 20:01:56,199 INFO:Tasks solved so far: 6/12
2026-05-09 20:01:56,921 INFO:[TASK 11/500 QUERY 3/4]: re2_test_11_if_there_is_c_any_letter_replace_that_with_m
2026-05-09 20:01:56,922 INFO:Tasks solved so far: 6/12
2026-05-09 20:01:57,785 INFO:[TASK 12/500 QUERY 0/4]: re2_test_12_if_the_word_starts_with_consonant_any_letter_replace_that_with_s_d
2026-05-09 20:01:57,785 INFO:Tasks solved so far: 6/13
2026-05-09 20:01:59,284 INFO:[TASK 12/500 QUERY 1/4]: re2_test_12_if_the_word_starts_with_consonant_any_letter_replace_that_with_s_d
2026-05-09 20:01:59,284 INFO:Tasks solved so far: 6/13
2026-05-09 20:02:00,239 INFO:[TASK 12/500 QUERY 2/4]: re2_test_12_if_the_word_starts_with_consonant_any_letter_replace_that_with_s_d
2026-05-09 20:02:00,239 INFO:Tasks solved so far: 6/13
2026-05-09 20:02:01,161 INFO:[TASK 12/500 QUERY 3/4]: re2_test_12_if_the_word_starts_with_consonant_any_letter_replace_that_with_s_d
2026-05-09 20:02:01,161 INFO:Tasks solved so far: 6/13
2026-05-09 20:02:02,335 INFO:[TASK 13/500 QUERY 0/4]: re2_test_13_if_the_word_ends_with_any_letter_replace_that_with_a
2026-05-09 20:02:02,335 INFO:Tasks solved so far: 7/14
2026-05-09 20:02:03,449 INFO:[TASK 14/500 QUERY 0/4]: re2_test_14_if_the_word_ends_with_any_letter_replace_that_with_l_k
2026-05-09 20:02:03,449 INFO:Tasks solved so far: 8/15
2026-05-09 20:02:04,574 INFO:[TASK 15/500 QUERY 0/4]: re2_test_15_if_there_is_consonant_add_h_after_that
2026-05-09 20:02:04,574 INFO:Tasks solved so far: 9/16
2026-05-09 20:02:05,245 INFO:[TASK 16/500 QUERY 0/4]: re2_test_16_if_there_is_any_letter_add_j_after_that
2026-05-09 20:02:05,245 INFO:Tasks solved so far: 10/17
2026-05-09 20:02:06,152 INFO:[TASK 17/500 QUERY 0/4]: re2_test_17_if_there_is_vowel_t_replace_that_with_t_n
2026-05-09 20:02:06,152 INFO:Tasks solved so far: 10/18
2026-05-09 20:02:06,963 INFO:[TASK 17/500 QUERY 1/4]: re2_test_17_if_there_is_vowel_t_replace_that_with_t_n
2026-05-09 20:02:06,963 INFO:Tasks solved so far: 10/18
2026-05-09 20:02:08,793 INFO:[TASK 17/500 QUERY 2/4]: re2_test_17_if_there_is_vowel_t_replace_that_with_t_n
2026-05-09 20:02:08,793 INFO:Tasks solved so far: 10/18
2026-05-09 20:02:10,230 INFO:[TASK 17/500 QUERY 3/4]: re2_test_17_if_there_is_vowel_t_replace_that_with_t_n
2026-05-09 20:02:10,230 INFO:Tasks solved so far: 10/18
2026-05-09 20:02:11,442 INFO:[TASK 18/500 QUERY 0/4]: re2_test_18_if_there_is_any_letter_d_replace_that_with_p_y
2026-05-09 20:02:11,442 INFO:Tasks solved so far: 10/19
2026-05-09 20:02:12,556 INFO:[TASK 18/500 QUERY 1/4]: re2_test_18_if_there_is_any_letter_d_replace_that_with_p_y
2026-05-09 20:02:12,556 INFO:Tasks solved so far: 10/19
2026-05-09 20:02:13,263 INFO:[TASK 18/500 QUERY 2/4]: re2_test_18_if_there_is_any_letter_d_replace_that_with_p_y
2026-05-09 20:02:13,263 INFO:Tasks solved so far: 10/19
2026-05-09 20:02:13,899 INFO:[TASK 18/500 QUERY 3/4]: re2_test_18_if_there_is_any_letter_d_replace_that_with_p_y
2026-05-09 20:02:13,899 INFO:Tasks solved so far: 10/19
2026-05-09 20:02:14,892 INFO:[TASK 19/500 QUERY 0/4]: re2_test_19_if_there_is_consonant_a_add_p_after_that
2026-05-09 20:02:14,892 INFO:Tasks solved so far: 10/20
2026-05-09 20:02:16,144 INFO:[TASK 19/500 QUERY 1/4]: re2_test_19_if_there_is_consonant_a_add_p_after_that
2026-05-09 20:02:16,144 INFO:Tasks solved so far: 10/20
2026-05-09 20:02:17,026 INFO:[TASK 19/500 QUERY 2/4]: re2_test_19_if_there_is_consonant_a_add_p_after_that
2026-05-09 20:02:17,026 INFO:Tasks solved so far: 10/20
2026-05-09 20:02:18,209 INFO:[TASK 19/500 QUERY 3/4]: re2_test_19_if_there_is_consonant_a_add_p_after_that
2026-05-09 20:02:18,209 INFO:Tasks solved so far: 10/20
2026-05-09 20:02:18,551 INFO:error_code=rate_limit_exceeded error_message='Rate limit reached for gpt-3.5-turbo-instruct in organization org-RcBdlQU9qh37R7FbksDxiLKA on tokens per min (TPM): Limit 90000, Used 87312, Requested 3126. Please try again in 292ms. Visit https://platform.openai.com/account/rate-limits to learn more.' error_param=None error_type=tokens message='OpenAI API error received' stream_error=False
2026-05-09 20:02:18,552 INFO:Rate limit reached for gpt-3.5-turbo-instruct in organization org-RcBdlQU9qh37R7FbksDxiLKA on tokens per min (TPM): Limit 90000, Used 87312, Requested 3126. Please try again in 292ms. Visit https://platform.openai.com/account/rate-limits to learn more.
2026-05-09 20:02:18,552 INFO:ERR: OpenAI rate limit. On attempt 1/5 after waiting 30s.
2026-05-09 20:02:49,233 INFO:[TASK 20/500 QUERY 0/4]: re2_test_20_if_the_word_ends_with_vowel_consonant_replace_that_with_k_x
2026-05-09 20:02:49,233 INFO:Tasks solved so far: 10/21
2026-05-09 20:02:50,755 INFO:[TASK 20/500 QUERY 1/4]: re2_test_20_if_the_word_ends_with_vowel_consonant_replace_that_with_k_x
2026-05-09 20:02:50,755 INFO:Tasks solved so far: 10/21
2026-05-09 20:02:52,137 INFO:[TASK 20/500 QUERY 2/4]: re2_test_20_if_the_word_ends_with_vowel_consonant_replace_that_with_k_x
2026-05-09 20:02:52,137 INFO:Tasks solved so far: 10/21
2026-05-09 20:02:52,861 INFO:[TASK 20/500 QUERY 3/4]: re2_test_20_if_the_word_ends_with_vowel_consonant_replace_that_with_k_x
2026-05-09 20:02:52,861 INFO:Tasks solved so far: 10/21
2026-05-09 20:02:53,603 INFO:[TASK 21/500 QUERY 0/4]: re2_test_21_if_the_word_ends_with_consonant_add_r_before_that
2026-05-09 20:02:53,603 INFO:Tasks solved so far: 10/22
2026-05-09 20:02:54,379 INFO:[TASK 21/500 QUERY 1/4]: re2_test_21_if_the_word_ends_with_consonant_add_r_before_that
2026-05-09 20:02:54,379 INFO:Tasks solved so far: 10/22
2026-05-09 20:02:55,082 INFO:[TASK 21/500 QUERY 2/4]: re2_test_21_if_the_word_ends_with_consonant_add_r_before_that
2026-05-09 20:02:55,082 INFO:Tasks solved so far: 10/22
2026-05-09 20:02:56,390 INFO:[TASK 21/500 QUERY 3/4]: re2_test_21_if_the_word_ends_with_consonant_add_r_before_that
2026-05-09 20:02:56,391 INFO:Tasks solved so far: 10/22
2026-05-09 20:02:57,308 INFO:[TASK 22/500 QUERY 0/4]: re2_test_22_if_there_is_any_letter_add_w_before_that
2026-05-09 20:02:57,308 INFO:Tasks solved so far: 11/23
2026-05-09 20:02:58,396 INFO:[TASK 23/500 QUERY 0/4]: re2_test_23_if_there_is_h_any_letter_add_k_after_that
2026-05-09 20:02:58,396 INFO:Tasks solved so far: 11/24
2026-05-09 20:02:59,452 INFO:[TASK 23/500 QUERY 1/4]: re2_test_23_if_there_is_h_any_letter_add_k_after_that
2026-05-09 20:02:59,453 INFO:Tasks solved so far: 11/24
2026-05-09 20:03:00,281 INFO:[TASK 23/500 QUERY 2/4]: re2_test_23_if_there_is_h_any_letter_add_k_after_that
2026-05-09 20:03:00,281 INFO:Tasks solved so far: 11/24
2026-05-09 20:03:01,138 INFO:[TASK 23/500 QUERY 3/4]: re2_test_23_if_there_is_h_any_letter_add_k_after_that
2026-05-09 20:03:01,138 INFO:Tasks solved so far: 11/24
2026-05-09 20:03:01,985 INFO:[TASK 24/500 QUERY 0/4]: re2_test_24_if_the_word_starts_with_any_letter_any_letter_add_s_after_that
2026-05-09 20:03:01,986 INFO:Tasks solved so far: 11/25
2026-05-09 20:03:03,182 INFO:[TASK 24/500 QUERY 1/4]: re2_test_24_if_the_word_starts_with_any_letter_any_letter_add_s_after_that
2026-05-09 20:03:03,182 INFO:Tasks solved so far: 11/25
2026-05-09 20:03:04,605 INFO:[TASK 24/500 QUERY 2/4]: re2_test_24_if_the_word_starts_with_any_letter_any_letter_add_s_after_that
2026-05-09 20:03:04,605 INFO:Tasks solved so far: 11/25
2026-05-09 20:03:05,372 INFO:[TASK 24/500 QUERY 3/4]: re2_test_24_if_the_word_starts_with_any_letter_any_letter_add_s_after_that
2026-05-09 20:03:05,372 INFO:Tasks solved so far: 11/25
2026-05-09 20:03:06,692 INFO:[TASK 25/500 QUERY 0/4]: re2_test_25_if_there_is_t_replace_that_with_c_n
2026-05-09 20:03:06,692 INFO:Tasks solved so far: 12/26
2026-05-09 20:03:08,656 INFO:[TASK 26/500 QUERY 0/4]: re2_test_26_if_there_is_consonant_consonant_replace_that_with_k
2026-05-09 20:03:08,656 INFO:Tasks solved so far: 12/27
2026-05-09 20:03:09,405 INFO:[TASK 26/500 QUERY 1/4]: re2_test_26_if_there_is_consonant_consonant_replace_that_with_k
2026-05-09 20:03:09,405 INFO:Tasks solved so far: 12/27
2026-05-09 20:03:10,237 INFO:[TASK 26/500 QUERY 2/4]: re2_test_26_if_there_is_consonant_consonant_replace_that_with_k
2026-05-09 20:03:10,237 INFO:Tasks solved so far: 12/27
2026-05-09 20:03:11,132 INFO:[TASK 26/500 QUERY 3/4]: re2_test_26_if_there_is_consonant_consonant_replace_that_with_k
2026-05-09 20:03:11,132 INFO:Tasks solved so far: 12/27
2026-05-09 20:03:11,861 INFO:[TASK 27/500 QUERY 0/4]: re2_test_27_if_there_is_consonant_replace_that_with_w_h
2026-05-09 20:03:11,862 INFO:Tasks solved so far: 13/28
2026-05-09 20:03:12,705 INFO:[TASK 28/500 QUERY 0/4]: re2_test_28_if_the_word_ends_with_any_letter_consonant_replace_that_with_w
2026-05-09 20:03:12,705 INFO:Tasks solved so far: 13/29
2026-05-09 20:03:14,147 INFO:[TASK 28/500 QUERY 1/4]: re2_test_28_if_the_word_ends_with_any_letter_consonant_replace_that_with_w
2026-05-09 20:03:14,147 INFO:Tasks solved so far: 13/29
2026-05-09 20:03:14,935 INFO:[TASK 28/500 QUERY 2/4]: re2_test_28_if_the_word_ends_with_any_letter_consonant_replace_that_with_w
2026-05-09 20:03:14,935 INFO:Tasks solved so far: 13/29
2026-05-09 20:03:15,250 INFO:error_code=rate_limit_exceeded error_message='Rate limit reached for gpt-3.5-turbo-instruct in organization org-RcBdlQU9qh37R7FbksDxiLKA on tokens per min (TPM): Limit 90000, Used 87194, Requested 3044. Please try again in 158ms. Visit https://platform.openai.com/account/rate-limits to learn more.' error_param=None error_type=tokens message='OpenAI API error received' stream_error=False
2026-05-09 20:03:15,250 INFO:Rate limit reached for gpt-3.5-turbo-instruct in organization org-RcBdlQU9qh37R7FbksDxiLKA on tokens per min (TPM): Limit 90000, Used 87194, Requested 3044. Please try again in 158ms. Visit https://platform.openai.com/account/rate-limits to learn more.
2026-05-09 20:03:15,250 INFO:ERR: OpenAI rate limit. On attempt 1/5 after waiting 30s.
2026-05-09 20:03:45,958 INFO:[TASK 28/500 QUERY 3/4]: re2_test_28_if_the_word_ends_with_any_letter_consonant_replace_that_with_w
2026-05-09 20:03:45,958 INFO:Tasks solved so far: 13/29
2026-05-09 20:03:46,876 INFO:[TASK 29/500 QUERY 0/4]: re2_test_29_if_the_word_starts_with_consonant_replace_that_with_m_x
2026-05-09 20:03:46,876 INFO:Tasks solved so far: 14/30
2026-05-09 20:03:47,946 INFO:[TASK 30/500 QUERY 0/4]: re2_test_30_if_the_word_ends_with_any_letter_replace_that_with_v_n
2026-05-09 20:03:47,946 INFO:Tasks solved so far: 15/31
2026-05-09 20:03:48,886 INFO:[TASK 31/500 QUERY 0/4]: re2_test_31_if_there_is_vowel_consonant_replace_that_with_g_u
2026-05-09 20:03:48,886 INFO:Tasks solved so far: 15/32
2026-05-09 20:03:49,719 INFO:[TASK 31/500 QUERY 1/4]: re2_test_31_if_there_is_vowel_consonant_replace_that_with_g_u
2026-05-09 20:03:49,719 INFO:Tasks solved so far: 15/32
2026-05-09 20:03:51,475 INFO:[TASK 31/500 QUERY 2/4]: re2_test_31_if_there_is_vowel_consonant_replace_that_with_g_u
2026-05-09 20:03:51,476 INFO:Tasks solved so far: 15/32
2026-05-09 20:03:52,529 INFO:[TASK 31/500 QUERY 3/4]: re2_test_31_if_there_is_vowel_consonant_replace_that_with_g_u
2026-05-09 20:03:52,529 INFO:Tasks solved so far: 15/32
2026-05-09 20:03:53,548 INFO:[TASK 32/500 QUERY 0/4]: re2_test_32_if_the_word_starts_with_vowel_consonant_add_u_before_that
2026-05-09 20:03:53,548 INFO:Tasks solved so far: 15/33
2026-05-09 20:03:54,829 INFO:[TASK 32/500 QUERY 1/4]: re2_test_32_if_the_word_starts_with_vowel_consonant_add_u_before_that
2026-05-09 20:03:54,829 INFO:Tasks solved so far: 15/33
2026-05-09 20:03:56,075 INFO:[TASK 32/500 QUERY 2/4]: re2_test_32_if_the_word_starts_with_vowel_consonant_add_u_before_that
2026-05-09 20:03:56,075 INFO:Tasks solved so far: 16/33
2026-05-09 20:03:56,975 INFO:[TASK 33/500 QUERY 0/4]: re2_test_33_if_the_word_starts_with_consonant_replace_that_with_a_h
2026-05-09 20:03:56,975 INFO:Tasks solved so far: 17/34
2026-05-09 20:03:58,204 INFO:[TASK 34/500 QUERY 0/4]: re2_test_34_if_there_is_consonant_s_replace_that_with_y_v
2026-05-09 20:03:58,204 INFO:Tasks solved so far: 17/35
2026-05-09 20:03:59,390 INFO:[TASK 34/500 QUERY 1/4]: re2_test_34_if_there_is_consonant_s_replace_that_with_y_v
2026-05-09 20:03:59,390 INFO:Tasks solved so far: 17/35
2026-05-09 20:04:00,664 INFO:[TASK 34/500 QUERY 2/4]: re2_test_34_if_there_is_consonant_s_replace_that_with_y_v
2026-05-09 20:04:00,665 INFO:Tasks solved so far: 17/35
2026-05-09 20:04:01,495 INFO:[TASK 34/500 QUERY 3/4]: re2_test_34_if_there_is_consonant_s_replace_that_with_y_v
2026-05-09 20:04:01,495 INFO:Tasks solved so far: 17/35
2026-05-09 20:04:02,676 INFO:[TASK 35/500 QUERY 0/4]: re2_test_35_if_there_is_vowel_replace_that_with_v_p
2026-05-09 20:04:02,676 INFO:Tasks solved so far: 18/36
2026-05-09 20:04:04,392 INFO:[TASK 36/500 QUERY 0/4]: re2_test_36_if_the_word_starts_with_consonant_replace_that_with_l_r
2026-05-09 20:04:04,392 INFO:Tasks solved so far: 19/37
2026-05-09 20:04:05,762 INFO:[TASK 37/500 QUERY 0/4]: re2_test_37_if_there_is_u_replace_that_with_w
2026-05-09 20:04:05,762 INFO:Tasks solved so far: 20/38
2026-05-09 20:04:06,408 INFO:[TASK 38/500 QUERY 0/4]: re2_test_38_if_there_is_r_replace_that_with_k
2026-05-09 20:04:06,408 INFO:Tasks solved so far: 21/39
2026-05-09 20:04:07,781 INFO:[TASK 39/500 QUERY 0/4]: re2_test_39_if_there_is_any_letter_i_replace_that_with_e
2026-05-09 20:04:07,781 INFO:Tasks solved so far: 21/40
2026-05-09 20:04:09,494 INFO:[TASK 39/500 QUERY 1/4]: re2_test_39_if_there_is_any_letter_i_replace_that_with_e
2026-05-09 20:04:09,494 INFO:Tasks solved so far: 21/40
2026-05-09 20:04:10,164 INFO:[TASK 39/500 QUERY 2/4]: re2_test_39_if_there_is_any_letter_i_replace_that_with_e
2026-05-09 20:04:10,164 INFO:Tasks solved so far: 21/40
2026-05-09 20:04:11,836 INFO:[TASK 39/500 QUERY 3/4]: re2_test_39_if_there_is_any_letter_i_replace_that_with_e
2026-05-09 20:04:11,837 INFO:Tasks solved so far: 21/40
2026-05-09 20:04:12,614 INFO:[TASK 40/500 QUERY 0/4]: re2_test_40_if_the_word_starts_with_vowel_add_n_before_that
2026-05-09 20:04:12,614 INFO:Tasks solved so far: 21/41
2026-05-09 20:04:13,884 INFO:[TASK 40/500 QUERY 1/4]: re2_test_40_if_the_word_starts_with_vowel_add_n_before_that
2026-05-09 20:04:13,884 INFO:Tasks solved so far: 22/41
2026-05-09 20:04:14,928 INFO:[TASK 41/500 QUERY 0/4]: re2_test_41_if_the_word_starts_with_consonant_consonant_replace_that_with_f_j
2026-05-09 20:04:14,928 INFO:Tasks solved so far: 22/42
2026-05-09 20:04:16,391 INFO:[TASK 41/500 QUERY 1/4]: re2_test_41_if_the_word_starts_with_consonant_consonant_replace_that_with_f_j
2026-05-09 20:04:16,391 INFO:Tasks solved so far: 22/42
2026-05-09 20:04:17,439 INFO:[TASK 41/500 QUERY 2/4]: re2_test_41_if_the_word_starts_with_consonant_consonant_replace_that_with_f_j
2026-05-09 20:04:17,439 INFO:Tasks solved so far: 22/42
2026-05-09 20:04:18,776 INFO:[TASK 41/500 QUERY 3/4]: re2_test_41_if_the_word_starts_with_consonant_consonant_replace_that_with_f_j
2026-05-09 20:04:18,776 INFO:Tasks solved so far: 22/42
2026-05-09 20:04:20,597 INFO:[TASK 42/500 QUERY 0/4]: re2_test_42_if_the_word_starts_with_consonant_replace_that_with_m_p
2026-05-09 20:04:20,597 INFO:Tasks solved so far: 22/43
2026-05-09 20:04:20,917 INFO:error_code=rate_limit_exceeded error_message='Rate limit reached for gpt-3.5-turbo-instruct in organization org-RcBdlQU9qh37R7FbksDxiLKA on tokens per min (TPM): Limit 90000, Used 87170, Requested 3071. Please try again in 160ms. Visit https://platform.openai.com/account/rate-limits to learn more.' error_param=None error_type=tokens message='OpenAI API error received' stream_error=False
2026-05-09 20:04:20,917 INFO:Rate limit reached for gpt-3.5-turbo-instruct in organization org-RcBdlQU9qh37R7FbksDxiLKA on tokens per min (TPM): Limit 90000, Used 87170, Requested 3071. Please try again in 160ms. Visit https://platform.openai.com/account/rate-limits to learn more.
2026-05-09 20:04:20,917 INFO:ERR: OpenAI rate limit. On attempt 1/5 after waiting 30s.
2026-05-09 20:04:51,650 INFO:[TASK 42/500 QUERY 1/4]: re2_test_42_if_the_word_starts_with_consonant_replace_that_with_m_p
2026-05-09 20:04:51,650 INFO:Tasks solved so far: 23/43
2026-05-09 20:04:52,369 INFO:[TASK 43/500 QUERY 0/4]: re2_test_43_if_the_word_starts_with_any_letter_replace_that_with_p_x
2026-05-09 20:04:52,369 INFO:Tasks solved so far: 24/44
2026-05-09 20:04:53,775 INFO:[TASK 44/500 QUERY 0/4]: re2_test_44_if_the_word_starts_with_consonant_vowel_replace_that_with_r_u
2026-05-09 20:04:53,775 INFO:Tasks solved so far: 24/45
2026-05-09 20:04:54,836 INFO:[TASK 44/500 QUERY 1/4]: re2_test_44_if_the_word_starts_with_consonant_vowel_replace_that_with_r_u
2026-05-09 20:04:54,837 INFO:Tasks solved so far: 24/45
2026-05-09 20:04:56,231 INFO:[TASK 44/500 QUERY 2/4]: re2_test_44_if_the_word_starts_with_consonant_vowel_replace_that_with_r_u
2026-05-09 20:04:56,231 INFO:Tasks solved so far: 24/45
2026-05-09 20:04:57,287 INFO:[TASK 44/500 QUERY 3/4]: re2_test_44_if_the_word_starts_with_consonant_vowel_replace_that_with_r_u
2026-05-09 20:04:57,287 INFO:Tasks solved so far: 24/45
2026-05-09 20:04:58,080 INFO:[TASK 45/500 QUERY 0/4]: re2_test_45_if_there_is_n_replace_that_with_i
2026-05-09 20:04:58,080 INFO:Tasks solved so far: 25/46
2026-05-09 20:04:58,813 INFO:[TASK 46/500 QUERY 0/4]: re2_test_46_if_there_is_consonant_replace_that_with_p_l
2026-05-09 20:04:58,813 INFO:Tasks solved so far: 26/47
2026-05-09 20:04:59,436 INFO:[TASK 47/500 QUERY 0/4]: re2_test_47_if_the_word_starts_with_any_letter_replace_that_with_q_n
2026-05-09 20:04:59,437 INFO:Tasks solved so far: 27/48
2026-05-09 20:05:00,108 INFO:[TASK 48/500 QUERY 0/4]: re2_test_48_if_the_word_starts_with_any_letter_replace_that_with_t_n
2026-05-09 20:05:00,108 INFO:Tasks solved so far: 28/49
2026-05-09 20:05:01,165 INFO:[TASK 49/500 QUERY 0/4]: re2_test_49_if_the_word_ends_with_consonant_consonant_replace_that_with_l
2026-05-09 20:05:01,165 INFO:Tasks solved so far: 28/50
2026-05-09 20:05:02,209 INFO:[TASK 49/500 QUERY 1/4]: re2_test_49_if_the_word_ends_with_consonant_consonant_replace_that_with_l
2026-05-09 20:05:02,209 INFO:Tasks solved so far: 28/50
2026-05-09 20:05:03,032 INFO:[TASK 49/500 QUERY 2/4]: re2_test_49_if_the_word_ends_with_consonant_consonant_replace_that_with_l
2026-05-09 20:05:03,032 INFO:Tasks solved so far: 28/50
2026-05-09 20:05:04,115 INFO:[TASK 49/500 QUERY 3/4]: re2_test_49_if_the_word_ends_with_consonant_consonant_replace_that_with_l
2026-05-09 20:05:04,116 INFO:Tasks solved so far: 28/50
2026-05-09 20:05:05,037 INFO:[TASK 50/500 QUERY 0/4]: re2_test_50_if_the_word_starts_with_vowel_any_letter_replace_that_with_r_y
2026-05-09 20:05:05,037 INFO:Tasks solved so far: 28/51
2026-05-09 20:05:06,142 INFO:[TASK 50/500 QUERY 1/4]: re2_test_50_if_the_word_starts_with_vowel_any_letter_replace_that_with_r_y
2026-05-09 20:05:06,142 INFO:Tasks solved so far: 28/51
2026-05-09 20:05:07,300 INFO:[TASK 50/500 QUERY 2/4]: re2_test_50_if_the_word_starts_with_vowel_any_letter_replace_that_with_r_y
2026-05-09 20:05:07,300 INFO:Tasks solved so far: 28/51
2026-05-09 20:05:08,357 INFO:[TASK 50/500 QUERY 3/4]: re2_test_50_if_the_word_starts_with_vowel_any_letter_replace_that_with_r_y
2026-05-09 20:05:08,357 INFO:Tasks solved so far: 28/51
2026-05-09 20:05:08,991 INFO:[TASK 51/500 QUERY 0/4]: re2_test_51_if_there_is_t_replace_that_with_x
2026-05-09 20:05:08,991 INFO:Tasks solved so far: 29/52
2026-05-09 20:05:09,950 INFO:[TASK 52/500 QUERY 0/4]: re2_test_52_if_the_word_starts_with_any_letter_any_letter_replace_that_with_v_j
2026-05-09 20:05:09,950 INFO:Tasks solved so far: 29/53
2026-05-09 20:05:10,797 INFO:[TASK 52/500 QUERY 1/4]: re2_test_52_if_the_word_starts_with_any_letter_any_letter_replace_that_with_v_j
2026-05-09 20:05:10,797 INFO:Tasks solved so far: 29/53
2026-05-09 20:05:11,450 INFO:[TASK 52/500 QUERY 2/4]: re2_test_52_if_the_word_starts_with_any_letter_any_letter_replace_that_with_v_j
2026-05-09 20:05:11,450 INFO:Tasks solved so far: 29/53
2026-05-09 20:05:12,440 INFO:[TASK 52/500 QUERY 3/4]: re2_test_52_if_the_word_starts_with_any_letter_any_letter_replace_that_with_v_j
2026-05-09 20:05:12,440 INFO:Tasks solved so far: 30/53
2026-05-09 20:05:13,189 INFO:[TASK 53/500 QUERY 0/4]: re2_test_53_if_the_word_starts_with_consonant_replace_that_with_l_v
2026-05-09 20:05:13,189 INFO:Tasks solved so far: 31/54
2026-05-09 20:05:13,527 INFO:error_code=rate_limit_exceeded error_message='Rate limit reached for gpt-3.5-turbo-instruct in organization org-RcBdlQU9qh37R7FbksDxiLKA on tokens per min (TPM): Limit 90000, Used 87059, Requested 3140. Please try again in 132ms. Visit https://platform.openai.com/account/rate-limits to learn more.' error_param=None error_type=tokens message='OpenAI API error received' stream_error=False
2026-05-09 20:05:13,527 INFO:Rate limit reached for gpt-3.5-turbo-instruct in organization org-RcBdlQU9qh37R7FbksDxiLKA on tokens per min (TPM): Limit 90000, Used 87059, Requested 3140. Please try again in 132ms. Visit https://platform.openai.com/account/rate-limits to learn more.
2026-05-09 20:05:13,527 INFO:ERR: OpenAI rate limit. On attempt 1/5 after waiting 30s.
2026-05-09 20:05:43,971 INFO:[TASK 54/500 QUERY 0/4]: re2_test_54_if_there_is_g_replace_that_with_p
2026-05-09 20:05:43,971 INFO:Tasks solved so far: 32/55
2026-05-09 20:05:45,331 INFO:[TASK 55/500 QUERY 0/4]: re2_test_55_if_the_word_starts_with_vowel_consonant_replace_that_with_j_g
2026-05-09 20:05:45,332 INFO:Tasks solved so far: 32/56
2026-05-09 20:05:46,620 INFO:[TASK 55/500 QUERY 1/4]: re2_test_55_if_the_word_starts_with_vowel_consonant_replace_that_with_j_g
2026-05-09 20:05:46,620 INFO:Tasks solved so far: 32/56
2026-05-09 20:05:47,505 INFO:[TASK 55/500 QUERY 2/4]: re2_test_55_if_the_word_starts_with_vowel_consonant_replace_that_with_j_g
2026-05-09 20:05:47,505 INFO:Tasks solved so far: 32/56
2026-05-09 20:05:48,516 INFO:[TASK 55/500 QUERY 3/4]: re2_test_55_if_the_word_starts_with_vowel_consonant_replace_that_with_j_g
2026-05-09 20:05:48,517 INFO:Tasks solved so far: 32/56
2026-05-09 20:05:49,593 INFO:[TASK 56/500 QUERY 0/4]: re2_test_56_if_the_word_starts_with_any_letter_replace_that_with_c_x
2026-05-09 20:05:49,593 INFO:Tasks solved so far: 33/57
2026-05-09 20:05:50,302 INFO:[TASK 57/500 QUERY 0/4]: re2_test_57_if_the_word_starts_with_any_letter_replace_that_with_r_w
2026-05-09 20:05:50,302 INFO:Tasks solved so far: 34/58
2026-05-09 20:05:50,981 INFO:[TASK 58/500 QUERY 0/4]: re2_test_58_if_the_word_starts_with_any_letter_replace_that_with_f_a
2026-05-09 20:05:50,981 INFO:Tasks solved so far: 35/59
2026-05-09 20:05:51,643 INFO:[TASK 59/500 QUERY 0/4]: re2_test_59_if_there_is_any_letter_add_g_after_that
2026-05-09 20:05:51,643 INFO:Tasks solved so far: 35/60
2026-05-09 20:05:52,356 INFO:[TASK 59/500 QUERY 1/4]: re2_test_59_if_there_is_any_letter_add_g_after_that
2026-05-09 20:05:52,356 INFO:Tasks solved so far: 36/60
2026-05-09 20:05:54,125 INFO:[TASK 60/500 QUERY 0/4]: re2_test_60_if_the_word_starts_with_vowel_replace_that_with_l_c
2026-05-09 20:05:54,125 INFO:Tasks solved so far: 36/61
2026-05-09 20:05:55,593 INFO:[TASK 60/500 QUERY 1/4]: re2_test_60_if_the_word_starts_with_vowel_replace_that_with_l_c
2026-05-09 20:05:55,593 INFO:Tasks solved so far: 37/61
2026-05-09 20:05:56,531 INFO:[TASK 61/500 QUERY 0/4]: re2_test_61_if_the_word_starts_with_consonant_replace_that_with_d_x
2026-05-09 20:05:56,532 INFO:Tasks solved so far: 38/62
2026-05-09 20:05:57,279 INFO:[TASK 62/500 QUERY 0/4]: re2_test_62_if_there_is_n_any_letter_replace_that_with_x
2026-05-09 20:05:57,279 INFO:Tasks solved so far: 38/63
2026-05-09 20:05:58,005 INFO:[TASK 62/500 QUERY 1/4]: re2_test_62_if_there_is_n_any_letter_replace_that_with_x
2026-05-09 20:05:58,005 INFO:Tasks solved so far: 38/63
2026-05-09 20:05:58,779 INFO:[TASK 62/500 QUERY 2/4]: re2_test_62_if_there_is_n_any_letter_replace_that_with_x
2026-05-09 20:05:58,779 INFO:Tasks solved so far: 38/63
2026-05-09 20:05:59,519 INFO:[TASK 62/500 QUERY 3/4]: re2_test_62_if_there_is_n_any_letter_replace_that_with_x
2026-05-09 20:05:59,520 INFO:Tasks solved so far: 38/63
2026-05-09 20:06:00,738 INFO:[TASK 63/500 QUERY 0/4]: re2_test_63_if_there_is_e_add_h_after_that
2026-05-09 20:06:00,738 INFO:Tasks solved so far: 39/64
2026-05-09 20:06:01,852 INFO:[TASK 64/500 QUERY 0/4]: re2_test_64_if_the_word_starts_with_any_letter_replace_that_with_y_j
2026-05-09 20:06:01,852 INFO:Tasks solved so far: 40/65
2026-05-09 20:06:02,921 INFO:[TASK 65/500 QUERY 0/4]: re2_test_65_if_there_is_vowel_add_n_before_that
2026-05-09 20:06:02,921 INFO:Tasks solved so far: 40/66
2026-05-09 20:06:04,125 INFO:[TASK 65/500 QUERY 1/4]: re2_test_65_if_there_is_vowel_add_n_before_that
2026-05-09 20:06:04,125 INFO:Tasks solved so far: 40/66
2026-05-09 20:06:05,044 INFO:[TASK 65/500 QUERY 2/4]: re2_test_65_if_there_is_vowel_add_n_before_that
2026-05-09 20:06:05,044 INFO:Tasks solved so far: 41/66
2026-05-09 20:06:05,897 INFO:[TASK 66/500 QUERY 0/4]: re2_test_66_if_the_word_starts_with_vowel_replace_that_with_g_y
2026-05-09 20:06:05,897 INFO:Tasks solved so far: 42/67
2026-05-09 20:06:06,739 INFO:[TASK 67/500 QUERY 0/4]: re2_test_67_if_there_is_any_letter_s_remove_that
2026-05-09 20:06:06,739 INFO:Tasks solved so far: 42/68
2026-05-09 20:06:07,430 INFO:[TASK 67/500 QUERY 1/4]: re2_test_67_if_there_is_any_letter_s_remove_that
2026-05-09 20:06:07,430 INFO:Tasks solved so far: 42/68
2026-05-09 20:06:08,227 INFO:[TASK 67/500 QUERY 2/4]: re2_test_67_if_there_is_any_letter_s_remove_that
2026-05-09 20:06:08,227 INFO:Tasks solved so far: 42/68
2026-05-09 20:06:08,530 INFO:error_code=rate_limit_exceeded error_message='Rate limit reached for gpt-3.5-turbo-instruct in organization org-RcBdlQU9qh37R7FbksDxiLKA on tokens per min (TPM): Limit 90000, Used 89471, Requested 3103. Please try again in 1.716s. Visit https://platform.openai.com/account/rate-limits to learn more.' error_param=None error_type=tokens message='OpenAI API error received' stream_error=False
2026-05-09 20:06:08,530 INFO:Rate limit reached for gpt-3.5-turbo-instruct in organization org-RcBdlQU9qh37R7FbksDxiLKA on tokens per min (TPM): Limit 90000, Used 89471, Requested 3103. Please try again in 1.716s. Visit https://platform.openai.com/account/rate-limits to learn more.
2026-05-09 20:06:08,530 INFO:ERR: OpenAI rate limit. On attempt 1/5 after waiting 30s.
2026-05-09 20:06:39,076 INFO:[TASK 67/500 QUERY 3/4]: re2_test_67_if_there_is_any_letter_s_remove_that
2026-05-09 20:06:39,076 INFO:Tasks solved so far: 42/68
2026-05-09 20:06:40,050 INFO:[TASK 68/500 QUERY 0/4]: re2_test_68_if_the_word_starts_with_vowel_replace_that_with_a_c
2026-05-09 20:06:40,050 INFO:Tasks solved so far: 43/69
2026-05-09 20:06:40,800 INFO:[TASK 69/500 QUERY 0/4]: re2_test_69_if_there_is_e_add_f_before_that
2026-05-09 20:06:40,800 INFO:Tasks solved so far: 43/70
2026-05-09 20:06:41,452 INFO:[TASK 69/500 QUERY 1/4]: re2_test_69_if_there_is_e_add_f_before_that
2026-05-09 20:06:41,452 INFO:Tasks solved so far: 44/70
2026-05-09 20:06:42,700 INFO:[TASK 70/500 QUERY 0/4]: re2_test_70_if_the_word_ends_with_s_add_g_after_that
2026-05-09 20:06:42,700 INFO:Tasks solved so far: 44/71
2026-05-09 20:06:43,435 INFO:[TASK 70/500 QUERY 1/4]: re2_test_70_if_the_word_ends_with_s_add_g_after_that
2026-05-09 20:06:43,435 INFO:Tasks solved so far: 44/71
2026-05-09 20:06:44,503 INFO:[TASK 70/500 QUERY 2/4]: re2_test_70_if_the_word_ends_with_s_add_g_after_that
2026-05-09 20:06:44,503 INFO:Tasks solved so far: 44/71
2026-05-09 20:06:45,315 INFO:[TASK 70/500 QUERY 3/4]: re2_test_70_if_the_word_ends_with_s_add_g_after_that
2026-05-09 20:06:45,315 INFO:Tasks solved so far: 44/71
2026-05-09 20:06:46,031 INFO:[TASK 71/500 QUERY 0/4]: re2_test_71_if_the_word_starts_with_consonant_replace_that_with_c_m
2026-05-09 20:06:46,031 INFO:Tasks solved so far: 44/72
2026-05-09 20:06:46,928 INFO:[TASK 71/500 QUERY 1/4]: re2_test_71_if_the_word_starts_with_consonant_replace_that_with_c_m
2026-05-09 20:06:46,928 INFO:Tasks solved so far: 44/72
2026-05-09 20:06:47,988 INFO:[TASK 71/500 QUERY 2/4]: re2_test_71_if_the_word_starts_with_consonant_replace_that_with_c_m
2026-05-09 20:06:47,988 INFO:Tasks solved so far: 45/72
2026-05-09 20:06:48,759 INFO:[TASK 72/500 QUERY 0/4]: re2_test_72_if_the_word_starts_with_any_letter_replace_that_with_i_a
2026-05-09 20:06:48,759 INFO:Tasks solved so far: 46/73
2026-05-09 20:06:49,525 INFO:[TASK 73/500 QUERY 0/4]: re2_test_73_if_the_word_ends_with_any_letter_add_a_after_that
2026-05-09 20:06:49,525 INFO:Tasks solved so far: 47/74
2026-05-09 20:06:50,585 INFO:[TASK 74/500 QUERY 0/4]: re2_test_74_if_the_word_ends_with_consonant_replace_that_with_c_v
2026-05-09 20:06:50,585 INFO:Tasks solved so far: 48/75
2026-05-09 20:06:51,403 INFO:[TASK 75/500 QUERY 0/4]: re2_test_75_if_there_is_vowel_consonant_replace_that_with_c
2026-05-09 20:06:51,403 INFO:Tasks solved so far: 48/76
2026-05-09 20:06:52,319 INFO:[TASK 75/500 QUERY 1/4]: re2_test_75_if_there_is_vowel_consonant_replace_that_with_c
2026-05-09 20:06:52,319 INFO:Tasks solved so far: 48/76
2026-05-09 20:06:53,862 INFO:[TASK 75/500 QUERY 2/4]: re2_test_75_if_there_is_vowel_consonant_replace_that_with_c
2026-05-09 20:06:53,862 INFO:Tasks solved so far: 48/76
2026-05-09 20:06:54,766 INFO:[TASK 75/500 QUERY 3/4]: re2_test_75_if_there_is_vowel_consonant_replace_that_with_c
2026-05-09 20:06:54,766 INFO:Tasks solved so far: 48/76
2026-05-09 20:06:55,570 INFO:[TASK 76/500 QUERY 0/4]: re2_test_76_if_there_is_d_replace_that_with_k_i
2026-05-09 20:06:55,571 INFO:Tasks solved so far: 49/77
2026-05-09 20:06:56,383 INFO:[TASK 77/500 QUERY 0/4]: re2_test_77_if_there_is_vowel_vowel_add_v_after_that
2026-05-09 20:06:56,383 INFO:Tasks solved so far: 49/78
2026-05-09 20:06:57,297 INFO:[TASK 77/500 QUERY 1/4]: re2_test_77_if_there_is_vowel_vowel_add_v_after_that
2026-05-09 20:06:57,297 INFO:Tasks solved so far: 49/78
2026-05-09 20:06:58,216 INFO:[TASK 77/500 QUERY 2/4]: re2_test_77_if_there_is_vowel_vowel_add_v_after_that
2026-05-09 20:06:58,216 INFO:Tasks solved so far: 49/78
2026-05-09 20:06:59,761 INFO:[TASK 77/500 QUERY 3/4]: re2_test_77_if_there_is_vowel_vowel_add_v_after_that
2026-05-09 20:06:59,761 INFO:Tasks solved so far: 49/78
2026-05-09 20:07:00,158 INFO:error_code=rate_limit_exceeded error_message='Rate limit reached for gpt-3.5-turbo-instruct in organization org-RcBdlQU9qh37R7FbksDxiLKA on tokens per min (TPM): Limit 90000, Used 86957, Requested 3134. Please try again in 60ms. Visit https://platform.openai.com/account/rate-limits to learn more.' error_param=None error_type=tokens message='OpenAI API error received' stream_error=False
2026-05-09 20:07:00,158 INFO:Rate limit reached for gpt-3.5-turbo-instruct in organization org-RcBdlQU9qh37R7FbksDxiLKA on tokens per min (TPM): Limit 90000, Used 86957, Requested 3134. Please try again in 60ms. Visit https://platform.openai.com/account/rate-limits to learn more.
2026-05-09 20:07:00,158 INFO:ERR: OpenAI rate limit. On attempt 1/5 after waiting 30s.
2026-05-09 20:07:31,340 INFO:[TASK 78/500 QUERY 0/4]: re2_test_78_if_there_is_i_any_letter_replace_that_with_y
2026-05-09 20:07:31,340 INFO:Tasks solved so far: 49/79
2026-05-09 20:07:32,205 INFO:[TASK 78/500 QUERY 1/4]: re2_test_78_if_there_is_i_any_letter_replace_that_with_y
2026-05-09 20:07:32,205 INFO:Tasks solved so far: 49/79
2026-05-09 20:07:33,525 INFO:[TASK 78/500 QUERY 2/4]: re2_test_78_if_there_is_i_any_letter_replace_that_with_y
2026-05-09 20:07:33,525 INFO:Tasks solved so far: 49/79
2026-05-09 20:07:34,597 INFO:[TASK 78/500 QUERY 3/4]: re2_test_78_if_there_is_i_any_letter_replace_that_with_y
2026-05-09 20:07:34,597 INFO:Tasks solved so far: 49/79
2026-05-09 20:07:35,454 INFO:[TASK 79/500 QUERY 0/4]: re2_test_79_if_the_word_starts_with_any_letter_replace_that_with_p_j
2026-05-09 20:07:35,454 INFO:Tasks solved so far: 50/80
2026-05-09 20:07:36,106 INFO:[TASK 80/500 QUERY 0/4]: re2_test_80_if_there_is_c_replace_that_with_q
2026-05-09 20:07:36,106 INFO:Tasks solved so far: 51/81
2026-05-09 20:07:36,889 INFO:[TASK 81/500 QUERY 0/4]: re2_test_81_if_there_is_l_add_w_after_that
2026-05-09 20:07:36,890 INFO:Tasks solved so far: 52/82
2026-05-09 20:07:37,590 INFO:[TASK 82/500 QUERY 0/4]: re2_test_82_if_there_is_e_add_m_after_that
2026-05-09 20:07:37,590 INFO:Tasks solved so far: 53/83
2026-05-09 20:07:38,753 INFO:[TASK 83/500 QUERY 0/4]: re2_test_83_if_the_word_ends_with_s_add_f_after_that
2026-05-09 20:07:38,753 INFO:Tasks solved so far: 53/84
2026-05-09 20:07:39,782 INFO:[TASK 83/500 QUERY 1/4]: re2_test_83_if_the_word_ends_with_s_add_f_after_that
2026-05-09 20:07:39,782 INFO:Tasks solved so far: 53/84
2026-05-09 20:07:40,482 INFO:[TASK 83/500 QUERY 2/4]: re2_test_83_if_the_word_ends_with_s_add_f_after_that
2026-05-09 20:07:40,482 INFO:Tasks solved so far: 53/84
2026-05-09 20:07:41,698 INFO:[TASK 83/500 QUERY 3/4]: re2_test_83_if_the_word_ends_with_s_add_f_after_that
2026-05-09 20:07:41,698 INFO:Tasks solved so far: 53/84
2026-05-09 20:07:43,380 INFO:[TASK 84/500 QUERY 0/4]: re2_test_84_if_there_is_e_any_letter_replace_that_with_r_a
2026-05-09 20:07:43,380 INFO:Tasks solved so far: 53/85
2026-05-09 20:07:44,323 INFO:[TASK 84/500 QUERY 1/4]: re2_test_84_if_there_is_e_any_letter_replace_that_with_r_a
2026-05-09 20:07:44,323 INFO:Tasks solved so far: 53/85
2026-05-09 20:07:45,959 INFO:[TASK 84/500 QUERY 2/4]: re2_test_84_if_there_is_e_any_letter_replace_that_with_r_a
2026-05-09 20:07:45,959 INFO:Tasks solved so far: 53/85
2026-05-09 20:07:46,801 INFO:[TASK 84/500 QUERY 3/4]: re2_test_84_if_there_is_e_any_letter_replace_that_with_r_a
2026-05-09 20:07:46,802 INFO:Tasks solved so far: 53/85
2026-05-09 20:07:47,923 INFO:[TASK 85/500 QUERY 0/4]: re2_test_85_if_the_word_starts_with_any_letter_replace_that_with_c_y
2026-05-09 20:07:47,923 INFO:Tasks solved so far: 54/86
2026-05-09 20:07:49,209 INFO:[TASK 86/500 QUERY 0/4]: re2_test_86_if_there_is_d_add_b_after_that
2026-05-09 20:07:49,209 INFO:Tasks solved so far: 54/87
2026-05-09 20:07:49,933 INFO:[TASK 86/500 QUERY 1/4]: re2_test_86_if_there_is_d_add_b_after_that
2026-05-09 20:07:49,933 INFO:Tasks solved so far: 55/87
2026-05-09 20:07:50,654 INFO:[TASK 87/500 QUERY 0/4]: re2_test_87_if_there_is_t_replace_that_with_m
2026-05-09 20:07:50,654 INFO:Tasks solved so far: 56/88
2026-05-09 20:07:51,498 INFO:[TASK 88/500 QUERY 0/4]: re2_test_88_if_there_is_c_any_letter_replace_that_with_o_x
2026-05-09 20:07:51,498 INFO:Tasks solved so far: 56/89
2026-05-09 20:07:52,660 INFO:[TASK 88/500 QUERY 1/4]: re2_test_88_if_there_is_c_any_letter_replace_that_with_o_x
2026-05-09 20:07:52,660 INFO:Tasks solved so far: 56/89
2026-05-09 20:07:53,808 INFO:[TASK 88/500 QUERY 2/4]: re2_test_88_if_there_is_c_any_letter_replace_that_with_o_x
2026-05-09 20:07:53,808 INFO:Tasks solved so far: 56/89
2026-05-09 20:07:55,287 INFO:[TASK 88/500 QUERY 3/4]: re2_test_88_if_there_is_c_any_letter_replace_that_with_o_x
2026-05-09 20:07:55,287 INFO:Tasks solved so far: 56/89
2026-05-09 20:07:56,230 INFO:[TASK 89/500 QUERY 0/4]: re2_test_89_if_there_is_consonant_e_add_v_before_that
2026-05-09 20:07:56,230 INFO:Tasks solved so far: 56/90
2026-05-09 20:07:57,228 INFO:[TASK 89/500 QUERY 1/4]: re2_test_89_if_there_is_consonant_e_add_v_before_that
2026-05-09 20:07:57,228 INFO:Tasks solved so far: 56/90
2026-05-09 20:07:58,018 INFO:[TASK 89/500 QUERY 2/4]: re2_test_89_if_there_is_consonant_e_add_v_before_that
2026-05-09 20:07:58,018 INFO:Tasks solved so far: 56/90
2026-05-09 20:07:58,815 INFO:[TASK 89/500 QUERY 3/4]: re2_test_89_if_there_is_consonant_e_add_v_before_that
2026-05-09 20:07:58,815 INFO:Tasks solved so far: 56/90
2026-05-09 20:08:00,256 INFO:[TASK 90/500 QUERY 0/4]: re2_test_90_if_there_is_consonant_replace_that_with_r_r
2026-05-09 20:08:00,257 INFO:Tasks solved so far: 57/91
2026-05-09 20:08:00,638 INFO:error_code=rate_limit_exceeded error_message='Rate limit reached for gpt-3.5-turbo-instruct in organization org-RcBdlQU9qh37R7FbksDxiLKA on tokens per min (TPM): Limit 90000, Used 90000, Requested 3120. Please try again in 2.08s. Visit https://platform.openai.com/account/rate-limits to learn more.' error_param=None error_type=tokens message='OpenAI API error received' stream_error=False
2026-05-09 20:08:00,638 INFO:Rate limit reached for gpt-3.5-turbo-instruct in organization org-RcBdlQU9qh37R7FbksDxiLKA on tokens per min (TPM): Limit 90000, Used 90000, Requested 3120. Please try again in 2.08s. Visit https://platform.openai.com/account/rate-limits to learn more.
2026-05-09 20:08:00,638 INFO:ERR: OpenAI rate limit. On attempt 1/5 after waiting 30s.
2026-05-09 20:08:31,453 INFO:[TASK 91/500 QUERY 0/4]: re2_test_91_if_the_word_ends_with_vowel_any_letter_replace_that_with_l
2026-05-09 20:08:31,453 INFO:Tasks solved so far: 57/92
2026-05-09 20:08:32,903 INFO:[TASK 91/500 QUERY 1/4]: re2_test_91_if_the_word_ends_with_vowel_any_letter_replace_that_with_l
2026-05-09 20:08:32,903 INFO:Tasks solved so far: 57/92
2026-05-09 20:08:33,736 INFO:[TASK 91/500 QUERY 2/4]: re2_test_91_if_the_word_ends_with_vowel_any_letter_replace_that_with_l
2026-05-09 20:08:33,736 INFO:Tasks solved so far: 57/92
2026-05-09 20:08:34,433 INFO:[TASK 91/500 QUERY 3/4]: re2_test_91_if_the_word_ends_with_vowel_any_letter_replace_that_with_l
2026-05-09 20:08:34,433 INFO:Tasks solved so far: 57/92
2026-05-09 20:08:35,353 INFO:[TASK 92/500 QUERY 0/4]: re2_test_92_if_there_is_vowel_vowel_replace_that_with_w_b
2026-05-09 20:08:35,353 INFO:Tasks solved so far: 57/93
2026-05-09 20:08:36,762 INFO:[TASK 92/500 QUERY 1/4]: re2_test_92_if_there_is_vowel_vowel_replace_that_with_w_b
2026-05-09 20:08:36,763 INFO:Tasks solved so far: 57/93
2026-05-09 20:08:37,789 INFO:[TASK 92/500 QUERY 2/4]: re2_test_92_if_there_is_vowel_vowel_replace_that_with_w_b
2026-05-09 20:08:37,789 INFO:Tasks solved so far: 57/93
2026-05-09 20:08:39,024 INFO:[TASK 92/500 QUERY 3/4]: re2_test_92_if_there_is_vowel_vowel_replace_that_with_w_b
2026-05-09 20:08:39,024 INFO:Tasks solved so far: 57/93
2026-05-09 20:08:40,001 INFO:[TASK 93/500 QUERY 0/4]: re2_test_93_if_the_word_starts_with_consonant_replace_that_with_g_w
2026-05-09 20:08:40,001 INFO:Tasks solved so far: 58/94
2026-05-09 20:08:40,930 INFO:[TASK 94/500 QUERY 0/4]: re2_test_94_if_the_word_ends_with_s_replace_that_with_t
2026-05-09 20:08:40,930 INFO:Tasks solved so far: 58/95
2026-05-09 20:08:41,712 INFO:[TASK 94/500 QUERY 1/4]: re2_test_94_if_the_word_ends_with_s_replace_that_with_t
2026-05-09 20:08:41,712 INFO:Tasks solved so far: 58/95
2026-05-09 20:08:42,574 INFO:[TASK 94/500 QUERY 2/4]: re2_test_94_if_the_word_ends_with_s_replace_that_with_t
2026-05-09 20:08:42,574 INFO:Tasks solved so far: 59/95
2026-05-09 20:08:43,485 INFO:[TASK 95/500 QUERY 0/4]: re2_test_95_if_there_is_consonant_vowel_replace_that_with_m
2026-05-09 20:08:43,485 INFO:Tasks solved so far: 59/96
2026-05-09 20:08:44,501 INFO:[TASK 95/500 QUERY 1/4]: re2_test_95_if_there_is_consonant_vowel_replace_that_with_m
2026-05-09 20:08:44,501 INFO:Tasks solved so far: 59/96
2026-05-09 20:08:45,165 INFO:Err during evaluationname 'e' is not defined
2026-05-09 20:08:45,166 INFO:[TASK 95/500 QUERY 2/4]: re2_test_95_if_there_is_consonant_vowel_replace_that_with_m
2026-05-09 20:08:45,166 INFO:Tasks solved so far: 59/96
2026-05-09 20:08:46,394 INFO:[TASK 95/500 QUERY 3/4]: re2_test_95_if_there_is_consonant_vowel_replace_that_with_m
2026-05-09 20:08:46,394 INFO:Tasks solved so far: 59/96
2026-05-09 20:08:47,540 INFO:[TASK 96/500 QUERY 0/4]: re2_test_96_if_there_is_i_replace_that_with_i_f
2026-05-09 20:08:47,541 INFO:Tasks solved so far: 60/97
2026-05-09 20:08:49,304 INFO:[TASK 97/500 QUERY 0/4]: re2_test_97_if_the_word_starts_with_vowel_consonant_add_s_after_that
2026-05-09 20:08:49,304 INFO:Tasks solved so far: 60/98
2026-05-09 20:08:50,187 INFO:[TASK 97/500 QUERY 1/4]: re2_test_97_if_the_word_starts_with_vowel_consonant_add_s_after_that
2026-05-09 20:08:50,188 INFO:Tasks solved so far: 60/98
2026-05-09 20:08:51,324 INFO:[TASK 97/500 QUERY 2/4]: re2_test_97_if_the_word_starts_with_vowel_consonant_add_s_after_that
2026-05-09 20:08:51,325 INFO:Tasks solved so far: 60/98
2026-05-09 20:08:52,262 INFO:[TASK 97/500 QUERY 3/4]: re2_test_97_if_the_word_starts_with_vowel_consonant_add_s_after_that
2026-05-09 20:08:52,263 INFO:Tasks solved so far: 60/98
2026-05-09 20:08:53,762 INFO:[TASK 98/500 QUERY 0/4]: re2_test_98_if_there_is_i_consonant_replace_that_with_t_f
2026-05-09 20:08:53,762 INFO:Tasks solved so far: 60/99
2026-05-09 20:08:54,641 INFO:[TASK 98/500 QUERY 1/4]: re2_test_98_if_there_is_i_consonant_replace_that_with_t_f
2026-05-09 20:08:54,641 INFO:Tasks solved so far: 60/99
2026-05-09 20:08:55,361 INFO:[TASK 98/500 QUERY 2/4]: re2_test_98_if_there_is_i_consonant_replace_that_with_t_f
2026-05-09 20:08:55,361 INFO:Tasks solved so far: 60/99
2026-05-09 20:08:55,637 INFO:error_code=rate_limit_exceeded error_message='Rate limit reached for gpt-3.5-turbo-instruct in organization org-RcBdlQU9qh37R7FbksDxiLKA on tokens per min (TPM): Limit 90000, Used 87477, Requested 3157. Please try again in 422ms. Visit https://platform.openai.com/account/rate-limits to learn more.' error_param=None error_type=tokens message='OpenAI API error received' stream_error=False
2026-05-09 20:08:55,638 INFO:Rate limit reached for gpt-3.5-turbo-instruct in organization org-RcBdlQU9qh37R7FbksDxiLKA on tokens per min (TPM): Limit 90000, Used 87477, Requested 3157. Please try again in 422ms. Visit https://platform.openai.com/account/rate-limits to learn more.
2026-05-09 20:08:55,638 INFO:ERR: OpenAI rate limit. On attempt 1/5 after waiting 30s.
2026-05-09 20:09:26,275 INFO:[TASK 98/500 QUERY 3/4]: re2_test_98_if_there_is_i_consonant_replace_that_with_t_f
2026-05-09 20:09:26,275 INFO:Tasks solved so far: 60/99
2026-05-09 20:09:27,427 INFO:[TASK 99/500 QUERY 0/4]: re2_test_99_if_the_word_starts_with_consonant_add_o_before_that
2026-05-09 20:09:27,427 INFO:Tasks solved so far: 61/100
2026-05-09 20:09:28,165 INFO:[TASK 100/500 QUERY 0/4]: re2_test_100_if_the_word_ends_with_any_letter_add_m_after_that
2026-05-09 20:09:28,165 INFO:Tasks solved so far: 62/101
2026-05-09 20:09:29,151 INFO:[TASK 101/500 QUERY 0/4]: re2_test_101_if_the_word_ends_with_any_letter_any_letter_add_k_before_that
2026-05-09 20:09:29,151 INFO:Tasks solved so far: 62/102
2026-05-09 20:09:30,551 INFO:[TASK 101/500 QUERY 1/4]: re2_test_101_if_the_word_ends_with_any_letter_any_letter_add_k_before_that
2026-05-09 20:09:30,551 INFO:Tasks solved so far: 62/102
2026-05-09 20:09:31,351 INFO:[TASK 101/500 QUERY 2/4]: re2_test_101_if_the_word_ends_with_any_letter_any_letter_add_k_before_that
2026-05-09 20:09:31,351 INFO:Tasks solved so far: 62/102
2026-05-09 20:09:32,253 INFO:[TASK 101/500 QUERY 3/4]: re2_test_101_if_the_word_ends_with_any_letter_any_letter_add_k_before_that
2026-05-09 20:09:32,253 INFO:Tasks solved so far: 62/102
2026-05-09 20:09:33,207 INFO:[TASK 102/500 QUERY 0/4]: re2_test_102_if_there_is_any_letter_any_letter_replace_that_with_k_g
2026-05-09 20:09:33,207 INFO:Tasks solved so far: 62/103
2026-05-09 20:09:34,033 INFO:[TASK 102/500 QUERY 1/4]: re2_test_102_if_there_is_any_letter_any_letter_replace_that_with_k_g
2026-05-09 20:09:34,033 INFO:Tasks solved so far: 62/103
2026-05-09 20:09:34,758 INFO:[TASK 102/500 QUERY 2/4]: re2_test_102_if_there_is_any_letter_any_letter_replace_that_with_k_g
2026-05-09 20:09:34,759 INFO:Tasks solved so far: 62/103
2026-05-09 20:09:36,664 INFO:[TASK 102/500 QUERY 3/4]: re2_test_102_if_there_is_any_letter_any_letter_replace_that_with_k_g
2026-05-09 20:09:36,664 INFO:Tasks solved so far: 62/103
2026-05-09 20:09:37,615 INFO:[TASK 103/500 QUERY 0/4]: re2_test_103_if_there_is_e_any_letter_replace_that_with_e_h
2026-05-09 20:09:37,615 INFO:Tasks solved so far: 62/104
2026-05-09 20:09:38,375 INFO:[TASK 103/500 QUERY 1/4]: re2_test_103_if_there_is_e_any_letter_replace_that_with_e_h
2026-05-09 20:09:38,375 INFO:Tasks solved so far: 62/104
2026-05-09 20:09:39,191 INFO:[TASK 103/500 QUERY 2/4]: re2_test_103_if_there_is_e_any_letter_replace_that_with_e_h
2026-05-09 20:09:39,191 INFO:Tasks solved so far: 62/104
2026-05-09 20:09:40,164 INFO:[TASK 103/500 QUERY 3/4]: re2_test_103_if_there_is_e_any_letter_replace_that_with_e_h
2026-05-09 20:09:40,164 INFO:Tasks solved so far: 62/104
2026-05-09 20:09:41,381 INFO:[TASK 104/500 QUERY 0/4]: re2_test_104_if_there_is_m_add_i_before_that
2026-05-09 20:09:41,381 INFO:Tasks solved so far: 63/105
2026-05-09 20:09:42,248 INFO:[TASK 105/500 QUERY 0/4]: re2_test_105_if_there_is_l_add_e_before_that
2026-05-09 20:09:42,248 INFO:Tasks solved so far: 64/106
2026-05-09 20:09:43,115 INFO:[TASK 106/500 QUERY 0/4]: re2_test_106_if_there_is_vowel_r_add_h_after_that
2026-05-09 20:09:43,115 INFO:Tasks solved so far: 64/107
2026-05-09 20:09:43,847 INFO:[TASK 106/500 QUERY 1/4]: re2_test_106_if_there_is_vowel_r_add_h_after_that
2026-05-09 20:09:43,847 INFO:Tasks solved so far: 64/107
2026-05-09 20:09:44,689 INFO:[TASK 106/500 QUERY 2/4]: re2_test_106_if_there_is_vowel_r_add_h_after_that
2026-05-09 20:09:44,689 INFO:Tasks solved so far: 64/107
2026-05-09 20:09:45,616 INFO:[TASK 106/500 QUERY 3/4]: re2_test_106_if_there_is_vowel_r_add_h_after_that
2026-05-09 20:09:45,616 INFO:Tasks solved so far: 64/107
2026-05-09 20:09:46,404 INFO:[TASK 107/500 QUERY 0/4]: re2_test_107_if_there_is_vowel_any_letter_replace_that_with_t_g
2026-05-09 20:09:46,404 INFO:Tasks solved so far: 64/108
2026-05-09 20:09:47,180 INFO:[TASK 107/500 QUERY 1/4]: re2_test_107_if_there_is_vowel_any_letter_replace_that_with_t_g
2026-05-09 20:09:47,180 INFO:Tasks solved so far: 64/108
2026-05-09 20:09:48,411 INFO:[TASK 107/500 QUERY 2/4]: re2_test_107_if_there_is_vowel_any_letter_replace_that_with_t_g
2026-05-09 20:09:48,411 INFO:Tasks solved so far: 64/108
2026-05-09 20:09:49,778 INFO:[TASK 107/500 QUERY 3/4]: re2_test_107_if_there_is_vowel_any_letter_replace_that_with_t_g
2026-05-09 20:09:49,778 INFO:Tasks solved so far: 64/108
2026-05-09 20:09:50,175 INFO:error_code=rate_limit_exceeded error_message='Rate limit reached for gpt-3.5-turbo-instruct in organization org-RcBdlQU9qh37R7FbksDxiLKA on tokens per min (TPM): Limit 90000, Used 87081, Requested 3094. Please try again in 116ms. Visit https://platform.openai.com/account/rate-limits to learn more.' error_param=None error_type=tokens message='OpenAI API error received' stream_error=False
2026-05-09 20:09:50,175 INFO:Rate limit reached for gpt-3.5-turbo-instruct in organization org-RcBdlQU9qh37R7FbksDxiLKA on tokens per min (TPM): Limit 90000, Used 87081, Requested 3094. Please try again in 116ms. Visit https://platform.openai.com/account/rate-limits to learn more.
2026-05-09 20:09:50,175 INFO:ERR: OpenAI rate limit. On attempt 1/5 after waiting 30s.
2026-05-09 20:10:20,673 INFO:[TASK 108/500 QUERY 0/4]: re2_test_108_if_the_word_starts_with_consonant_replace_that_with_h_y
2026-05-09 20:10:20,673 INFO:Tasks solved so far: 64/109
2026-05-09 20:10:21,349 INFO:[TASK 108/500 QUERY 1/4]: re2_test_108_if_the_word_starts_with_consonant_replace_that_with_h_y
2026-05-09 20:10:21,350 INFO:Tasks solved so far: 64/109
2026-05-09 20:10:22,613 INFO:[TASK 108/500 QUERY 2/4]: re2_test_108_if_the_word_starts_with_consonant_replace_that_with_h_y
2026-05-09 20:10:22,613 INFO:Tasks solved so far: 64/109
2026-05-09 20:10:23,220 INFO:[TASK 108/500 QUERY 3/4]: re2_test_108_if_the_word_starts_with_consonant_replace_that_with_h_y
2026-05-09 20:10:23,220 INFO:Tasks solved so far: 64/109
2026-05-09 20:10:24,876 INFO:[TASK 109/500 QUERY 0/4]: re2_test_109_if_the_word_ends_with_any_letter_replace_that_with_i_u
2026-05-09 20:10:24,876 INFO:Tasks solved so far: 65/110
2026-05-09 20:10:26,755 INFO:[TASK 110/500 QUERY 0/4]: re2_test_110_if_the_word_starts_with_consonant_any_letter_replace_that_with_a_t
2026-05-09 20:10:26,755 INFO:Tasks solved so far: 65/111
2026-05-09 20:10:27,640 INFO:[TASK 110/500 QUERY 1/4]: re2_test_110_if_the_word_starts_with_consonant_any_letter_replace_that_with_a_t
2026-05-09 20:10:27,640 INFO:Tasks solved so far: 65/111
2026-05-09 20:10:28,769 INFO:[TASK 110/500 QUERY 2/4]: re2_test_110_if_the_word_starts_with_consonant_any_letter_replace_that_with_a_t
2026-05-09 20:10:28,769 INFO:Tasks solved so far: 65/111
2026-05-09 20:10:29,683 INFO:[TASK 110/500 QUERY 3/4]: re2_test_110_if_the_word_starts_with_consonant_any_letter_replace_that_with_a_t
2026-05-09 20:10:29,683 INFO:Tasks solved so far: 65/111
2026-05-09 20:10:30,485 INFO:[TASK 111/500 QUERY 0/4]: re2_test_111_if_there_is_r_any_letter_add_u_before_that
2026-05-09 20:10:30,486 INFO:Tasks solved so far: 65/112
2026-05-09 20:10:31,529 INFO:[TASK 111/500 QUERY 1/4]: re2_test_111_if_there_is_r_any_letter_add_u_before_that
2026-05-09 20:10:31,529 INFO:Tasks solved so far: 65/112
2026-05-09 20:10:32,719 INFO:[TASK 111/500 QUERY 2/4]: re2_test_111_if_there_is_r_any_letter_add_u_before_that
2026-05-09 20:10:32,719 INFO:Tasks solved so far: 65/112
2026-05-09 20:10:33,420 INFO:[TASK 111/500 QUERY 3/4]: re2_test_111_if_there_is_r_any_letter_add_u_before_that
2026-05-09 20:10:33,420 INFO:Tasks solved so far: 65/112
2026-05-09 20:10:34,166 INFO:[TASK 112/500 QUERY 0/4]: re2_test_112_if_there_is_i_any_letter_add_p_before_that
2026-05-09 20:10:34,166 INFO:Tasks solved so far: 65/113
2026-05-09 20:10:34,805 INFO:[TASK 112/500 QUERY 1/4]: re2_test_112_if_there_is_i_any_letter_add_p_before_that
2026-05-09 20:10:34,805 INFO:Tasks solved so far: 65/113
2026-05-09 20:10:35,683 INFO:[TASK 112/500 QUERY 2/4]: re2_test_112_if_there_is_i_any_letter_add_p_before_that
2026-05-09 20:10:35,683 INFO:Tasks solved so far: 65/113
2026-05-09 20:10:36,500 INFO:[TASK 112/500 QUERY 3/4]: re2_test_112_if_there_is_i_any_letter_add_p_before_that
2026-05-09 20:10:36,501 INFO:Tasks solved so far: 65/113
2026-05-09 20:10:37,805 INFO:[TASK 113/500 QUERY 0/4]: re2_test_113_if_the_word_ends_with_consonant_consonant_add_s_before_that
2026-05-09 20:10:37,805 INFO:Tasks solved so far: 65/114
2026-05-09 20:10:38,681 INFO:[TASK 113/500 QUERY 1/4]: re2_test_113_if_the_word_ends_with_consonant_consonant_add_s_before_that
2026-05-09 20:10:38,681 INFO:Tasks solved so far: 65/114
2026-05-09 20:10:40,145 INFO:[TASK 113/500 QUERY 2/4]: re2_test_113_if_the_word_ends_with_consonant_consonant_add_s_before_that
2026-05-09 20:10:40,145 INFO:Tasks solved so far: 65/114
2026-05-09 20:10:40,976 INFO:[TASK 113/500 QUERY 3/4]: re2_test_113_if_the_word_ends_with_consonant_consonant_add_s_before_that
2026-05-09 20:10:40,977 INFO:Tasks solved so far: 65/114
2026-05-09 20:10:41,749 INFO:[TASK 114/500 QUERY 0/4]: re2_test_114_if_there_is_vowel_add_w_before_that
2026-05-09 20:10:41,749 INFO:Tasks solved so far: 65/115
2026-05-09 20:10:42,717 INFO:[TASK 114/500 QUERY 1/4]: re2_test_114_if_there_is_vowel_add_w_before_that
2026-05-09 20:10:42,717 INFO:Tasks solved so far: 66/115
2026-05-09 20:10:44,097 INFO:[TASK 115/500 QUERY 0/4]: re2_test_115_if_the_word_starts_with_consonant_vowel_replace_that_with_n_s
2026-05-09 20:10:44,097 INFO:Tasks solved so far: 66/116
2026-05-09 20:10:45,123 INFO:[TASK 115/500 QUERY 1/4]: re2_test_115_if_the_word_starts_with_consonant_vowel_replace_that_with_n_s
2026-05-09 20:10:45,123 INFO:Tasks solved so far: 66/116
2026-05-09 20:10:46,046 INFO:[TASK 115/500 QUERY 2/4]: re2_test_115_if_the_word_starts_with_consonant_vowel_replace_that_with_n_s
2026-05-09 20:10:46,047 INFO:Tasks solved so far: 66/116
2026-05-09 20:10:46,392 INFO:error_code=rate_limit_exceeded error_message='Rate limit reached for gpt-3.5-turbo-instruct in organization org-RcBdlQU9qh37R7FbksDxiLKA on tokens per min (TPM): Limit 90000, Used 87899, Requested 3118. Please try again in 678ms. Visit https://platform.openai.com/account/rate-limits to learn more.' error_param=None error_type=tokens message='OpenAI API error received' stream_error=False
2026-05-09 20:10:46,392 INFO:Rate limit reached for gpt-3.5-turbo-instruct in organization org-RcBdlQU9qh37R7FbksDxiLKA on tokens per min (TPM): Limit 90000, Used 87899, Requested 3118. Please try again in 678ms. Visit https://platform.openai.com/account/rate-limits to learn more.
2026-05-09 20:10:46,392 INFO:ERR: OpenAI rate limit. On attempt 1/5 after waiting 30s.
2026-05-09 20:11:18,238 INFO:[TASK 115/500 QUERY 3/4]: re2_test_115_if_the_word_starts_with_consonant_vowel_replace_that_with_n_s
2026-05-09 20:11:18,238 INFO:Tasks solved so far: 66/116
2026-05-09 20:11:19,457 INFO:[TASK 116/500 QUERY 0/4]: re2_test_116_if_the_word_starts_with_consonant_replace_that_with_w_o
2026-05-09 20:11:19,457 INFO:Tasks solved so far: 67/117
2026-05-09 20:11:20,830 INFO:[TASK 117/500 QUERY 0/4]: re2_test_117_if_the_word_starts_with_vowel_any_letter_replace_that_with_u
2026-05-09 20:11:20,830 INFO:Tasks solved so far: 67/118
2026-05-09 20:11:22,165 INFO:[TASK 117/500 QUERY 1/4]: re2_test_117_if_the_word_starts_with_vowel_any_letter_replace_that_with_u
2026-05-09 20:11:22,165 INFO:Tasks solved so far: 67/118
2026-05-09 20:11:23,563 INFO:[TASK 117/500 QUERY 2/4]: re2_test_117_if_the_word_starts_with_vowel_any_letter_replace_that_with_u
2026-05-09 20:11:23,563 INFO:Tasks solved so far: 67/118
2026-05-09 20:11:24,557 INFO:[TASK 117/500 QUERY 3/4]: re2_test_117_if_the_word_starts_with_vowel_any_letter_replace_that_with_u
2026-05-09 20:11:24,557 INFO:Tasks solved so far: 67/118
2026-05-09 20:11:25,545 INFO:[TASK 118/500 QUERY 0/4]: re2_test_118_if_the_word_starts_with_any_letter_consonant_replace_that_with_n_y
2026-05-09 20:11:25,545 INFO:Tasks solved so far: 67/119
2026-05-09 20:11:26,510 INFO:[TASK 118/500 QUERY 1/4]: re2_test_118_if_the_word_starts_with_any_letter_consonant_replace_that_with_n_y
2026-05-09 20:11:26,510 INFO:Tasks solved so far: 67/119
2026-05-09 20:11:27,355 INFO:[TASK 118/500 QUERY 2/4]: re2_test_118_if_the_word_starts_with_any_letter_consonant_replace_that_with_n_y
2026-05-09 20:11:27,355 INFO:Tasks solved so far: 67/119
2026-05-09 20:11:28,179 INFO:[TASK 118/500 QUERY 3/4]: re2_test_118_if_the_word_starts_with_any_letter_consonant_replace_that_with_n_y
2026-05-09 20:11:28,179 INFO:Tasks solved so far: 67/119
2026-05-09 20:11:29,569 INFO:[TASK 119/500 QUERY 0/4]: re2_test_119_if_the_word_starts_with_consonant_replace_that_with_f_i
2026-05-09 20:11:29,569 INFO:Tasks solved so far: 68/120
2026-05-09 20:11:30,626 INFO:[TASK 120/500 QUERY 0/4]: re2_test_120_if_there_is_any_letter_vowel_add_l_before_that
2026-05-09 20:11:30,626 INFO:Tasks solved so far: 68/121
2026-05-09 20:11:31,511 INFO:[TASK 120/500 QUERY 1/4]: re2_test_120_if_there_is_any_letter_vowel_add_l_before_that
2026-05-09 20:11:31,511 INFO:Tasks solved so far: 68/121
2026-05-09 20:11:32,913 INFO:[TASK 120/500 QUERY 2/4]: re2_test_120_if_there_is_any_letter_vowel_add_l_before_that
2026-05-09 20:11:32,913 INFO:Tasks solved so far: 68/121
2026-05-09 20:11:33,861 INFO:[TASK 120/500 QUERY 3/4]: re2_test_120_if_there_is_any_letter_vowel_add_l_before_that
2026-05-09 20:11:33,861 INFO:Tasks solved so far: 68/121
2026-05-09 20:11:35,056 INFO:[TASK 121/500 QUERY 0/4]: re2_test_121_if_the_word_starts_with_any_letter_replace_that_with_w_n
2026-05-09 20:11:35,056 INFO:Tasks solved so far: 69/122
2026-05-09 20:11:36,225 INFO:[TASK 122/500 QUERY 0/4]: re2_test_122_if_there_is_any_letter_replace_that_with_h_j
2026-05-09 20:11:36,225 INFO:Tasks solved so far: 70/123
2026-05-09 20:11:37,569 INFO:[TASK 123/500 QUERY 0/4]: re2_test_123_if_the_word_ends_with_consonant_replace_that_with_g_x
2026-05-09 20:11:37,569 INFO:Tasks solved so far: 71/124
2026-05-09 20:11:38,427 INFO:[TASK 124/500 QUERY 0/4]: re2_test_124_if_the_word_ends_with_any_letter_replace_that_with_m
2026-05-09 20:11:38,428 INFO:Tasks solved so far: 71/125
2026-05-09 20:11:39,066 INFO:[TASK 124/500 QUERY 1/4]: re2_test_124_if_the_word_ends_with_any_letter_replace_that_with_m
2026-05-09 20:11:39,066 INFO:Tasks solved so far: 72/125
2026-05-09 20:11:40,420 INFO:[TASK 125/500 QUERY 0/4]: re2_test_125_if_there_is_n_consonant_add_y_after_that
2026-05-09 20:11:40,420 INFO:Tasks solved so far: 72/126
2026-05-09 20:11:41,633 INFO:[TASK 125/500 QUERY 1/4]: re2_test_125_if_there_is_n_consonant_add_y_after_that
2026-05-09 20:11:41,633 INFO:Tasks solved so far: 72/126
2026-05-09 20:11:42,662 INFO:[TASK 125/500 QUERY 2/4]: re2_test_125_if_there_is_n_consonant_add_y_after_that
2026-05-09 20:11:42,662 INFO:Tasks solved so far: 72/126
2026-05-09 20:11:43,910 INFO:[TASK 125/500 QUERY 3/4]: re2_test_125_if_there_is_n_consonant_add_y_after_that
2026-05-09 20:11:43,910 INFO:Tasks solved so far: 72/126
2026-05-09 20:11:44,938 INFO:[TASK 126/500 QUERY 0/4]: re2_test_126_if_there_is_any_letter_add_w_after_that
2026-05-09 20:11:44,938 INFO:Tasks solved so far: 73/127
2026-05-09 20:11:45,677 INFO:[TASK 127/500 QUERY 0/4]: re2_test_127_if_the_word_starts_with_any_letter_replace_that_with_m_d
2026-05-09 20:11:45,677 INFO:Tasks solved so far: 74/128
2026-05-09 20:11:47,218 INFO:[TASK 128/500 QUERY 0/4]: re2_test_128_if_the_word_ends_with_vowel_any_letter_replace_that_with_v_f
2026-05-09 20:11:47,218 INFO:Tasks solved so far: 74/129
2026-05-09 20:11:48,147 INFO:[TASK 128/500 QUERY 1/4]: re2_test_128_if_the_word_ends_with_vowel_any_letter_replace_that_with_v_f
2026-05-09 20:11:48,148 INFO:Tasks solved so far: 74/129
2026-05-09 20:11:49,604 INFO:[TASK 128/500 QUERY 2/4]: re2_test_128_if_the_word_ends_with_vowel_any_letter_replace_that_with_v_f
2026-05-09 20:11:49,604 INFO:Tasks solved so far: 74/129
2026-05-09 20:11:49,912 INFO:error_code=rate_limit_exceeded error_message='Rate limit reached for gpt-3.5-turbo-instruct in organization org-RcBdlQU9qh37R7FbksDxiLKA on tokens per min (TPM): Limit 90000, Used 87965, Requested 3095. Please try again in 706ms. Visit https://platform.openai.com/account/rate-limits to learn more.' error_param=None error_type=tokens message='OpenAI API error received' stream_error=False
2026-05-09 20:11:49,913 INFO:Rate limit reached for gpt-3.5-turbo-instruct in organization org-RcBdlQU9qh37R7FbksDxiLKA on tokens per min (TPM): Limit 90000, Used 87965, Requested 3095. Please try again in 706ms. Visit https://platform.openai.com/account/rate-limits to learn more.
2026-05-09 20:11:49,913 INFO:ERR: OpenAI rate limit. On attempt 1/5 after waiting 30s.
2026-05-09 20:12:20,666 INFO:[TASK 128/500 QUERY 3/4]: re2_test_128_if_the_word_ends_with_vowel_any_letter_replace_that_with_v_f
2026-05-09 20:12:20,666 INFO:Tasks solved so far: 74/129
2026-05-09 20:12:22,194 INFO:[TASK 129/500 QUERY 0/4]: re2_test_129_if_there_is_vowel_s_replace_that_with_l
2026-05-09 20:12:22,194 INFO:Tasks solved so far: 74/130
2026-05-09 20:12:22,995 INFO:[TASK 129/500 QUERY 1/4]: re2_test_129_if_there_is_vowel_s_replace_that_with_l
2026-05-09 20:12:22,995 INFO:Tasks solved so far: 74/130
2026-05-09 20:12:23,983 INFO:[TASK 129/500 QUERY 2/4]: re2_test_129_if_there_is_vowel_s_replace_that_with_l
2026-05-09 20:12:23,983 INFO:Tasks solved so far: 74/130
2026-05-09 20:12:25,132 INFO:[TASK 129/500 QUERY 3/4]: re2_test_129_if_there_is_vowel_s_replace_that_with_l
2026-05-09 20:12:25,132 INFO:Tasks solved so far: 74/130
2026-05-09 20:12:26,186 INFO:[TASK 130/500 QUERY 0/4]: re2_test_130_if_there_is_any_letter_vowel_add_f_after_that
2026-05-09 20:12:26,186 INFO:Tasks solved so far: 74/131
2026-05-09 20:12:27,469 INFO:[TASK 130/500 QUERY 1/4]: re2_test_130_if_there_is_any_letter_vowel_add_f_after_that
2026-05-09 20:12:27,469 INFO:Tasks solved so far: 74/131
2026-05-09 20:12:28,274 INFO:[TASK 130/500 QUERY 2/4]: re2_test_130_if_there_is_any_letter_vowel_add_f_after_that
2026-05-09 20:12:28,274 INFO:Tasks solved so far: 74/131
2026-05-09 20:12:29,072 INFO:[TASK 130/500 QUERY 3/4]: re2_test_130_if_there_is_any_letter_vowel_add_f_after_that
2026-05-09 20:12:29,072 INFO:Tasks solved so far: 74/131
2026-05-09 20:12:30,071 INFO:[TASK 131/500 QUERY 0/4]: re2_test_131_if_the_word_ends_with_vowel_any_letter_replace_that_with_g_t
2026-05-09 20:12:30,072 INFO:Tasks solved so far: 74/132
2026-05-09 20:12:31,900 INFO:[TASK 131/500 QUERY 1/4]: re2_test_131_if_the_word_ends_with_vowel_any_letter_replace_that_with_g_t
2026-05-09 20:12:31,900 INFO:Tasks solved so far: 74/132
2026-05-09 20:12:32,723 INFO:[TASK 131/500 QUERY 2/4]: re2_test_131_if_the_word_ends_with_vowel_any_letter_replace_that_with_g_t
2026-05-09 20:12:32,723 INFO:Tasks solved so far: 74/132
2026-05-09 20:12:34,356 INFO:[TASK 131/500 QUERY 3/4]: re2_test_131_if_the_word_ends_with_vowel_any_letter_replace_that_with_g_t
2026-05-09 20:12:34,356 INFO:Tasks solved so far: 74/132
2026-05-09 20:12:35,728 INFO:[TASK 132/500 QUERY 0/4]: re2_test_132_if_the_word_starts_with_any_letter_replace_that_with_b_b
2026-05-09 20:12:35,728 INFO:Tasks solved so far: 75/133
2026-05-09 20:12:36,642 INFO:[TASK 133/500 QUERY 0/4]: re2_test_133_if_there_is_u_replace_that_with_m_v
2026-05-09 20:12:36,642 INFO:Tasks solved so far: 76/134
2026-05-09 20:12:38,001 INFO:[TASK 134/500 QUERY 0/4]: re2_test_134_if_there_is_vowel_any_letter_add_s_before_that
2026-05-09 20:12:38,001 INFO:Tasks solved so far: 76/135
2026-05-09 20:12:39,253 INFO:[TASK 134/500 QUERY 1/4]: re2_test_134_if_there_is_vowel_any_letter_add_s_before_that
2026-05-09 20:12:39,253 INFO:Tasks solved so far: 76/135
2026-05-09 20:12:40,181 INFO:[TASK 134/500 QUERY 2/4]: re2_test_134_if_there_is_vowel_any_letter_add_s_before_that
2026-05-09 20:12:40,181 INFO:Tasks solved so far: 76/135
2026-05-09 20:12:41,917 INFO:[TASK 134/500 QUERY 3/4]: re2_test_134_if_there_is_vowel_any_letter_add_s_before_that
2026-05-09 20:12:41,918 INFO:Tasks solved so far: 76/135
2026-05-09 20:12:43,708 INFO:[TASK 135/500 QUERY 0/4]: re2_test_135_if_the_word_starts_with_consonant_vowel_replace_that_with_l_t
2026-05-09 20:12:43,708 INFO:Tasks solved so far: 76/136
2026-05-09 20:12:44,620 INFO:[TASK 135/500 QUERY 1/4]: re2_test_135_if_the_word_starts_with_consonant_vowel_replace_that_with_l_t
2026-05-09 20:12:44,620 INFO:Tasks solved so far: 76/136
2026-05-09 20:12:45,655 INFO:[TASK 135/500 QUERY 2/4]: re2_test_135_if_the_word_starts_with_consonant_vowel_replace_that_with_l_t
2026-05-09 20:12:45,655 INFO:Tasks solved so far: 76/136
2026-05-09 20:12:46,888 INFO:[TASK 135/500 QUERY 3/4]: re2_test_135_if_the_word_starts_with_consonant_vowel_replace_that_with_l_t
2026-05-09 20:12:46,888 INFO:Tasks solved so far: 76/136
2026-05-09 20:12:47,699 INFO:[TASK 136/500 QUERY 0/4]: re2_test_136_if_there_is_a_add_m_before_that
2026-05-09 20:12:47,699 INFO:Tasks solved so far: 77/137
2026-05-09 20:12:49,017 INFO:[TASK 137/500 QUERY 0/4]: re2_test_137_if_there_is_consonant_any_letter_add_j_after_that
2026-05-09 20:12:49,017 INFO:Tasks solved so far: 77/138
2026-05-09 20:12:49,872 INFO:[TASK 137/500 QUERY 1/4]: re2_test_137_if_there_is_consonant_any_letter_add_j_after_that
2026-05-09 20:12:49,872 INFO:Tasks solved so far: 77/138
2026-05-09 20:12:50,698 INFO:[TASK 137/500 QUERY 2/4]: re2_test_137_if_there_is_consonant_any_letter_add_j_after_that
2026-05-09 20:12:50,698 INFO:Tasks solved so far: 77/138
2026-05-09 20:12:52,121 INFO:[TASK 137/500 QUERY 3/4]: re2_test_137_if_there_is_consonant_any_letter_add_j_after_that
2026-05-09 20:12:52,121 INFO:Tasks solved so far: 77/138
2026-05-09 20:12:53,281 INFO:[TASK 138/500 QUERY 0/4]: re2_test_138_if_there_is_i_vowel_replace_that_with_d
2026-05-09 20:12:53,281 INFO:Tasks solved so far: 77/139
2026-05-09 20:12:53,600 INFO:error_code=rate_limit_exceeded error_message='Rate limit reached for gpt-3.5-turbo-instruct in organization org-RcBdlQU9qh37R7FbksDxiLKA on tokens per min (TPM): Limit 90000, Used 87020, Requested 3154. Please try again in 116ms. Visit https://platform.openai.com/account/rate-limits to learn more.' error_param=None error_type=tokens message='OpenAI API error received' stream_error=False
2026-05-09 20:12:53,600 INFO:Rate limit reached for gpt-3.5-turbo-instruct in organization org-RcBdlQU9qh37R7FbksDxiLKA on tokens per min (TPM): Limit 90000, Used 87020, Requested 3154. Please try again in 116ms. Visit https://platform.openai.com/account/rate-limits to learn more.
2026-05-09 20:12:53,600 INFO:ERR: OpenAI rate limit. On attempt 1/5 after waiting 30s.
2026-05-09 20:13:24,310 INFO:[TASK 138/500 QUERY 1/4]: re2_test_138_if_there_is_i_vowel_replace_that_with_d
2026-05-09 20:13:24,310 INFO:Tasks solved so far: 77/139
2026-05-09 20:13:25,484 INFO:[TASK 138/500 QUERY 2/4]: re2_test_138_if_there_is_i_vowel_replace_that_with_d
2026-05-09 20:13:25,484 INFO:Tasks solved so far: 77/139
2026-05-09 20:13:26,673 INFO:[TASK 138/500 QUERY 3/4]: re2_test_138_if_there_is_i_vowel_replace_that_with_d
2026-05-09 20:13:26,673 INFO:Tasks solved so far: 77/139
2026-05-09 20:13:27,776 INFO:[TASK 139/500 QUERY 0/4]: re2_test_139_if_the_word_ends_with_consonant_add_l_after_that
2026-05-09 20:13:27,776 INFO:Tasks solved so far: 78/140
2026-05-09 20:13:29,059 INFO:[TASK 140/500 QUERY 0/4]: re2_test_140_if_there_is_vowel_r_replace_that_with_s
2026-05-09 20:13:29,059 INFO:Tasks solved so far: 78/141
2026-05-09 20:13:29,998 INFO:[TASK 140/500 QUERY 1/4]: re2_test_140_if_there_is_vowel_r_replace_that_with_s
2026-05-09 20:13:29,998 INFO:Tasks solved so far: 78/141
2026-05-09 20:13:31,048 INFO:[TASK 140/500 QUERY 2/4]: re2_test_140_if_there_is_vowel_r_replace_that_with_s
2026-05-09 20:13:31,048 INFO:Tasks solved so far: 78/141
2026-05-09 20:13:32,294 INFO:[TASK 140/500 QUERY 3/4]: re2_test_140_if_there_is_vowel_r_replace_that_with_s
2026-05-09 20:13:32,294 INFO:Tasks solved so far: 78/141
2026-05-09 20:13:33,358 INFO:[TASK 141/500 QUERY 0/4]: re2_test_141_if_the_word_ends_with_vowel_any_letter_add_i_after_that
2026-05-09 20:13:33,359 INFO:Tasks solved so far: 78/142
2026-05-09 20:13:34,693 INFO:[TASK 141/500 QUERY 1/4]: re2_test_141_if_the_word_ends_with_vowel_any_letter_add_i_after_that
2026-05-09 20:13:34,693 INFO:Tasks solved so far: 78/142
2026-05-09 20:13:36,028 INFO:[TASK 141/500 QUERY 2/4]: re2_test_141_if_the_word_ends_with_vowel_any_letter_add_i_after_that
2026-05-09 20:13:36,028 INFO:Tasks solved so far: 78/142
2026-05-09 20:13:36,826 INFO:[TASK 141/500 QUERY 3/4]: re2_test_141_if_the_word_ends_with_vowel_any_letter_add_i_after_that
2026-05-09 20:13:36,826 INFO:Tasks solved so far: 78/142
2026-05-09 20:13:38,485 INFO:[TASK 142/500 QUERY 0/4]: re2_test_142_if_the_word_ends_with_consonant_consonant_replace_that_with_v
2026-05-09 20:13:38,485 INFO:Tasks solved so far: 78/143
2026-05-09 20:13:39,966 INFO:[TASK 142/500 QUERY 1/4]: re2_test_142_if_the_word_ends_with_consonant_consonant_replace_that_with_v
2026-05-09 20:13:39,966 INFO:Tasks solved so far: 78/143
2026-05-09 20:13:41,017 INFO:[TASK 142/500 QUERY 2/4]: re2_test_142_if_the_word_ends_with_consonant_consonant_replace_that_with_v
2026-05-09 20:13:41,018 INFO:Tasks solved so far: 78/143
2026-05-09 20:13:42,832 INFO:[TASK 142/500 QUERY 3/4]: re2_test_142_if_the_word_ends_with_consonant_consonant_replace_that_with_v
2026-05-09 20:13:42,832 INFO:Tasks solved so far: 78/143
2026-05-09 20:13:43,837 INFO:[TASK 143/500 QUERY 0/4]: re2_test_143_if_the_word_ends_with_consonant_consonant_replace_that_with_u
2026-05-09 20:13:43,837 INFO:Tasks solved so far: 78/144
2026-05-09 20:13:44,521 INFO:[TASK 143/500 QUERY 1/4]: re2_test_143_if_the_word_ends_with_consonant_consonant_replace_that_with_u
2026-05-09 20:13:44,521 INFO:Tasks solved so far: 78/144
2026-05-09 20:13:45,536 INFO:[TASK 143/500 QUERY 2/4]: re2_test_143_if_the_word_ends_with_consonant_consonant_replace_that_with_u
2026-05-09 20:13:45,536 INFO:Tasks solved so far: 78/144
2026-05-09 20:13:46,838 INFO:[TASK 143/500 QUERY 3/4]: re2_test_143_if_the_word_ends_with_consonant_consonant_replace_that_with_u
2026-05-09 20:13:46,838 INFO:Tasks solved so far: 78/144
2026-05-09 20:13:47,604 INFO:[TASK 144/500 QUERY 0/4]: re2_test_144_if_the_word_starts_with_any_letter_replace_that_with_e_p
2026-05-09 20:13:47,604 INFO:Tasks solved so far: 79/145
2026-05-09 20:13:48,335 INFO:[TASK 145/500 QUERY 0/4]: re2_test_145_if_there_is_m_add_r_before_that
2026-05-09 20:13:48,335 INFO:Tasks solved so far: 80/146
2026-05-09 20:13:49,230 INFO:[TASK 146/500 QUERY 0/4]: re2_test_146_if_there_is_s_consonant_add_n_after_that
2026-05-09 20:13:49,231 INFO:Tasks solved so far: 80/147
2026-05-09 20:13:49,981 INFO:[TASK 146/500 QUERY 1/4]: re2_test_146_if_there_is_s_consonant_add_n_after_that
2026-05-09 20:13:49,982 INFO:Tasks solved so far: 80/147
2026-05-09 20:13:50,786 INFO:[TASK 146/500 QUERY 2/4]: re2_test_146_if_there_is_s_consonant_add_n_after_that
2026-05-09 20:13:50,786 INFO:Tasks solved so far: 80/147
2026-05-09 20:13:52,410 INFO:[TASK 146/500 QUERY 3/4]: re2_test_146_if_there_is_s_consonant_add_n_after_that
2026-05-09 20:13:52,410 INFO:Tasks solved so far: 80/147
2026-05-09 20:13:54,159 INFO:[TASK 147/500 QUERY 0/4]: re2_test_147_if_the_word_ends_with_vowel_consonant_replace_that_with_u
2026-05-09 20:13:54,159 INFO:Tasks solved so far: 80/148
2026-05-09 20:13:55,055 INFO:[TASK 147/500 QUERY 1/4]: re2_test_147_if_the_word_ends_with_vowel_consonant_replace_that_with_u
2026-05-09 20:13:55,056 INFO:Tasks solved so far: 80/148
2026-05-09 20:13:56,159 INFO:[TASK 147/500 QUERY 2/4]: re2_test_147_if_the_word_ends_with_vowel_consonant_replace_that_with_u
2026-05-09 20:13:56,159 INFO:Tasks solved so far: 80/148
2026-05-09 20:13:56,504 INFO:error_code=rate_limit_exceeded error_message='Rate limit reached for gpt-3.5-turbo-instruct in organization org-RcBdlQU9qh37R7FbksDxiLKA on tokens per min (TPM): Limit 90000, Used 87595, Requested 3162. Please try again in 504ms. Visit https://platform.openai.com/account/rate-limits to learn more.' error_param=None error_type=tokens message='OpenAI API error received' stream_error=False
2026-05-09 20:13:56,504 INFO:Rate limit reached for gpt-3.5-turbo-instruct in organization org-RcBdlQU9qh37R7FbksDxiLKA on tokens per min (TPM): Limit 90000, Used 87595, Requested 3162. Please try again in 504ms. Visit https://platform.openai.com/account/rate-limits to learn more.
2026-05-09 20:13:56,504 INFO:ERR: OpenAI rate limit. On attempt 1/5 after waiting 30s.
2026-05-09 20:14:27,115 INFO:[TASK 147/500 QUERY 3/4]: re2_test_147_if_the_word_ends_with_vowel_consonant_replace_that_with_u
2026-05-09 20:14:27,115 INFO:Tasks solved so far: 80/148
2026-05-09 20:14:28,146 INFO:[TASK 148/500 QUERY 0/4]: re2_test_148_if_there_is_consonant_vowel_replace_that_with_y_d
2026-05-09 20:14:28,147 INFO:Tasks solved so far: 80/149
2026-05-09 20:14:29,680 INFO:[TASK 148/500 QUERY 1/4]: re2_test_148_if_there_is_consonant_vowel_replace_that_with_y_d
2026-05-09 20:14:29,680 INFO:Tasks solved so far: 80/149
2026-05-09 20:14:31,181 INFO:[TASK 148/500 QUERY 2/4]: re2_test_148_if_there_is_consonant_vowel_replace_that_with_y_d
2026-05-09 20:14:31,181 INFO:Tasks solved so far: 80/149
2026-05-09 20:14:32,521 INFO:[TASK 148/500 QUERY 3/4]: re2_test_148_if_there_is_consonant_vowel_replace_that_with_y_d
2026-05-09 20:14:32,521 INFO:Tasks solved so far: 80/149
2026-05-09 20:14:33,589 INFO:[TASK 149/500 QUERY 0/4]: re2_test_149_if_there_is_any_letter_add_x_before_that
2026-05-09 20:14:33,589 INFO:Tasks solved so far: 81/150
2026-05-09 20:14:34,922 INFO:[TASK 150/500 QUERY 0/4]: re2_test_150_if_the_word_ends_with_any_letter_any_letter_add_d_before_that
2026-05-09 20:14:34,922 INFO:Tasks solved so far: 81/151
2026-05-09 20:14:35,801 INFO:[TASK 150/500 QUERY 1/4]: re2_test_150_if_the_word_ends_with_any_letter_any_letter_add_d_before_that
2026-05-09 20:14:35,802 INFO:Tasks solved so far: 81/151
2026-05-09 20:14:36,608 INFO:[TASK 150/500 QUERY 2/4]: re2_test_150_if_the_word_ends_with_any_letter_any_letter_add_d_before_that
2026-05-09 20:14:36,609 INFO:Tasks solved so far: 81/151
2026-05-09 20:14:38,199 INFO:[TASK 150/500 QUERY 3/4]: re2_test_150_if_the_word_ends_with_any_letter_any_letter_add_d_before_that
2026-05-09 20:14:38,199 INFO:Tasks solved so far: 81/151
2026-05-09 20:14:39,245 INFO:[TASK 151/500 QUERY 0/4]: re2_test_151_if_there_is_d_vowel_remove_that
2026-05-09 20:14:39,245 INFO:Tasks solved so far: 81/152
2026-05-09 20:14:39,976 INFO:[TASK 151/500 QUERY 1/4]: re2_test_151_if_there_is_d_vowel_remove_that
2026-05-09 20:14:39,976 INFO:Tasks solved so far: 81/152
2026-05-09 20:14:41,403 INFO:[TASK 151/500 QUERY 2/4]: re2_test_151_if_there_is_d_vowel_remove_that
2026-05-09 20:14:41,403 INFO:Tasks solved so far: 81/152
2026-05-09 20:14:42,526 INFO:[TASK 151/500 QUERY 3/4]: re2_test_151_if_there_is_d_vowel_remove_that
2026-05-09 20:14:42,526 INFO:Tasks solved so far: 81/152
2026-05-09 20:14:43,429 INFO:[TASK 152/500 QUERY 0/4]: re2_test_152_if_there_is_consonant_replace_that_with_l_a
2026-05-09 20:14:43,429 INFO:Tasks solved so far: 82/153
2026-05-09 20:14:44,252 INFO:[TASK 153/500 QUERY 0/4]: re2_test_153_if_there_is_o_any_letter_replace_that_with_t_f
2026-05-09 20:14:44,252 INFO:Tasks solved so far: 82/154
2026-05-09 20:14:45,653 INFO:[TASK 153/500 QUERY 1/4]: re2_test_153_if_there_is_o_any_letter_replace_that_with_t_f
2026-05-09 20:14:45,653 INFO:Tasks solved so far: 82/154
2026-05-09 20:14:46,575 INFO:[TASK 153/500 QUERY 2/4]: re2_test_153_if_there_is_o_any_letter_replace_that_with_t_f
2026-05-09 20:14:46,575 INFO:Tasks solved so far: 82/154
2026-05-09 20:14:47,345 INFO:[TASK 153/500 QUERY 3/4]: re2_test_153_if_there_is_o_any_letter_replace_that_with_t_f
2026-05-09 20:14:47,345 INFO:Tasks solved so far: 82/154
2026-05-09 20:14:48,142 INFO:[TASK 154/500 QUERY 0/4]: re2_test_154_if_there_is_e_replace_that_with_h
2026-05-09 20:14:48,142 INFO:Tasks solved so far: 83/155
2026-05-09 20:14:49,898 INFO:[TASK 155/500 QUERY 0/4]: re2_test_155_if_there_is_vowel_replace_that_with_f_c
2026-05-09 20:14:49,898 INFO:Tasks solved so far: 84/156
2026-05-09 20:14:51,272 INFO:[TASK 156/500 QUERY 0/4]: re2_test_156_if_there_is_i_any_letter_replace_that_with_c
2026-05-09 20:14:51,273 INFO:Tasks solved so far: 84/157
2026-05-09 20:14:52,900 INFO:[TASK 156/500 QUERY 1/4]: re2_test_156_if_there_is_i_any_letter_replace_that_with_c
2026-05-09 20:14:52,900 INFO:Tasks solved so far: 84/157
2026-05-09 20:14:53,941 INFO:[TASK 156/500 QUERY 2/4]: re2_test_156_if_there_is_i_any_letter_replace_that_with_c
2026-05-09 20:14:53,941 INFO:Tasks solved so far: 84/157
2026-05-09 20:14:54,633 INFO:[TASK 156/500 QUERY 3/4]: re2_test_156_if_there_is_i_any_letter_replace_that_with_c
2026-05-09 20:14:54,634 INFO:Tasks solved so far: 84/157
2026-05-09 20:14:55,337 INFO:[TASK 157/500 QUERY 0/4]: re2_test_157_if_there_is_h_replace_that_with_t
2026-05-09 20:14:55,337 INFO:Tasks solved so far: 85/158
2026-05-09 20:14:56,029 INFO:[TASK 158/500 QUERY 0/4]: re2_test_158_if_the_word_ends_with_d_replace_that_with_o
2026-05-09 20:14:56,029 INFO:Tasks solved so far: 86/159
2026-05-09 20:14:57,026 INFO:[TASK 159/500 QUERY 0/4]: re2_test_159_if_the_word_ends_with_consonant_any_letter_add_c_before_that
2026-05-09 20:14:57,026 INFO:Tasks solved so far: 86/160
2026-05-09 20:14:57,369 INFO:error_code=rate_limit_exceeded error_message='Rate limit reached for gpt-3.5-turbo-instruct in organization org-RcBdlQU9qh37R7FbksDxiLKA on tokens per min (TPM): Limit 90000, Used 87677, Requested 3144. Please try again in 547ms. Visit https://platform.openai.com/account/rate-limits to learn more.' error_param=None error_type=tokens message='OpenAI API error received' stream_error=False
2026-05-09 20:14:57,369 INFO:Rate limit reached for gpt-3.5-turbo-instruct in organization org-RcBdlQU9qh37R7FbksDxiLKA on tokens per min (TPM): Limit 90000, Used 87677, Requested 3144. Please try again in 547ms. Visit https://platform.openai.com/account/rate-limits to learn more.
2026-05-09 20:14:57,369 INFO:ERR: OpenAI rate limit. On attempt 1/5 after waiting 30s.
2026-05-09 20:15:28,616 INFO:[TASK 159/500 QUERY 1/4]: re2_test_159_if_the_word_ends_with_consonant_any_letter_add_c_before_that
2026-05-09 20:15:28,616 INFO:Tasks solved so far: 86/160
2026-05-09 20:15:29,375 INFO:[TASK 159/500 QUERY 2/4]: re2_test_159_if_the_word_ends_with_consonant_any_letter_add_c_before_that
2026-05-09 20:15:29,375 INFO:Tasks solved so far: 86/160
2026-05-09 20:15:30,045 INFO:[TASK 159/500 QUERY 3/4]: re2_test_159_if_the_word_ends_with_consonant_any_letter_add_c_before_that
2026-05-09 20:15:30,045 INFO:Tasks solved so far: 86/160
2026-05-09 20:15:31,593 INFO:[TASK 160/500 QUERY 0/4]: re2_test_160_if_the_word_starts_with_consonant_any_letter_add_h_after_that
2026-05-09 20:15:31,593 INFO:Tasks solved so far: 86/161
2026-05-09 20:15:32,469 INFO:[TASK 160/500 QUERY 1/4]: re2_test_160_if_the_word_starts_with_consonant_any_letter_add_h_after_that
2026-05-09 20:15:32,469 INFO:Tasks solved so far: 86/161
2026-05-09 20:15:33,519 INFO:[TASK 160/500 QUERY 2/4]: re2_test_160_if_the_word_starts_with_consonant_any_letter_add_h_after_that
2026-05-09 20:15:33,519 INFO:Tasks solved so far: 86/161
2026-05-09 20:15:34,992 INFO:[TASK 160/500 QUERY 3/4]: re2_test_160_if_the_word_starts_with_consonant_any_letter_add_h_after_that
2026-05-09 20:15:34,992 INFO:Tasks solved so far: 86/161
2026-05-09 20:15:35,997 INFO:[TASK 161/500 QUERY 0/4]: re2_test_161_if_the_word_starts_with_consonant_add_d_before_that
2026-05-09 20:15:35,997 INFO:Tasks solved so far: 87/162
2026-05-09 20:15:37,268 INFO:[TASK 162/500 QUERY 0/4]: re2_test_162_if_the_word_ends_with_consonant_replace_that_with_y_x
2026-05-09 20:15:37,268 INFO:Tasks solved so far: 87/163
2026-05-09 20:15:37,957 INFO:[TASK 162/500 QUERY 1/4]: re2_test_162_if_the_word_ends_with_consonant_replace_that_with_y_x
2026-05-09 20:15:37,957 INFO:Tasks solved so far: 87/163
2026-05-09 20:15:38,561 INFO:[TASK 162/500 QUERY 2/4]: re2_test_162_if_the_word_ends_with_consonant_replace_that_with_y_x
2026-05-09 20:15:38,561 INFO:Tasks solved so far: 87/163
2026-05-09 20:15:39,461 INFO:[TASK 162/500 QUERY 3/4]: re2_test_162_if_the_word_ends_with_consonant_replace_that_with_y_x
2026-05-09 20:15:39,461 INFO:Tasks solved so far: 87/163
2026-05-09 20:15:40,443 INFO:[TASK 163/500 QUERY 0/4]: re2_test_163_if_the_word_starts_with_consonant_replace_that_with_f_l
2026-05-09 20:15:40,443 INFO:Tasks solved so far: 88/164
2026-05-09 20:15:41,718 INFO:[TASK 164/500 QUERY 0/4]: re2_test_164_if_the_word_starts_with_any_letter_vowel_add_h_before_that
2026-05-09 20:15:41,718 INFO:Tasks solved so far: 88/165
2026-05-09 20:15:42,949 INFO:[TASK 164/500 QUERY 1/4]: re2_test_164_if_the_word_starts_with_any_letter_vowel_add_h_before_that
2026-05-09 20:15:42,949 INFO:Tasks solved so far: 88/165
2026-05-09 20:15:43,822 INFO:[TASK 164/500 QUERY 2/4]: re2_test_164_if_the_word_starts_with_any_letter_vowel_add_h_before_that
2026-05-09 20:15:43,822 INFO:Tasks solved so far: 88/165
2026-05-09 20:15:45,413 INFO:[TASK 164/500 QUERY 3/4]: re2_test_164_if_the_word_starts_with_any_letter_vowel_add_h_before_that
2026-05-09 20:15:45,413 INFO:Tasks solved so far: 88/165
2026-05-09 20:15:46,454 INFO:[TASK 165/500 QUERY 0/4]: re2_test_165_if_the_word_starts_with_consonant_replace_that_with_r_e
2026-05-09 20:15:46,454 INFO:Tasks solved so far: 88/166
2026-05-09 20:15:47,614 INFO:[TASK 165/500 QUERY 1/4]: re2_test_165_if_the_word_starts_with_consonant_replace_that_with_r_e
2026-05-09 20:15:47,614 INFO:Tasks solved so far: 88/166
2026-05-09 20:15:48,508 INFO:[TASK 165/500 QUERY 2/4]: re2_test_165_if_the_word_starts_with_consonant_replace_that_with_r_e
2026-05-09 20:15:48,508 INFO:Tasks solved so far: 89/166
2026-05-09 20:15:50,025 INFO:[TASK 166/500 QUERY 0/4]: re2_test_166_if_the_word_starts_with_any_letter_consonant_replace_that_with_t
2026-05-09 20:15:50,025 INFO:Tasks solved so far: 89/167
2026-05-09 20:15:51,307 INFO:[TASK 166/500 QUERY 1/4]: re2_test_166_if_the_word_starts_with_any_letter_consonant_replace_that_with_t
2026-05-09 20:15:51,307 INFO:Tasks solved so far: 89/167
2026-05-09 20:15:52,158 INFO:[TASK 166/500 QUERY 2/4]: re2_test_166_if_the_word_starts_with_any_letter_consonant_replace_that_with_t
2026-05-09 20:15:52,158 INFO:Tasks solved so far: 89/167
2026-05-09 20:15:52,936 INFO:[TASK 166/500 QUERY 3/4]: re2_test_166_if_the_word_starts_with_any_letter_consonant_replace_that_with_t
2026-05-09 20:15:52,936 INFO:Tasks solved so far: 89/167
2026-05-09 20:15:54,404 INFO:[TASK 167/500 QUERY 0/4]: re2_test_167_if_there_is_consonant_add_b_before_that
2026-05-09 20:15:54,405 INFO:Tasks solved so far: 89/168
2026-05-09 20:15:55,684 INFO:[TASK 167/500 QUERY 1/4]: re2_test_167_if_there_is_consonant_add_b_before_that
2026-05-09 20:15:55,684 INFO:Tasks solved so far: 89/168
2026-05-09 20:15:57,184 INFO:[TASK 167/500 QUERY 2/4]: re2_test_167_if_there_is_consonant_add_b_before_that
2026-05-09 20:15:57,184 INFO:Tasks solved so far: 89/168
2026-05-09 20:15:58,084 INFO:[TASK 167/500 QUERY 3/4]: re2_test_167_if_there_is_consonant_add_b_before_that
2026-05-09 20:15:58,084 INFO:Tasks solved so far: 90/168
2026-05-09 20:15:59,086 INFO:[TASK 168/500 QUERY 0/4]: re2_test_168_if_the_word_starts_with_consonant_any_letter_add_a_before_that
2026-05-09 20:15:59,086 INFO:Tasks solved so far: 91/169
2026-05-09 20:15:59,515 INFO:error_code=rate_limit_exceeded error_message='Rate limit reached for gpt-3.5-turbo-instruct in organization org-RcBdlQU9qh37R7FbksDxiLKA on tokens per min (TPM): Limit 90000, Used 89619, Requested 3161. Please try again in 1.853s. Visit https://platform.openai.com/account/rate-limits to learn more.' error_param=None error_type=tokens message='OpenAI API error received' stream_error=False
2026-05-09 20:15:59,515 INFO:Rate limit reached for gpt-3.5-turbo-instruct in organization org-RcBdlQU9qh37R7FbksDxiLKA on tokens per min (TPM): Limit 90000, Used 89619, Requested 3161. Please try again in 1.853s. Visit https://platform.openai.com/account/rate-limits to learn more.
2026-05-09 20:15:59,515 INFO:ERR: OpenAI rate limit. On attempt 1/5 after waiting 30s.
2026-05-09 20:16:30,104 INFO:[TASK 169/500 QUERY 0/4]: re2_test_169_if_there_is_n_vowel_replace_that_with_m_s
2026-05-09 20:16:30,104 INFO:Tasks solved so far: 91/170
2026-05-09 20:16:31,527 INFO:[TASK 169/500 QUERY 1/4]: re2_test_169_if_there_is_n_vowel_replace_that_with_m_s
2026-05-09 20:16:31,527 INFO:Tasks solved so far: 91/170
2026-05-09 20:16:32,737 INFO:[TASK 169/500 QUERY 2/4]: re2_test_169_if_there_is_n_vowel_replace_that_with_m_s
2026-05-09 20:16:32,737 INFO:Tasks solved so far: 91/170
2026-05-09 20:16:33,618 INFO:[TASK 169/500 QUERY 3/4]: re2_test_169_if_there_is_n_vowel_replace_that_with_m_s
2026-05-09 20:16:33,618 INFO:Tasks solved so far: 91/170
2026-05-09 20:16:34,855 INFO:[TASK 170/500 QUERY 0/4]: re2_test_170_if_the_word_starts_with_any_letter_replace_that_with_h_f
2026-05-09 20:16:34,855 INFO:Tasks solved so far: 92/171
2026-05-09 20:16:35,792 INFO:[TASK 171/500 QUERY 0/4]: re2_test_171_if_the_word_starts_with_consonant_replace_that_with_e_j
2026-05-09 20:16:35,792 INFO:Tasks solved so far: 92/172
2026-05-09 20:16:36,510 INFO:[TASK 171/500 QUERY 1/4]: re2_test_171_if_the_word_starts_with_consonant_replace_that_with_e_j
2026-05-09 20:16:36,510 INFO:Tasks solved so far: 92/172
2026-05-09 20:16:38,378 INFO:[TASK 171/500 QUERY 2/4]: re2_test_171_if_the_word_starts_with_consonant_replace_that_with_e_j
2026-05-09 20:16:38,378 INFO:Tasks solved so far: 93/172
2026-05-09 20:16:39,912 INFO:[TASK 172/500 QUERY 0/4]: re2_test_172_if_the_word_starts_with_consonant_any_letter_replace_that_with_l
2026-05-09 20:16:39,913 INFO:Tasks solved so far: 93/173
2026-05-09 20:16:41,252 INFO:[TASK 172/500 QUERY 1/4]: re2_test_172_if_the_word_starts_with_consonant_any_letter_replace_that_with_l
2026-05-09 20:16:41,252 INFO:Tasks solved so far: 93/173
2026-05-09 20:16:42,531 INFO:[TASK 172/500 QUERY 2/4]: re2_test_172_if_the_word_starts_with_consonant_any_letter_replace_that_with_l
2026-05-09 20:16:42,531 INFO:Tasks solved so far: 93/173
2026-05-09 20:16:43,420 INFO:[TASK 172/500 QUERY 3/4]: re2_test_172_if_the_word_starts_with_consonant_any_letter_replace_that_with_l
2026-05-09 20:16:43,420 INFO:Tasks solved so far: 93/173
2026-05-09 20:16:44,511 INFO:[TASK 173/500 QUERY 0/4]: re2_test_173_if_the_word_starts_with_consonant_replace_that_with_j_n
2026-05-09 20:16:44,511 INFO:Tasks solved so far: 93/174
2026-05-09 20:16:45,236 INFO:[TASK 173/500 QUERY 1/4]: re2_test_173_if_the_word_starts_with_consonant_replace_that_with_j_n
2026-05-09 20:16:45,236 INFO:Tasks solved so far: 93/174
2026-05-09 20:16:46,033 INFO:[TASK 173/500 QUERY 2/4]: re2_test_173_if_the_word_starts_with_consonant_replace_that_with_j_n
2026-05-09 20:16:46,033 INFO:Tasks solved so far: 94/174
2026-05-09 20:16:47,392 INFO:[TASK 174/500 QUERY 0/4]: re2_test_174_if_there_is_vowel_vowel_replace_that_with_m_l
2026-05-09 20:16:47,392 INFO:Tasks solved so far: 94/175
2026-05-09 20:16:48,306 INFO:[TASK 174/500 QUERY 1/4]: re2_test_174_if_there_is_vowel_vowel_replace_that_with_m_l
2026-05-09 20:16:48,306 INFO:Tasks solved so far: 94/175
2026-05-09 20:16:49,913 INFO:[TASK 174/500 QUERY 2/4]: re2_test_174_if_there_is_vowel_vowel_replace_that_with_m_l
2026-05-09 20:16:49,913 INFO:Tasks solved so far: 94/175
2026-05-09 20:16:51,449 INFO:[TASK 174/500 QUERY 3/4]: re2_test_174_if_there_is_vowel_vowel_replace_that_with_m_l
2026-05-09 20:16:51,449 INFO:Tasks solved so far: 94/175
2026-05-09 20:16:53,020 INFO:[TASK 175/500 QUERY 0/4]: re2_test_175_if_there_is_vowel_replace_that_with_a_q
2026-05-09 20:16:53,020 INFO:Tasks solved so far: 95/176
2026-05-09 20:16:54,186 INFO:[TASK 176/500 QUERY 0/4]: re2_test_176_if_the_word_ends_with_any_letter_add_m_before_that
2026-05-09 20:16:54,186 INFO:Tasks solved so far: 95/177
2026-05-09 20:16:54,848 INFO:[TASK 176/500 QUERY 1/4]: re2_test_176_if_the_word_ends_with_any_letter_add_m_before_that
2026-05-09 20:16:54,848 INFO:Tasks solved so far: 95/177
2026-05-09 20:16:55,474 INFO:[TASK 176/500 QUERY 2/4]: re2_test_176_if_the_word_ends_with_any_letter_add_m_before_that
2026-05-09 20:16:55,474 INFO:Tasks solved so far: 95/177
2026-05-09 20:16:56,349 INFO:[TASK 176/500 QUERY 3/4]: re2_test_176_if_the_word_ends_with_any_letter_add_m_before_that
2026-05-09 20:16:56,349 INFO:Tasks solved so far: 95/177
2026-05-09 20:16:58,232 INFO:[TASK 177/500 QUERY 0/4]: re2_test_177_if_the_word_starts_with_any_letter_a_replace_that_with_x_b
2026-05-09 20:16:58,232 INFO:Tasks solved so far: 95/178
2026-05-09 20:17:00,447 INFO:[TASK 177/500 QUERY 1/4]: re2_test_177_if_the_word_starts_with_any_letter_a_replace_that_with_x_b
2026-05-09 20:17:00,447 INFO:Tasks solved so far: 95/178
2026-05-09 20:17:01,119 INFO:[TASK 177/500 QUERY 2/4]: re2_test_177_if_the_word_starts_with_any_letter_a_replace_that_with_x_b
2026-05-09 20:17:01,119 INFO:Tasks solved so far: 95/178
2026-05-09 20:17:01,940 INFO:[TASK 177/500 QUERY 3/4]: re2_test_177_if_the_word_starts_with_any_letter_a_replace_that_with_x_b
2026-05-09 20:17:01,941 INFO:Tasks solved so far: 95/178
2026-05-09 20:17:02,700 INFO:[TASK 178/500 QUERY 0/4]: re2_test_178_if_the_word_ends_with_any_letter_replace_that_with_p_q
2026-05-09 20:17:02,700 INFO:Tasks solved so far: 96/179
2026-05-09 20:17:03,121 INFO:error_code=rate_limit_exceeded error_message='Rate limit reached for gpt-3.5-turbo-instruct in organization org-RcBdlQU9qh37R7FbksDxiLKA on tokens per min (TPM): Limit 90000, Used 89160, Requested 3154. Please try again in 1.542s. Visit https://platform.openai.com/account/rate-limits to learn more.' error_param=None error_type=tokens message='OpenAI API error received' stream_error=False
2026-05-09 20:17:03,122 INFO:Rate limit reached for gpt-3.5-turbo-instruct in organization org-RcBdlQU9qh37R7FbksDxiLKA on tokens per min (TPM): Limit 90000, Used 89160, Requested 3154. Please try again in 1.542s. Visit https://platform.openai.com/account/rate-limits to learn more.
2026-05-09 20:17:03,122 INFO:ERR: OpenAI rate limit. On attempt 1/5 after waiting 30s.
2026-05-09 20:17:33,760 INFO:[TASK 179/500 QUERY 0/4]: re2_test_179_if_the_word_starts_with_vowel_replace_that_with_o_s
2026-05-09 20:17:33,760 INFO:Tasks solved so far: 97/180
2026-05-09 20:17:34,543 INFO:[TASK 180/500 QUERY 0/4]: re2_test_180_if_there_is_e_replace_that_with_r_u
2026-05-09 20:17:34,543 INFO:Tasks solved so far: 98/181
2026-05-09 20:17:35,981 INFO:[TASK 181/500 QUERY 0/4]: re2_test_181_if_there_is_m_replace_that_with_r
2026-05-09 20:17:35,982 INFO:Tasks solved so far: 99/182
2026-05-09 20:17:37,302 INFO:[TASK 182/500 QUERY 0/4]: re2_test_182_if_the_word_starts_with_consonant_consonant_add_w_after_that
2026-05-09 20:17:37,302 INFO:Tasks solved so far: 99/183
2026-05-09 20:17:38,377 INFO:[TASK 182/500 QUERY 1/4]: re2_test_182_if_the_word_starts_with_consonant_consonant_add_w_after_that
2026-05-09 20:17:38,377 INFO:Tasks solved so far: 99/183
2026-05-09 20:17:39,371 INFO:[TASK 182/500 QUERY 2/4]: re2_test_182_if_the_word_starts_with_consonant_consonant_add_w_after_that
2026-05-09 20:17:39,371 INFO:Tasks solved so far: 99/183
2026-05-09 20:17:40,501 INFO:[TASK 182/500 QUERY 3/4]: re2_test_182_if_the_word_starts_with_consonant_consonant_add_w_after_that
2026-05-09 20:17:40,501 INFO:Tasks solved so far: 99/183
2026-05-09 20:17:41,447 INFO:[TASK 183/500 QUERY 0/4]: re2_test_183_if_the_word_starts_with_vowel_consonant_add_g_after_that
2026-05-09 20:17:41,447 INFO:Tasks solved so far: 99/184
2026-05-09 20:17:42,566 INFO:[TASK 183/500 QUERY 1/4]: re2_test_183_if_the_word_starts_with_vowel_consonant_add_g_after_that
2026-05-09 20:17:42,566 INFO:Tasks solved so far: 99/184
2026-05-09 20:17:44,516 INFO:[TASK 183/500 QUERY 2/4]: re2_test_183_if_the_word_starts_with_vowel_consonant_add_g_after_that
2026-05-09 20:17:44,516 INFO:Tasks solved so far: 99/184
2026-05-09 20:17:45,495 INFO:[TASK 183/500 QUERY 3/4]: re2_test_183_if_the_word_starts_with_vowel_consonant_add_g_after_that
2026-05-09 20:17:45,495 INFO:Tasks solved so far: 99/184
2026-05-09 20:17:46,484 INFO:[TASK 184/500 QUERY 0/4]: re2_test_184_if_there_is_consonant_t_add_s_before_that
2026-05-09 20:17:46,484 INFO:Tasks solved so far: 99/185
2026-05-09 20:17:47,281 INFO:[TASK 184/500 QUERY 1/4]: re2_test_184_if_there_is_consonant_t_add_s_before_that
2026-05-09 20:17:47,281 INFO:Tasks solved so far: 99/185
2026-05-09 20:17:48,088 INFO:[TASK 184/500 QUERY 2/4]: re2_test_184_if_there_is_consonant_t_add_s_before_that
2026-05-09 20:17:48,088 INFO:Tasks solved so far: 99/185
2026-05-09 20:17:49,049 INFO:[TASK 184/500 QUERY 3/4]: re2_test_184_if_there_is_consonant_t_add_s_before_that
2026-05-09 20:17:49,049 INFO:Tasks solved so far: 99/185
2026-05-09 20:17:50,064 INFO:[TASK 185/500 QUERY 0/4]: re2_test_185_if_the_word_ends_with_consonant_replace_that_with_t_c
2026-05-09 20:17:50,064 INFO:Tasks solved so far: 100/186
2026-05-09 20:17:50,882 INFO:[TASK 186/500 QUERY 0/4]: re2_test_186_if_there_is_vowel_replace_that_with_m_x
2026-05-09 20:17:50,882 INFO:Tasks solved so far: 100/187
2026-05-09 20:17:51,594 INFO:[TASK 186/500 QUERY 1/4]: re2_test_186_if_there_is_vowel_replace_that_with_m_x
2026-05-09 20:17:51,594 INFO:Tasks solved so far: 101/187
2026-05-09 20:17:52,838 INFO:[TASK 187/500 QUERY 0/4]: re2_test_187_if_there_is_r_add_v_after_that
2026-05-09 20:17:52,839 INFO:Tasks solved so far: 101/188
2026-05-09 20:17:53,933 INFO:[TASK 187/500 QUERY 1/4]: re2_test_187_if_there_is_r_add_v_after_that
2026-05-09 20:17:53,933 INFO:Tasks solved so far: 102/188
2026-05-09 20:17:54,858 INFO:[TASK 188/500 QUERY 0/4]: re2_test_188_if_there_is_any_letter_vowel_replace_that_with_q
2026-05-09 20:17:54,858 INFO:Tasks solved so far: 102/189
2026-05-09 20:17:56,326 INFO:[TASK 188/500 QUERY 1/4]: re2_test_188_if_there_is_any_letter_vowel_replace_that_with_q
2026-05-09 20:17:56,326 INFO:Tasks solved so far: 102/189
2026-05-09 20:17:57,085 INFO:[TASK 188/500 QUERY 2/4]: re2_test_188_if_there_is_any_letter_vowel_replace_that_with_q
2026-05-09 20:17:57,085 INFO:Tasks solved so far: 102/189
2026-05-09 20:17:57,969 INFO:[TASK 188/500 QUERY 3/4]: re2_test_188_if_there_is_any_letter_vowel_replace_that_with_q
2026-05-09 20:17:57,969 INFO:Tasks solved so far: 102/189
2026-05-09 20:17:58,804 INFO:[TASK 189/500 QUERY 0/4]: re2_test_189_if_there_is_i_replace_that_with_w_d
2026-05-09 20:17:58,805 INFO:Tasks solved so far: 103/190
2026-05-09 20:17:59,772 INFO:[TASK 190/500 QUERY 0/4]: re2_test_190_if_the_word_starts_with_consonant_any_letter_replace_that_with_h_t
2026-05-09 20:17:59,772 INFO:Tasks solved so far: 103/191
2026-05-09 20:18:00,065 INFO:error_code=rate_limit_exceeded error_message='Rate limit reached for gpt-3.5-turbo-instruct in organization org-RcBdlQU9qh37R7FbksDxiLKA on tokens per min (TPM): Limit 90000, Used 88819, Requested 3190. Please try again in 1.339s. Visit https://platform.openai.com/account/rate-limits to learn more.' error_param=None error_type=tokens message='OpenAI API error received' stream_error=False
2026-05-09 20:18:00,065 INFO:Rate limit reached for gpt-3.5-turbo-instruct in organization org-RcBdlQU9qh37R7FbksDxiLKA on tokens per min (TPM): Limit 90000, Used 88819, Requested 3190. Please try again in 1.339s. Visit https://platform.openai.com/account/rate-limits to learn more.
2026-05-09 20:18:00,066 INFO:ERR: OpenAI rate limit. On attempt 1/5 after waiting 30s.
2026-05-09 20:18:30,754 INFO:[TASK 190/500 QUERY 1/4]: re2_test_190_if_the_word_starts_with_consonant_any_letter_replace_that_with_h_t
2026-05-09 20:18:30,754 INFO:Tasks solved so far: 104/191
2026-05-09 20:18:31,639 INFO:[TASK 191/500 QUERY 0/4]: re2_test_191_if_there_is_n_replace_that_with_c_q
2026-05-09 20:18:31,639 INFO:Tasks solved so far: 105/192
2026-05-09 20:18:32,460 INFO:[TASK 192/500 QUERY 0/4]: re2_test_192_if_there_is_any_letter_add_u_before_that
2026-05-09 20:18:32,461 INFO:Tasks solved so far: 106/193
2026-05-09 20:18:33,456 INFO:[TASK 193/500 QUERY 0/4]: re2_test_193_if_there_is_i_consonant_replace_that_with_j_v
2026-05-09 20:18:33,456 INFO:Tasks solved so far: 106/194
2026-05-09 20:18:34,154 INFO:[TASK 193/500 QUERY 1/4]: re2_test_193_if_there_is_i_consonant_replace_that_with_j_v
2026-05-09 20:18:34,154 INFO:Tasks solved so far: 106/194
2026-05-09 20:18:35,549 INFO:[TASK 193/500 QUERY 2/4]: re2_test_193_if_there_is_i_consonant_replace_that_with_j_v
2026-05-09 20:18:35,549 INFO:Tasks solved so far: 106/194
2026-05-09 20:18:36,349 INFO:[TASK 193/500 QUERY 3/4]: re2_test_193_if_there_is_i_consonant_replace_that_with_j_v
2026-05-09 20:18:36,349 INFO:Tasks solved so far: 106/194
2026-05-09 20:18:37,373 INFO:[TASK 194/500 QUERY 0/4]: re2_test_194_if_there_is_consonant_e_add_y_before_that
2026-05-09 20:18:37,373 INFO:Tasks solved so far: 106/195
2026-05-09 20:18:38,173 INFO:[TASK 194/500 QUERY 1/4]: re2_test_194_if_there_is_consonant_e_add_y_before_that
2026-05-09 20:18:38,173 INFO:Tasks solved so far: 106/195
2026-05-09 20:18:39,297 INFO:[TASK 194/500 QUERY 2/4]: re2_test_194_if_there_is_consonant_e_add_y_before_that
2026-05-09 20:18:39,297 INFO:Tasks solved so far: 106/195
2026-05-09 20:18:40,218 INFO:[TASK 194/500 QUERY 3/4]: re2_test_194_if_there_is_consonant_e_add_y_before_that
2026-05-09 20:18:40,218 INFO:Tasks solved so far: 106/195
2026-05-09 20:18:41,215 INFO:[TASK 195/500 QUERY 0/4]: re2_test_195_if_there_is_t_add_r_after_that
2026-05-09 20:18:41,215 INFO:Tasks solved so far: 107/196
2026-05-09 20:18:42,110 INFO:[TASK 196/500 QUERY 0/4]: re2_test_196_if_the_word_ends_with_vowel_any_letter_add_t_after_that
2026-05-09 20:18:42,110 INFO:Tasks solved so far: 107/197
2026-05-09 20:18:42,986 INFO:[TASK 196/500 QUERY 1/4]: re2_test_196_if_the_word_ends_with_vowel_any_letter_add_t_after_that
2026-05-09 20:18:42,987 INFO:Tasks solved so far: 107/197
2026-05-09 20:18:43,967 INFO:[TASK 196/500 QUERY 2/4]: re2_test_196_if_the_word_ends_with_vowel_any_letter_add_t_after_that
2026-05-09 20:18:43,967 INFO:Tasks solved so far: 107/197
2026-05-09 20:18:45,236 INFO:[TASK 196/500 QUERY 3/4]: re2_test_196_if_the_word_ends_with_vowel_any_letter_add_t_after_that
2026-05-09 20:18:45,236 INFO:Tasks solved so far: 107/197
2026-05-09 20:18:46,580 INFO:[TASK 197/500 QUERY 0/4]: re2_test_197_if_there_is_vowel_r_add_j_before_that
2026-05-09 20:18:46,580 INFO:Tasks solved so far: 107/198
2026-05-09 20:18:47,330 INFO:[TASK 197/500 QUERY 1/4]: re2_test_197_if_there_is_vowel_r_add_j_before_that
2026-05-09 20:18:47,330 INFO:Tasks solved so far: 107/198
2026-05-09 20:18:48,490 INFO:[TASK 197/500 QUERY 2/4]: re2_test_197_if_there_is_vowel_r_add_j_before_that
2026-05-09 20:18:48,491 INFO:Tasks solved so far: 107/198
2026-05-09 20:18:49,941 INFO:[TASK 197/500 QUERY 3/4]: re2_test_197_if_there_is_vowel_r_add_j_before_that
2026-05-09 20:18:49,941 INFO:Tasks solved so far: 107/198
2026-05-09 20:18:51,230 INFO:[TASK 198/500 QUERY 0/4]: re2_test_198_if_there_is_l_vowel_replace_that_with_x_n
2026-05-09 20:18:51,230 INFO:Tasks solved so far: 107/199
2026-05-09 20:18:52,050 INFO:[TASK 198/500 QUERY 1/4]: re2_test_198_if_there_is_l_vowel_replace_that_with_x_n
2026-05-09 20:18:52,050 INFO:Tasks solved so far: 107/199
2026-05-09 20:18:52,877 INFO:[TASK 198/500 QUERY 2/4]: re2_test_198_if_there_is_l_vowel_replace_that_with_x_n
2026-05-09 20:18:52,877 INFO:Tasks solved so far: 107/199
2026-05-09 20:18:53,635 INFO:[TASK 198/500 QUERY 3/4]: re2_test_198_if_there_is_l_vowel_replace_that_with_x_n
2026-05-09 20:18:53,635 INFO:Tasks solved so far: 107/199
2026-05-09 20:18:54,769 INFO:[TASK 199/500 QUERY 0/4]: re2_test_199_if_the_word_starts_with_vowel_replace_that_with_c_x
2026-05-09 20:18:54,769 INFO:Tasks solved so far: 108/200
2026-05-09 20:18:55,224 INFO:error_code=rate_limit_exceeded error_message='Rate limit reached for gpt-3.5-turbo-instruct in organization org-RcBdlQU9qh37R7FbksDxiLKA on tokens per min (TPM): Limit 90000, Used 88231, Requested 3154. Please try again in 923ms. Visit https://platform.openai.com/account/rate-limits to learn more.' error_param=None error_type=tokens message='OpenAI API error received' stream_error=False
2026-05-09 20:18:55,225 INFO:Rate limit reached for gpt-3.5-turbo-instruct in organization org-RcBdlQU9qh37R7FbksDxiLKA on tokens per min (TPM): Limit 90000, Used 88231, Requested 3154. Please try again in 923ms. Visit https://platform.openai.com/account/rate-limits to learn more.
2026-05-09 20:18:55,225 INFO:ERR: OpenAI rate limit. On attempt 1/5 after waiting 30s.
2026-05-09 20:19:25,983 INFO:[TASK 200/500 QUERY 0/4]: re2_test_200_if_the_word_ends_with_consonant_add_w_after_that
2026-05-09 20:19:25,983 INFO:Tasks solved so far: 109/201
2026-05-09 20:19:27,336 INFO:[TASK 201/500 QUERY 0/4]: re2_test_201_if_there_is_i_replace_that_with_s_p
2026-05-09 20:19:27,336 INFO:Tasks solved so far: 110/202
2026-05-09 20:19:28,351 INFO:[TASK 202/500 QUERY 0/4]: re2_test_202_if_the_word_ends_with_any_letter_consonant_add_t_before_that
2026-05-09 20:19:28,351 INFO:Tasks solved so far: 110/203
2026-05-09 20:19:29,338 INFO:[TASK 202/500 QUERY 1/4]: re2_test_202_if_the_word_ends_with_any_letter_consonant_add_t_before_that
2026-05-09 20:19:29,338 INFO:Tasks solved so far: 110/203
2026-05-09 20:19:30,782 INFO:[TASK 202/500 QUERY 2/4]: re2_test_202_if_the_word_ends_with_any_letter_consonant_add_t_before_that
2026-05-09 20:19:30,782 INFO:Tasks solved so far: 110/203
2026-05-09 20:19:31,737 INFO:[TASK 202/500 QUERY 3/4]: re2_test_202_if_the_word_ends_with_any_letter_consonant_add_t_before_that
2026-05-09 20:19:31,737 INFO:Tasks solved so far: 110/203
2026-05-09 20:19:32,746 INFO:[TASK 203/500 QUERY 0/4]: re2_test_203_if_there_is_vowel_replace_that_with_g
2026-05-09 20:19:32,746 INFO:Tasks solved so far: 111/204
2026-05-09 20:19:33,832 INFO:[TASK 204/500 QUERY 0/4]: re2_test_204_if_the_word_ends_with_any_letter_replace_that_with_r_r
2026-05-09 20:19:33,832 INFO:Tasks solved so far: 112/205
2026-05-09 20:19:34,936 INFO:[TASK 205/500 QUERY 0/4]: re2_test_205_if_the_word_starts_with_vowel_consonant_replace_that_with_y_v
2026-05-09 20:19:34,936 INFO:Tasks solved so far: 112/206
2026-05-09 20:19:36,815 INFO:[TASK 205/500 QUERY 1/4]: re2_test_205_if_the_word_starts_with_vowel_consonant_replace_that_with_y_v
2026-05-09 20:19:36,815 INFO:Tasks solved so far: 112/206
2026-05-09 20:19:37,868 INFO:[TASK 205/500 QUERY 2/4]: re2_test_205_if_the_word_starts_with_vowel_consonant_replace_that_with_y_v
2026-05-09 20:19:37,868 INFO:Tasks solved so far: 112/206
2026-05-09 20:19:39,140 INFO:[TASK 205/500 QUERY 3/4]: re2_test_205_if_the_word_starts_with_vowel_consonant_replace_that_with_y_v
2026-05-09 20:19:39,140 INFO:Tasks solved so far: 112/206
2026-05-09 20:19:40,832 INFO:[TASK 206/500 QUERY 0/4]: re2_test_206_if_there_is_consonant_vowel_replace_that_with_o_q
2026-05-09 20:19:40,832 INFO:Tasks solved so far: 112/207
2026-05-09 20:19:41,674 INFO:[TASK 206/500 QUERY 1/4]: re2_test_206_if_there_is_consonant_vowel_replace_that_with_o_q
2026-05-09 20:19:41,674 INFO:Tasks solved so far: 112/207
2026-05-09 20:19:42,746 INFO:[TASK 206/500 QUERY 2/4]: re2_test_206_if_there_is_consonant_vowel_replace_that_with_o_q
2026-05-09 20:19:42,746 INFO:Tasks solved so far: 112/207
2026-05-09 20:19:44,146 INFO:[TASK 206/500 QUERY 3/4]: re2_test_206_if_there_is_consonant_vowel_replace_that_with_o_q
2026-05-09 20:19:44,146 INFO:Tasks solved so far: 112/207
2026-05-09 20:19:45,074 INFO:[TASK 207/500 QUERY 0/4]: re2_test_207_if_there_is_p_replace_that_with_x_c
2026-05-09 20:19:45,074 INFO:Tasks solved so far: 113/208
2026-05-09 20:19:45,876 INFO:[TASK 208/500 QUERY 0/4]: re2_test_208_if_there_is_a_replace_that_with_h
2026-05-09 20:19:45,876 INFO:Tasks solved so far: 114/209
2026-05-09 20:19:46,759 INFO:[TASK 209/500 QUERY 0/4]: re2_test_209_if_there_is_i_any_letter_replace_that_with_q_c
2026-05-09 20:19:46,759 INFO:Tasks solved so far: 114/210
2026-05-09 20:19:47,525 INFO:[TASK 209/500 QUERY 1/4]: re2_test_209_if_there_is_i_any_letter_replace_that_with_q_c
2026-05-09 20:19:47,525 INFO:Tasks solved so far: 114/210
2026-05-09 20:19:48,334 INFO:[TASK 209/500 QUERY 2/4]: re2_test_209_if_there_is_i_any_letter_replace_that_with_q_c
2026-05-09 20:19:48,334 INFO:Tasks solved so far: 114/210
2026-05-09 20:19:49,186 INFO:[TASK 209/500 QUERY 3/4]: re2_test_209_if_there_is_i_any_letter_replace_that_with_q_c
2026-05-09 20:19:49,186 INFO:Tasks solved so far: 114/210
2026-05-09 20:19:50,165 INFO:[TASK 210/500 QUERY 0/4]: re2_test_210_if_the_word_starts_with_any_letter_o_replace_that_with_t_b
2026-05-09 20:19:50,165 INFO:Tasks solved so far: 114/211
2026-05-09 20:19:51,749 INFO:[TASK 210/500 QUERY 1/4]: re2_test_210_if_the_word_starts_with_any_letter_o_replace_that_with_t_b
2026-05-09 20:19:51,749 INFO:Tasks solved so far: 114/211
2026-05-09 20:19:52,702 INFO:[TASK 210/500 QUERY 2/4]: re2_test_210_if_the_word_starts_with_any_letter_o_replace_that_with_t_b
2026-05-09 20:19:52,702 INFO:Tasks solved so far: 114/211
2026-05-09 20:19:53,510 INFO:[TASK 210/500 QUERY 3/4]: re2_test_210_if_the_word_starts_with_any_letter_o_replace_that_with_t_b
2026-05-09 20:19:53,510 INFO:Tasks solved so far: 114/211
2026-05-09 20:19:54,511 INFO:[TASK 211/500 QUERY 0/4]: re2_test_211_if_there_is_c_replace_that_with_k
2026-05-09 20:19:54,511 INFO:Tasks solved so far: 115/212
2026-05-09 20:19:56,123 INFO:[TASK 212/500 QUERY 0/4]: re2_test_212_if_there_is_vowel_n_replace_that_with_s_i
2026-05-09 20:19:56,123 INFO:Tasks solved so far: 115/213
2026-05-09 20:19:56,452 INFO:error_code=rate_limit_exceeded error_message='Rate limit reached for gpt-3.5-turbo-instruct in organization org-RcBdlQU9qh37R7FbksDxiLKA on tokens per min (TPM): Limit 90000, Used 87763, Requested 3171. Please try again in 622ms. Visit https://platform.openai.com/account/rate-limits to learn more.' error_param=None error_type=tokens message='OpenAI API error received' stream_error=False
2026-05-09 20:19:56,452 INFO:Rate limit reached for gpt-3.5-turbo-instruct in organization org-RcBdlQU9qh37R7FbksDxiLKA on tokens per min (TPM): Limit 90000, Used 87763, Requested 3171. Please try again in 622ms. Visit https://platform.openai.com/account/rate-limits to learn more.
2026-05-09 20:19:56,452 INFO:ERR: OpenAI rate limit. On attempt 1/5 after waiting 30s.
2026-05-09 20:20:27,159 INFO:[TASK 212/500 QUERY 1/4]: re2_test_212_if_there_is_vowel_n_replace_that_with_s_i
2026-05-09 20:20:27,159 INFO:Tasks solved so far: 115/213
2026-05-09 20:20:28,588 INFO:[TASK 212/500 QUERY 2/4]: re2_test_212_if_there_is_vowel_n_replace_that_with_s_i
2026-05-09 20:20:28,588 INFO:Tasks solved so far: 115/213
2026-05-09 20:20:30,178 INFO:[TASK 212/500 QUERY 3/4]: re2_test_212_if_there_is_vowel_n_replace_that_with_s_i
2026-05-09 20:20:30,178 INFO:Tasks solved so far: 115/213
2026-05-09 20:20:31,655 INFO:[TASK 213/500 QUERY 0/4]: re2_test_213_if_the_word_starts_with_any_letter_consonant_add_t_after_that
2026-05-09 20:20:31,655 INFO:Tasks solved so far: 115/214
2026-05-09 20:20:33,006 INFO:[TASK 213/500 QUERY 1/4]: re2_test_213_if_the_word_starts_with_any_letter_consonant_add_t_after_that
2026-05-09 20:20:33,006 INFO:Tasks solved so far: 115/214
2026-05-09 20:20:33,976 INFO:[TASK 213/500 QUERY 2/4]: re2_test_213_if_the_word_starts_with_any_letter_consonant_add_t_after_that
2026-05-09 20:20:33,976 INFO:Tasks solved so far: 115/214
2026-05-09 20:20:34,844 INFO:[TASK 213/500 QUERY 3/4]: re2_test_213_if_the_word_starts_with_any_letter_consonant_add_t_after_that
2026-05-09 20:20:34,844 INFO:Tasks solved so far: 115/214
2026-05-09 20:20:36,179 INFO:[TASK 214/500 QUERY 0/4]: re2_test_214_if_there_is_any_letter_l_remove_that
2026-05-09 20:20:36,179 INFO:Tasks solved so far: 115/215
2026-05-09 20:20:36,807 INFO:[TASK 214/500 QUERY 1/4]: re2_test_214_if_there_is_any_letter_l_remove_that
2026-05-09 20:20:36,807 INFO:Tasks solved so far: 115/215
2026-05-09 20:20:37,764 INFO:[TASK 214/500 QUERY 2/4]: re2_test_214_if_there_is_any_letter_l_remove_that
2026-05-09 20:20:37,765 INFO:Tasks solved so far: 115/215
2026-05-09 20:20:38,666 INFO:[TASK 214/500 QUERY 3/4]: re2_test_214_if_there_is_any_letter_l_remove_that
2026-05-09 20:20:38,666 INFO:Tasks solved so far: 115/215
2026-05-09 20:20:41,615 INFO:[TASK 215/500 QUERY 0/4]: re2_test_215_if_the_word_ends_with_any_letter_consonant_add_l_after_that
2026-05-09 20:20:41,615 INFO:Tasks solved so far: 115/216
2026-05-09 20:20:42,712 INFO:[TASK 215/500 QUERY 1/4]: re2_test_215_if_the_word_ends_with_any_letter_consonant_add_l_after_that
2026-05-09 20:20:42,713 INFO:Tasks solved so far: 115/216
2026-05-09 20:20:43,778 INFO:[TASK 215/500 QUERY 2/4]: re2_test_215_if_the_word_ends_with_any_letter_consonant_add_l_after_that
2026-05-09 20:20:43,778 INFO:Tasks solved so far: 115/216
2026-05-09 20:20:45,011 INFO:[TASK 215/500 QUERY 3/4]: re2_test_215_if_the_word_ends_with_any_letter_consonant_add_l_after_that
2026-05-09 20:20:45,011 INFO:Tasks solved so far: 115/216
2026-05-09 20:20:46,839 INFO:[TASK 216/500 QUERY 0/4]: re2_test_216_if_the_word_ends_with_consonant_any_letter_replace_that_with_t
2026-05-09 20:20:46,839 INFO:Tasks solved so far: 115/217
2026-05-09 20:20:47,941 INFO:[TASK 216/500 QUERY 1/4]: re2_test_216_if_the_word_ends_with_consonant_any_letter_replace_that_with_t
2026-05-09 20:20:47,941 INFO:Tasks solved so far: 115/217
2026-05-09 20:20:48,739 INFO:[TASK 216/500 QUERY 2/4]: re2_test_216_if_the_word_ends_with_consonant_any_letter_replace_that_with_t
2026-05-09 20:20:48,739 INFO:Tasks solved so far: 115/217
2026-05-09 20:20:49,422 INFO:[TASK 216/500 QUERY 3/4]: re2_test_216_if_the_word_ends_with_consonant_any_letter_replace_that_with_t
2026-05-09 20:20:49,422 INFO:Tasks solved so far: 115/217
2026-05-09 20:20:51,404 INFO:[TASK 217/500 QUERY 0/4]: re2_test_217_if_there_is_u_add_k_after_that
2026-05-09 20:20:51,404 INFO:Tasks solved so far: 115/218
2026-05-09 20:20:52,200 INFO:[TASK 217/500 QUERY 1/4]: re2_test_217_if_there_is_u_add_k_after_that
2026-05-09 20:20:52,200 INFO:Tasks solved so far: 116/218
2026-05-09 20:20:52,993 INFO:[TASK 218/500 QUERY 0/4]: re2_test_218_if_the_word_ends_with_any_letter_replace_that_with_m_r
2026-05-09 20:20:52,993 INFO:Tasks solved so far: 117/219
2026-05-09 20:20:53,988 INFO:[TASK 219/500 QUERY 0/4]: re2_test_219_if_the_word_starts_with_consonant_add_h_before_that
2026-05-09 20:20:53,988 INFO:Tasks solved so far: 117/220
2026-05-09 20:20:54,824 INFO:[TASK 219/500 QUERY 1/4]: re2_test_219_if_the_word_starts_with_consonant_add_h_before_that
2026-05-09 20:20:54,824 INFO:Tasks solved so far: 117/220
2026-05-09 20:20:55,793 INFO:[TASK 219/500 QUERY 2/4]: re2_test_219_if_the_word_starts_with_consonant_add_h_before_that
2026-05-09 20:20:55,793 INFO:Tasks solved so far: 118/220
2026-05-09 20:20:56,688 INFO:[TASK 220/500 QUERY 0/4]: re2_test_220_if_there_is_any_letter_vowel_add_x_after_that
2026-05-09 20:20:56,688 INFO:Tasks solved so far: 118/221
2026-05-09 20:20:58,396 INFO:[TASK 220/500 QUERY 1/4]: re2_test_220_if_there_is_any_letter_vowel_add_x_after_that
2026-05-09 20:20:58,396 INFO:Tasks solved so far: 118/221
2026-05-09 20:20:59,671 INFO:[TASK 220/500 QUERY 2/4]: re2_test_220_if_there_is_any_letter_vowel_add_x_after_that
2026-05-09 20:20:59,671 INFO:Tasks solved so far: 118/221
2026-05-09 20:21:00,918 INFO:[TASK 220/500 QUERY 3/4]: re2_test_220_if_there_is_any_letter_vowel_add_x_after_that
2026-05-09 20:21:00,919 INFO:Tasks solved so far: 118/221
2026-05-09 20:21:01,858 INFO:[TASK 221/500 QUERY 0/4]: re2_test_221_if_the_word_starts_with_vowel_replace_that_with_v_o
2026-05-09 20:21:01,858 INFO:Tasks solved so far: 118/222
2026-05-09 20:21:03,012 INFO:[TASK 221/500 QUERY 1/4]: re2_test_221_if_the_word_starts_with_vowel_replace_that_with_v_o
2026-05-09 20:21:03,013 INFO:Tasks solved so far: 118/222
2026-05-09 20:21:03,315 INFO:error_code=rate_limit_exceeded error_message='Rate limit reached for gpt-3.5-turbo-instruct in organization org-RcBdlQU9qh37R7FbksDxiLKA on tokens per min (TPM): Limit 90000, Used 88860, Requested 3137. Please try again in 1.331s. Visit https://platform.openai.com/account/rate-limits to learn more.' error_param=None error_type=tokens message='OpenAI API error received' stream_error=False
2026-05-09 20:21:03,315 INFO:Rate limit reached for gpt-3.5-turbo-instruct in organization org-RcBdlQU9qh37R7FbksDxiLKA on tokens per min (TPM): Limit 90000, Used 88860, Requested 3137. Please try again in 1.331s. Visit https://platform.openai.com/account/rate-limits to learn more.
2026-05-09 20:21:03,315 INFO:ERR: OpenAI rate limit. On attempt 1/5 after waiting 30s.
2026-05-09 20:21:33,965 INFO:[TASK 221/500 QUERY 2/4]: re2_test_221_if_the_word_starts_with_vowel_replace_that_with_v_o
2026-05-09 20:21:33,965 INFO:Tasks solved so far: 119/222
2026-05-09 20:21:34,815 INFO:[TASK 222/500 QUERY 0/4]: re2_test_222_if_the_word_starts_with_consonant_replace_that_with_w_y
2026-05-09 20:21:34,815 INFO:Tasks solved so far: 120/223
2026-05-09 20:21:35,609 INFO:[TASK 223/500 QUERY 0/4]: re2_test_223_if_the_word_starts_with_any_letter_add_w_after_that
2026-05-09 20:21:35,609 INFO:Tasks solved so far: 120/224
2026-05-09 20:21:36,412 INFO:[TASK 223/500 QUERY 1/4]: re2_test_223_if_the_word_starts_with_any_letter_add_w_after_that
2026-05-09 20:21:36,412 INFO:Tasks solved so far: 121/224
2026-05-09 20:21:38,049 INFO:[TASK 224/500 QUERY 0/4]: re2_test_224_if_the_word_starts_with_consonant_consonant_replace_that_with_v
2026-05-09 20:21:38,049 INFO:Tasks solved so far: 121/225
2026-05-09 20:21:39,102 INFO:[TASK 224/500 QUERY 1/4]: re2_test_224_if_the_word_starts_with_consonant_consonant_replace_that_with_v
2026-05-09 20:21:39,102 INFO:Tasks solved so far: 121/225
2026-05-09 20:21:40,120 INFO:[TASK 224/500 QUERY 2/4]: re2_test_224_if_the_word_starts_with_consonant_consonant_replace_that_with_v
2026-05-09 20:21:40,121 INFO:Tasks solved so far: 121/225
2026-05-09 20:21:41,148 INFO:[TASK 224/500 QUERY 3/4]: re2_test_224_if_the_word_starts_with_consonant_consonant_replace_that_with_v
2026-05-09 20:21:41,148 INFO:Tasks solved so far: 121/225
2026-05-09 20:21:42,457 INFO:[TASK 225/500 QUERY 0/4]: re2_test_225_if_there_is_consonant_any_letter_replace_that_with_k
2026-05-09 20:21:42,457 INFO:Tasks solved so far: 121/226
2026-05-09 20:21:43,285 INFO:[TASK 225/500 QUERY 1/4]: re2_test_225_if_there_is_consonant_any_letter_replace_that_with_k
2026-05-09 20:21:43,285 INFO:Tasks solved so far: 121/226
2026-05-09 20:21:44,166 INFO:[TASK 225/500 QUERY 2/4]: re2_test_225_if_there_is_consonant_any_letter_replace_that_with_k
2026-05-09 20:21:44,166 INFO:Tasks solved so far: 121/226
2026-05-09 20:21:44,997 INFO:[TASK 225/500 QUERY 3/4]: re2_test_225_if_there_is_consonant_any_letter_replace_that_with_k
2026-05-09 20:21:44,997 INFO:Tasks solved so far: 121/226
2026-05-09 20:21:46,305 INFO:[TASK 226/500 QUERY 0/4]: re2_test_226_if_there_is_t_any_letter_add_j_after_that
2026-05-09 20:21:46,305 INFO:Tasks solved so far: 121/227
2026-05-09 20:21:47,680 INFO:[TASK 226/500 QUERY 1/4]: re2_test_226_if_there_is_t_any_letter_add_j_after_that
2026-05-09 20:21:47,681 INFO:Tasks solved so far: 121/227
2026-05-09 20:21:49,235 INFO:[TASK 226/500 QUERY 2/4]: re2_test_226_if_there_is_t_any_letter_add_j_after_that
2026-05-09 20:21:49,235 INFO:Tasks solved so far: 121/227
2026-05-09 20:21:49,919 INFO:[TASK 226/500 QUERY 3/4]: re2_test_226_if_there_is_t_any_letter_add_j_after_that
2026-05-09 20:21:49,919 INFO:Tasks solved so far: 121/227
2026-05-09 20:21:50,911 INFO:[TASK 227/500 QUERY 0/4]: re2_test_227_if_there_is_vowel_t_remove_that
2026-05-09 20:21:50,911 INFO:Tasks solved so far: 121/228
2026-05-09 20:21:52,092 INFO:[TASK 227/500 QUERY 1/4]: re2_test_227_if_there_is_vowel_t_remove_that
2026-05-09 20:21:52,092 INFO:Tasks solved so far: 121/228
2026-05-09 20:21:53,762 INFO:[TASK 227/500 QUERY 2/4]: re2_test_227_if_there_is_vowel_t_remove_that
2026-05-09 20:21:53,762 INFO:Tasks solved so far: 121/228
2026-05-09 20:21:54,551 INFO:[TASK 227/500 QUERY 3/4]: re2_test_227_if_there_is_vowel_t_remove_that
2026-05-09 20:21:54,551 INFO:Tasks solved so far: 121/228
2026-05-09 20:21:55,415 INFO:[TASK 228/500 QUERY 0/4]: re2_test_228_if_there_is_a_replace_that_with_g_w
2026-05-09 20:21:55,415 INFO:Tasks solved so far: 122/229
2026-05-09 20:21:56,357 INFO:[TASK 229/500 QUERY 0/4]: re2_test_229_if_there_is_any_letter_vowel_replace_that_with_h_d
2026-05-09 20:21:56,357 INFO:Tasks solved so far: 122/230
2026-05-09 20:21:57,095 INFO:[TASK 229/500 QUERY 1/4]: re2_test_229_if_there_is_any_letter_vowel_replace_that_with_h_d
2026-05-09 20:21:57,095 INFO:Tasks solved so far: 122/230
2026-05-09 20:21:57,842 INFO:[TASK 229/500 QUERY 2/4]: re2_test_229_if_there_is_any_letter_vowel_replace_that_with_h_d
2026-05-09 20:21:57,842 INFO:Tasks solved so far: 122/230
2026-05-09 20:21:59,016 INFO:[TASK 229/500 QUERY 3/4]: re2_test_229_if_there_is_any_letter_vowel_replace_that_with_h_d
2026-05-09 20:21:59,016 INFO:Tasks solved so far: 122/230
2026-05-09 20:21:59,988 INFO:[TASK 230/500 QUERY 0/4]: re2_test_230_if_the_word_ends_with_any_letter_add_p_before_that
2026-05-09 20:21:59,988 INFO:Tasks solved so far: 122/231
2026-05-09 20:22:00,315 INFO:error_code=rate_limit_exceeded error_message='Rate limit reached for gpt-3.5-turbo-instruct in organization org-RcBdlQU9qh37R7FbksDxiLKA on tokens per min (TPM): Limit 90000, Used 88061, Requested 3163. Please try again in 816ms. Visit https://platform.openai.com/account/rate-limits to learn more.' error_param=None error_type=tokens message='OpenAI API error received' stream_error=False
2026-05-09 20:22:00,315 INFO:Rate limit reached for gpt-3.5-turbo-instruct in organization org-RcBdlQU9qh37R7FbksDxiLKA on tokens per min (TPM): Limit 90000, Used 88061, Requested 3163. Please try again in 816ms. Visit https://platform.openai.com/account/rate-limits to learn more.
2026-05-09 20:22:00,315 INFO:ERR: OpenAI rate limit. On attempt 1/5 after waiting 30s.
2026-05-09 20:22:30,772 INFO:[TASK 230/500 QUERY 1/4]: re2_test_230_if_the_word_ends_with_any_letter_add_p_before_that
2026-05-09 20:22:30,772 INFO:Tasks solved so far: 122/231
2026-05-09 20:22:31,528 INFO:[TASK 230/500 QUERY 2/4]: re2_test_230_if_the_word_ends_with_any_letter_add_p_before_that
2026-05-09 20:22:31,528 INFO:Tasks solved so far: 122/231
2026-05-09 20:22:32,561 INFO:[TASK 230/500 QUERY 3/4]: re2_test_230_if_the_word_ends_with_any_letter_add_p_before_that
2026-05-09 20:22:32,562 INFO:Tasks solved so far: 122/231
2026-05-09 20:22:33,575 INFO:[TASK 231/500 QUERY 0/4]: re2_test_231_if_there_is_any_letter_replace_that_with_g
2026-05-09 20:22:33,575 INFO:Tasks solved so far: 123/232
2026-05-09 20:22:34,510 INFO:[TASK 232/500 QUERY 0/4]: re2_test_232_if_the_word_starts_with_any_letter_add_u_before_that
2026-05-09 20:22:34,510 INFO:Tasks solved so far: 123/233
2026-05-09 20:22:35,124 INFO:[TASK 232/500 QUERY 1/4]: re2_test_232_if_the_word_starts_with_any_letter_add_u_before_that
2026-05-09 20:22:35,124 INFO:Tasks solved so far: 124/233
2026-05-09 20:22:36,551 INFO:[TASK 233/500 QUERY 0/4]: re2_test_233_if_there_is_vowel_any_letter_add_a_after_that
2026-05-09 20:22:36,552 INFO:Tasks solved so far: 124/234
2026-05-09 20:22:37,333 INFO:[TASK 233/500 QUERY 1/4]: re2_test_233_if_there_is_vowel_any_letter_add_a_after_that
2026-05-09 20:22:37,333 INFO:Tasks solved so far: 124/234
2026-05-09 20:22:38,714 INFO:[TASK 233/500 QUERY 2/4]: re2_test_233_if_there_is_vowel_any_letter_add_a_after_that
2026-05-09 20:22:38,714 INFO:Tasks solved so far: 124/234
2026-05-09 20:22:39,465 INFO:[TASK 233/500 QUERY 3/4]: re2_test_233_if_there_is_vowel_any_letter_add_a_after_that
2026-05-09 20:22:39,465 INFO:Tasks solved so far: 124/234
2026-05-09 20:22:41,133 INFO:[TASK 234/500 QUERY 0/4]: re2_test_234_if_there_is_any_letter_vowel_replace_that_with_e_x
2026-05-09 20:22:41,133 INFO:Tasks solved so far: 124/235
2026-05-09 20:22:42,362 INFO:[TASK 234/500 QUERY 1/4]: re2_test_234_if_there_is_any_letter_vowel_replace_that_with_e_x
2026-05-09 20:22:42,362 INFO:Tasks solved so far: 124/235
2026-05-09 20:22:43,074 INFO:[TASK 234/500 QUERY 2/4]: re2_test_234_if_there_is_any_letter_vowel_replace_that_with_e_x
2026-05-09 20:22:43,074 INFO:Tasks solved so far: 124/235
2026-05-09 20:22:43,862 INFO:[TASK 234/500 QUERY 3/4]: re2_test_234_if_there_is_any_letter_vowel_replace_that_with_e_x
2026-05-09 20:22:43,862 INFO:Tasks solved so far: 124/235
2026-05-09 20:22:45,422 INFO:[TASK 235/500 QUERY 0/4]: re2_test_235_if_the_word_ends_with_any_letter_consonant_add_h_before_that
2026-05-09 20:22:45,422 INFO:Tasks solved so far: 124/236
2026-05-09 20:22:46,391 INFO:[TASK 235/500 QUERY 1/4]: re2_test_235_if_the_word_ends_with_any_letter_consonant_add_h_before_that
2026-05-09 20:22:46,391 INFO:Tasks solved so far: 124/236
2026-05-09 20:22:47,434 INFO:[TASK 235/500 QUERY 2/4]: re2_test_235_if_the_word_ends_with_any_letter_consonant_add_h_before_that
2026-05-09 20:22:47,434 INFO:Tasks solved so far: 124/236
2026-05-09 20:22:48,448 INFO:[TASK 235/500 QUERY 3/4]: re2_test_235_if_the_word_ends_with_any_letter_consonant_add_h_before_that
2026-05-09 20:22:48,448 INFO:Tasks solved so far: 124/236
2026-05-09 20:22:50,162 INFO:[TASK 236/500 QUERY 0/4]: re2_test_236_if_the_word_starts_with_consonant_replace_that_with_i_k
2026-05-09 20:22:50,162 INFO:Tasks solved so far: 125/237
2026-05-09 20:22:51,442 INFO:[TASK 237/500 QUERY 0/4]: re2_test_237_if_the_word_starts_with_consonant_vowel_replace_that_with_v_d
2026-05-09 20:22:51,442 INFO:Tasks solved so far: 125/238
2026-05-09 20:22:52,374 INFO:[TASK 237/500 QUERY 1/4]: re2_test_237_if_the_word_starts_with_consonant_vowel_replace_that_with_v_d
2026-05-09 20:22:52,374 INFO:Tasks solved so far: 125/238
2026-05-09 20:22:53,617 INFO:[TASK 237/500 QUERY 2/4]: re2_test_237_if_the_word_starts_with_consonant_vowel_replace_that_with_v_d
2026-05-09 20:22:53,617 INFO:Tasks solved so far: 125/238
2026-05-09 20:22:54,433 INFO:[TASK 237/500 QUERY 3/4]: re2_test_237_if_the_word_starts_with_consonant_vowel_replace_that_with_v_d
2026-05-09 20:22:54,433 INFO:Tasks solved so far: 125/238
2026-05-09 20:22:56,307 INFO:[TASK 238/500 QUERY 0/4]: re2_test_238_if_there_is_vowel_replace_that_with_p_s
2026-05-09 20:22:56,307 INFO:Tasks solved so far: 126/239
2026-05-09 20:22:57,308 INFO:[TASK 239/500 QUERY 0/4]: re2_test_239_if_there_is_i_any_letter_replace_that_with_b_n
2026-05-09 20:22:57,308 INFO:Tasks solved so far: 126/240
2026-05-09 20:22:58,113 INFO:[TASK 239/500 QUERY 1/4]: re2_test_239_if_there_is_i_any_letter_replace_that_with_b_n
2026-05-09 20:22:58,113 INFO:Tasks solved so far: 126/240
2026-05-09 20:22:58,865 INFO:[TASK 239/500 QUERY 2/4]: re2_test_239_if_there_is_i_any_letter_replace_that_with_b_n
2026-05-09 20:22:58,865 INFO:Tasks solved so far: 126/240
2026-05-09 20:22:59,137 INFO:error_code=rate_limit_exceeded error_message='Rate limit reached for gpt-3.5-turbo-instruct in organization org-RcBdlQU9qh37R7FbksDxiLKA on tokens per min (TPM): Limit 90000, Used 88208, Requested 3033. Please try again in 827ms. Visit https://platform.openai.com/account/rate-limits to learn more.' error_param=None error_type=tokens message='OpenAI API error received' stream_error=False
2026-05-09 20:22:59,137 INFO:Rate limit reached for gpt-3.5-turbo-instruct in organization org-RcBdlQU9qh37R7FbksDxiLKA on tokens per min (TPM): Limit 90000, Used 88208, Requested 3033. Please try again in 827ms. Visit https://platform.openai.com/account/rate-limits to learn more.
2026-05-09 20:22:59,138 INFO:ERR: OpenAI rate limit. On attempt 1/5 after waiting 30s.
2026-05-09 20:23:29,627 INFO:[TASK 239/500 QUERY 3/4]: re2_test_239_if_there_is_i_any_letter_replace_that_with_b_n
2026-05-09 20:23:29,627 INFO:Tasks solved so far: 126/240
2026-05-09 20:23:31,446 INFO:[TASK 240/500 QUERY 0/4]: re2_test_240_if_there_is_vowel_any_letter_replace_that_with_m_y
2026-05-09 20:23:31,446 INFO:Tasks solved so far: 126/241
2026-05-09 20:23:32,359 INFO:[TASK 240/500 QUERY 1/4]: re2_test_240_if_there_is_vowel_any_letter_replace_that_with_m_y
2026-05-09 20:23:32,359 INFO:Tasks solved so far: 126/241
2026-05-09 20:23:33,275 INFO:[TASK 240/500 QUERY 2/4]: re2_test_240_if_there_is_vowel_any_letter_replace_that_with_m_y
2026-05-09 20:23:33,275 INFO:Tasks solved so far: 126/241
2026-05-09 20:23:34,370 INFO:[TASK 240/500 QUERY 3/4]: re2_test_240_if_there_is_vowel_any_letter_replace_that_with_m_y
2026-05-09 20:23:34,370 INFO:Tasks solved so far: 126/241
2026-05-09 20:23:35,556 INFO:[TASK 241/500 QUERY 0/4]: re2_test_241_if_there_is_any_letter_consonant_add_l_after_that
2026-05-09 20:23:35,557 INFO:Tasks solved so far: 126/242
2026-05-09 20:23:36,351 INFO:[TASK 241/500 QUERY 1/4]: re2_test_241_if_there_is_any_letter_consonant_add_l_after_that
2026-05-09 20:23:36,352 INFO:Tasks solved so far: 126/242
2026-05-09 20:23:37,147 INFO:[TASK 241/500 QUERY 2/4]: re2_test_241_if_there_is_any_letter_consonant_add_l_after_that
2026-05-09 20:23:37,147 INFO:Tasks solved so far: 126/242
2026-05-09 20:23:38,186 INFO:[TASK 241/500 QUERY 3/4]: re2_test_241_if_there_is_any_letter_consonant_add_l_after_that
2026-05-09 20:23:38,187 INFO:Tasks solved so far: 126/242
2026-05-09 20:23:39,010 INFO:[TASK 242/500 QUERY 0/4]: re2_test_242_if_there_is_a_replace_that_with_j
2026-05-09 20:23:39,010 INFO:Tasks solved so far: 127/243
2026-05-09 20:23:40,555 INFO:[TASK 243/500 QUERY 0/4]: re2_test_243_if_there_is_any_letter_any_letter_replace_that_with_h
2026-05-09 20:23:40,555 INFO:Tasks solved so far: 127/244
2026-05-09 20:23:41,271 INFO:[TASK 243/500 QUERY 1/4]: re2_test_243_if_there_is_any_letter_any_letter_replace_that_with_h
2026-05-09 20:23:41,271 INFO:Tasks solved so far: 127/244
2026-05-09 20:23:42,594 INFO:[TASK 243/500 QUERY 2/4]: re2_test_243_if_there_is_any_letter_any_letter_replace_that_with_h
2026-05-09 20:23:42,595 INFO:Tasks solved so far: 127/244
2026-05-09 20:23:43,275 INFO:[TASK 243/500 QUERY 3/4]: re2_test_243_if_there_is_any_letter_any_letter_replace_that_with_h
2026-05-09 20:23:43,275 INFO:Tasks solved so far: 127/244
2026-05-09 20:23:45,078 INFO:[TASK 244/500 QUERY 0/4]: re2_test_244_if_there_is_n_replace_that_with_c_e
2026-05-09 20:23:45,078 INFO:Tasks solved so far: 128/245
2026-05-09 20:23:46,204 INFO:[TASK 245/500 QUERY 0/4]: re2_test_245_if_there_is_l_replace_that_with_x_k
2026-05-09 20:23:46,204 INFO:Tasks solved so far: 129/246
2026-05-09 20:23:47,679 INFO:[TASK 246/500 QUERY 0/4]: re2_test_246_if_the_word_starts_with_any_letter_replace_that_with_x_h
2026-05-09 20:23:47,679 INFO:Tasks solved so far: 130/247
2026-05-09 20:23:48,915 INFO:[TASK 247/500 QUERY 0/4]: re2_test_247_if_the_word_starts_with_consonant_any_letter_add_j_after_that
2026-05-09 20:23:48,915 INFO:Tasks solved so far: 130/248
2026-05-09 20:23:50,036 INFO:[TASK 247/500 QUERY 1/4]: re2_test_247_if_the_word_starts_with_consonant_any_letter_add_j_after_that
2026-05-09 20:23:50,036 INFO:Tasks solved so far: 130/248
2026-05-09 20:23:51,461 INFO:[TASK 247/500 QUERY 2/4]: re2_test_247_if_the_word_starts_with_consonant_any_letter_add_j_after_that
2026-05-09 20:23:51,461 INFO:Tasks solved so far: 130/248
2026-05-09 20:23:52,807 INFO:[TASK 247/500 QUERY 3/4]: re2_test_247_if_the_word_starts_with_consonant_any_letter_add_j_after_that
2026-05-09 20:23:52,807 INFO:Tasks solved so far: 130/248
2026-05-09 20:23:54,553 INFO:[TASK 248/500 QUERY 0/4]: re2_test_248_if_the_word_ends_with_any_letter_consonant_add_c_before_that
2026-05-09 20:23:54,554 INFO:Tasks solved so far: 130/249
2026-05-09 20:23:55,753 INFO:[TASK 248/500 QUERY 1/4]: re2_test_248_if_the_word_ends_with_any_letter_consonant_add_c_before_that
2026-05-09 20:23:55,753 INFO:Tasks solved so far: 130/249
2026-05-09 20:23:57,082 INFO:[TASK 248/500 QUERY 2/4]: re2_test_248_if_the_word_ends_with_any_letter_consonant_add_c_before_that
2026-05-09 20:23:57,083 INFO:Tasks solved so far: 130/249
2026-05-09 20:23:58,370 INFO:[TASK 248/500 QUERY 3/4]: re2_test_248_if_the_word_ends_with_any_letter_consonant_add_c_before_that
2026-05-09 20:23:58,370 INFO:Tasks solved so far: 130/249
2026-05-09 20:23:59,585 INFO:[TASK 249/500 QUERY 0/4]: re2_test_249_if_the_word_ends_with_d_replace_that_with_s
2026-05-09 20:23:59,585 INFO:Tasks solved so far: 130/250
2026-05-09 20:24:00,767 INFO:[TASK 249/500 QUERY 1/4]: re2_test_249_if_the_word_ends_with_d_replace_that_with_s
2026-05-09 20:24:00,767 INFO:Tasks solved so far: 130/250
2026-05-09 20:24:01,596 INFO:[TASK 249/500 QUERY 2/4]: re2_test_249_if_the_word_ends_with_d_replace_that_with_s
2026-05-09 20:24:01,596 INFO:Tasks solved so far: 130/250
2026-05-09 20:24:02,647 INFO:[TASK 249/500 QUERY 3/4]: re2_test_249_if_the_word_ends_with_d_replace_that_with_s
2026-05-09 20:24:02,647 INFO:Tasks solved so far: 130/250
2026-05-09 20:24:03,128 INFO:error_code=rate_limit_exceeded error_message='Rate limit reached for gpt-3.5-turbo-instruct in organization org-RcBdlQU9qh37R7FbksDxiLKA on tokens per min (TPM): Limit 90000, Used 86927, Requested 3096. Please try again in 15ms. Visit https://platform.openai.com/account/rate-limits to learn more.' error_param=None error_type=tokens message='OpenAI API error received' stream_error=False
2026-05-09 20:24:03,128 INFO:Rate limit reached for gpt-3.5-turbo-instruct in organization org-RcBdlQU9qh37R7FbksDxiLKA on tokens per min (TPM): Limit 90000, Used 86927, Requested 3096. Please try again in 15ms. Visit https://platform.openai.com/account/rate-limits to learn more.
2026-05-09 20:24:03,128 INFO:ERR: OpenAI rate limit. On attempt 1/5 after waiting 30s.
2026-05-09 20:24:34,451 INFO:[TASK 250/500 QUERY 0/4]: re2_test_250_if_there_is_vowel_consonant_replace_that_with_s
2026-05-09 20:24:34,451 INFO:Tasks solved so far: 130/251
2026-05-09 20:24:35,603 INFO:[TASK 250/500 QUERY 1/4]: re2_test_250_if_there_is_vowel_consonant_replace_that_with_s
2026-05-09 20:24:35,603 INFO:Tasks solved so far: 130/251
2026-05-09 20:24:36,987 INFO:[TASK 250/500 QUERY 2/4]: re2_test_250_if_there_is_vowel_consonant_replace_that_with_s
2026-05-09 20:24:36,987 INFO:Tasks solved so far: 130/251
2026-05-09 20:24:38,862 INFO:[TASK 250/500 QUERY 3/4]: re2_test_250_if_there_is_vowel_consonant_replace_that_with_s
2026-05-09 20:24:38,862 INFO:Tasks solved so far: 130/251
2026-05-09 20:24:39,986 INFO:[TASK 251/500 QUERY 0/4]: re2_test_251_if_the_word_starts_with_vowel_replace_that_with_w_e
2026-05-09 20:24:39,986 INFO:Tasks solved so far: 130/252
2026-05-09 20:24:40,822 INFO:[TASK 251/500 QUERY 1/4]: re2_test_251_if_the_word_starts_with_vowel_replace_that_with_w_e
2026-05-09 20:24:40,823 INFO:Tasks solved so far: 131/252
2026-05-09 20:24:42,115 INFO:[TASK 252/500 QUERY 0/4]: re2_test_252_if_the_word_starts_with_vowel_add_a_after_that
2026-05-09 20:24:42,115 INFO:Tasks solved so far: 131/253
2026-05-09 20:24:43,240 INFO:[TASK 252/500 QUERY 1/4]: re2_test_252_if_the_word_starts_with_vowel_add_a_after_that
2026-05-09 20:24:43,241 INFO:Tasks solved so far: 132/253
2026-05-09 20:24:44,036 INFO:[TASK 253/500 QUERY 0/4]: re2_test_253_if_the_word_ends_with_d_replace_that_with_b
2026-05-09 20:24:44,036 INFO:Tasks solved so far: 133/254
2026-05-09 20:24:45,076 INFO:[TASK 254/500 QUERY 0/4]: re2_test_254_if_the_word_starts_with_vowel_replace_that_with_d
2026-05-09 20:24:45,076 INFO:Tasks solved so far: 134/255
2026-05-09 20:24:46,535 INFO:[TASK 255/500 QUERY 0/4]: re2_test_255_if_there_is_vowel_replace_that_with_a
2026-05-09 20:24:46,536 INFO:Tasks solved so far: 135/256
2026-05-09 20:24:47,663 INFO:[TASK 256/500 QUERY 0/4]: re2_test_256_if_the_word_starts_with_consonant_replace_that_with_v_y
2026-05-09 20:24:47,664 INFO:Tasks solved so far: 136/257
2026-05-09 20:24:49,153 INFO:[TASK 257/500 QUERY 0/4]: re2_test_257_if_there_is_vowel_consonant_add_a_after_that
2026-05-09 20:24:49,153 INFO:Tasks solved so far: 136/258
2026-05-09 20:24:50,238 INFO:[TASK 257/500 QUERY 1/4]: re2_test_257_if_there_is_vowel_consonant_add_a_after_that
2026-05-09 20:24:50,238 INFO:Tasks solved so far: 136/258
2026-05-09 20:24:51,240 INFO:[TASK 257/500 QUERY 2/4]: re2_test_257_if_there_is_vowel_consonant_add_a_after_that
2026-05-09 20:24:51,240 INFO:Tasks solved so far: 136/258
2026-05-09 20:24:52,838 INFO:[TASK 257/500 QUERY 3/4]: re2_test_257_if_there_is_vowel_consonant_add_a_after_that
2026-05-09 20:24:52,839 INFO:Tasks solved so far: 136/258
2026-05-09 20:24:54,489 INFO:[TASK 258/500 QUERY 0/4]: re2_test_258_if_there_is_any_letter_consonant_add_e_before_that
2026-05-09 20:24:54,489 INFO:Tasks solved so far: 136/259
2026-05-09 20:24:55,604 INFO:[TASK 258/500 QUERY 1/4]: re2_test_258_if_there_is_any_letter_consonant_add_e_before_that
2026-05-09 20:24:55,605 INFO:Tasks solved so far: 136/259
2026-05-09 20:24:56,390 INFO:[TASK 258/500 QUERY 2/4]: re2_test_258_if_there_is_any_letter_consonant_add_e_before_that
2026-05-09 20:24:56,390 INFO:Tasks solved so far: 136/259
2026-05-09 20:24:57,604 INFO:[TASK 258/500 QUERY 3/4]: re2_test_258_if_there_is_any_letter_consonant_add_e_before_that
2026-05-09 20:24:57,605 INFO:Tasks solved so far: 136/259
2026-05-09 20:24:58,953 INFO:[TASK 259/500 QUERY 0/4]: re2_test_259_if_there_is_any_letter_replace_that_with_y_p
2026-05-09 20:24:58,953 INFO:Tasks solved so far: 137/260
2026-05-09 20:25:00,414 INFO:[TASK 260/500 QUERY 0/4]: re2_test_260_if_there_is_r_remove_that
2026-05-09 20:25:00,414 INFO:Tasks solved so far: 137/261
2026-05-09 20:25:01,128 INFO:[TASK 260/500 QUERY 1/4]: re2_test_260_if_there_is_r_remove_that
2026-05-09 20:25:01,128 INFO:Tasks solved so far: 138/261
2026-05-09 20:25:02,068 INFO:[TASK 261/500 QUERY 0/4]: re2_test_261_if_the_word_ends_with_s_replace_that_with_b_r
2026-05-09 20:25:02,068 INFO:Tasks solved so far: 138/262
2026-05-09 20:25:03,992 INFO:[TASK 261/500 QUERY 1/4]: re2_test_261_if_the_word_ends_with_s_replace_that_with_b_r
2026-05-09 20:25:03,992 INFO:Tasks solved so far: 138/262
2026-05-09 20:25:05,214 INFO:[TASK 261/500 QUERY 2/4]: re2_test_261_if_the_word_ends_with_s_replace_that_with_b_r
2026-05-09 20:25:05,215 INFO:Tasks solved so far: 138/262
2026-05-09 20:25:06,764 INFO:[TASK 261/500 QUERY 3/4]: re2_test_261_if_the_word_ends_with_s_replace_that_with_b_r
2026-05-09 20:25:06,764 INFO:Tasks solved so far: 138/262
2026-05-09 20:25:07,648 INFO:[TASK 262/500 QUERY 0/4]: re2_test_262_if_there_is_d_replace_that_with_g_y
2026-05-09 20:25:07,648 INFO:Tasks solved so far: 139/263
2026-05-09 20:25:09,133 INFO:[TASK 263/500 QUERY 0/4]: re2_test_263_if_there_is_any_letter_consonant_add_h_after_that
2026-05-09 20:25:09,133 INFO:Tasks solved so far: 139/264
2026-05-09 20:25:09,951 INFO:[TASK 263/500 QUERY 1/4]: re2_test_263_if_there_is_any_letter_consonant_add_h_after_that
2026-05-09 20:25:09,951 INFO:Tasks solved so far: 139/264
2026-05-09 20:25:10,761 INFO:[TASK 263/500 QUERY 2/4]: re2_test_263_if_there_is_any_letter_consonant_add_h_after_that
2026-05-09 20:25:10,761 INFO:Tasks solved so far: 139/264
2026-05-09 20:25:11,701 INFO:[TASK 263/500 QUERY 3/4]: re2_test_263_if_there_is_any_letter_consonant_add_h_after_that
2026-05-09 20:25:11,701 INFO:Tasks solved so far: 139/264
2026-05-09 20:25:12,896 INFO:[TASK 264/500 QUERY 0/4]: re2_test_264_if_the_word_ends_with_vowel_consonant_replace_that_with_f
2026-05-09 20:25:12,896 INFO:Tasks solved so far: 139/265
2026-05-09 20:25:13,204 INFO:error_code=rate_limit_exceeded error_message='Rate limit reached for gpt-3.5-turbo-instruct in organization org-RcBdlQU9qh37R7FbksDxiLKA on tokens per min (TPM): Limit 90000, Used 89962, Requested 3167. Please try again in 2.086s. Visit https://platform.openai.com/account/rate-limits to learn more.' error_param=None error_type=tokens message='OpenAI API error received' stream_error=False
2026-05-09 20:25:13,204 INFO:Rate limit reached for gpt-3.5-turbo-instruct in organization org-RcBdlQU9qh37R7FbksDxiLKA on tokens per min (TPM): Limit 90000, Used 89962, Requested 3167. Please try again in 2.086s. Visit https://platform.openai.com/account/rate-limits to learn more.
2026-05-09 20:25:13,204 INFO:ERR: OpenAI rate limit. On attempt 1/5 after waiting 30s.
2026-05-09 20:25:44,324 INFO:[TASK 264/500 QUERY 1/4]: re2_test_264_if_the_word_ends_with_vowel_consonant_replace_that_with_f
2026-05-09 20:25:44,324 INFO:Tasks solved so far: 139/265
2026-05-09 20:25:45,376 INFO:[TASK 264/500 QUERY 2/4]: re2_test_264_if_the_word_ends_with_vowel_consonant_replace_that_with_f
2026-05-09 20:25:45,376 INFO:Tasks solved so far: 139/265
2026-05-09 20:25:46,196 INFO:[TASK 264/500 QUERY 3/4]: re2_test_264_if_the_word_ends_with_vowel_consonant_replace_that_with_f
2026-05-09 20:25:46,196 INFO:Tasks solved so far: 139/265
2026-05-09 20:25:47,618 INFO:[TASK 265/500 QUERY 0/4]: re2_test_265_if_there_is_any_letter_i_replace_that_with_m_n
2026-05-09 20:25:47,618 INFO:Tasks solved so far: 139/266
2026-05-09 20:25:49,241 INFO:[TASK 265/500 QUERY 1/4]: re2_test_265_if_there_is_any_letter_i_replace_that_with_m_n
2026-05-09 20:25:49,242 INFO:Tasks solved so far: 139/266
2026-05-09 20:25:50,474 INFO:[TASK 265/500 QUERY 2/4]: re2_test_265_if_there_is_any_letter_i_replace_that_with_m_n
2026-05-09 20:25:50,474 INFO:Tasks solved so far: 139/266
2026-05-09 20:25:51,345 INFO:[TASK 265/500 QUERY 3/4]: re2_test_265_if_there_is_any_letter_i_replace_that_with_m_n
2026-05-09 20:25:51,345 INFO:Tasks solved so far: 139/266
2026-05-09 20:25:52,357 INFO:[TASK 266/500 QUERY 0/4]: re2_test_266_if_the_word_starts_with_consonant_replace_that_with_e_o
2026-05-09 20:25:52,357 INFO:Tasks solved so far: 140/267
2026-05-09 20:25:53,782 INFO:[TASK 267/500 QUERY 0/4]: re2_test_267_if_the_word_starts_with_any_letter_vowel_replace_that_with_l
2026-05-09 20:25:53,783 INFO:Tasks solved so far: 140/268
2026-05-09 20:25:55,270 INFO:[TASK 267/500 QUERY 1/4]: re2_test_267_if_the_word_starts_with_any_letter_vowel_replace_that_with_l
2026-05-09 20:25:55,270 INFO:Tasks solved so far: 140/268
2026-05-09 20:25:56,171 INFO:[TASK 267/500 QUERY 2/4]: re2_test_267_if_the_word_starts_with_any_letter_vowel_replace_that_with_l
2026-05-09 20:25:56,171 INFO:Tasks solved so far: 140/268
2026-05-09 20:25:56,992 INFO:[TASK 267/500 QUERY 3/4]: re2_test_267_if_the_word_starts_with_any_letter_vowel_replace_that_with_l
2026-05-09 20:25:56,992 INFO:Tasks solved so far: 140/268
2026-05-09 20:25:58,017 INFO:[TASK 268/500 QUERY 0/4]: re2_test_268_if_the_word_starts_with_any_letter_consonant_replace_that_with_a
2026-05-09 20:25:58,018 INFO:Tasks solved so far: 140/269
2026-05-09 20:25:59,308 INFO:[TASK 268/500 QUERY 1/4]: re2_test_268_if_the_word_starts_with_any_letter_consonant_replace_that_with_a
2026-05-09 20:25:59,308 INFO:Tasks solved so far: 140/269
2026-05-09 20:26:01,045 INFO:[TASK 268/500 QUERY 2/4]: re2_test_268_if_the_word_starts_with_any_letter_consonant_replace_that_with_a
2026-05-09 20:26:01,046 INFO:Tasks solved so far: 140/269
2026-05-09 20:26:01,925 INFO:[TASK 268/500 QUERY 3/4]: re2_test_268_if_the_word_starts_with_any_letter_consonant_replace_that_with_a
2026-05-09 20:26:01,925 INFO:Tasks solved so far: 140/269
2026-05-09 20:26:03,383 INFO:[TASK 269/500 QUERY 0/4]: re2_test_269_if_there_is_any_letter_vowel_add_t_after_that
2026-05-09 20:26:03,383 INFO:Tasks solved so far: 140/270
2026-05-09 20:26:04,326 INFO:[TASK 269/500 QUERY 1/4]: re2_test_269_if_there_is_any_letter_vowel_add_t_after_that
2026-05-09 20:26:04,327 INFO:Tasks solved so far: 140/270
2026-05-09 20:26:05,194 INFO:[TASK 269/500 QUERY 2/4]: re2_test_269_if_there_is_any_letter_vowel_add_t_after_that
2026-05-09 20:26:05,194 INFO:Tasks solved so far: 140/270
2026-05-09 20:26:06,430 INFO:[TASK 269/500 QUERY 3/4]: re2_test_269_if_there_is_any_letter_vowel_add_t_after_that
2026-05-09 20:26:06,430 INFO:Tasks solved so far: 140/270
2026-05-09 20:26:07,302 INFO:[TASK 270/500 QUERY 0/4]: re2_test_270_if_the_word_ends_with_any_letter_replace_that_with_e
2026-05-09 20:26:07,302 INFO:Tasks solved so far: 141/271
2026-05-09 20:26:08,562 INFO:[TASK 271/500 QUERY 0/4]: re2_test_271_if_the_word_starts_with_consonant_vowel_replace_that_with_p
2026-05-09 20:26:08,562 INFO:Tasks solved so far: 141/272
2026-05-09 20:26:09,951 INFO:[TASK 271/500 QUERY 1/4]: re2_test_271_if_the_word_starts_with_consonant_vowel_replace_that_with_p
2026-05-09 20:26:09,952 INFO:Tasks solved so far: 141/272
2026-05-09 20:26:11,291 INFO:[TASK 271/500 QUERY 2/4]: re2_test_271_if_the_word_starts_with_consonant_vowel_replace_that_with_p
2026-05-09 20:26:11,291 INFO:Tasks solved so far: 141/272
2026-05-09 20:26:12,398 INFO:[TASK 271/500 QUERY 3/4]: re2_test_271_if_the_word_starts_with_consonant_vowel_replace_that_with_p
2026-05-09 20:26:12,398 INFO:Tasks solved so far: 141/272
2026-05-09 20:26:14,207 INFO:[TASK 272/500 QUERY 0/4]: re2_test_272_if_the_word_starts_with_consonant_replace_that_with_f_x
2026-05-09 20:26:14,207 INFO:Tasks solved so far: 142/273
2026-05-09 20:26:15,199 INFO:[TASK 273/500 QUERY 0/4]: re2_test_273_if_there_is_consonant_any_letter_add_x_after_that
2026-05-09 20:26:15,200 INFO:Tasks solved so far: 142/274
2026-05-09 20:26:16,017 INFO:[TASK 273/500 QUERY 1/4]: re2_test_273_if_there_is_consonant_any_letter_add_x_after_that
2026-05-09 20:26:16,017 INFO:Tasks solved so far: 142/274
2026-05-09 20:26:16,325 INFO:error_code=rate_limit_exceeded error_message='Rate limit reached for gpt-3.5-turbo-instruct in organization org-RcBdlQU9qh37R7FbksDxiLKA on tokens per min (TPM): Limit 90000, Used 87881, Requested 3075. Please try again in 637ms. Visit https://platform.openai.com/account/rate-limits to learn more.' error_param=None error_type=tokens message='OpenAI API error received' stream_error=False
2026-05-09 20:26:16,325 INFO:Rate limit reached for gpt-3.5-turbo-instruct in organization org-RcBdlQU9qh37R7FbksDxiLKA on tokens per min (TPM): Limit 90000, Used 87881, Requested 3075. Please try again in 637ms. Visit https://platform.openai.com/account/rate-limits to learn more.
2026-05-09 20:26:16,325 INFO:ERR: OpenAI rate limit. On attempt 1/5 after waiting 30s.
2026-05-09 20:26:47,122 INFO:[TASK 273/500 QUERY 2/4]: re2_test_273_if_there_is_consonant_any_letter_add_x_after_that
2026-05-09 20:26:47,122 INFO:Tasks solved so far: 142/274
2026-05-09 20:26:47,966 INFO:[TASK 273/500 QUERY 3/4]: re2_test_273_if_there_is_consonant_any_letter_add_x_after_that
2026-05-09 20:26:47,967 INFO:Tasks solved so far: 142/274
2026-05-09 20:26:49,132 INFO:[TASK 274/500 QUERY 0/4]: re2_test_274_if_the_word_starts_with_vowel_any_letter_replace_that_with_v_p
2026-05-09 20:26:49,132 INFO:Tasks solved so far: 142/275
2026-05-09 20:26:50,422 INFO:[TASK 274/500 QUERY 1/4]: re2_test_274_if_the_word_starts_with_vowel_any_letter_replace_that_with_v_p
2026-05-09 20:26:50,422 INFO:Tasks solved so far: 142/275
2026-05-09 20:26:51,367 INFO:[TASK 274/500 QUERY 2/4]: re2_test_274_if_the_word_starts_with_vowel_any_letter_replace_that_with_v_p
2026-05-09 20:26:51,367 INFO:Tasks solved so far: 142/275
2026-05-09 20:26:52,160 INFO:[TASK 274/500 QUERY 3/4]: re2_test_274_if_the_word_starts_with_vowel_any_letter_replace_that_with_v_p
2026-05-09 20:26:52,160 INFO:Tasks solved so far: 142/275
2026-05-09 20:26:53,209 INFO:[TASK 275/500 QUERY 0/4]: re2_test_275_if_the_word_ends_with_consonant_add_x_after_that
2026-05-09 20:26:53,209 INFO:Tasks solved so far: 143/276
2026-05-09 20:26:54,545 INFO:[TASK 276/500 QUERY 0/4]: re2_test_276_if_there_is_l_any_letter_add_q_before_that
2026-05-09 20:26:54,545 INFO:Tasks solved so far: 143/277
2026-05-09 20:26:55,394 INFO:[TASK 276/500 QUERY 1/4]: re2_test_276_if_there_is_l_any_letter_add_q_before_that
2026-05-09 20:26:55,394 INFO:Tasks solved so far: 143/277
2026-05-09 20:26:56,249 INFO:[TASK 276/500 QUERY 2/4]: re2_test_276_if_there_is_l_any_letter_add_q_before_that
2026-05-09 20:26:56,249 INFO:Tasks solved so far: 143/277
2026-05-09 20:26:57,177 INFO:[TASK 276/500 QUERY 3/4]: re2_test_276_if_there_is_l_any_letter_add_q_before_that
2026-05-09 20:26:57,177 INFO:Tasks solved so far: 143/277
2026-05-09 20:26:58,285 INFO:[TASK 277/500 QUERY 0/4]: re2_test_277_if_there_is_consonant_consonant_replace_that_with_i
2026-05-09 20:26:58,285 INFO:Tasks solved so far: 143/278
2026-05-09 20:26:59,658 INFO:[TASK 277/500 QUERY 1/4]: re2_test_277_if_there_is_consonant_consonant_replace_that_with_i
2026-05-09 20:26:59,658 INFO:Tasks solved so far: 143/278
2026-05-09 20:27:00,695 INFO:[TASK 277/500 QUERY 2/4]: re2_test_277_if_there_is_consonant_consonant_replace_that_with_i
2026-05-09 20:27:00,695 INFO:Tasks solved so far: 143/278
2026-05-09 20:27:01,880 INFO:[TASK 277/500 QUERY 3/4]: re2_test_277_if_there_is_consonant_consonant_replace_that_with_i
2026-05-09 20:27:01,880 INFO:Tasks solved so far: 143/278
2026-05-09 20:27:02,895 INFO:[TASK 278/500 QUERY 0/4]: re2_test_278_if_there_is_l_vowel_replace_that_with_s_f
2026-05-09 20:27:02,895 INFO:Tasks solved so far: 143/279
2026-05-09 20:27:04,297 INFO:[TASK 278/500 QUERY 1/4]: re2_test_278_if_there_is_l_vowel_replace_that_with_s_f
2026-05-09 20:27:04,298 INFO:Tasks solved so far: 143/279
2026-05-09 20:27:05,203 INFO:[TASK 278/500 QUERY 2/4]: re2_test_278_if_there_is_l_vowel_replace_that_with_s_f
2026-05-09 20:27:05,203 INFO:Tasks solved so far: 143/279
2026-05-09 20:27:06,051 INFO:[TASK 278/500 QUERY 3/4]: re2_test_278_if_there_is_l_vowel_replace_that_with_s_f
2026-05-09 20:27:06,051 INFO:Tasks solved so far: 143/279
2026-05-09 20:27:07,099 INFO:[TASK 279/500 QUERY 0/4]: re2_test_279_if_the_word_starts_with_consonant_add_q_before_that
2026-05-09 20:27:07,099 INFO:Tasks solved so far: 144/280
2026-05-09 20:27:08,464 INFO:[TASK 280/500 QUERY 0/4]: re2_test_280_if_there_is_n_any_letter_replace_that_with_d_j
2026-05-09 20:27:08,464 INFO:Tasks solved so far: 144/281
2026-05-09 20:27:09,195 INFO:Err during evaluationname 'e' is not defined
2026-05-09 20:27:09,198 INFO:[TASK 280/500 QUERY 1/4]: re2_test_280_if_there_is_n_any_letter_replace_that_with_d_j
2026-05-09 20:27:09,198 INFO:Tasks solved so far: 144/281
2026-05-09 20:27:10,429 INFO:[TASK 280/500 QUERY 2/4]: re2_test_280_if_there_is_n_any_letter_replace_that_with_d_j
2026-05-09 20:27:10,429 INFO:Tasks solved so far: 144/281
2026-05-09 20:27:11,542 INFO:[TASK 280/500 QUERY 3/4]: re2_test_280_if_there_is_n_any_letter_replace_that_with_d_j
2026-05-09 20:27:11,542 INFO:Tasks solved so far: 144/281
2026-05-09 20:27:13,112 INFO:[TASK 281/500 QUERY 0/4]: re2_test_281_if_the_word_starts_with_any_letter_replace_that_with_w_x
2026-05-09 20:27:13,112 INFO:Tasks solved so far: 145/282
2026-05-09 20:27:14,103 INFO:[TASK 282/500 QUERY 0/4]: re2_test_282_if_there_is_g_remove_that
2026-05-09 20:27:14,103 INFO:Tasks solved so far: 145/283
2026-05-09 20:27:14,794 INFO:[TASK 282/500 QUERY 1/4]: re2_test_282_if_there_is_g_remove_that
2026-05-09 20:27:14,794 INFO:Tasks solved so far: 146/283
2026-05-09 20:27:15,307 INFO:error_code=rate_limit_exceeded error_message='Rate limit reached for gpt-3.5-turbo-instruct in organization org-RcBdlQU9qh37R7FbksDxiLKA on tokens per min (TPM): Limit 90000, Used 87790, Requested 3159. Please try again in 632ms. Visit https://platform.openai.com/account/rate-limits to learn more.' error_param=None error_type=tokens message='OpenAI API error received' stream_error=False
2026-05-09 20:27:15,307 INFO:Rate limit reached for gpt-3.5-turbo-instruct in organization org-RcBdlQU9qh37R7FbksDxiLKA on tokens per min (TPM): Limit 90000, Used 87790, Requested 3159. Please try again in 632ms. Visit https://platform.openai.com/account/rate-limits to learn more.
2026-05-09 20:27:15,307 INFO:ERR: OpenAI rate limit. On attempt 1/5 after waiting 30s.
2026-05-09 20:27:46,295 INFO:[TASK 283/500 QUERY 0/4]: re2_test_283_if_there_is_b_replace_that_with_a_m
2026-05-09 20:27:46,295 INFO:Tasks solved so far: 147/284
2026-05-09 20:27:47,562 INFO:[TASK 284/500 QUERY 0/4]: re2_test_284_if_the_word_starts_with_consonant_vowel_replace_that_with_c
2026-05-09 20:27:47,562 INFO:Tasks solved so far: 147/285
2026-05-09 20:27:48,513 INFO:[TASK 284/500 QUERY 1/4]: re2_test_284_if_the_word_starts_with_consonant_vowel_replace_that_with_c
2026-05-09 20:27:48,513 INFO:Tasks solved so far: 147/285
2026-05-09 20:27:49,544 INFO:[TASK 284/500 QUERY 2/4]: re2_test_284_if_the_word_starts_with_consonant_vowel_replace_that_with_c
2026-05-09 20:27:49,544 INFO:Tasks solved so far: 147/285
2026-05-09 20:27:51,066 INFO:[TASK 284/500 QUERY 3/4]: re2_test_284_if_the_word_starts_with_consonant_vowel_replace_that_with_c
2026-05-09 20:27:51,067 INFO:Tasks solved so far: 147/285
2026-05-09 20:27:52,061 INFO:[TASK 285/500 QUERY 0/4]: re2_test_285_if_there_is_consonant_replace_that_with_f_w
2026-05-09 20:27:52,062 INFO:Tasks solved so far: 148/286
2026-05-09 20:27:53,264 INFO:[TASK 286/500 QUERY 0/4]: re2_test_286_if_there_is_s_any_letter_replace_that_with_h_y
2026-05-09 20:27:53,264 INFO:Tasks solved so far: 148/287
2026-05-09 20:27:54,447 INFO:[TASK 286/500 QUERY 1/4]: re2_test_286_if_there_is_s_any_letter_replace_that_with_h_y
2026-05-09 20:27:54,447 INFO:Tasks solved so far: 148/287
2026-05-09 20:27:55,523 INFO:[TASK 286/500 QUERY 2/4]: re2_test_286_if_there_is_s_any_letter_replace_that_with_h_y
2026-05-09 20:27:55,523 INFO:Tasks solved so far: 148/287
2026-05-09 20:27:56,327 INFO:[TASK 286/500 QUERY 3/4]: re2_test_286_if_there_is_s_any_letter_replace_that_with_h_y
2026-05-09 20:27:56,327 INFO:Tasks solved so far: 148/287
2026-05-09 20:27:57,556 INFO:[TASK 287/500 QUERY 0/4]: re2_test_287_if_the_word_ends_with_vowel_any_letter_add_q_before_that
2026-05-09 20:27:57,556 INFO:Tasks solved so far: 148/288
2026-05-09 20:27:58,481 INFO:[TASK 287/500 QUERY 1/4]: re2_test_287_if_the_word_ends_with_vowel_any_letter_add_q_before_that
2026-05-09 20:27:58,481 INFO:Tasks solved so far: 148/288
2026-05-09 20:27:59,324 INFO:[TASK 287/500 QUERY 2/4]: re2_test_287_if_the_word_ends_with_vowel_any_letter_add_q_before_that
2026-05-09 20:27:59,324 INFO:Tasks solved so far: 148/288
2026-05-09 20:28:00,121 INFO:[TASK 287/500 QUERY 3/4]: re2_test_287_if_the_word_ends_with_vowel_any_letter_add_q_before_that
2026-05-09 20:28:00,121 INFO:Tasks solved so far: 148/288
2026-05-09 20:28:01,776 INFO:[TASK 288/500 QUERY 0/4]: re2_test_288_if_there_is_any_letter_h_replace_that_with_w
2026-05-09 20:28:01,776 INFO:Tasks solved so far: 148/289
2026-05-09 20:28:02,445 INFO:[TASK 288/500 QUERY 1/4]: re2_test_288_if_there_is_any_letter_h_replace_that_with_w
2026-05-09 20:28:02,446 INFO:Tasks solved so far: 148/289
2026-05-09 20:28:03,422 INFO:[TASK 288/500 QUERY 2/4]: re2_test_288_if_there_is_any_letter_h_replace_that_with_w
2026-05-09 20:28:03,422 INFO:Tasks solved so far: 148/289
2026-05-09 20:28:04,258 INFO:[TASK 288/500 QUERY 3/4]: re2_test_288_if_there_is_any_letter_h_replace_that_with_w
2026-05-09 20:28:04,259 INFO:Tasks solved so far: 148/289
2026-05-09 20:28:05,534 INFO:[TASK 289/500 QUERY 0/4]: re2_test_289_if_there_is_consonant_any_letter_add_e_after_that
2026-05-09 20:28:05,534 INFO:Tasks solved so far: 148/290
2026-05-09 20:28:07,348 INFO:[TASK 289/500 QUERY 1/4]: re2_test_289_if_there_is_consonant_any_letter_add_e_after_that
2026-05-09 20:28:07,348 INFO:Tasks solved so far: 148/290
2026-05-09 20:28:08,754 INFO:[TASK 289/500 QUERY 2/4]: re2_test_289_if_there_is_consonant_any_letter_add_e_after_that
2026-05-09 20:28:08,754 INFO:Tasks solved so far: 148/290
2026-05-09 20:28:09,984 INFO:[TASK 289/500 QUERY 3/4]: re2_test_289_if_there_is_consonant_any_letter_add_e_after_that
2026-05-09 20:28:09,984 INFO:Tasks solved so far: 148/290
2026-05-09 20:28:11,070 INFO:[TASK 290/500 QUERY 0/4]: re2_test_290_if_the_word_ends_with_any_letter_any_letter_add_x_after_that
2026-05-09 20:28:11,071 INFO:Tasks solved so far: 149/291
2026-05-09 20:28:13,159 INFO:[TASK 291/500 QUERY 0/4]: re2_test_291_if_the_word_starts_with_consonant_vowel_replace_that_with_x
2026-05-09 20:28:13,159 INFO:Tasks solved so far: 149/292
2026-05-09 20:28:14,225 INFO:[TASK 291/500 QUERY 1/4]: re2_test_291_if_the_word_starts_with_consonant_vowel_replace_that_with_x
2026-05-09 20:28:14,225 INFO:Tasks solved so far: 149/292
2026-05-09 20:28:15,849 INFO:[TASK 291/500 QUERY 2/4]: re2_test_291_if_the_word_starts_with_consonant_vowel_replace_that_with_x
2026-05-09 20:28:15,850 INFO:Tasks solved so far: 149/292
2026-05-09 20:28:16,828 INFO:[TASK 291/500 QUERY 3/4]: re2_test_291_if_the_word_starts_with_consonant_vowel_replace_that_with_x
2026-05-09 20:28:16,828 INFO:Tasks solved so far: 149/292
2026-05-09 20:28:17,903 INFO:[TASK 292/500 QUERY 0/4]: re2_test_292_if_there_is_m_add_q_after_that
2026-05-09 20:28:17,904 INFO:Tasks solved so far: 149/293
2026-05-09 20:28:18,473 INFO:[TASK 292/500 QUERY 1/4]: re2_test_292_if_there_is_m_add_q_after_that
2026-05-09 20:28:18,473 INFO:Tasks solved so far: 149/293
2026-05-09 20:28:18,757 INFO:error_code=rate_limit_exceeded error_message='Rate limit reached for gpt-3.5-turbo-instruct in organization org-RcBdlQU9qh37R7FbksDxiLKA on tokens per min (TPM): Limit 90000, Used 87294, Requested 3149. Please try again in 295ms. Visit https://platform.openai.com/account/rate-limits to learn more.' error_param=None error_type=tokens message='OpenAI API error received' stream_error=False
2026-05-09 20:28:18,758 INFO:Rate limit reached for gpt-3.5-turbo-instruct in organization org-RcBdlQU9qh37R7FbksDxiLKA on tokens per min (TPM): Limit 90000, Used 87294, Requested 3149. Please try again in 295ms. Visit https://platform.openai.com/account/rate-limits to learn more.
2026-05-09 20:28:18,758 INFO:ERR: OpenAI rate limit. On attempt 1/5 after waiting 30s.
2026-05-09 20:28:49,436 INFO:[TASK 292/500 QUERY 2/4]: re2_test_292_if_there_is_m_add_q_after_that
2026-05-09 20:28:49,436 INFO:Tasks solved so far: 149/293
2026-05-09 20:28:50,276 INFO:[TASK 292/500 QUERY 3/4]: re2_test_292_if_there_is_m_add_q_after_that
2026-05-09 20:28:50,276 INFO:Tasks solved so far: 149/293
2026-05-09 20:28:51,114 INFO:[TASK 293/500 QUERY 0/4]: re2_test_293_if_there_is_c_replace_that_with_x
2026-05-09 20:28:51,114 INFO:Tasks solved so far: 150/294
2026-05-09 20:28:52,650 INFO:[TASK 294/500 QUERY 0/4]: re2_test_294_if_there_is_c_any_letter_remove_that
2026-05-09 20:28:52,650 INFO:Tasks solved so far: 150/295
2026-05-09 20:28:53,382 INFO:[TASK 294/500 QUERY 1/4]: re2_test_294_if_there_is_c_any_letter_remove_that
2026-05-09 20:28:53,382 INFO:Tasks solved so far: 150/295
2026-05-09 20:28:54,590 INFO:[TASK 294/500 QUERY 2/4]: re2_test_294_if_there_is_c_any_letter_remove_that
2026-05-09 20:28:54,590 INFO:Tasks solved so far: 150/295
2026-05-09 20:28:55,384 INFO:[TASK 294/500 QUERY 3/4]: re2_test_294_if_there_is_c_any_letter_remove_that
2026-05-09 20:28:55,384 INFO:Tasks solved so far: 150/295
2026-05-09 20:28:56,743 INFO:[TASK 295/500 QUERY 0/4]: re2_test_295_if_there_is_vowel_consonant_replace_that_with_n_q
2026-05-09 20:28:56,744 INFO:Tasks solved so far: 150/296
2026-05-09 20:28:57,872 INFO:[TASK 295/500 QUERY 1/4]: re2_test_295_if_there_is_vowel_consonant_replace_that_with_n_q
2026-05-09 20:28:57,872 INFO:Tasks solved so far: 150/296
2026-05-09 20:28:59,572 INFO:[TASK 295/500 QUERY 2/4]: re2_test_295_if_there_is_vowel_consonant_replace_that_with_n_q
2026-05-09 20:28:59,572 INFO:Tasks solved so far: 150/296
2026-05-09 20:29:00,362 INFO:[TASK 295/500 QUERY 3/4]: re2_test_295_if_there_is_vowel_consonant_replace_that_with_n_q
2026-05-09 20:29:00,363 INFO:Tasks solved so far: 150/296
2026-05-09 20:29:01,741 INFO:[TASK 296/500 QUERY 0/4]: re2_test_296_if_the_word_starts_with_consonant_consonant_replace_that_with_n_f
2026-05-09 20:29:01,741 INFO:Tasks solved so far: 150/297
2026-05-09 20:29:02,640 INFO:[TASK 296/500 QUERY 1/4]: re2_test_296_if_the_word_starts_with_consonant_consonant_replace_that_with_n_f
2026-05-09 20:29:02,640 INFO:Tasks solved so far: 150/297
2026-05-09 20:29:03,955 INFO:[TASK 296/500 QUERY 2/4]: re2_test_296_if_the_word_starts_with_consonant_consonant_replace_that_with_n_f
2026-05-09 20:29:03,955 INFO:Tasks solved so far: 150/297
2026-05-09 20:29:05,054 INFO:[TASK 296/500 QUERY 3/4]: re2_test_296_if_the_word_starts_with_consonant_consonant_replace_that_with_n_f
2026-05-09 20:29:05,054 INFO:Tasks solved so far: 150/297
2026-05-09 20:29:06,178 INFO:[TASK 297/500 QUERY 0/4]: re2_test_297_if_the_word_starts_with_vowel_consonant_replace_that_with_q
2026-05-09 20:29:06,179 INFO:Tasks solved so far: 150/298
2026-05-09 20:29:07,354 INFO:[TASK 297/500 QUERY 1/4]: re2_test_297_if_the_word_starts_with_vowel_consonant_replace_that_with_q
2026-05-09 20:29:07,354 INFO:Tasks solved so far: 150/298
2026-05-09 20:29:08,145 INFO:[TASK 297/500 QUERY 2/4]: re2_test_297_if_the_word_starts_with_vowel_consonant_replace_that_with_q
2026-05-09 20:29:08,146 INFO:Tasks solved so far: 150/298
2026-05-09 20:29:09,475 INFO:[TASK 297/500 QUERY 3/4]: re2_test_297_if_the_word_starts_with_vowel_consonant_replace_that_with_q
2026-05-09 20:29:09,475 INFO:Tasks solved so far: 150/298
2026-05-09 20:29:10,411 INFO:[TASK 298/500 QUERY 0/4]: re2_test_298_if_there_is_any_letter_replace_that_with_o_m
2026-05-09 20:29:10,411 INFO:Tasks solved so far: 151/299
2026-05-09 20:29:11,964 INFO:[TASK 299/500 QUERY 0/4]: re2_test_299_if_there_is_n_any_letter_replace_that_with_t
2026-05-09 20:29:11,964 INFO:Tasks solved so far: 151/300
2026-05-09 20:29:13,062 INFO:[TASK 299/500 QUERY 1/4]: re2_test_299_if_there_is_n_any_letter_replace_that_with_t
2026-05-09 20:29:13,062 INFO:Tasks solved so far: 151/300
2026-05-09 20:29:13,743 INFO:[TASK 299/500 QUERY 2/4]: re2_test_299_if_there_is_n_any_letter_replace_that_with_t
2026-05-09 20:29:13,743 INFO:Tasks solved so far: 151/300
2026-05-09 20:29:15,609 INFO:[TASK 299/500 QUERY 3/4]: re2_test_299_if_there_is_n_any_letter_replace_that_with_t
2026-05-09 20:29:15,609 INFO:Tasks solved so far: 151/300
2026-05-09 20:29:17,651 INFO:[TASK 300/500 QUERY 0/4]: re2_test_300_if_there_is_a_any_letter_remove_that
2026-05-09 20:29:17,651 INFO:Tasks solved so far: 151/301
2026-05-09 20:29:18,448 INFO:[TASK 300/500 QUERY 1/4]: re2_test_300_if_there_is_a_any_letter_remove_that
2026-05-09 20:29:18,448 INFO:Tasks solved so far: 151/301
2026-05-09 20:29:19,345 INFO:[TASK 300/500 QUERY 2/4]: re2_test_300_if_there_is_a_any_letter_remove_that
2026-05-09 20:29:19,345 INFO:Tasks solved so far: 151/301
2026-05-09 20:29:20,552 INFO:[TASK 300/500 QUERY 3/4]: re2_test_300_if_there_is_a_any_letter_remove_that
2026-05-09 20:29:20,552 INFO:Tasks solved so far: 151/301
2026-05-09 20:29:22,112 INFO:[TASK 301/500 QUERY 0/4]: re2_test_301_if_there_is_c_add_f_after_that
2026-05-09 20:29:22,112 INFO:Tasks solved so far: 151/302
2026-05-09 20:29:23,106 INFO:[TASK 301/500 QUERY 1/4]: re2_test_301_if_there_is_c_add_f_after_that
2026-05-09 20:29:23,106 INFO:Tasks solved so far: 151/302
2026-05-09 20:29:23,450 INFO:error_code=rate_limit_exceeded error_message='Rate limit reached for gpt-3.5-turbo-instruct in organization org-RcBdlQU9qh37R7FbksDxiLKA on tokens per min (TPM): Limit 90000, Used 88315, Requested 3144. Please try again in 972ms. Visit https://platform.openai.com/account/rate-limits to learn more.' error_param=None error_type=tokens message='OpenAI API error received' stream_error=False
2026-05-09 20:29:23,450 INFO:Rate limit reached for gpt-3.5-turbo-instruct in organization org-RcBdlQU9qh37R7FbksDxiLKA on tokens per min (TPM): Limit 90000, Used 88315, Requested 3144. Please try again in 972ms. Visit https://platform.openai.com/account/rate-limits to learn more.
2026-05-09 20:29:23,450 INFO:ERR: OpenAI rate limit. On attempt 1/5 after waiting 30s.
2026-05-09 20:29:53,994 INFO:[TASK 301/500 QUERY 2/4]: re2_test_301_if_there_is_c_add_f_after_that
2026-05-09 20:29:53,994 INFO:Tasks solved so far: 151/302
2026-05-09 20:29:54,641 INFO:[TASK 301/500 QUERY 3/4]: re2_test_301_if_there_is_c_add_f_after_that
2026-05-09 20:29:54,641 INFO:Tasks solved so far: 151/302
2026-05-09 20:29:55,813 INFO:[TASK 302/500 QUERY 0/4]: re2_test_302_if_the_word_ends_with_vowel_any_letter_replace_that_with_r_r
2026-05-09 20:29:55,813 INFO:Tasks solved so far: 151/303
2026-05-09 20:29:56,475 INFO:[TASK 302/500 QUERY 1/4]: re2_test_302_if_the_word_ends_with_vowel_any_letter_replace_that_with_r_r
2026-05-09 20:29:56,475 INFO:Tasks solved so far: 151/303
2026-05-09 20:29:57,871 INFO:[TASK 302/500 QUERY 2/4]: re2_test_302_if_the_word_ends_with_vowel_any_letter_replace_that_with_r_r
2026-05-09 20:29:57,871 INFO:Tasks solved so far: 151/303
2026-05-09 20:29:58,896 INFO:[TASK 302/500 QUERY 3/4]: re2_test_302_if_the_word_ends_with_vowel_any_letter_replace_that_with_r_r
2026-05-09 20:29:58,896 INFO:Tasks solved so far: 151/303
2026-05-09 20:30:00,121 INFO:Err during evaluationname 'e' is not defined
2026-05-09 20:30:00,121 INFO:[TASK 303/500 QUERY 0/4]: re2_test_303_if_there_is_consonant_vowel_replace_that_with_h_q
2026-05-09 20:30:00,121 INFO:Tasks solved so far: 151/304
2026-05-09 20:30:01,523 INFO:[TASK 303/500 QUERY 1/4]: re2_test_303_if_there_is_consonant_vowel_replace_that_with_h_q
2026-05-09 20:30:01,523 INFO:Tasks solved so far: 151/304
2026-05-09 20:30:02,789 INFO:[TASK 303/500 QUERY 2/4]: re2_test_303_if_there_is_consonant_vowel_replace_that_with_h_q
2026-05-09 20:30:02,789 INFO:Tasks solved so far: 151/304
2026-05-09 20:30:03,605 INFO:[TASK 303/500 QUERY 3/4]: re2_test_303_if_there_is_consonant_vowel_replace_that_with_h_q
2026-05-09 20:30:03,605 INFO:Tasks solved so far: 151/304
2026-05-09 20:30:04,508 INFO:[TASK 304/500 QUERY 0/4]: re2_test_304_if_the_word_ends_with_any_letter_replace_that_with_j
2026-05-09 20:30:04,508 INFO:Tasks solved so far: 152/305
2026-05-09 20:30:05,959 INFO:[TASK 305/500 QUERY 0/4]: re2_test_305_if_the_word_starts_with_any_letter_replace_that_with_w_e
2026-05-09 20:30:05,959 INFO:Tasks solved so far: 153/306
2026-05-09 20:30:07,186 INFO:[TASK 306/500 QUERY 0/4]: re2_test_306_if_there_is_u_replace_that_with_f_n
2026-05-09 20:30:07,186 INFO:Tasks solved so far: 154/307
2026-05-09 20:30:08,913 INFO:[TASK 307/500 QUERY 0/4]: re2_test_307_if_the_word_starts_with_consonant_add_j_before_that
2026-05-09 20:30:08,913 INFO:Tasks solved so far: 155/308
2026-05-09 20:30:10,504 INFO:[TASK 308/500 QUERY 0/4]: re2_test_308_if_the_word_starts_with_consonant_any_letter_replace_that_with_n_d
2026-05-09 20:30:10,504 INFO:Tasks solved so far: 155/309
2026-05-09 20:30:11,366 INFO:[TASK 308/500 QUERY 1/4]: re2_test_308_if_the_word_starts_with_consonant_any_letter_replace_that_with_n_d
2026-05-09 20:30:11,366 INFO:Tasks solved so far: 155/309
2026-05-09 20:30:12,368 INFO:[TASK 308/500 QUERY 2/4]: re2_test_308_if_the_word_starts_with_consonant_any_letter_replace_that_with_n_d
2026-05-09 20:30:12,368 INFO:Tasks solved so far: 155/309
2026-05-09 20:30:14,253 INFO:[TASK 308/500 QUERY 3/4]: re2_test_308_if_the_word_starts_with_consonant_any_letter_replace_that_with_n_d
2026-05-09 20:30:14,253 INFO:Tasks solved so far: 155/309
2026-05-09 20:30:15,393 INFO:[TASK 309/500 QUERY 0/4]: re2_test_309_if_the_word_starts_with_consonant_any_letter_replace_that_with_y_k
2026-05-09 20:30:15,394 INFO:Tasks solved so far: 155/310
2026-05-09 20:30:16,235 INFO:[TASK 309/500 QUERY 1/4]: re2_test_309_if_the_word_starts_with_consonant_any_letter_replace_that_with_y_k
2026-05-09 20:30:16,236 INFO:Tasks solved so far: 155/310
2026-05-09 20:30:17,535 INFO:[TASK 309/500 QUERY 2/4]: re2_test_309_if_the_word_starts_with_consonant_any_letter_replace_that_with_y_k
2026-05-09 20:30:17,535 INFO:Tasks solved so far: 155/310
2026-05-09 20:30:18,337 INFO:[TASK 309/500 QUERY 3/4]: re2_test_309_if_the_word_starts_with_consonant_any_letter_replace_that_with_y_k
2026-05-09 20:30:18,337 INFO:Tasks solved so far: 155/310
2026-05-09 20:30:19,228 INFO:[TASK 310/500 QUERY 0/4]: re2_test_310_if_there_is_h_replace_that_with_f
2026-05-09 20:30:19,228 INFO:Tasks solved so far: 156/311
2026-05-09 20:30:20,605 INFO:[TASK 311/500 QUERY 0/4]: re2_test_311_if_there_is_any_letter_replace_that_with_t_v
2026-05-09 20:30:20,606 INFO:Tasks solved so far: 157/312
2026-05-09 20:30:21,507 INFO:[TASK 312/500 QUERY 0/4]: re2_test_312_if_the_word_starts_with_any_letter_replace_that_with_x
2026-05-09 20:30:21,507 INFO:Tasks solved so far: 158/313
2026-05-09 20:30:23,751 INFO:[TASK 313/500 QUERY 0/4]: re2_test_313_if_the_word_ends_with_consonant_replace_that_with_a_x
2026-05-09 20:30:23,751 INFO:Tasks solved so far: 158/314
2026-05-09 20:30:24,592 INFO:[TASK 313/500 QUERY 1/4]: re2_test_313_if_the_word_ends_with_consonant_replace_that_with_a_x
2026-05-09 20:30:24,592 INFO:Tasks solved so far: 159/314
2026-05-09 20:30:25,990 INFO:[TASK 314/500 QUERY 0/4]: re2_test_314_if_there_is_r_any_letter_replace_that_with_l
2026-05-09 20:30:25,990 INFO:Tasks solved so far: 159/315
2026-05-09 20:30:26,733 INFO:[TASK 314/500 QUERY 1/4]: re2_test_314_if_there_is_r_any_letter_replace_that_with_l
2026-05-09 20:30:26,734 INFO:Tasks solved so far: 159/315
2026-05-09 20:30:27,492 INFO:[TASK 314/500 QUERY 2/4]: re2_test_314_if_there_is_r_any_letter_replace_that_with_l
2026-05-09 20:30:27,492 INFO:Tasks solved so far: 159/315
2026-05-09 20:30:27,790 INFO:error_code=rate_limit_exceeded error_message='Rate limit reached for gpt-3.5-turbo-instruct in organization org-RcBdlQU9qh37R7FbksDxiLKA on tokens per min (TPM): Limit 90000, Used 90000, Requested 3098. Please try again in 2.065s. Visit https://platform.openai.com/account/rate-limits to learn more.' error_param=None error_type=tokens message='OpenAI API error received' stream_error=False
2026-05-09 20:30:27,791 INFO:Rate limit reached for gpt-3.5-turbo-instruct in organization org-RcBdlQU9qh37R7FbksDxiLKA on tokens per min (TPM): Limit 90000, Used 90000, Requested 3098. Please try again in 2.065s. Visit https://platform.openai.com/account/rate-limits to learn more.
2026-05-09 20:30:27,791 INFO:ERR: OpenAI rate limit. On attempt 1/5 after waiting 30s.
2026-05-09 20:30:58,206 INFO:[TASK 314/500 QUERY 3/4]: re2_test_314_if_there_is_r_any_letter_replace_that_with_l
2026-05-09 20:30:58,206 INFO:Tasks solved so far: 159/315
2026-05-09 20:30:59,341 INFO:[TASK 315/500 QUERY 0/4]: re2_test_315_if_there_is_n_add_r_after_that
2026-05-09 20:30:59,341 INFO:Tasks solved so far: 159/316
2026-05-09 20:31:00,443 INFO:[TASK 315/500 QUERY 1/4]: re2_test_315_if_there_is_n_add_r_after_that
2026-05-09 20:31:00,443 INFO:Tasks solved so far: 160/316
2026-05-09 20:31:02,310 INFO:[TASK 316/500 QUERY 0/4]: re2_test_316_if_the_word_ends_with_consonant_replace_that_with_e_s
2026-05-09 20:31:02,311 INFO:Tasks solved so far: 161/317
2026-05-09 20:31:03,276 INFO:[TASK 317/500 QUERY 0/4]: re2_test_317_if_there_is_vowel_replace_that_with_b_c
2026-05-09 20:31:03,276 INFO:Tasks solved so far: 162/318
2026-05-09 20:31:04,524 INFO:[TASK 318/500 QUERY 0/4]: re2_test_318_if_the_word_starts_with_consonant_vowel_replace_that_with_m_h
2026-05-09 20:31:04,525 INFO:Tasks solved so far: 162/319
2026-05-09 20:31:05,457 INFO:[TASK 318/500 QUERY 1/4]: re2_test_318_if_the_word_starts_with_consonant_vowel_replace_that_with_m_h
2026-05-09 20:31:05,457 INFO:Tasks solved so far: 162/319
2026-05-09 20:31:06,652 INFO:[TASK 318/500 QUERY 2/4]: re2_test_318_if_the_word_starts_with_consonant_vowel_replace_that_with_m_h
2026-05-09 20:31:06,652 INFO:Tasks solved so far: 162/319
2026-05-09 20:31:08,445 INFO:[TASK 318/500 QUERY 3/4]: re2_test_318_if_the_word_starts_with_consonant_vowel_replace_that_with_m_h
2026-05-09 20:31:08,445 INFO:Tasks solved so far: 162/319
2026-05-09 20:31:09,541 INFO:[TASK 319/500 QUERY 0/4]: re2_test_319_if_the_word_starts_with_consonant_replace_that_with_c_d
2026-05-09 20:31:09,541 INFO:Tasks solved so far: 162/320
2026-05-09 20:31:10,216 INFO:[TASK 319/500 QUERY 1/4]: re2_test_319_if_the_word_starts_with_consonant_replace_that_with_c_d
2026-05-09 20:31:10,216 INFO:Tasks solved so far: 162/320
2026-05-09 20:31:11,652 INFO:[TASK 319/500 QUERY 2/4]: re2_test_319_if_the_word_starts_with_consonant_replace_that_with_c_d
2026-05-09 20:31:11,652 INFO:Tasks solved so far: 163/320
2026-05-09 20:31:12,538 INFO:[TASK 320/500 QUERY 0/4]: re2_test_320_if_there_is_any_letter_replace_that_with_b
2026-05-09 20:31:12,538 INFO:Tasks solved so far: 164/321
2026-05-09 20:31:13,862 INFO:[TASK 321/500 QUERY 0/4]: re2_test_321_if_the_word_starts_with_consonant_vowel_replace_that_with_e_g
2026-05-09 20:31:13,862 INFO:Tasks solved so far: 164/322
2026-05-09 20:31:15,331 INFO:[TASK 321/500 QUERY 1/4]: re2_test_321_if_the_word_starts_with_consonant_vowel_replace_that_with_e_g
2026-05-09 20:31:15,331 INFO:Tasks solved so far: 164/322
2026-05-09 20:31:16,142 INFO:[TASK 321/500 QUERY 2/4]: re2_test_321_if_the_word_starts_with_consonant_vowel_replace_that_with_e_g
2026-05-09 20:31:16,142 INFO:Tasks solved so far: 164/322
2026-05-09 20:31:17,693 INFO:[TASK 321/500 QUERY 3/4]: re2_test_321_if_the_word_starts_with_consonant_vowel_replace_that_with_e_g
2026-05-09 20:31:17,693 INFO:Tasks solved so far: 164/322
2026-05-09 20:31:18,602 INFO:[TASK 322/500 QUERY 0/4]: re2_test_322_if_there_is_r_replace_that_with_n_d
2026-05-09 20:31:18,602 INFO:Tasks solved so far: 165/323
2026-05-09 20:31:19,656 INFO:[TASK 323/500 QUERY 0/4]: re2_test_323_if_there_is_vowel_replace_that_with_v
2026-05-09 20:31:19,656 INFO:Tasks solved so far: 166/324
2026-05-09 20:31:21,367 INFO:[TASK 324/500 QUERY 0/4]: re2_test_324_if_the_word_ends_with_s_replace_that_with_l_j
2026-05-09 20:31:21,367 INFO:Tasks solved so far: 166/325
2026-05-09 20:31:23,205 INFO:[TASK 324/500 QUERY 1/4]: re2_test_324_if_the_word_ends_with_s_replace_that_with_l_j
2026-05-09 20:31:23,205 INFO:Tasks solved so far: 166/325
2026-05-09 20:31:24,012 INFO:[TASK 324/500 QUERY 2/4]: re2_test_324_if_the_word_ends_with_s_replace_that_with_l_j
2026-05-09 20:31:24,012 INFO:Tasks solved so far: 166/325
2026-05-09 20:31:24,891 INFO:[TASK 324/500 QUERY 3/4]: re2_test_324_if_the_word_ends_with_s_replace_that_with_l_j
2026-05-09 20:31:24,891 INFO:Tasks solved so far: 166/325
2026-05-09 20:31:25,925 INFO:[TASK 325/500 QUERY 0/4]: re2_test_325_if_the_word_starts_with_vowel_replace_that_with_a_o
2026-05-09 20:31:25,925 INFO:Tasks solved so far: 167/326
2026-05-09 20:31:27,034 INFO:[TASK 326/500 QUERY 0/4]: re2_test_326_if_the_word_starts_with_vowel_replace_that_with_p
2026-05-09 20:31:27,034 INFO:Tasks solved so far: 168/327
2026-05-09 20:31:27,957 INFO:[TASK 327/500 QUERY 0/4]: re2_test_327_if_there_is_t_vowel_double_that
2026-05-09 20:31:27,957 INFO:Tasks solved so far: 168/328
2026-05-09 20:31:28,748 INFO:[TASK 327/500 QUERY 1/4]: re2_test_327_if_there_is_t_vowel_double_that
2026-05-09 20:31:28,748 INFO:Tasks solved so far: 168/328
2026-05-09 20:31:29,701 INFO:[TASK 327/500 QUERY 2/4]: re2_test_327_if_there_is_t_vowel_double_that
2026-05-09 20:31:29,701 INFO:Tasks solved so far: 168/328
2026-05-09 20:31:30,956 INFO:[TASK 327/500 QUERY 3/4]: re2_test_327_if_there_is_t_vowel_double_that
2026-05-09 20:31:30,956 INFO:Tasks solved so far: 168/328
2026-05-09 20:31:31,524 INFO:error_code=rate_limit_exceeded error_message='Rate limit reached for gpt-3.5-turbo-instruct in organization org-RcBdlQU9qh37R7FbksDxiLKA on tokens per min (TPM): Limit 90000, Used 89028, Requested 3148. Please try again in 1.45s. Visit https://platform.openai.com/account/rate-limits to learn more.' error_param=None error_type=tokens message='OpenAI API error received' stream_error=False
2026-05-09 20:31:31,524 INFO:Rate limit reached for gpt-3.5-turbo-instruct in organization org-RcBdlQU9qh37R7FbksDxiLKA on tokens per min (TPM): Limit 90000, Used 89028, Requested 3148. Please try again in 1.45s. Visit https://platform.openai.com/account/rate-limits to learn more.
2026-05-09 20:31:31,524 INFO:ERR: OpenAI rate limit. On attempt 1/5 after waiting 30s.
2026-05-09 20:32:02,857 INFO:[TASK 328/500 QUERY 0/4]: re2_test_328_if_there_is_any_letter_vowel_replace_that_with_d
2026-05-09 20:32:02,858 INFO:Tasks solved so far: 168/329
2026-05-09 20:32:03,624 INFO:[TASK 328/500 QUERY 1/4]: re2_test_328_if_there_is_any_letter_vowel_replace_that_with_d
2026-05-09 20:32:03,624 INFO:Tasks solved so far: 168/329
2026-05-09 20:32:04,295 INFO:[TASK 328/500 QUERY 2/4]: re2_test_328_if_there_is_any_letter_vowel_replace_that_with_d
2026-05-09 20:32:04,295 INFO:Tasks solved so far: 168/329
2026-05-09 20:32:05,157 INFO:[TASK 328/500 QUERY 3/4]: re2_test_328_if_there_is_any_letter_vowel_replace_that_with_d
2026-05-09 20:32:05,157 INFO:Tasks solved so far: 168/329
2026-05-09 20:32:06,632 INFO:[TASK 329/500 QUERY 0/4]: re2_test_329_if_there_is_vowel_replace_that_with_u_y
2026-05-09 20:32:06,632 INFO:Tasks solved so far: 169/330
2026-05-09 20:32:08,055 INFO:[TASK 330/500 QUERY 0/4]: re2_test_330_if_there_is_vowel_replace_that_with_h_l
2026-05-09 20:32:08,055 INFO:Tasks solved so far: 170/331
2026-05-09 20:32:09,005 INFO:[TASK 331/500 QUERY 0/4]: re2_test_331_if_there_is_consonant_replace_that_with_f_g
2026-05-09 20:32:09,005 INFO:Tasks solved so far: 171/332
2026-05-09 20:32:10,143 INFO:[TASK 332/500 QUERY 0/4]: re2_test_332_if_the_word_ends_with_consonant_replace_that_with_q_q
2026-05-09 20:32:10,143 INFO:Tasks solved so far: 171/333
2026-05-09 20:32:11,287 INFO:[TASK 332/500 QUERY 1/4]: re2_test_332_if_the_word_ends_with_consonant_replace_that_with_q_q
2026-05-09 20:32:11,288 INFO:Tasks solved so far: 172/333
2026-05-09 20:32:12,330 INFO:[TASK 333/500 QUERY 0/4]: re2_test_333_if_the_word_ends_with_consonant_any_letter_replace_that_with_w_a
2026-05-09 20:32:12,330 INFO:Tasks solved so far: 172/334
2026-05-09 20:32:13,219 INFO:[TASK 333/500 QUERY 1/4]: re2_test_333_if_the_word_ends_with_consonant_any_letter_replace_that_with_w_a
2026-05-09 20:32:13,220 INFO:Tasks solved so far: 172/334
2026-05-09 20:32:15,081 INFO:[TASK 333/500 QUERY 2/4]: re2_test_333_if_the_word_ends_with_consonant_any_letter_replace_that_with_w_a
2026-05-09 20:32:15,082 INFO:Tasks solved so far: 172/334
2026-05-09 20:32:16,442 INFO:[TASK 333/500 QUERY 3/4]: re2_test_333_if_the_word_ends_with_consonant_any_letter_replace_that_with_w_a
2026-05-09 20:32:16,442 INFO:Tasks solved so far: 172/334
2026-05-09 20:32:18,031 INFO:[TASK 334/500 QUERY 0/4]: re2_test_334_if_the_word_starts_with_consonant_vowel_replace_that_with_x_l
2026-05-09 20:32:18,031 INFO:Tasks solved so far: 172/335
2026-05-09 20:32:18,984 INFO:[TASK 334/500 QUERY 1/4]: re2_test_334_if_the_word_starts_with_consonant_vowel_replace_that_with_x_l
2026-05-09 20:32:18,984 INFO:Tasks solved so far: 172/335
2026-05-09 20:32:19,959 INFO:[TASK 334/500 QUERY 2/4]: re2_test_334_if_the_word_starts_with_consonant_vowel_replace_that_with_x_l
2026-05-09 20:32:19,959 INFO:Tasks solved so far: 172/335
2026-05-09 20:32:21,051 INFO:[TASK 334/500 QUERY 3/4]: re2_test_334_if_the_word_starts_with_consonant_vowel_replace_that_with_x_l
2026-05-09 20:32:21,052 INFO:Tasks solved so far: 172/335
2026-05-09 20:32:21,984 INFO:[TASK 335/500 QUERY 0/4]: re2_test_335_if_there_is_any_letter_o_replace_that_with_x_l
2026-05-09 20:32:21,984 INFO:Tasks solved so far: 172/336
2026-05-09 20:32:22,930 INFO:[TASK 335/500 QUERY 1/4]: re2_test_335_if_there_is_any_letter_o_replace_that_with_x_l
2026-05-09 20:32:22,930 INFO:Tasks solved so far: 172/336
2026-05-09 20:32:23,834 INFO:[TASK 335/500 QUERY 2/4]: re2_test_335_if_there_is_any_letter_o_replace_that_with_x_l
2026-05-09 20:32:23,834 INFO:Tasks solved so far: 172/336
2026-05-09 20:32:24,700 INFO:[TASK 335/500 QUERY 3/4]: re2_test_335_if_there_is_any_letter_o_replace_that_with_x_l
2026-05-09 20:32:24,700 INFO:Tasks solved so far: 172/336
2026-05-09 20:32:25,645 INFO:[TASK 336/500 QUERY 0/4]: re2_test_336_if_there_is_any_letter_replace_that_with_p_f
2026-05-09 20:32:25,645 INFO:Tasks solved so far: 173/337
2026-05-09 20:32:27,557 INFO:[TASK 337/500 QUERY 0/4]: re2_test_337_if_there_is_any_letter_r_remove_that
2026-05-09 20:32:27,557 INFO:Tasks solved so far: 173/338
2026-05-09 20:32:28,245 INFO:[TASK 337/500 QUERY 1/4]: re2_test_337_if_there_is_any_letter_r_remove_that
2026-05-09 20:32:28,245 INFO:Tasks solved so far: 173/338
2026-05-09 20:32:29,410 INFO:[TASK 337/500 QUERY 2/4]: re2_test_337_if_there_is_any_letter_r_remove_that
2026-05-09 20:32:29,410 INFO:Tasks solved so far: 173/338
2026-05-09 20:32:30,690 INFO:[TASK 337/500 QUERY 3/4]: re2_test_337_if_there_is_any_letter_r_remove_that
2026-05-09 20:32:30,690 INFO:Tasks solved so far: 173/338
2026-05-09 20:32:31,820 INFO:[TASK 338/500 QUERY 0/4]: re2_test_338_if_the_word_starts_with_any_letter_vowel_add_u_after_that
2026-05-09 20:32:31,820 INFO:Tasks solved so far: 173/339
2026-05-09 20:32:33,186 INFO:[TASK 338/500 QUERY 1/4]: re2_test_338_if_the_word_starts_with_any_letter_vowel_add_u_after_that
2026-05-09 20:32:33,186 INFO:Tasks solved so far: 173/339
2026-05-09 20:32:33,493 INFO:error_code=rate_limit_exceeded error_message='Rate limit reached for gpt-3.5-turbo-instruct in organization org-RcBdlQU9qh37R7FbksDxiLKA on tokens per min (TPM): Limit 90000, Used 87614, Requested 3091. Please try again in 469ms. Visit https://platform.openai.com/account/rate-limits to learn more.' error_param=None error_type=tokens message='OpenAI API error received' stream_error=False
2026-05-09 20:32:33,494 INFO:Rate limit reached for gpt-3.5-turbo-instruct in organization org-RcBdlQU9qh37R7FbksDxiLKA on tokens per min (TPM): Limit 90000, Used 87614, Requested 3091. Please try again in 469ms. Visit https://platform.openai.com/account/rate-limits to learn more.
2026-05-09 20:32:33,494 INFO:ERR: OpenAI rate limit. On attempt 1/5 after waiting 30s.
2026-05-09 20:33:04,637 INFO:[TASK 338/500 QUERY 2/4]: re2_test_338_if_the_word_starts_with_any_letter_vowel_add_u_after_that
2026-05-09 20:33:04,637 INFO:Tasks solved so far: 173/339
2026-05-09 20:33:05,666 INFO:[TASK 338/500 QUERY 3/4]: re2_test_338_if_the_word_starts_with_any_letter_vowel_add_u_after_that
2026-05-09 20:33:05,666 INFO:Tasks solved so far: 173/339
2026-05-09 20:33:06,963 INFO:[TASK 339/500 QUERY 0/4]: re2_test_339_if_the_word_ends_with_consonant_consonant_replace_that_with_d_d
2026-05-09 20:33:06,963 INFO:Tasks solved so far: 173/340
2026-05-09 20:33:09,319 INFO:[TASK 339/500 QUERY 1/4]: re2_test_339_if_the_word_ends_with_consonant_consonant_replace_that_with_d_d
2026-05-09 20:33:09,319 INFO:Tasks solved so far: 173/340
2026-05-09 20:33:10,736 INFO:[TASK 339/500 QUERY 2/4]: re2_test_339_if_the_word_ends_with_consonant_consonant_replace_that_with_d_d
2026-05-09 20:33:10,736 INFO:Tasks solved so far: 173/340
2026-05-09 20:33:11,662 INFO:[TASK 339/500 QUERY 3/4]: re2_test_339_if_the_word_ends_with_consonant_consonant_replace_that_with_d_d
2026-05-09 20:33:11,662 INFO:Tasks solved so far: 173/340
2026-05-09 20:33:12,786 INFO:[TASK 340/500 QUERY 0/4]: re2_test_340_if_the_word_ends_with_consonant_add_m_before_that
2026-05-09 20:33:12,786 INFO:Tasks solved so far: 173/341
2026-05-09 20:33:13,836 INFO:[TASK 340/500 QUERY 1/4]: re2_test_340_if_the_word_ends_with_consonant_add_m_before_that
2026-05-09 20:33:13,837 INFO:Tasks solved so far: 173/341
2026-05-09 20:33:15,163 INFO:[TASK 340/500 QUERY 2/4]: re2_test_340_if_the_word_ends_with_consonant_add_m_before_that
2026-05-09 20:33:15,163 INFO:Tasks solved so far: 173/341
2026-05-09 20:33:15,942 INFO:[TASK 340/500 QUERY 3/4]: re2_test_340_if_the_word_ends_with_consonant_add_m_before_that
2026-05-09 20:33:15,942 INFO:Tasks solved so far: 174/341
2026-05-09 20:33:17,243 INFO:[TASK 341/500 QUERY 0/4]: re2_test_341_if_the_word_ends_with_consonant_add_u_before_that
2026-05-09 20:33:17,243 INFO:Tasks solved so far: 174/342
2026-05-09 20:33:18,087 INFO:[TASK 341/500 QUERY 1/4]: re2_test_341_if_the_word_ends_with_consonant_add_u_before_that
2026-05-09 20:33:18,088 INFO:Tasks solved so far: 174/342
2026-05-09 20:33:19,506 INFO:[TASK 341/500 QUERY 2/4]: re2_test_341_if_the_word_ends_with_consonant_add_u_before_that
2026-05-09 20:33:19,506 INFO:Tasks solved so far: 174/342
2026-05-09 20:33:20,338 INFO:[TASK 341/500 QUERY 3/4]: re2_test_341_if_the_word_ends_with_consonant_add_u_before_that
2026-05-09 20:33:20,338 INFO:Tasks solved so far: 174/342
2026-05-09 20:33:21,288 INFO:[TASK 342/500 QUERY 0/4]: re2_test_342_if_the_word_starts_with_any_letter_replace_that_with_k_t
2026-05-09 20:33:21,288 INFO:Tasks solved so far: 175/343
2026-05-09 20:33:22,866 INFO:[TASK 343/500 QUERY 0/4]: re2_test_343_if_there_is_vowel_add_d_after_that
2026-05-09 20:33:22,866 INFO:Tasks solved so far: 175/344
2026-05-09 20:33:24,224 INFO:[TASK 343/500 QUERY 1/4]: re2_test_343_if_there_is_vowel_add_d_after_that
2026-05-09 20:33:24,224 INFO:Tasks solved so far: 176/344
2026-05-09 20:33:25,376 INFO:[TASK 344/500 QUERY 0/4]: re2_test_344_if_there_is_vowel_any_letter_add_q_after_that
2026-05-09 20:33:25,376 INFO:Tasks solved so far: 176/345
2026-05-09 20:33:26,624 INFO:[TASK 344/500 QUERY 1/4]: re2_test_344_if_there_is_vowel_any_letter_add_q_after_that
2026-05-09 20:33:26,624 INFO:Tasks solved so far: 176/345
2026-05-09 20:33:27,568 INFO:[TASK 344/500 QUERY 2/4]: re2_test_344_if_there_is_vowel_any_letter_add_q_after_that
2026-05-09 20:33:27,568 INFO:Tasks solved so far: 176/345
2026-05-09 20:33:28,414 INFO:[TASK 344/500 QUERY 3/4]: re2_test_344_if_there_is_vowel_any_letter_add_q_after_that
2026-05-09 20:33:28,414 INFO:Tasks solved so far: 176/345
2026-05-09 20:33:29,569 INFO:[TASK 345/500 QUERY 0/4]: re2_test_345_if_the_word_starts_with_consonant_replace_that_with_w_h
2026-05-09 20:33:29,569 INFO:Tasks solved so far: 177/346
2026-05-09 20:33:30,680 INFO:[TASK 346/500 QUERY 0/4]: re2_test_346_if_there_is_t_add_y_before_that
2026-05-09 20:33:30,680 INFO:Tasks solved so far: 178/347
2026-05-09 20:33:31,650 INFO:[TASK 347/500 QUERY 0/4]: re2_test_347_if_there_is_t_replace_that_with_j_w
2026-05-09 20:33:31,650 INFO:Tasks solved so far: 179/348
2026-05-09 20:33:33,492 INFO:[TASK 348/500 QUERY 0/4]: re2_test_348_if_the_word_starts_with_consonant_vowel_replace_that_with_q_c
2026-05-09 20:33:33,492 INFO:Tasks solved so far: 179/349
2026-05-09 20:33:34,668 INFO:[TASK 348/500 QUERY 1/4]: re2_test_348_if_the_word_starts_with_consonant_vowel_replace_that_with_q_c
2026-05-09 20:33:34,668 INFO:Tasks solved so far: 179/349
2026-05-09 20:33:35,740 INFO:[TASK 348/500 QUERY 2/4]: re2_test_348_if_the_word_starts_with_consonant_vowel_replace_that_with_q_c
2026-05-09 20:33:35,740 INFO:Tasks solved so far: 179/349
2026-05-09 20:33:36,942 INFO:[TASK 348/500 QUERY 3/4]: re2_test_348_if_the_word_starts_with_consonant_vowel_replace_that_with_q_c
2026-05-09 20:33:36,943 INFO:Tasks solved so far: 179/349
2026-05-09 20:33:37,936 INFO:[TASK 349/500 QUERY 0/4]: re2_test_349_if_there_is_u_add_k_before_that
2026-05-09 20:33:37,936 INFO:Tasks solved so far: 180/350
2026-05-09 20:33:38,816 INFO:[TASK 350/500 QUERY 0/4]: re2_test_350_if_there_is_vowel_replace_that_with_d
2026-05-09 20:33:38,817 INFO:Tasks solved so far: 181/351
2026-05-09 20:33:39,758 INFO:[TASK 351/500 QUERY 0/4]: re2_test_351_if_there_is_o_replace_that_with_w_b
2026-05-09 20:33:39,758 INFO:Tasks solved so far: 182/352
2026-05-09 20:33:40,328 INFO:error_code=rate_limit_exceeded error_message='Rate limit reached for gpt-3.5-turbo-instruct in organization org-RcBdlQU9qh37R7FbksDxiLKA on tokens per min (TPM): Limit 90000, Used 89042, Requested 3119. Please try again in 1.44s. Visit https://platform.openai.com/account/rate-limits to learn more.' error_param=None error_type=tokens message='OpenAI API error received' stream_error=False
2026-05-09 20:33:40,329 INFO:Rate limit reached for gpt-3.5-turbo-instruct in organization org-RcBdlQU9qh37R7FbksDxiLKA on tokens per min (TPM): Limit 90000, Used 89042, Requested 3119. Please try again in 1.44s. Visit https://platform.openai.com/account/rate-limits to learn more.
2026-05-09 20:33:40,329 INFO:ERR: OpenAI rate limit. On attempt 1/5 after waiting 30s.
2026-05-09 20:34:11,428 INFO:[TASK 352/500 QUERY 0/4]: re2_test_352_if_the_word_starts_with_vowel_replace_that_with_d_g
2026-05-09 20:34:11,428 INFO:Tasks solved so far: 183/353
2026-05-09 20:34:12,378 INFO:[TASK 353/500 QUERY 0/4]: re2_test_353_if_there_is_d_replace_that_with_j
2026-05-09 20:34:12,378 INFO:Tasks solved so far: 184/354
2026-05-09 20:34:13,369 INFO:[TASK 354/500 QUERY 0/4]: re2_test_354_if_the_word_ends_with_any_letter_consonant_replace_that_with_t
2026-05-09 20:34:13,369 INFO:Tasks solved so far: 184/355
2026-05-09 20:34:14,200 INFO:[TASK 354/500 QUERY 1/4]: re2_test_354_if_the_word_ends_with_any_letter_consonant_replace_that_with_t
2026-05-09 20:34:14,201 INFO:Tasks solved so far: 184/355
2026-05-09 20:34:15,258 INFO:[TASK 354/500 QUERY 2/4]: re2_test_354_if_the_word_ends_with_any_letter_consonant_replace_that_with_t
2026-05-09 20:34:15,259 INFO:Tasks solved so far: 184/355
2026-05-09 20:34:16,328 INFO:[TASK 354/500 QUERY 3/4]: re2_test_354_if_the_word_ends_with_any_letter_consonant_replace_that_with_t
2026-05-09 20:34:16,329 INFO:Tasks solved so far: 184/355
2026-05-09 20:34:17,328 INFO:[TASK 355/500 QUERY 0/4]: re2_test_355_if_there_is_vowel_any_letter_replace_that_with_r_y
2026-05-09 20:34:17,328 INFO:Tasks solved so far: 184/356
2026-05-09 20:34:18,489 INFO:[TASK 355/500 QUERY 1/4]: re2_test_355_if_there_is_vowel_any_letter_replace_that_with_r_y
2026-05-09 20:34:18,489 INFO:Tasks solved so far: 184/356
2026-05-09 20:34:19,224 INFO:[TASK 355/500 QUERY 2/4]: re2_test_355_if_there_is_vowel_any_letter_replace_that_with_r_y
2026-05-09 20:34:19,225 INFO:Tasks solved so far: 184/356
2026-05-09 20:34:19,917 INFO:[TASK 355/500 QUERY 3/4]: re2_test_355_if_there_is_vowel_any_letter_replace_that_with_r_y
2026-05-09 20:34:19,917 INFO:Tasks solved so far: 184/356
2026-05-09 20:34:21,782 INFO:[TASK 356/500 QUERY 0/4]: re2_test_356_if_there_is_any_letter_replace_that_with_g_k
2026-05-09 20:34:21,782 INFO:Tasks solved so far: 185/357
2026-05-09 20:34:22,909 INFO:[TASK 357/500 QUERY 0/4]: re2_test_357_if_there_is_consonant_add_h_before_that
2026-05-09 20:34:22,909 INFO:Tasks solved so far: 185/358
2026-05-09 20:34:23,699 INFO:[TASK 357/500 QUERY 1/4]: re2_test_357_if_there_is_consonant_add_h_before_that
2026-05-09 20:34:23,699 INFO:Tasks solved so far: 186/358
2026-05-09 20:34:24,598 INFO:[TASK 358/500 QUERY 0/4]: re2_test_358_if_there_is_r_add_w_before_that
2026-05-09 20:34:24,598 INFO:Tasks solved so far: 187/359
2026-05-09 20:34:25,679 INFO:[TASK 359/500 QUERY 0/4]: re2_test_359_if_there_is_l_any_letter_add_n_after_that
2026-05-09 20:34:25,679 INFO:Tasks solved so far: 187/360
2026-05-09 20:34:26,342 INFO:[TASK 359/500 QUERY 1/4]: re2_test_359_if_there_is_l_any_letter_add_n_after_that
2026-05-09 20:34:26,342 INFO:Tasks solved so far: 187/360
2026-05-09 20:34:27,280 INFO:[TASK 359/500 QUERY 2/4]: re2_test_359_if_there_is_l_any_letter_add_n_after_that
2026-05-09 20:34:27,280 INFO:Tasks solved so far: 187/360
2026-05-09 20:34:28,524 INFO:[TASK 359/500 QUERY 3/4]: re2_test_359_if_there_is_l_any_letter_add_n_after_that
2026-05-09 20:34:28,524 INFO:Tasks solved so far: 187/360
2026-05-09 20:34:29,897 INFO:[TASK 360/500 QUERY 0/4]: re2_test_360_if_the_word_ends_with_consonant_replace_that_with_u_e
2026-05-09 20:34:29,897 INFO:Tasks solved so far: 188/361
2026-05-09 20:34:30,859 INFO:[TASK 361/500 QUERY 0/4]: re2_test_361_if_the_word_ends_with_any_letter_replace_that_with_i_x
2026-05-09 20:34:30,859 INFO:Tasks solved so far: 189/362
2026-05-09 20:34:31,678 INFO:[TASK 362/500 QUERY 0/4]: re2_test_362_if_there_is_g_replace_that_with_q
2026-05-09 20:34:31,679 INFO:Tasks solved so far: 190/363
2026-05-09 20:34:32,836 INFO:[TASK 363/500 QUERY 0/4]: re2_test_363_if_the_word_ends_with_consonant_any_letter_add_t_before_that
2026-05-09 20:34:32,836 INFO:Tasks solved so far: 190/364
2026-05-09 20:34:33,755 INFO:[TASK 363/500 QUERY 1/4]: re2_test_363_if_the_word_ends_with_consonant_any_letter_add_t_before_that
2026-05-09 20:34:33,755 INFO:Tasks solved so far: 190/364
2026-05-09 20:34:34,555 INFO:[TASK 363/500 QUERY 2/4]: re2_test_363_if_the_word_ends_with_consonant_any_letter_add_t_before_that
2026-05-09 20:34:34,556 INFO:Tasks solved so far: 190/364
2026-05-09 20:34:35,474 INFO:[TASK 363/500 QUERY 3/4]: re2_test_363_if_the_word_ends_with_consonant_any_letter_add_t_before_that
2026-05-09 20:34:35,474 INFO:Tasks solved so far: 190/364
2026-05-09 20:34:36,556 INFO:[TASK 364/500 QUERY 0/4]: re2_test_364_if_there_is_consonant_vowel_add_x_after_that
2026-05-09 20:34:36,556 INFO:Tasks solved so far: 190/365
2026-05-09 20:34:36,862 INFO:error_code=rate_limit_exceeded error_message='Rate limit reached for gpt-3.5-turbo-instruct in organization org-RcBdlQU9qh37R7FbksDxiLKA on tokens per min (TPM): Limit 90000, Used 88776, Requested 3146. Please try again in 1.281s. Visit https://platform.openai.com/account/rate-limits to learn more.' error_param=None error_type=tokens message='OpenAI API error received' stream_error=False
2026-05-09 20:34:36,862 INFO:Rate limit reached for gpt-3.5-turbo-instruct in organization org-RcBdlQU9qh37R7FbksDxiLKA on tokens per min (TPM): Limit 90000, Used 88776, Requested 3146. Please try again in 1.281s. Visit https://platform.openai.com/account/rate-limits to learn more.
2026-05-09 20:34:36,862 INFO:ERR: OpenAI rate limit. On attempt 1/5 after waiting 30s.
2026-05-09 20:35:07,614 INFO:[TASK 364/500 QUERY 1/4]: re2_test_364_if_there_is_consonant_vowel_add_x_after_that
2026-05-09 20:35:07,614 INFO:Tasks solved so far: 190/365
2026-05-09 20:35:08,870 INFO:[TASK 364/500 QUERY 2/4]: re2_test_364_if_there_is_consonant_vowel_add_x_after_that
2026-05-09 20:35:08,870 INFO:Tasks solved so far: 190/365
2026-05-09 20:35:09,747 INFO:[TASK 364/500 QUERY 3/4]: re2_test_364_if_there_is_consonant_vowel_add_x_after_that
2026-05-09 20:35:09,747 INFO:Tasks solved so far: 190/365
2026-05-09 20:35:11,359 INFO:[TASK 365/500 QUERY 0/4]: re2_test_365_if_the_word_ends_with_any_letter_any_letter_add_h_after_that
2026-05-09 20:35:11,359 INFO:Tasks solved so far: 190/366
2026-05-09 20:35:12,158 INFO:[TASK 365/500 QUERY 1/4]: re2_test_365_if_the_word_ends_with_any_letter_any_letter_add_h_after_that
2026-05-09 20:35:12,158 INFO:Tasks solved so far: 190/366
2026-05-09 20:35:12,906 INFO:[TASK 365/500 QUERY 2/4]: re2_test_365_if_the_word_ends_with_any_letter_any_letter_add_h_after_that
2026-05-09 20:35:12,906 INFO:Tasks solved so far: 190/366
2026-05-09 20:35:13,834 INFO:[TASK 365/500 QUERY 3/4]: re2_test_365_if_the_word_ends_with_any_letter_any_letter_add_h_after_that
2026-05-09 20:35:13,834 INFO:Tasks solved so far: 190/366
2026-05-09 20:35:15,007 INFO:[TASK 366/500 QUERY 0/4]: re2_test_366_if_the_word_ends_with_consonant_consonant_replace_that_with_p
2026-05-09 20:35:15,007 INFO:Tasks solved so far: 190/367
2026-05-09 20:35:16,087 INFO:[TASK 366/500 QUERY 1/4]: re2_test_366_if_the_word_ends_with_consonant_consonant_replace_that_with_p
2026-05-09 20:35:16,088 INFO:Tasks solved so far: 190/367
2026-05-09 20:35:17,007 INFO:[TASK 366/500 QUERY 2/4]: re2_test_366_if_the_word_ends_with_consonant_consonant_replace_that_with_p
2026-05-09 20:35:17,007 INFO:Tasks solved so far: 190/367
2026-05-09 20:35:17,922 INFO:[TASK 366/500 QUERY 3/4]: re2_test_366_if_the_word_ends_with_consonant_consonant_replace_that_with_p
2026-05-09 20:35:17,922 INFO:Tasks solved so far: 190/367
2026-05-09 20:35:19,455 INFO:[TASK 367/500 QUERY 0/4]: re2_test_367_if_there_is_any_letter_c_replace_that_with_i
2026-05-09 20:35:19,455 INFO:Tasks solved so far: 190/368
2026-05-09 20:35:20,407 INFO:[TASK 367/500 QUERY 1/4]: re2_test_367_if_there_is_any_letter_c_replace_that_with_i
2026-05-09 20:35:20,407 INFO:Tasks solved so far: 190/368
2026-05-09 20:35:21,698 INFO:[TASK 367/500 QUERY 2/4]: re2_test_367_if_there_is_any_letter_c_replace_that_with_i
2026-05-09 20:35:21,698 INFO:Tasks solved so far: 190/368
2026-05-09 20:35:22,448 INFO:[TASK 367/500 QUERY 3/4]: re2_test_367_if_there_is_any_letter_c_replace_that_with_i
2026-05-09 20:35:22,448 INFO:Tasks solved so far: 190/368
2026-05-09 20:35:23,492 INFO:[TASK 368/500 QUERY 0/4]: re2_test_368_if_there_is_consonant_replace_that_with_q_o
2026-05-09 20:35:23,492 INFO:Tasks solved so far: 191/369
2026-05-09 20:35:24,521 INFO:[TASK 369/500 QUERY 0/4]: re2_test_369_if_there_is_g_replace_that_with_w
2026-05-09 20:35:24,521 INFO:Tasks solved so far: 192/370
2026-05-09 20:35:25,591 INFO:[TASK 370/500 QUERY 0/4]: re2_test_370_if_the_word_ends_with_consonant_replace_that_with_t_d
2026-05-09 20:35:25,591 INFO:Tasks solved so far: 193/371
2026-05-09 20:35:26,505 INFO:[TASK 371/500 QUERY 0/4]: re2_test_371_if_the_word_ends_with_any_letter_replace_that_with_r_i
2026-05-09 20:35:26,505 INFO:Tasks solved so far: 194/372
2026-05-09 20:35:28,619 INFO:[TASK 372/500 QUERY 0/4]: re2_test_372_if_there_is_consonant_e_replace_that_with_d_l
2026-05-09 20:35:28,619 INFO:Tasks solved so far: 194/373
2026-05-09 20:35:29,547 INFO:[TASK 372/500 QUERY 1/4]: re2_test_372_if_there_is_consonant_e_replace_that_with_d_l
2026-05-09 20:35:29,547 INFO:Tasks solved so far: 194/373
2026-05-09 20:35:30,852 INFO:[TASK 372/500 QUERY 2/4]: re2_test_372_if_there_is_consonant_e_replace_that_with_d_l
2026-05-09 20:35:30,852 INFO:Tasks solved so far: 194/373
2026-05-09 20:35:31,894 INFO:Err during evaluationname 'e' is not defined
2026-05-09 20:35:31,897 INFO:[TASK 372/500 QUERY 3/4]: re2_test_372_if_there_is_consonant_e_replace_that_with_d_l
2026-05-09 20:35:31,897 INFO:Tasks solved so far: 194/373
2026-05-09 20:35:33,052 INFO:[TASK 373/500 QUERY 0/4]: re2_test_373_if_there_is_vowel_replace_that_with_h_j
2026-05-09 20:35:33,052 INFO:Tasks solved so far: 195/374
2026-05-09 20:35:34,130 INFO:[TASK 374/500 QUERY 0/4]: re2_test_374_if_there_is_r_any_letter_replace_that_with_s
2026-05-09 20:35:34,131 INFO:Tasks solved so far: 195/375
2026-05-09 20:35:35,464 INFO:[TASK 374/500 QUERY 1/4]: re2_test_374_if_there_is_r_any_letter_replace_that_with_s
2026-05-09 20:35:35,465 INFO:Tasks solved so far: 195/375
2026-05-09 20:35:37,166 INFO:[TASK 374/500 QUERY 2/4]: re2_test_374_if_there_is_r_any_letter_replace_that_with_s
2026-05-09 20:35:37,166 INFO:Tasks solved so far: 195/375
2026-05-09 20:35:38,762 INFO:[TASK 374/500 QUERY 3/4]: re2_test_374_if_there_is_r_any_letter_replace_that_with_s
2026-05-09 20:35:38,762 INFO:Tasks solved so far: 195/375
2026-05-09 20:35:40,500 INFO:[TASK 375/500 QUERY 0/4]: re2_test_375_if_there_is_r_add_p_after_that
2026-05-09 20:35:40,500 INFO:Tasks solved so far: 196/376
2026-05-09 20:35:41,077 INFO:error_code=rate_limit_exceeded error_message='Rate limit reached for gpt-3.5-turbo-instruct in organization org-RcBdlQU9qh37R7FbksDxiLKA on tokens per min (TPM): Limit 90000, Used 87748, Requested 3036. Please try again in 522ms. Visit https://platform.openai.com/account/rate-limits to learn more.' error_param=None error_type=tokens message='OpenAI API error received' stream_error=False
2026-05-09 20:35:41,077 INFO:Rate limit reached for gpt-3.5-turbo-instruct in organization org-RcBdlQU9qh37R7FbksDxiLKA on tokens per min (TPM): Limit 90000, Used 87748, Requested 3036. Please try again in 522ms. Visit https://platform.openai.com/account/rate-limits to learn more.
2026-05-09 20:35:41,077 INFO:ERR: OpenAI rate limit. On attempt 1/5 after waiting 30s.
2026-05-09 20:36:12,036 INFO:[TASK 376/500 QUERY 0/4]: re2_test_376_if_there_is_consonant_vowel_add_b_after_that
2026-05-09 20:36:12,036 INFO:Tasks solved so far: 196/377
2026-05-09 20:36:12,928 INFO:[TASK 376/500 QUERY 1/4]: re2_test_376_if_there_is_consonant_vowel_add_b_after_that
2026-05-09 20:36:12,928 INFO:Tasks solved so far: 196/377
2026-05-09 20:36:13,796 INFO:[TASK 376/500 QUERY 2/4]: re2_test_376_if_there_is_consonant_vowel_add_b_after_that
2026-05-09 20:36:13,797 INFO:Tasks solved so far: 196/377
2026-05-09 20:36:15,325 INFO:[TASK 376/500 QUERY 3/4]: re2_test_376_if_there_is_consonant_vowel_add_b_after_that
2026-05-09 20:36:15,326 INFO:Tasks solved so far: 196/377
2026-05-09 20:36:16,477 INFO:[TASK 377/500 QUERY 0/4]: re2_test_377_if_there_is_vowel_replace_that_with_r_e
2026-05-09 20:36:16,477 INFO:Tasks solved so far: 197/378
2026-05-09 20:36:18,384 INFO:[TASK 378/500 QUERY 0/4]: re2_test_378_if_there_is_r_replace_that_with_n
2026-05-09 20:36:18,384 INFO:Tasks solved so far: 198/379
2026-05-09 20:36:19,465 INFO:[TASK 379/500 QUERY 0/4]: re2_test_379_if_there_is_any_letter_r_add_c_after_that
2026-05-09 20:36:19,465 INFO:Tasks solved so far: 199/380
2026-05-09 20:36:20,641 INFO:[TASK 380/500 QUERY 0/4]: re2_test_380_if_the_word_starts_with_consonant_add_k_after_that
2026-05-09 20:36:20,641 INFO:Tasks solved so far: 200/381
2026-05-09 20:36:22,185 INFO:[TASK 381/500 QUERY 0/4]: re2_test_381_if_there_is_any_letter_replace_that_with_i_d
2026-05-09 20:36:22,185 INFO:Tasks solved so far: 201/382
2026-05-09 20:36:23,631 INFO:[TASK 382/500 QUERY 0/4]: re2_test_382_if_the_word_starts_with_consonant_replace_that_with_y_n
2026-05-09 20:36:23,631 INFO:Tasks solved so far: 202/383
2026-05-09 20:36:25,182 INFO:[TASK 383/500 QUERY 0/4]: re2_test_383_if_there_is_any_letter_g_add_q_before_that
2026-05-09 20:36:25,182 INFO:Tasks solved so far: 202/384
2026-05-09 20:36:26,452 INFO:[TASK 383/500 QUERY 1/4]: re2_test_383_if_there_is_any_letter_g_add_q_before_that
2026-05-09 20:36:26,452 INFO:Tasks solved so far: 202/384
2026-05-09 20:36:27,173 INFO:[TASK 383/500 QUERY 2/4]: re2_test_383_if_there_is_any_letter_g_add_q_before_that
2026-05-09 20:36:27,173 INFO:Tasks solved so far: 202/384
2026-05-09 20:36:28,406 INFO:[TASK 383/500 QUERY 3/4]: re2_test_383_if_there_is_any_letter_g_add_q_before_that
2026-05-09 20:36:28,406 INFO:Tasks solved so far: 202/384
2026-05-09 20:36:29,573 INFO:[TASK 384/500 QUERY 0/4]: re2_test_384_if_the_word_starts_with_consonant_add_h_after_that
2026-05-09 20:36:29,573 INFO:Tasks solved so far: 203/385
2026-05-09 20:36:30,540 INFO:[TASK 385/500 QUERY 0/4]: re2_test_385_if_the_word_ends_with_consonant_replace_that_with_a_m
2026-05-09 20:36:30,540 INFO:Tasks solved so far: 204/386
2026-05-09 20:36:31,602 INFO:[TASK 386/500 QUERY 0/4]: re2_test_386_if_there_is_d_replace_that_with_e_p
2026-05-09 20:36:31,602 INFO:Tasks solved so far: 205/387
2026-05-09 20:36:32,746 INFO:[TASK 387/500 QUERY 0/4]: re2_test_387_if_there_is_consonant_any_letter_replace_that_with_b
2026-05-09 20:36:32,746 INFO:Tasks solved so far: 205/388
2026-05-09 20:36:33,577 INFO:[TASK 387/500 QUERY 1/4]: re2_test_387_if_there_is_consonant_any_letter_replace_that_with_b
2026-05-09 20:36:33,577 INFO:Tasks solved so far: 205/388
2026-05-09 20:36:34,826 INFO:[TASK 387/500 QUERY 2/4]: re2_test_387_if_there_is_consonant_any_letter_replace_that_with_b
2026-05-09 20:36:34,826 INFO:Tasks solved so far: 205/388
2026-05-09 20:36:35,893 INFO:[TASK 387/500 QUERY 3/4]: re2_test_387_if_there_is_consonant_any_letter_replace_that_with_b
2026-05-09 20:36:35,893 INFO:Tasks solved so far: 205/388
2026-05-09 20:36:37,922 INFO:[TASK 388/500 QUERY 0/4]: re2_test_388_if_there_is_consonant_i_replace_that_with_d_f
2026-05-09 20:36:37,922 INFO:Tasks solved so far: 205/389
2026-05-09 20:36:39,140 INFO:[TASK 388/500 QUERY 1/4]: re2_test_388_if_there_is_consonant_i_replace_that_with_d_f
2026-05-09 20:36:39,140 INFO:Tasks solved so far: 205/389
2026-05-09 20:36:40,526 INFO:[TASK 388/500 QUERY 2/4]: re2_test_388_if_there_is_consonant_i_replace_that_with_d_f
2026-05-09 20:36:40,527 INFO:Tasks solved so far: 205/389
2026-05-09 20:36:42,302 INFO:[TASK 388/500 QUERY 3/4]: re2_test_388_if_there_is_consonant_i_replace_that_with_d_f
2026-05-09 20:36:42,302 INFO:Tasks solved so far: 205/389
2026-05-09 20:36:43,302 INFO:[TASK 389/500 QUERY 0/4]: re2_test_389_if_the_word_ends_with_any_letter_replace_that_with_d_m
2026-05-09 20:36:43,303 INFO:Tasks solved so far: 206/390
2026-05-09 20:36:44,286 INFO:[TASK 390/500 QUERY 0/4]: re2_test_390_if_there_is_i_replace_that_with_j_j
2026-05-09 20:36:44,286 INFO:Tasks solved so far: 207/391
2026-05-09 20:36:45,540 INFO:[TASK 391/500 QUERY 0/4]: re2_test_391_if_the_word_ends_with_consonant_any_letter_add_u_before_that
2026-05-09 20:36:45,540 INFO:Tasks solved so far: 207/392
2026-05-09 20:36:46,395 INFO:[TASK 391/500 QUERY 1/4]: re2_test_391_if_the_word_ends_with_consonant_any_letter_add_u_before_that
2026-05-09 20:36:46,395 INFO:Tasks solved so far: 207/392
2026-05-09 20:36:47,664 INFO:[TASK 391/500 QUERY 2/4]: re2_test_391_if_the_word_ends_with_consonant_any_letter_add_u_before_that
2026-05-09 20:36:47,664 INFO:Tasks solved so far: 207/392
2026-05-09 20:36:49,041 INFO:[TASK 391/500 QUERY 3/4]: re2_test_391_if_the_word_ends_with_consonant_any_letter_add_u_before_that
2026-05-09 20:36:49,041 INFO:Tasks solved so far: 207/392
2026-05-09 20:36:49,996 INFO:[TASK 392/500 QUERY 0/4]: re2_test_392_if_the_word_starts_with_any_letter_replace_that_with_h_y
2026-05-09 20:36:49,997 INFO:Tasks solved so far: 208/393
2026-05-09 20:36:50,965 INFO:[TASK 393/500 QUERY 0/4]: re2_test_393_if_there_is_p_replace_that_with_j
2026-05-09 20:36:50,965 INFO:Tasks solved so far: 209/394
2026-05-09 20:36:51,570 INFO:error_code=rate_limit_exceeded error_message='Rate limit reached for gpt-3.5-turbo-instruct in organization org-RcBdlQU9qh37R7FbksDxiLKA on tokens per min (TPM): Limit 90000, Used 89299, Requested 3123. Please try again in 1.614s. Visit https://platform.openai.com/account/rate-limits to learn more.' error_param=None error_type=tokens message='OpenAI API error received' stream_error=False
2026-05-09 20:36:51,570 INFO:Rate limit reached for gpt-3.5-turbo-instruct in organization org-RcBdlQU9qh37R7FbksDxiLKA on tokens per min (TPM): Limit 90000, Used 89299, Requested 3123. Please try again in 1.614s. Visit https://platform.openai.com/account/rate-limits to learn more.
2026-05-09 20:36:51,570 INFO:ERR: OpenAI rate limit. On attempt 1/5 after waiting 30s.
2026-05-09 20:37:22,153 INFO:[TASK 394/500 QUERY 0/4]: re2_test_394_if_the_word_starts_with_consonant_replace_that_with_v_o
2026-05-09 20:37:22,154 INFO:Tasks solved so far: 210/395
2026-05-09 20:37:23,152 INFO:[TASK 395/500 QUERY 0/4]: re2_test_395_if_there_is_any_letter_any_letter_replace_that_with_q
2026-05-09 20:37:23,152 INFO:Tasks solved so far: 210/396
2026-05-09 20:37:24,264 INFO:[TASK 395/500 QUERY 1/4]: re2_test_395_if_there_is_any_letter_any_letter_replace_that_with_q
2026-05-09 20:37:24,264 INFO:Tasks solved so far: 210/396
2026-05-09 20:37:25,169 INFO:[TASK 395/500 QUERY 2/4]: re2_test_395_if_there_is_any_letter_any_letter_replace_that_with_q
2026-05-09 20:37:25,169 INFO:Tasks solved so far: 210/396
2026-05-09 20:37:26,041 INFO:[TASK 395/500 QUERY 3/4]: re2_test_395_if_there_is_any_letter_any_letter_replace_that_with_q
2026-05-09 20:37:26,041 INFO:Tasks solved so far: 210/396
2026-05-09 20:37:27,891 INFO:[TASK 396/500 QUERY 0/4]: re2_test_396_if_there_is_vowel_vowel_add_v_before_that
2026-05-09 20:37:27,891 INFO:Tasks solved so far: 210/397
2026-05-09 20:37:28,815 INFO:[TASK 396/500 QUERY 1/4]: re2_test_396_if_there_is_vowel_vowel_add_v_before_that
2026-05-09 20:37:28,815 INFO:Tasks solved so far: 210/397
2026-05-09 20:37:29,821 INFO:[TASK 396/500 QUERY 2/4]: re2_test_396_if_there_is_vowel_vowel_add_v_before_that
2026-05-09 20:37:29,821 INFO:Tasks solved so far: 210/397
2026-05-09 20:37:30,653 INFO:[TASK 396/500 QUERY 3/4]: re2_test_396_if_there_is_vowel_vowel_add_v_before_that
2026-05-09 20:37:30,653 INFO:Tasks solved so far: 210/397
2026-05-09 20:37:32,225 INFO:[TASK 397/500 QUERY 0/4]: re2_test_397_if_the_word_starts_with_any_letter_replace_that_with_c_j
2026-05-09 20:37:32,225 INFO:Tasks solved so far: 211/398
2026-05-09 20:37:33,835 INFO:[TASK 398/500 QUERY 0/4]: re2_test_398_if_there_is_consonant_e_replace_that_with_x
2026-05-09 20:37:33,836 INFO:Tasks solved so far: 211/399
2026-05-09 20:37:34,808 INFO:[TASK 398/500 QUERY 1/4]: re2_test_398_if_there_is_consonant_e_replace_that_with_x
2026-05-09 20:37:34,808 INFO:Tasks solved so far: 211/399
2026-05-09 20:37:35,679 INFO:[TASK 398/500 QUERY 2/4]: re2_test_398_if_there_is_consonant_e_replace_that_with_x
2026-05-09 20:37:35,679 INFO:Tasks solved so far: 211/399
2026-05-09 20:37:36,567 INFO:[TASK 398/500 QUERY 3/4]: re2_test_398_if_there_is_consonant_e_replace_that_with_x
2026-05-09 20:37:36,567 INFO:Tasks solved so far: 211/399
2026-05-09 20:37:37,632 INFO:[TASK 399/500 QUERY 0/4]: re2_test_399_if_there_is_any_letter_l_add_r_after_that
2026-05-09 20:37:37,632 INFO:Tasks solved so far: 211/400
2026-05-09 20:37:38,354 INFO:[TASK 399/500 QUERY 1/4]: re2_test_399_if_there_is_any_letter_l_add_r_after_that
2026-05-09 20:37:38,354 INFO:Tasks solved so far: 211/400
2026-05-09 20:37:39,248 INFO:[TASK 399/500 QUERY 2/4]: re2_test_399_if_there_is_any_letter_l_add_r_after_that
2026-05-09 20:37:39,248 INFO:Tasks solved so far: 211/400
2026-05-09 20:37:39,891 INFO:[TASK 399/500 QUERY 3/4]: re2_test_399_if_there_is_any_letter_l_add_r_after_that
2026-05-09 20:37:39,891 INFO:Tasks solved so far: 211/400
2026-05-09 20:37:41,215 INFO:[TASK 400/500 QUERY 0/4]: re2_test_400_if_there_is_vowel_vowel_replace_that_with_c
2026-05-09 20:37:41,216 INFO:Tasks solved so far: 211/401
2026-05-09 20:37:42,033 INFO:[TASK 400/500 QUERY 1/4]: re2_test_400_if_there_is_vowel_vowel_replace_that_with_c
2026-05-09 20:37:42,033 INFO:Tasks solved so far: 211/401
2026-05-09 20:37:42,920 INFO:[TASK 400/500 QUERY 2/4]: re2_test_400_if_there_is_vowel_vowel_replace_that_with_c
2026-05-09 20:37:42,920 INFO:Tasks solved so far: 211/401
2026-05-09 20:37:43,629 INFO:[TASK 400/500 QUERY 3/4]: re2_test_400_if_there_is_vowel_vowel_replace_that_with_c
2026-05-09 20:37:43,629 INFO:Tasks solved so far: 211/401
2026-05-09 20:37:44,636 INFO:[TASK 401/500 QUERY 0/4]: re2_test_401_if_there_is_consonant_replace_that_with_d_c
2026-05-09 20:37:44,636 INFO:Tasks solved so far: 212/402
2026-05-09 20:37:46,302 INFO:[TASK 402/500 QUERY 0/4]: re2_test_402_if_there_is_vowel_replace_that_with_k
2026-05-09 20:37:46,302 INFO:Tasks solved so far: 213/403
2026-05-09 20:37:47,739 INFO:[TASK 403/500 QUERY 0/4]: re2_test_403_if_there_is_consonant_replace_that_with_d_y
2026-05-09 20:37:47,739 INFO:Tasks solved so far: 213/404
2026-05-09 20:37:48,502 INFO:[TASK 403/500 QUERY 1/4]: re2_test_403_if_there_is_consonant_replace_that_with_d_y
2026-05-09 20:37:48,502 INFO:Tasks solved so far: 214/404
2026-05-09 20:37:49,122 INFO:error_code=rate_limit_exceeded error_message='Rate limit reached for gpt-3.5-turbo-instruct in organization org-RcBdlQU9qh37R7FbksDxiLKA on tokens per min (TPM): Limit 90000, Used 87757, Requested 3162. Please try again in 612ms. Visit https://platform.openai.com/account/rate-limits to learn more.' error_param=None error_type=tokens message='OpenAI API error received' stream_error=False
2026-05-09 20:37:49,123 INFO:Rate limit reached for gpt-3.5-turbo-instruct in organization org-RcBdlQU9qh37R7FbksDxiLKA on tokens per min (TPM): Limit 90000, Used 87757, Requested 3162. Please try again in 612ms. Visit https://platform.openai.com/account/rate-limits to learn more.
2026-05-09 20:37:49,123 INFO:ERR: OpenAI rate limit. On attempt 1/5 after waiting 30s.
2026-05-09 20:38:20,391 INFO:[TASK 404/500 QUERY 0/4]: re2_test_404_if_there_is_any_letter_t_replace_that_with_x
2026-05-09 20:38:20,391 INFO:Tasks solved so far: 214/405
2026-05-09 20:38:21,154 INFO:[TASK 404/500 QUERY 1/4]: re2_test_404_if_there_is_any_letter_t_replace_that_with_x
2026-05-09 20:38:21,154 INFO:Tasks solved so far: 214/405
2026-05-09 20:38:21,855 INFO:[TASK 404/500 QUERY 2/4]: re2_test_404_if_there_is_any_letter_t_replace_that_with_x
2026-05-09 20:38:21,855 INFO:Tasks solved so far: 214/405
2026-05-09 20:38:22,787 INFO:[TASK 404/500 QUERY 3/4]: re2_test_404_if_there_is_any_letter_t_replace_that_with_x
2026-05-09 20:38:22,787 INFO:Tasks solved so far: 214/405
2026-05-09 20:38:24,213 INFO:[TASK 405/500 QUERY 0/4]: re2_test_405_if_there_is_u_any_letter_replace_that_with_m
2026-05-09 20:38:24,213 INFO:Tasks solved so far: 214/406
2026-05-09 20:38:25,033 INFO:[TASK 405/500 QUERY 1/4]: re2_test_405_if_there_is_u_any_letter_replace_that_with_m
2026-05-09 20:38:25,033 INFO:Tasks solved so far: 214/406
2026-05-09 20:38:25,787 INFO:[TASK 405/500 QUERY 2/4]: re2_test_405_if_there_is_u_any_letter_replace_that_with_m
2026-05-09 20:38:25,787 INFO:Tasks solved so far: 214/406
2026-05-09 20:38:26,410 INFO:[TASK 405/500 QUERY 3/4]: re2_test_405_if_there_is_u_any_letter_replace_that_with_m
2026-05-09 20:38:26,410 INFO:Tasks solved so far: 214/406
2026-05-09 20:38:27,388 INFO:[TASK 406/500 QUERY 0/4]: re2_test_406_if_there_is_any_letter_c_replace_that_with_o
2026-05-09 20:38:27,388 INFO:Tasks solved so far: 214/407
2026-05-09 20:38:28,395 INFO:[TASK 406/500 QUERY 1/4]: re2_test_406_if_there_is_any_letter_c_replace_that_with_o
2026-05-09 20:38:28,396 INFO:Tasks solved so far: 214/407
2026-05-09 20:38:29,147 INFO:[TASK 406/500 QUERY 2/4]: re2_test_406_if_there_is_any_letter_c_replace_that_with_o
2026-05-09 20:38:29,148 INFO:Tasks solved so far: 214/407
2026-05-09 20:38:29,978 INFO:[TASK 406/500 QUERY 3/4]: re2_test_406_if_there_is_any_letter_c_replace_that_with_o
2026-05-09 20:38:29,978 INFO:Tasks solved so far: 214/407
2026-05-09 20:38:31,017 INFO:[TASK 407/500 QUERY 0/4]: re2_test_407_if_the_word_ends_with_any_letter_replace_that_with_w
2026-05-09 20:38:31,017 INFO:Tasks solved so far: 215/408
2026-05-09 20:38:31,978 INFO:[TASK 408/500 QUERY 0/4]: re2_test_408_if_there_is_a_replace_that_with_i_e
2026-05-09 20:38:31,978 INFO:Tasks solved so far: 216/409
2026-05-09 20:38:33,124 INFO:[TASK 409/500 QUERY 0/4]: re2_test_409_if_there_is_consonant_add_o_after_that
2026-05-09 20:38:33,124 INFO:Tasks solved so far: 216/410
2026-05-09 20:38:34,369 INFO:[TASK 409/500 QUERY 1/4]: re2_test_409_if_there_is_consonant_add_o_after_that
2026-05-09 20:38:34,369 INFO:Tasks solved so far: 217/410
2026-05-09 20:38:35,997 INFO:[TASK 410/500 QUERY 0/4]: re2_test_410_if_the_word_ends_with_consonant_add_v_before_that
2026-05-09 20:38:35,997 INFO:Tasks solved so far: 217/411
2026-05-09 20:38:36,930 INFO:[TASK 410/500 QUERY 1/4]: re2_test_410_if_the_word_ends_with_consonant_add_v_before_that
2026-05-09 20:38:36,930 INFO:Tasks solved so far: 217/411
2026-05-09 20:38:38,180 INFO:[TASK 410/500 QUERY 2/4]: re2_test_410_if_the_word_ends_with_consonant_add_v_before_that
2026-05-09 20:38:38,180 INFO:Tasks solved so far: 217/411
2026-05-09 20:38:39,313 INFO:[TASK 410/500 QUERY 3/4]: re2_test_410_if_the_word_ends_with_consonant_add_v_before_that
2026-05-09 20:38:39,314 INFO:Tasks solved so far: 217/411
2026-05-09 20:38:40,854 INFO:[TASK 411/500 QUERY 0/4]: re2_test_411_if_the_word_starts_with_consonant_replace_that_with_p_u
2026-05-09 20:38:40,855 INFO:Tasks solved so far: 218/412
2026-05-09 20:38:41,990 INFO:[TASK 412/500 QUERY 0/4]: re2_test_412_if_there_is_vowel_add_b_before_that
2026-05-09 20:38:41,991 INFO:Tasks solved so far: 219/413
2026-05-09 20:38:43,170 INFO:[TASK 413/500 QUERY 0/4]: re2_test_413_if_the_word_starts_with_consonant_replace_that_with_v_n
2026-05-09 20:38:43,170 INFO:Tasks solved so far: 220/414
2026-05-09 20:38:44,194 INFO:[TASK 414/500 QUERY 0/4]: re2_test_414_if_there_is_consonant_replace_that_with_e
2026-05-09 20:38:44,194 INFO:Tasks solved so far: 221/415
2026-05-09 20:38:45,125 INFO:[TASK 415/500 QUERY 0/4]: re2_test_415_if_there_is_consonant_replace_that_with_r
2026-05-09 20:38:45,125 INFO:Tasks solved so far: 222/416
2026-05-09 20:38:46,118 INFO:[TASK 416/500 QUERY 0/4]: re2_test_416_if_there_is_vowel_t_replace_that_with_g
2026-05-09 20:38:46,119 INFO:Tasks solved so far: 222/417
2026-05-09 20:38:46,782 INFO:[TASK 416/500 QUERY 1/4]: re2_test_416_if_there_is_vowel_t_replace_that_with_g
2026-05-09 20:38:46,783 INFO:Tasks solved so far: 222/417
2026-05-09 20:38:47,505 INFO:[TASK 416/500 QUERY 2/4]: re2_test_416_if_there_is_vowel_t_replace_that_with_g
2026-05-09 20:38:47,506 INFO:Tasks solved so far: 222/417
2026-05-09 20:38:47,781 INFO:error_code=rate_limit_exceeded error_message='Rate limit reached for gpt-3.5-turbo-instruct in organization org-RcBdlQU9qh37R7FbksDxiLKA on tokens per min (TPM): Limit 90000, Used 90000, Requested 3066. Please try again in 2.044s. Visit https://platform.openai.com/account/rate-limits to learn more.' error_param=None error_type=tokens message='OpenAI API error received' stream_error=False
2026-05-09 20:38:47,782 INFO:Rate limit reached for gpt-3.5-turbo-instruct in organization org-RcBdlQU9qh37R7FbksDxiLKA on tokens per min (TPM): Limit 90000, Used 90000, Requested 3066. Please try again in 2.044s. Visit https://platform.openai.com/account/rate-limits to learn more.
2026-05-09 20:38:47,782 INFO:ERR: OpenAI rate limit. On attempt 1/5 after waiting 30s.
2026-05-09 20:39:18,816 INFO:[TASK 416/500 QUERY 3/4]: re2_test_416_if_there_is_vowel_t_replace_that_with_g
2026-05-09 20:39:18,816 INFO:Tasks solved so far: 222/417
2026-05-09 20:39:19,915 INFO:[TASK 417/500 QUERY 0/4]: re2_test_417_if_there_is_g_add_r_after_that
2026-05-09 20:39:19,915 INFO:Tasks solved so far: 222/418
2026-05-09 20:39:20,753 INFO:[TASK 417/500 QUERY 1/4]: re2_test_417_if_there_is_g_add_r_after_that
2026-05-09 20:39:20,753 INFO:Tasks solved so far: 222/418
2026-05-09 20:39:21,434 INFO:[TASK 417/500 QUERY 2/4]: re2_test_417_if_there_is_g_add_r_after_that
2026-05-09 20:39:21,434 INFO:Tasks solved so far: 223/418
2026-05-09 20:39:22,760 INFO:[TASK 418/500 QUERY 0/4]: re2_test_418_if_the_word_ends_with_consonant_consonant_add_k_after_that
2026-05-09 20:39:22,760 INFO:Tasks solved so far: 223/419
2026-05-09 20:39:23,626 INFO:[TASK 418/500 QUERY 1/4]: re2_test_418_if_the_word_ends_with_consonant_consonant_add_k_after_that
2026-05-09 20:39:23,626 INFO:Tasks solved so far: 223/419
2026-05-09 20:39:25,067 INFO:[TASK 418/500 QUERY 2/4]: re2_test_418_if_the_word_ends_with_consonant_consonant_add_k_after_that
2026-05-09 20:39:25,068 INFO:Tasks solved so far: 223/419
2026-05-09 20:39:25,958 INFO:[TASK 418/500 QUERY 3/4]: re2_test_418_if_the_word_ends_with_consonant_consonant_add_k_after_that
2026-05-09 20:39:25,958 INFO:Tasks solved so far: 223/419
2026-05-09 20:39:26,927 INFO:[TASK 419/500 QUERY 0/4]: re2_test_419_if_the_word_starts_with_any_letter_replace_that_with_i_t
2026-05-09 20:39:26,927 INFO:Tasks solved so far: 224/420
2026-05-09 20:39:27,969 INFO:[TASK 420/500 QUERY 0/4]: re2_test_420_if_the_word_starts_with_any_letter_any_letter_replace_that_with_p
2026-05-09 20:39:27,969 INFO:Tasks solved so far: 225/421
2026-05-09 20:39:28,888 INFO:[TASK 421/500 QUERY 0/4]: re2_test_421_if_there_is_any_letter_t_replace_that_with_w
2026-05-09 20:39:28,888 INFO:Tasks solved so far: 225/422
2026-05-09 20:39:29,944 INFO:[TASK 421/500 QUERY 1/4]: re2_test_421_if_there_is_any_letter_t_replace_that_with_w
2026-05-09 20:39:29,944 INFO:Tasks solved so far: 225/422
2026-05-09 20:39:30,620 INFO:[TASK 421/500 QUERY 2/4]: re2_test_421_if_there_is_any_letter_t_replace_that_with_w
2026-05-09 20:39:30,620 INFO:Tasks solved so far: 225/422
2026-05-09 20:39:31,357 INFO:[TASK 421/500 QUERY 3/4]: re2_test_421_if_there_is_any_letter_t_replace_that_with_w
2026-05-09 20:39:31,357 INFO:Tasks solved so far: 225/422
2026-05-09 20:39:32,550 INFO:[TASK 422/500 QUERY 0/4]: re2_test_422_if_the_word_starts_with_vowel_consonant_add_b_before_that
2026-05-09 20:39:32,551 INFO:Tasks solved so far: 225/423
2026-05-09 20:39:33,445 INFO:[TASK 422/500 QUERY 1/4]: re2_test_422_if_the_word_starts_with_vowel_consonant_add_b_before_that
2026-05-09 20:39:33,445 INFO:Tasks solved so far: 225/423
2026-05-09 20:39:34,947 INFO:[TASK 422/500 QUERY 2/4]: re2_test_422_if_the_word_starts_with_vowel_consonant_add_b_before_that
2026-05-09 20:39:34,947 INFO:Tasks solved so far: 226/423
2026-05-09 20:39:36,006 INFO:[TASK 423/500 QUERY 0/4]: re2_test_423_if_there_is_r_replace_that_with_a_s
2026-05-09 20:39:36,006 INFO:Tasks solved so far: 227/424
2026-05-09 20:39:37,107 INFO:[TASK 424/500 QUERY 0/4]: re2_test_424_if_the_word_starts_with_consonant_add_s_after_that
2026-05-09 20:39:37,107 INFO:Tasks solved so far: 227/425
2026-05-09 20:39:38,243 INFO:[TASK 424/500 QUERY 1/4]: re2_test_424_if_the_word_starts_with_consonant_add_s_after_that
2026-05-09 20:39:38,243 INFO:Tasks solved so far: 227/425
2026-05-09 20:39:39,501 INFO:[TASK 424/500 QUERY 2/4]: re2_test_424_if_the_word_starts_with_consonant_add_s_after_that
2026-05-09 20:39:39,501 INFO:Tasks solved so far: 227/425
2026-05-09 20:39:40,462 INFO:[TASK 424/500 QUERY 3/4]: re2_test_424_if_the_word_starts_with_consonant_add_s_after_that
2026-05-09 20:39:40,463 INFO:Tasks solved so far: 227/425
2026-05-09 20:39:41,467 INFO:[TASK 425/500 QUERY 0/4]: re2_test_425_if_the_word_starts_with_consonant_replace_that_with_l_n
2026-05-09 20:39:41,467 INFO:Tasks solved so far: 227/426
2026-05-09 20:39:42,087 INFO:[TASK 425/500 QUERY 1/4]: re2_test_425_if_the_word_starts_with_consonant_replace_that_with_l_n
2026-05-09 20:39:42,087 INFO:Tasks solved so far: 227/426
2026-05-09 20:39:42,847 INFO:[TASK 425/500 QUERY 2/4]: re2_test_425_if_the_word_starts_with_consonant_replace_that_with_l_n
2026-05-09 20:39:42,848 INFO:Tasks solved so far: 228/426
2026-05-09 20:39:43,451 INFO:error_code=rate_limit_exceeded error_message='Rate limit reached for gpt-3.5-turbo-instruct in organization org-RcBdlQU9qh37R7FbksDxiLKA on tokens per min (TPM): Limit 90000, Used 88205, Requested 3098. Please try again in 868ms. Visit https://platform.openai.com/account/rate-limits to learn more.' error_param=None error_type=tokens message='OpenAI API error received' stream_error=False
2026-05-09 20:39:43,451 INFO:Rate limit reached for gpt-3.5-turbo-instruct in organization org-RcBdlQU9qh37R7FbksDxiLKA on tokens per min (TPM): Limit 90000, Used 88205, Requested 3098. Please try again in 868ms. Visit https://platform.openai.com/account/rate-limits to learn more.
2026-05-09 20:39:43,451 INFO:ERR: OpenAI rate limit. On attempt 1/5 after waiting 30s.
2026-05-09 20:40:14,068 INFO:[TASK 426/500 QUERY 0/4]: re2_test_426_if_the_word_ends_with_consonant_replace_that_with_g_e
2026-05-09 20:40:14,069 INFO:Tasks solved so far: 228/427
2026-05-09 20:40:14,766 INFO:[TASK 426/500 QUERY 1/4]: re2_test_426_if_the_word_ends_with_consonant_replace_that_with_g_e
2026-05-09 20:40:14,766 INFO:Tasks solved so far: 229/427
2026-05-09 20:40:16,284 INFO:[TASK 427/500 QUERY 0/4]: re2_test_427_if_there_is_s_replace_that_with_t
2026-05-09 20:40:16,284 INFO:Tasks solved so far: 230/428
2026-05-09 20:40:17,555 INFO:[TASK 428/500 QUERY 0/4]: re2_test_428_if_the_word_starts_with_consonant_replace_that_with_u_x
2026-05-09 20:40:17,555 INFO:Tasks solved so far: 231/429
2026-05-09 20:40:18,709 INFO:[TASK 429/500 QUERY 0/4]: re2_test_429_if_there_is_any_letter_g_add_w_after_that
2026-05-09 20:40:18,709 INFO:Tasks solved so far: 231/430
2026-05-09 20:40:19,754 INFO:[TASK 429/500 QUERY 1/4]: re2_test_429_if_there_is_any_letter_g_add_w_after_that
2026-05-09 20:40:19,754 INFO:Tasks solved so far: 231/430
2026-05-09 20:40:20,769 INFO:[TASK 429/500 QUERY 2/4]: re2_test_429_if_there_is_any_letter_g_add_w_after_that
2026-05-09 20:40:20,769 INFO:Tasks solved so far: 231/430
2026-05-09 20:40:21,509 INFO:[TASK 429/500 QUERY 3/4]: re2_test_429_if_there_is_any_letter_g_add_w_after_that
2026-05-09 20:40:21,509 INFO:Tasks solved so far: 231/430
2026-05-09 20:40:23,111 INFO:[TASK 430/500 QUERY 0/4]: re2_test_430_if_the_word_ends_with_consonant_any_letter_replace_that_with_w
2026-05-09 20:40:23,112 INFO:Tasks solved so far: 231/431
2026-05-09 20:40:24,632 INFO:[TASK 430/500 QUERY 1/4]: re2_test_430_if_the_word_ends_with_consonant_any_letter_replace_that_with_w
2026-05-09 20:40:24,632 INFO:Tasks solved so far: 231/431
2026-05-09 20:40:25,486 INFO:[TASK 430/500 QUERY 2/4]: re2_test_430_if_the_word_ends_with_consonant_any_letter_replace_that_with_w
2026-05-09 20:40:25,487 INFO:Tasks solved so far: 231/431
2026-05-09 20:40:26,377 INFO:[TASK 430/500 QUERY 3/4]: re2_test_430_if_the_word_ends_with_consonant_any_letter_replace_that_with_w
2026-05-09 20:40:26,377 INFO:Tasks solved so far: 231/431
2026-05-09 20:40:27,476 INFO:[TASK 431/500 QUERY 0/4]: re2_test_431_if_the_word_starts_with_any_letter_consonant_replace_that_with_x_u
2026-05-09 20:40:27,476 INFO:Tasks solved so far: 231/432
2026-05-09 20:40:28,288 INFO:[TASK 431/500 QUERY 1/4]: re2_test_431_if_the_word_starts_with_any_letter_consonant_replace_that_with_x_u
2026-05-09 20:40:28,289 INFO:Tasks solved so far: 231/432
2026-05-09 20:40:29,091 INFO:[TASK 431/500 QUERY 2/4]: re2_test_431_if_the_word_starts_with_any_letter_consonant_replace_that_with_x_u
2026-05-09 20:40:29,091 INFO:Tasks solved so far: 231/432
2026-05-09 20:40:30,092 INFO:[TASK 431/500 QUERY 3/4]: re2_test_431_if_the_word_starts_with_any_letter_consonant_replace_that_with_x_u
2026-05-09 20:40:30,092 INFO:Tasks solved so far: 231/432
2026-05-09 20:40:31,333 INFO:[TASK 432/500 QUERY 0/4]: re2_test_432_if_the_word_starts_with_consonant_consonant_replace_that_with_i_i
2026-05-09 20:40:31,334 INFO:Tasks solved so far: 231/433
2026-05-09 20:40:32,884 INFO:[TASK 432/500 QUERY 1/4]: re2_test_432_if_the_word_starts_with_consonant_consonant_replace_that_with_i_i
2026-05-09 20:40:32,884 INFO:Tasks solved so far: 231/433
2026-05-09 20:40:33,913 INFO:[TASK 432/500 QUERY 2/4]: re2_test_432_if_the_word_starts_with_consonant_consonant_replace_that_with_i_i
2026-05-09 20:40:33,913 INFO:Tasks solved so far: 231/433
2026-05-09 20:40:35,115 INFO:[TASK 432/500 QUERY 3/4]: re2_test_432_if_the_word_starts_with_consonant_consonant_replace_that_with_i_i
2026-05-09 20:40:35,115 INFO:Tasks solved so far: 231/433
2026-05-09 20:40:36,659 INFO:[TASK 433/500 QUERY 0/4]: re2_test_433_if_there_is_vowel_replace_that_with_l_s
2026-05-09 20:40:36,659 INFO:Tasks solved so far: 232/434
2026-05-09 20:40:38,183 INFO:[TASK 434/500 QUERY 0/4]: re2_test_434_if_the_word_starts_with_any_letter_replace_that_with_j_s
2026-05-09 20:40:38,183 INFO:Tasks solved so far: 233/435
2026-05-09 20:40:39,345 INFO:[TASK 435/500 QUERY 0/4]: re2_test_435_if_there_is_y_replace_that_with_c
2026-05-09 20:40:39,346 INFO:Tasks solved so far: 234/436
2026-05-09 20:40:40,749 INFO:[TASK 436/500 QUERY 0/4]: re2_test_436_if_there_is_consonant_replace_that_with_k
2026-05-09 20:40:40,749 INFO:Tasks solved so far: 235/437
2026-05-09 20:40:41,675 INFO:[TASK 437/500 QUERY 0/4]: re2_test_437_if_there_is_u_replace_that_with_s
2026-05-09 20:40:41,675 INFO:Tasks solved so far: 236/438
2026-05-09 20:40:43,178 INFO:[TASK 438/500 QUERY 0/4]: re2_test_438_if_there_is_any_letter_any_letter_replace_that_with_o_b
2026-05-09 20:40:43,178 INFO:Tasks solved so far: 236/439
2026-05-09 20:40:43,858 INFO:[TASK 438/500 QUERY 1/4]: re2_test_438_if_there_is_any_letter_any_letter_replace_that_with_o_b
2026-05-09 20:40:43,858 INFO:Tasks solved so far: 236/439
2026-05-09 20:40:44,699 INFO:[TASK 438/500 QUERY 2/4]: re2_test_438_if_there_is_any_letter_any_letter_replace_that_with_o_b
2026-05-09 20:40:44,699 INFO:Tasks solved so far: 236/439
2026-05-09 20:40:44,991 INFO:error_code=rate_limit_exceeded error_message='Rate limit reached for gpt-3.5-turbo-instruct in organization org-RcBdlQU9qh37R7FbksDxiLKA on tokens per min (TPM): Limit 90000, Used 87320, Requested 3120. Please try again in 293ms. Visit https://platform.openai.com/account/rate-limits to learn more.' error_param=None error_type=tokens message='OpenAI API error received' stream_error=False
2026-05-09 20:40:44,991 INFO:Rate limit reached for gpt-3.5-turbo-instruct in organization org-RcBdlQU9qh37R7FbksDxiLKA on tokens per min (TPM): Limit 90000, Used 87320, Requested 3120. Please try again in 293ms. Visit https://platform.openai.com/account/rate-limits to learn more.
2026-05-09 20:40:44,991 INFO:ERR: OpenAI rate limit. On attempt 1/5 after waiting 30s.
2026-05-09 20:41:15,725 INFO:[TASK 438/500 QUERY 3/4]: re2_test_438_if_there_is_any_letter_any_letter_replace_that_with_o_b
2026-05-09 20:41:15,725 INFO:Tasks solved so far: 236/439
2026-05-09 20:41:17,795 INFO:[TASK 439/500 QUERY 0/4]: re2_test_439_if_there_is_s_vowel_add_p_after_that
2026-05-09 20:41:17,795 INFO:Tasks solved so far: 236/440
2026-05-09 20:41:18,676 INFO:[TASK 439/500 QUERY 1/4]: re2_test_439_if_there_is_s_vowel_add_p_after_that
2026-05-09 20:41:18,676 INFO:Tasks solved so far: 236/440
2026-05-09 20:41:19,494 INFO:[TASK 439/500 QUERY 2/4]: re2_test_439_if_there_is_s_vowel_add_p_after_that
2026-05-09 20:41:19,494 INFO:Tasks solved so far: 236/440
2026-05-09 20:41:20,626 INFO:[TASK 439/500 QUERY 3/4]: re2_test_439_if_there_is_s_vowel_add_p_after_that
2026-05-09 20:41:20,626 INFO:Tasks solved so far: 236/440
2026-05-09 20:41:21,736 INFO:[TASK 440/500 QUERY 0/4]: re2_test_440_if_there_is_t_any_letter_double_that
2026-05-09 20:41:21,737 INFO:Tasks solved so far: 236/441
2026-05-09 20:41:22,572 INFO:[TASK 440/500 QUERY 1/4]: re2_test_440_if_there_is_t_any_letter_double_that
2026-05-09 20:41:22,573 INFO:Tasks solved so far: 236/441
2026-05-09 20:41:23,681 INFO:[TASK 440/500 QUERY 2/4]: re2_test_440_if_there_is_t_any_letter_double_that
2026-05-09 20:41:23,681 INFO:Tasks solved so far: 236/441
2026-05-09 20:41:24,371 INFO:[TASK 440/500 QUERY 3/4]: re2_test_440_if_there_is_t_any_letter_double_that
2026-05-09 20:41:24,371 INFO:Tasks solved so far: 236/441
2026-05-09 20:41:25,511 INFO:[TASK 441/500 QUERY 0/4]: re2_test_441_if_there_is_any_letter_consonant_add_w_before_that
2026-05-09 20:41:25,511 INFO:Tasks solved so far: 236/442
2026-05-09 20:41:26,278 INFO:[TASK 441/500 QUERY 1/4]: re2_test_441_if_there_is_any_letter_consonant_add_w_before_that
2026-05-09 20:41:26,278 INFO:Tasks solved so far: 236/442
2026-05-09 20:41:27,279 INFO:[TASK 441/500 QUERY 2/4]: re2_test_441_if_there_is_any_letter_consonant_add_w_before_that
2026-05-09 20:41:27,279 INFO:Tasks solved so far: 236/442
2026-05-09 20:41:28,573 INFO:[TASK 441/500 QUERY 3/4]: re2_test_441_if_there_is_any_letter_consonant_add_w_before_that
2026-05-09 20:41:28,574 INFO:Tasks solved so far: 236/442
2026-05-09 20:41:30,656 INFO:[TASK 442/500 QUERY 0/4]: re2_test_442_if_the_word_starts_with_any_letter_vowel_replace_that_with_m
2026-05-09 20:41:30,656 INFO:Tasks solved so far: 236/443
2026-05-09 20:41:32,034 INFO:[TASK 442/500 QUERY 1/4]: re2_test_442_if_the_word_starts_with_any_letter_vowel_replace_that_with_m
2026-05-09 20:41:32,035 INFO:Tasks solved so far: 236/443
2026-05-09 20:41:33,043 INFO:[TASK 442/500 QUERY 2/4]: re2_test_442_if_the_word_starts_with_any_letter_vowel_replace_that_with_m
2026-05-09 20:41:33,043 INFO:Tasks solved so far: 236/443
2026-05-09 20:41:35,013 INFO:[TASK 442/500 QUERY 3/4]: re2_test_442_if_the_word_starts_with_any_letter_vowel_replace_that_with_m
2026-05-09 20:41:35,013 INFO:Tasks solved so far: 236/443
2026-05-09 20:41:36,274 INFO:[TASK 443/500 QUERY 0/4]: re2_test_443_if_the_word_ends_with_vowel_any_letter_add_p_before_that
2026-05-09 20:41:36,274 INFO:Tasks solved so far: 236/444
2026-05-09 20:41:37,356 INFO:[TASK 443/500 QUERY 1/4]: re2_test_443_if_the_word_ends_with_vowel_any_letter_add_p_before_that
2026-05-09 20:41:37,357 INFO:Tasks solved so far: 236/444
2026-05-09 20:41:38,587 INFO:[TASK 443/500 QUERY 2/4]: re2_test_443_if_the_word_ends_with_vowel_any_letter_add_p_before_that
2026-05-09 20:41:38,587 INFO:Tasks solved so far: 236/444
2026-05-09 20:41:39,536 INFO:[TASK 443/500 QUERY 3/4]: re2_test_443_if_the_word_ends_with_vowel_any_letter_add_p_before_that
2026-05-09 20:41:39,536 INFO:Tasks solved so far: 236/444
2026-05-09 20:41:40,590 INFO:[TASK 444/500 QUERY 0/4]: re2_test_444_if_there_is_consonant_replace_that_with_y_f
2026-05-09 20:41:40,590 INFO:Tasks solved so far: 237/445
2026-05-09 20:41:42,193 INFO:[TASK 445/500 QUERY 0/4]: re2_test_445_if_the_word_starts_with_any_letter_vowel_replace_that_with_b_u
2026-05-09 20:41:42,193 INFO:Tasks solved so far: 237/446
2026-05-09 20:41:43,130 INFO:[TASK 445/500 QUERY 1/4]: re2_test_445_if_the_word_starts_with_any_letter_vowel_replace_that_with_b_u
2026-05-09 20:41:43,131 INFO:Tasks solved so far: 237/446
2026-05-09 20:41:44,612 INFO:[TASK 445/500 QUERY 2/4]: re2_test_445_if_the_word_starts_with_any_letter_vowel_replace_that_with_b_u
2026-05-09 20:41:44,612 INFO:Tasks solved so far: 237/446
2026-05-09 20:41:46,037 INFO:[TASK 445/500 QUERY 3/4]: re2_test_445_if_the_word_starts_with_any_letter_vowel_replace_that_with_b_u
2026-05-09 20:41:46,037 INFO:Tasks solved so far: 237/446
2026-05-09 20:41:47,780 INFO:[TASK 446/500 QUERY 0/4]: re2_test_446_if_the_word_starts_with_consonant_consonant_replace_that_with_o_x
2026-05-09 20:41:47,780 INFO:Tasks solved so far: 237/447
2026-05-09 20:41:48,786 INFO:[TASK 446/500 QUERY 1/4]: re2_test_446_if_the_word_starts_with_consonant_consonant_replace_that_with_o_x
2026-05-09 20:41:48,786 INFO:Tasks solved so far: 237/447
2026-05-09 20:41:49,682 INFO:[TASK 446/500 QUERY 2/4]: re2_test_446_if_the_word_starts_with_consonant_consonant_replace_that_with_o_x
2026-05-09 20:41:49,682 INFO:Tasks solved so far: 237/447
2026-05-09 20:41:50,727 INFO:[TASK 446/500 QUERY 3/4]: re2_test_446_if_the_word_starts_with_consonant_consonant_replace_that_with_o_x
2026-05-09 20:41:50,727 INFO:Tasks solved so far: 237/447
2026-05-09 20:41:51,748 INFO:[TASK 447/500 QUERY 0/4]: re2_test_447_if_there_is_vowel_replace_that_with_r_d
2026-05-09 20:41:51,748 INFO:Tasks solved so far: 238/448
2026-05-09 20:41:52,381 INFO:error_code=rate_limit_exceeded error_message='Rate limit reached for gpt-3.5-turbo-instruct in organization org-RcBdlQU9qh37R7FbksDxiLKA on tokens per min (TPM): Limit 90000, Used 88632, Requested 3129. Please try again in 1.174s. Visit https://platform.openai.com/account/rate-limits to learn more.' error_param=None error_type=tokens message='OpenAI API error received' stream_error=False
2026-05-09 20:41:52,381 INFO:Rate limit reached for gpt-3.5-turbo-instruct in organization org-RcBdlQU9qh37R7FbksDxiLKA on tokens per min (TPM): Limit 90000, Used 88632, Requested 3129. Please try again in 1.174s. Visit https://platform.openai.com/account/rate-limits to learn more.
2026-05-09 20:41:52,381 INFO:ERR: OpenAI rate limit. On attempt 1/5 after waiting 30s.
2026-05-09 20:42:23,496 INFO:[TASK 448/500 QUERY 0/4]: re2_test_448_if_there_is_vowel_replace_that_with_b_x
2026-05-09 20:42:23,496 INFO:Tasks solved so far: 239/449
2026-05-09 20:42:24,662 INFO:[TASK 449/500 QUERY 0/4]: re2_test_449_if_the_word_ends_with_any_letter_replace_that_with_n_l
2026-05-09 20:42:24,663 INFO:Tasks solved so far: 239/450
2026-05-09 20:42:25,236 INFO:[TASK 449/500 QUERY 1/4]: re2_test_449_if_the_word_ends_with_any_letter_replace_that_with_n_l
2026-05-09 20:42:25,236 INFO:Tasks solved so far: 240/450
2026-05-09 20:42:26,318 INFO:[TASK 450/500 QUERY 0/4]: re2_test_450_if_there_is_vowel_add_o_after_that
2026-05-09 20:42:26,318 INFO:Tasks solved so far: 241/451
2026-05-09 20:42:28,038 INFO:[TASK 451/500 QUERY 0/4]: re2_test_451_if_the_word_starts_with_any_letter_consonant_replace_that_with_k_r
2026-05-09 20:42:28,038 INFO:Tasks solved so far: 241/452
2026-05-09 20:42:28,684 INFO:[TASK 451/500 QUERY 1/4]: re2_test_451_if_the_word_starts_with_any_letter_consonant_replace_that_with_k_r
2026-05-09 20:42:28,684 INFO:Tasks solved so far: 241/452
2026-05-09 20:42:30,399 INFO:[TASK 451/500 QUERY 2/4]: re2_test_451_if_the_word_starts_with_any_letter_consonant_replace_that_with_k_r
2026-05-09 20:42:30,400 INFO:Tasks solved so far: 241/452
2026-05-09 20:42:31,796 INFO:[TASK 451/500 QUERY 3/4]: re2_test_451_if_the_word_starts_with_any_letter_consonant_replace_that_with_k_r
2026-05-09 20:42:31,796 INFO:Tasks solved so far: 241/452
2026-05-09 20:42:33,379 INFO:[TASK 452/500 QUERY 0/4]: re2_test_452_if_the_word_ends_with_consonant_any_letter_add_d_before_that
2026-05-09 20:42:33,379 INFO:Tasks solved so far: 241/453
2026-05-09 20:42:34,591 INFO:[TASK 452/500 QUERY 1/4]: re2_test_452_if_the_word_ends_with_consonant_any_letter_add_d_before_that
2026-05-09 20:42:34,591 INFO:Tasks solved so far: 241/453
2026-05-09 20:42:35,483 INFO:[TASK 452/500 QUERY 2/4]: re2_test_452_if_the_word_ends_with_consonant_any_letter_add_d_before_that
2026-05-09 20:42:35,484 INFO:Tasks solved so far: 241/453
2026-05-09 20:42:36,731 INFO:[TASK 452/500 QUERY 3/4]: re2_test_452_if_the_word_ends_with_consonant_any_letter_add_d_before_that
2026-05-09 20:42:36,731 INFO:Tasks solved so far: 241/453
2026-05-09 20:42:38,025 INFO:[TASK 453/500 QUERY 0/4]: re2_test_453_if_the_word_starts_with_any_letter_consonant_add_v_before_that
2026-05-09 20:42:38,025 INFO:Tasks solved so far: 241/454
2026-05-09 20:42:39,709 INFO:[TASK 453/500 QUERY 1/4]: re2_test_453_if_the_word_starts_with_any_letter_consonant_add_v_before_that
2026-05-09 20:42:39,709 INFO:Tasks solved so far: 241/454
2026-05-09 20:42:40,609 INFO:[TASK 453/500 QUERY 2/4]: re2_test_453_if_the_word_starts_with_any_letter_consonant_add_v_before_that
2026-05-09 20:42:40,609 INFO:Tasks solved so far: 241/454
2026-05-09 20:42:42,036 INFO:[TASK 453/500 QUERY 3/4]: re2_test_453_if_the_word_starts_with_any_letter_consonant_add_v_before_that
2026-05-09 20:42:42,037 INFO:Tasks solved so far: 241/454
2026-05-09 20:42:43,132 INFO:[TASK 454/500 QUERY 0/4]: re2_test_454_if_there_is_vowel_add_a_after_that
2026-05-09 20:42:43,132 INFO:Tasks solved so far: 241/455
2026-05-09 20:42:43,878 INFO:[TASK 454/500 QUERY 1/4]: re2_test_454_if_there_is_vowel_add_a_after_that
2026-05-09 20:42:43,878 INFO:Tasks solved so far: 242/455
2026-05-09 20:42:44,939 INFO:[TASK 455/500 QUERY 0/4]: re2_test_455_if_there_is_s_replace_that_with_i_y
2026-05-09 20:42:44,939 INFO:Tasks solved so far: 243/456
2026-05-09 20:42:46,452 INFO:[TASK 456/500 QUERY 0/4]: re2_test_456_if_there_is_a_any_letter_replace_that_with_c
2026-05-09 20:42:46,452 INFO:Tasks solved so far: 243/457
2026-05-09 20:42:47,488 INFO:[TASK 456/500 QUERY 1/4]: re2_test_456_if_there_is_a_any_letter_replace_that_with_c
2026-05-09 20:42:47,488 INFO:Tasks solved so far: 243/457
2026-05-09 20:42:48,658 INFO:[TASK 456/500 QUERY 2/4]: re2_test_456_if_there_is_a_any_letter_replace_that_with_c
2026-05-09 20:42:48,658 INFO:Tasks solved so far: 243/457
2026-05-09 20:42:49,483 INFO:[TASK 456/500 QUERY 3/4]: re2_test_456_if_there_is_a_any_letter_replace_that_with_c
2026-05-09 20:42:49,483 INFO:Tasks solved so far: 243/457
2026-05-09 20:42:51,233 INFO:[TASK 457/500 QUERY 0/4]: re2_test_457_if_the_word_starts_with_consonant_any_letter_replace_that_with_b_e
2026-05-09 20:42:51,233 INFO:Tasks solved so far: 243/458
2026-05-09 20:42:52,095 INFO:[TASK 457/500 QUERY 1/4]: re2_test_457_if_the_word_starts_with_consonant_any_letter_replace_that_with_b_e
2026-05-09 20:42:52,095 INFO:Tasks solved so far: 243/458
2026-05-09 20:42:53,070 INFO:[TASK 457/500 QUERY 2/4]: re2_test_457_if_the_word_starts_with_consonant_any_letter_replace_that_with_b_e
2026-05-09 20:42:53,070 INFO:Tasks solved so far: 243/458
2026-05-09 20:42:54,078 INFO:[TASK 457/500 QUERY 3/4]: re2_test_457_if_the_word_starts_with_consonant_any_letter_replace_that_with_b_e
2026-05-09 20:42:54,078 INFO:Tasks solved so far: 243/458
2026-05-09 20:42:55,211 INFO:[TASK 458/500 QUERY 0/4]: re2_test_458_if_there_is_c_any_letter_replace_that_with_g_w
2026-05-09 20:42:55,211 INFO:Tasks solved so far: 243/459
2026-05-09 20:42:56,043 INFO:[TASK 458/500 QUERY 1/4]: re2_test_458_if_there_is_c_any_letter_replace_that_with_g_w
2026-05-09 20:42:56,043 INFO:Tasks solved so far: 243/459
2026-05-09 20:42:56,334 INFO:error_code=rate_limit_exceeded error_message='Rate limit reached for gpt-3.5-turbo-instruct in organization org-RcBdlQU9qh37R7FbksDxiLKA on tokens per min (TPM): Limit 90000, Used 87893, Requested 3118. Please try again in 674ms. Visit https://platform.openai.com/account/rate-limits to learn more.' error_param=None error_type=tokens message='OpenAI API error received' stream_error=False
2026-05-09 20:42:56,334 INFO:Rate limit reached for gpt-3.5-turbo-instruct in organization org-RcBdlQU9qh37R7FbksDxiLKA on tokens per min (TPM): Limit 90000, Used 87893, Requested 3118. Please try again in 674ms. Visit https://platform.openai.com/account/rate-limits to learn more.
2026-05-09 20:42:56,334 INFO:ERR: OpenAI rate limit. On attempt 1/5 after waiting 30s.
2026-05-09 20:43:27,304 INFO:[TASK 458/500 QUERY 2/4]: re2_test_458_if_there_is_c_any_letter_replace_that_with_g_w
2026-05-09 20:43:27,305 INFO:Tasks solved so far: 243/459
2026-05-09 20:43:28,340 INFO:[TASK 458/500 QUERY 3/4]: re2_test_458_if_there_is_c_any_letter_replace_that_with_g_w
2026-05-09 20:43:28,340 INFO:Tasks solved so far: 243/459
2026-05-09 20:43:29,471 INFO:[TASK 459/500 QUERY 0/4]: re2_test_459_if_the_word_ends_with_any_letter_replace_that_with_o_o
2026-05-09 20:43:29,471 INFO:Tasks solved so far: 243/460
2026-05-09 20:43:30,074 INFO:[TASK 459/500 QUERY 1/4]: re2_test_459_if_the_word_ends_with_any_letter_replace_that_with_o_o
2026-05-09 20:43:30,074 INFO:Tasks solved so far: 243/460
2026-05-09 20:43:30,921 INFO:[TASK 459/500 QUERY 2/4]: re2_test_459_if_the_word_ends_with_any_letter_replace_that_with_o_o
2026-05-09 20:43:30,921 INFO:Tasks solved so far: 244/460
2026-05-09 20:43:32,072 INFO:[TASK 460/500 QUERY 0/4]: re2_test_460_if_the_word_starts_with_any_letter_any_letter_replace_that_with_g
2026-05-09 20:43:32,072 INFO:Tasks solved so far: 244/461
2026-05-09 20:43:32,992 INFO:[TASK 460/500 QUERY 1/4]: re2_test_460_if_the_word_starts_with_any_letter_any_letter_replace_that_with_g
2026-05-09 20:43:32,992 INFO:Tasks solved so far: 245/461
2026-05-09 20:43:34,941 INFO:[TASK 461/500 QUERY 0/4]: re2_test_461_if_the_word_ends_with_any_letter_s_replace_that_with_p_u
2026-05-09 20:43:34,941 INFO:Tasks solved so far: 245/462
2026-05-09 20:43:36,526 INFO:[TASK 461/500 QUERY 1/4]: re2_test_461_if_the_word_ends_with_any_letter_s_replace_that_with_p_u
2026-05-09 20:43:36,527 INFO:Tasks solved so far: 245/462
2026-05-09 20:43:38,120 INFO:[TASK 461/500 QUERY 2/4]: re2_test_461_if_the_word_ends_with_any_letter_s_replace_that_with_p_u
2026-05-09 20:43:38,120 INFO:Tasks solved so far: 245/462
2026-05-09 20:43:39,024 INFO:[TASK 461/500 QUERY 3/4]: re2_test_461_if_the_word_ends_with_any_letter_s_replace_that_with_p_u
2026-05-09 20:43:39,025 INFO:Tasks solved so far: 245/462
2026-05-09 20:43:40,433 INFO:[TASK 462/500 QUERY 0/4]: re2_test_462_if_there_is_vowel_replace_that_with_i
2026-05-09 20:43:40,433 INFO:Tasks solved so far: 246/463
2026-05-09 20:43:41,414 INFO:[TASK 463/500 QUERY 0/4]: re2_test_463_if_the_word_starts_with_consonant_replace_that_with_m
2026-05-09 20:43:41,414 INFO:Tasks solved so far: 247/464
2026-05-09 20:43:42,361 INFO:[TASK 464/500 QUERY 0/4]: re2_test_464_if_the_word_starts_with_vowel_replace_that_with_u_l
2026-05-09 20:43:42,362 INFO:Tasks solved so far: 247/465
2026-05-09 20:43:43,549 INFO:[TASK 464/500 QUERY 1/4]: re2_test_464_if_the_word_starts_with_vowel_replace_that_with_u_l
2026-05-09 20:43:43,549 INFO:Tasks solved so far: 247/465
2026-05-09 20:43:44,566 INFO:[TASK 464/500 QUERY 2/4]: re2_test_464_if_the_word_starts_with_vowel_replace_that_with_u_l
2026-05-09 20:43:44,566 INFO:Tasks solved so far: 248/465
2026-05-09 20:43:45,677 INFO:[TASK 465/500 QUERY 0/4]: re2_test_465_if_there_is_t_any_letter_replace_that_with_f
2026-05-09 20:43:45,677 INFO:Tasks solved so far: 248/466
2026-05-09 20:43:46,431 INFO:[TASK 465/500 QUERY 1/4]: re2_test_465_if_there_is_t_any_letter_replace_that_with_f
2026-05-09 20:43:46,431 INFO:Tasks solved so far: 248/466
2026-05-09 20:43:47,688 INFO:[TASK 465/500 QUERY 2/4]: re2_test_465_if_there_is_t_any_letter_replace_that_with_f
2026-05-09 20:43:47,689 INFO:Tasks solved so far: 248/466
2026-05-09 20:43:48,357 INFO:[TASK 465/500 QUERY 3/4]: re2_test_465_if_there_is_t_any_letter_replace_that_with_f
2026-05-09 20:43:48,357 INFO:Tasks solved so far: 248/466
2026-05-09 20:43:50,277 INFO:[TASK 466/500 QUERY 0/4]: re2_test_466_if_there_is_consonant_any_letter_replace_that_with_n_u
2026-05-09 20:43:50,277 INFO:Tasks solved so far: 248/467
2026-05-09 20:43:51,067 INFO:[TASK 466/500 QUERY 1/4]: re2_test_466_if_there_is_consonant_any_letter_replace_that_with_n_u
2026-05-09 20:43:51,067 INFO:Tasks solved so far: 248/467
2026-05-09 20:43:52,339 INFO:[TASK 466/500 QUERY 2/4]: re2_test_466_if_there_is_consonant_any_letter_replace_that_with_n_u
2026-05-09 20:43:52,339 INFO:Tasks solved so far: 248/467
2026-05-09 20:43:53,141 INFO:[TASK 466/500 QUERY 3/4]: re2_test_466_if_there_is_consonant_any_letter_replace_that_with_n_u
2026-05-09 20:43:53,142 INFO:Tasks solved so far: 248/467
2026-05-09 20:43:54,410 INFO:[TASK 467/500 QUERY 0/4]: re2_test_467_if_the_word_starts_with_consonant_replace_that_with_s_a
2026-05-09 20:43:54,410 INFO:Tasks solved so far: 248/468
2026-05-09 20:43:55,292 INFO:[TASK 467/500 QUERY 1/4]: re2_test_467_if_the_word_starts_with_consonant_replace_that_with_s_a
2026-05-09 20:43:55,292 INFO:Tasks solved so far: 249/468
2026-05-09 20:43:56,636 INFO:[TASK 468/500 QUERY 0/4]: re2_test_468_if_the_word_starts_with_consonant_any_letter_replace_that_with_o
2026-05-09 20:43:56,636 INFO:Tasks solved so far: 249/469
2026-05-09 20:43:57,958 INFO:[TASK 468/500 QUERY 1/4]: re2_test_468_if_the_word_starts_with_consonant_any_letter_replace_that_with_o
2026-05-09 20:43:57,958 INFO:Tasks solved so far: 249/469
2026-05-09 20:43:58,977 INFO:[TASK 468/500 QUERY 2/4]: re2_test_468_if_the_word_starts_with_consonant_any_letter_replace_that_with_o
2026-05-09 20:43:58,977 INFO:Tasks solved so far: 249/469
2026-05-09 20:43:59,290 INFO:error_code=rate_limit_exceeded error_message='Rate limit reached for gpt-3.5-turbo-instruct in organization org-RcBdlQU9qh37R7FbksDxiLKA on tokens per min (TPM): Limit 90000, Used 88241, Requested 3119. Please try again in 906ms. Visit https://platform.openai.com/account/rate-limits to learn more.' error_param=None error_type=tokens message='OpenAI API error received' stream_error=False
2026-05-09 20:43:59,290 INFO:Rate limit reached for gpt-3.5-turbo-instruct in organization org-RcBdlQU9qh37R7FbksDxiLKA on tokens per min (TPM): Limit 90000, Used 88241, Requested 3119. Please try again in 906ms. Visit https://platform.openai.com/account/rate-limits to learn more.
2026-05-09 20:43:59,290 INFO:ERR: OpenAI rate limit. On attempt 1/5 after waiting 30s.
2026-05-09 20:44:30,562 INFO:[TASK 468/500 QUERY 3/4]: re2_test_468_if_the_word_starts_with_consonant_any_letter_replace_that_with_o
2026-05-09 20:44:30,562 INFO:Tasks solved so far: 249/469
2026-05-09 20:44:31,804 INFO:[TASK 469/500 QUERY 0/4]: re2_test_469_if_the_word_starts_with_any_letter_consonant_add_f_before_that
2026-05-09 20:44:31,805 INFO:Tasks solved so far: 249/470
2026-05-09 20:44:33,450 INFO:[TASK 469/500 QUERY 1/4]: re2_test_469_if_the_word_starts_with_any_letter_consonant_add_f_before_that
2026-05-09 20:44:33,450 INFO:Tasks solved so far: 249/470
2026-05-09 20:44:35,008 INFO:[TASK 469/500 QUERY 2/4]: re2_test_469_if_the_word_starts_with_any_letter_consonant_add_f_before_that
2026-05-09 20:44:35,009 INFO:Tasks solved so far: 249/470
2026-05-09 20:44:35,963 INFO:[TASK 469/500 QUERY 3/4]: re2_test_469_if_the_word_starts_with_any_letter_consonant_add_f_before_that
2026-05-09 20:44:35,963 INFO:Tasks solved so far: 249/470
2026-05-09 20:44:37,471 INFO:[TASK 470/500 QUERY 0/4]: re2_test_470_if_the_word_ends_with_vowel_consonant_add_s_before_that
2026-05-09 20:44:37,471 INFO:Tasks solved so far: 249/471
2026-05-09 20:44:38,835 INFO:[TASK 470/500 QUERY 1/4]: re2_test_470_if_the_word_ends_with_vowel_consonant_add_s_before_that
2026-05-09 20:44:38,835 INFO:Tasks solved so far: 249/471
2026-05-09 20:44:40,050 INFO:[TASK 470/500 QUERY 2/4]: re2_test_470_if_the_word_ends_with_vowel_consonant_add_s_before_that
2026-05-09 20:44:40,050 INFO:Tasks solved so far: 249/471
2026-05-09 20:44:40,906 INFO:[TASK 470/500 QUERY 3/4]: re2_test_470_if_the_word_ends_with_vowel_consonant_add_s_before_that
2026-05-09 20:44:40,906 INFO:Tasks solved so far: 249/471
2026-05-09 20:44:41,951 INFO:[TASK 471/500 QUERY 0/4]: re2_test_471_if_the_word_starts_with_consonant_replace_that_with_s_s
2026-05-09 20:44:41,951 INFO:Tasks solved so far: 250/472
2026-05-09 20:44:43,129 INFO:[TASK 472/500 QUERY 0/4]: re2_test_472_if_the_word_starts_with_vowel_replace_that_with_y_k
2026-05-09 20:44:43,129 INFO:Tasks solved so far: 251/473
2026-05-09 20:44:44,155 INFO:[TASK 473/500 QUERY 0/4]: re2_test_473_if_the_word_starts_with_any_letter_replace_that_with_n_i
2026-05-09 20:44:44,155 INFO:Tasks solved so far: 252/474
2026-05-09 20:44:45,128 INFO:[TASK 474/500 QUERY 0/4]: re2_test_474_if_the_word_ends_with_any_letter_replace_that_with_y_r
2026-05-09 20:44:45,129 INFO:Tasks solved so far: 253/475
2026-05-09 20:44:46,126 INFO:[TASK 475/500 QUERY 0/4]: re2_test_475_if_there_is_n_any_letter_replace_that_with_s
2026-05-09 20:44:46,126 INFO:Tasks solved so far: 253/476
2026-05-09 20:44:46,865 INFO:[TASK 475/500 QUERY 1/4]: re2_test_475_if_there_is_n_any_letter_replace_that_with_s
2026-05-09 20:44:46,866 INFO:Tasks solved so far: 253/476
2026-05-09 20:44:48,447 INFO:[TASK 475/500 QUERY 2/4]: re2_test_475_if_there_is_n_any_letter_replace_that_with_s
2026-05-09 20:44:48,448 INFO:Tasks solved so far: 253/476
2026-05-09 20:44:49,628 INFO:[TASK 475/500 QUERY 3/4]: re2_test_475_if_there_is_n_any_letter_replace_that_with_s
2026-05-09 20:44:49,628 INFO:Tasks solved so far: 253/476
2026-05-09 20:44:50,755 INFO:[TASK 476/500 QUERY 0/4]: re2_test_476_if_there_is_p_vowel_replace_that_with_m_e
2026-05-09 20:44:50,755 INFO:Tasks solved so far: 253/477
2026-05-09 20:44:52,089 INFO:[TASK 476/500 QUERY 1/4]: re2_test_476_if_there_is_p_vowel_replace_that_with_m_e
2026-05-09 20:44:52,089 INFO:Tasks solved so far: 253/477
2026-05-09 20:44:53,059 INFO:[TASK 476/500 QUERY 2/4]: re2_test_476_if_there_is_p_vowel_replace_that_with_m_e
2026-05-09 20:44:53,059 INFO:Tasks solved so far: 253/477
2026-05-09 20:44:53,861 INFO:[TASK 476/500 QUERY 3/4]: re2_test_476_if_there_is_p_vowel_replace_that_with_m_e
2026-05-09 20:44:53,861 INFO:Tasks solved so far: 253/477
2026-05-09 20:44:55,502 INFO:[TASK 477/500 QUERY 0/4]: re2_test_477_if_there_is_vowel_replace_that_with_v_r
2026-05-09 20:44:55,502 INFO:Tasks solved so far: 254/478
2026-05-09 20:44:56,507 INFO:[TASK 478/500 QUERY 0/4]: re2_test_478_if_there_is_t_replace_that_with_g_j
2026-05-09 20:44:56,507 INFO:Tasks solved so far: 255/479
2026-05-09 20:44:57,795 INFO:[TASK 479/500 QUERY 0/4]: re2_test_479_if_the_word_starts_with_consonant_any_letter_replace_that_with_x
2026-05-09 20:44:57,795 INFO:Tasks solved so far: 255/480
2026-05-09 20:44:59,310 INFO:[TASK 479/500 QUERY 1/4]: re2_test_479_if_the_word_starts_with_consonant_any_letter_replace_that_with_x
2026-05-09 20:44:59,310 INFO:Tasks solved so far: 255/480
2026-05-09 20:45:00,179 INFO:[TASK 479/500 QUERY 2/4]: re2_test_479_if_the_word_starts_with_consonant_any_letter_replace_that_with_x
2026-05-09 20:45:00,179 INFO:Tasks solved so far: 255/480
2026-05-09 20:45:01,409 INFO:[TASK 479/500 QUERY 3/4]: re2_test_479_if_the_word_starts_with_consonant_any_letter_replace_that_with_x
2026-05-09 20:45:01,409 INFO:Tasks solved so far: 255/480
2026-05-09 20:45:03,052 INFO:[TASK 480/500 QUERY 0/4]: re2_test_480_if_there_is_consonant_any_letter_replace_that_with_w_q
2026-05-09 20:45:03,052 INFO:Tasks solved so far: 255/481
2026-05-09 20:45:03,973 INFO:[TASK 480/500 QUERY 1/4]: re2_test_480_if_there_is_consonant_any_letter_replace_that_with_w_q
2026-05-09 20:45:03,973 INFO:Tasks solved so far: 255/481
2026-05-09 20:45:04,761 INFO:[TASK 480/500 QUERY 2/4]: re2_test_480_if_there_is_consonant_any_letter_replace_that_with_w_q
2026-05-09 20:45:04,762 INFO:Tasks solved so far: 255/481
2026-05-09 20:45:05,046 INFO:error_code=rate_limit_exceeded error_message='Rate limit reached for gpt-3.5-turbo-instruct in organization org-RcBdlQU9qh37R7FbksDxiLKA on tokens per min (TPM): Limit 90000, Used 87990, Requested 3075. Please try again in 710ms. Visit https://platform.openai.com/account/rate-limits to learn more.' error_param=None error_type=tokens message='OpenAI API error received' stream_error=False
2026-05-09 20:45:05,046 INFO:Rate limit reached for gpt-3.5-turbo-instruct in organization org-RcBdlQU9qh37R7FbksDxiLKA on tokens per min (TPM): Limit 90000, Used 87990, Requested 3075. Please try again in 710ms. Visit https://platform.openai.com/account/rate-limits to learn more.
2026-05-09 20:45:05,046 INFO:ERR: OpenAI rate limit. On attempt 1/5 after waiting 30s.
2026-05-09 20:45:36,785 INFO:[TASK 480/500 QUERY 3/4]: re2_test_480_if_there_is_consonant_any_letter_replace_that_with_w_q
2026-05-09 20:45:36,785 INFO:Tasks solved so far: 255/481
2026-05-09 20:45:38,729 INFO:[TASK 481/500 QUERY 0/4]: re2_test_481_if_there_is_vowel_add_j_after_that
2026-05-09 20:45:38,729 INFO:Tasks solved so far: 256/482
2026-05-09 20:45:40,066 INFO:[TASK 482/500 QUERY 0/4]: re2_test_482_if_the_word_starts_with_consonant_vowel_replace_that_with_w
2026-05-09 20:45:40,066 INFO:Tasks solved so far: 256/483
2026-05-09 20:45:41,475 INFO:[TASK 482/500 QUERY 1/4]: re2_test_482_if_the_word_starts_with_consonant_vowel_replace_that_with_w
2026-05-09 20:45:41,475 INFO:Tasks solved so far: 256/483
2026-05-09 20:45:43,063 INFO:[TASK 482/500 QUERY 2/4]: re2_test_482_if_the_word_starts_with_consonant_vowel_replace_that_with_w
2026-05-09 20:45:43,063 INFO:Tasks solved so far: 256/483
2026-05-09 20:45:44,434 INFO:[TASK 482/500 QUERY 3/4]: re2_test_482_if_the_word_starts_with_consonant_vowel_replace_that_with_w
2026-05-09 20:45:44,435 INFO:Tasks solved so far: 256/483
2026-05-09 20:45:45,877 INFO:[TASK 483/500 QUERY 0/4]: re2_test_483_if_the_word_ends_with_vowel_any_letter_replace_that_with_i_s
2026-05-09 20:45:45,877 INFO:Tasks solved so far: 256/484
2026-05-09 20:45:46,886 INFO:[TASK 483/500 QUERY 1/4]: re2_test_483_if_the_word_ends_with_vowel_any_letter_replace_that_with_i_s
2026-05-09 20:45:46,887 INFO:Tasks solved so far: 256/484
2026-05-09 20:45:47,765 INFO:[TASK 483/500 QUERY 2/4]: re2_test_483_if_the_word_ends_with_vowel_any_letter_replace_that_with_i_s
2026-05-09 20:45:47,765 INFO:Tasks solved so far: 256/484
2026-05-09 20:45:49,322 INFO:[TASK 483/500 QUERY 3/4]: re2_test_483_if_the_word_ends_with_vowel_any_letter_replace_that_with_i_s
2026-05-09 20:45:49,322 INFO:Tasks solved so far: 256/484
2026-05-09 20:45:50,308 INFO:[TASK 484/500 QUERY 0/4]: re2_test_484_if_the_word_starts_with_c_replace_that_with_b
2026-05-09 20:45:50,308 INFO:Tasks solved so far: 256/485
2026-05-09 20:45:51,004 INFO:[TASK 484/500 QUERY 1/4]: re2_test_484_if_the_word_starts_with_c_replace_that_with_b
2026-05-09 20:45:51,005 INFO:Tasks solved so far: 256/485
2026-05-09 20:45:52,303 INFO:[TASK 484/500 QUERY 2/4]: re2_test_484_if_the_word_starts_with_c_replace_that_with_b
2026-05-09 20:45:52,304 INFO:Tasks solved so far: 256/485
2026-05-09 20:45:53,112 INFO:[TASK 484/500 QUERY 3/4]: re2_test_484_if_the_word_starts_with_c_replace_that_with_b
2026-05-09 20:45:53,112 INFO:Tasks solved so far: 256/485
2026-05-09 20:45:54,460 INFO:[TASK 485/500 QUERY 0/4]: re2_test_485_if_there_is_s_replace_that_with_v_p
2026-05-09 20:45:54,460 INFO:Tasks solved so far: 256/486
2026-05-09 20:45:55,134 INFO:[TASK 485/500 QUERY 1/4]: re2_test_485_if_there_is_s_replace_that_with_v_p
2026-05-09 20:45:55,134 INFO:Tasks solved so far: 257/486
2026-05-09 20:45:56,349 INFO:[TASK 486/500 QUERY 0/4]: re2_test_486_if_there_is_vowel_consonant_replace_that_with_y
2026-05-09 20:45:56,349 INFO:Tasks solved so far: 257/487
2026-05-09 20:45:57,199 INFO:[TASK 486/500 QUERY 1/4]: re2_test_486_if_there_is_vowel_consonant_replace_that_with_y
2026-05-09 20:45:57,200 INFO:Tasks solved so far: 257/487
2026-05-09 20:45:58,547 INFO:[TASK 486/500 QUERY 2/4]: re2_test_486_if_there_is_vowel_consonant_replace_that_with_y
2026-05-09 20:45:58,548 INFO:Tasks solved so far: 257/487
2026-05-09 20:45:59,998 INFO:[TASK 486/500 QUERY 3/4]: re2_test_486_if_there_is_vowel_consonant_replace_that_with_y
2026-05-09 20:45:59,998 INFO:Tasks solved so far: 257/487
2026-05-09 20:46:01,158 INFO:[TASK 487/500 QUERY 0/4]: re2_test_487_if_there_is_t_consonant_replace_that_with_h
2026-05-09 20:46:01,158 INFO:Tasks solved so far: 257/488
2026-05-09 20:46:02,334 INFO:[TASK 487/500 QUERY 1/4]: re2_test_487_if_there_is_t_consonant_replace_that_with_h
2026-05-09 20:46:02,334 INFO:Tasks solved so far: 257/488
2026-05-09 20:46:03,228 INFO:[TASK 487/500 QUERY 2/4]: re2_test_487_if_there_is_t_consonant_replace_that_with_h
2026-05-09 20:46:03,228 INFO:Tasks solved so far: 257/488
2026-05-09 20:46:03,920 INFO:[TASK 487/500 QUERY 3/4]: re2_test_487_if_there_is_t_consonant_replace_that_with_h
2026-05-09 20:46:03,920 INFO:Tasks solved so far: 257/488
2026-05-09 20:46:04,956 INFO:[TASK 488/500 QUERY 0/4]: re2_test_488_if_the_word_ends_with_consonant_replace_that_with_l
2026-05-09 20:46:04,956 INFO:Tasks solved so far: 257/489
2026-05-09 20:46:06,458 INFO:[TASK 488/500 QUERY 1/4]: re2_test_488_if_the_word_ends_with_consonant_replace_that_with_l
2026-05-09 20:46:06,458 INFO:Tasks solved so far: 258/489
2026-05-09 20:46:08,080 INFO:[TASK 489/500 QUERY 0/4]: re2_test_489_if_there_is_consonant_any_letter_add_l_after_that
2026-05-09 20:46:08,081 INFO:Tasks solved so far: 258/490
2026-05-09 20:46:09,053 INFO:[TASK 489/500 QUERY 1/4]: re2_test_489_if_there_is_consonant_any_letter_add_l_after_that
2026-05-09 20:46:09,053 INFO:Tasks solved so far: 258/490
2026-05-09 20:46:10,151 INFO:[TASK 489/500 QUERY 2/4]: re2_test_489_if_there_is_consonant_any_letter_add_l_after_that
2026-05-09 20:46:10,152 INFO:Tasks solved so far: 258/490
2026-05-09 20:46:11,112 INFO:[TASK 489/500 QUERY 3/4]: re2_test_489_if_there_is_consonant_any_letter_add_l_after_that
2026-05-09 20:46:11,112 INFO:Tasks solved so far: 258/490
2026-05-09 20:46:12,383 INFO:[TASK 490/500 QUERY 0/4]: re2_test_490_if_the_word_starts_with_consonant_e_replace_that_with_j
2026-05-09 20:46:12,383 INFO:Tasks solved so far: 258/491
2026-05-09 20:46:13,253 INFO:[TASK 490/500 QUERY 1/4]: re2_test_490_if_the_word_starts_with_consonant_e_replace_that_with_j
2026-05-09 20:46:13,253 INFO:Tasks solved so far: 258/491
2026-05-09 20:46:13,547 INFO:error_code=rate_limit_exceeded error_message='Rate limit reached for gpt-3.5-turbo-instruct in organization org-RcBdlQU9qh37R7FbksDxiLKA on tokens per min (TPM): Limit 90000, Used 87050, Requested 3170. Please try again in 146ms. Visit https://platform.openai.com/account/rate-limits to learn more.' error_param=None error_type=tokens message='OpenAI API error received' stream_error=False
2026-05-09 20:46:13,547 INFO:Rate limit reached for gpt-3.5-turbo-instruct in organization org-RcBdlQU9qh37R7FbksDxiLKA on tokens per min (TPM): Limit 90000, Used 87050, Requested 3170. Please try again in 146ms. Visit https://platform.openai.com/account/rate-limits to learn more.
2026-05-09 20:46:13,547 INFO:ERR: OpenAI rate limit. On attempt 1/5 after waiting 30s.
2026-05-09 20:46:44,329 INFO:[TASK 490/500 QUERY 2/4]: re2_test_490_if_the_word_starts_with_consonant_e_replace_that_with_j
2026-05-09 20:46:44,329 INFO:Tasks solved so far: 258/491
2026-05-09 20:46:45,839 INFO:[TASK 490/500 QUERY 3/4]: re2_test_490_if_the_word_starts_with_consonant_e_replace_that_with_j
2026-05-09 20:46:45,839 INFO:Tasks solved so far: 258/491
2026-05-09 20:46:48,189 INFO:[TASK 491/500 QUERY 0/4]: re2_test_491_if_the_word_starts_with_any_letter_vowel_replace_that_with_c_m
2026-05-09 20:46:48,189 INFO:Tasks solved so far: 258/492
2026-05-09 20:46:49,260 INFO:[TASK 491/500 QUERY 1/4]: re2_test_491_if_the_word_starts_with_any_letter_vowel_replace_that_with_c_m
2026-05-09 20:46:49,261 INFO:Tasks solved so far: 258/492
2026-05-09 20:46:50,132 INFO:[TASK 491/500 QUERY 2/4]: re2_test_491_if_the_word_starts_with_any_letter_vowel_replace_that_with_c_m
2026-05-09 20:46:50,132 INFO:Tasks solved so far: 258/492
2026-05-09 20:46:51,040 INFO:[TASK 491/500 QUERY 3/4]: re2_test_491_if_the_word_starts_with_any_letter_vowel_replace_that_with_c_m
2026-05-09 20:46:51,041 INFO:Tasks solved so far: 258/492
2026-05-09 20:46:52,864 INFO:[TASK 492/500 QUERY 0/4]: re2_test_492_if_there_is_consonant_replace_that_with_r_o
2026-05-09 20:46:52,864 INFO:Tasks solved so far: 259/493
2026-05-09 20:46:54,797 INFO:[TASK 493/500 QUERY 0/4]: re2_test_493_if_the_word_ends_with_any_letter_add_n_before_that
2026-05-09 20:46:54,797 INFO:Tasks solved so far: 259/494
2026-05-09 20:46:55,487 INFO:[TASK 493/500 QUERY 1/4]: re2_test_493_if_the_word_ends_with_any_letter_add_n_before_that
2026-05-09 20:46:55,487 INFO:Tasks solved so far: 259/494
2026-05-09 20:46:56,205 INFO:[TASK 493/500 QUERY 2/4]: re2_test_493_if_the_word_ends_with_any_letter_add_n_before_that
2026-05-09 20:46:56,206 INFO:Tasks solved so far: 259/494
2026-05-09 20:46:57,290 INFO:[TASK 493/500 QUERY 3/4]: re2_test_493_if_the_word_ends_with_any_letter_add_n_before_that
2026-05-09 20:46:57,290 INFO:Tasks solved so far: 259/494
2026-05-09 20:46:58,868 INFO:[TASK 494/500 QUERY 0/4]: re2_test_494_if_the_word_starts_with_vowel_replace_that_with_c_u
2026-05-09 20:46:58,868 INFO:Tasks solved so far: 260/495
2026-05-09 20:47:01,123 INFO:[TASK 495/500 QUERY 0/4]: re2_test_495_if_there_is_vowel_n_replace_that_with_q
2026-05-09 20:47:01,124 INFO:Tasks solved so far: 260/496
2026-05-09 20:47:01,894 INFO:[TASK 495/500 QUERY 1/4]: re2_test_495_if_there_is_vowel_n_replace_that_with_q
2026-05-09 20:47:01,894 INFO:Tasks solved so far: 260/496
2026-05-09 20:47:02,581 INFO:[TASK 495/500 QUERY 2/4]: re2_test_495_if_there_is_vowel_n_replace_that_with_q
2026-05-09 20:47:02,581 INFO:Tasks solved so far: 260/496
2026-05-09 20:47:03,398 INFO:[TASK 495/500 QUERY 3/4]: re2_test_495_if_there_is_vowel_n_replace_that_with_q
2026-05-09 20:47:03,398 INFO:Tasks solved so far: 260/496
2026-05-09 20:47:05,662 INFO:[TASK 496/500 QUERY 0/4]: re2_test_496_if_the_word_ends_with_any_letter_consonant_add_h_after_that
2026-05-09 20:47:05,662 INFO:Tasks solved so far: 260/497
2026-05-09 20:47:06,570 INFO:[TASK 496/500 QUERY 1/4]: re2_test_496_if_the_word_ends_with_any_letter_consonant_add_h_after_that
2026-05-09 20:47:06,570 INFO:Tasks solved so far: 260/497
2026-05-09 20:47:07,822 INFO:[TASK 496/500 QUERY 2/4]: re2_test_496_if_the_word_ends_with_any_letter_consonant_add_h_after_that
2026-05-09 20:47:07,822 INFO:Tasks solved so far: 260/497
2026-05-09 20:47:09,626 INFO:[TASK 496/500 QUERY 3/4]: re2_test_496_if_the_word_ends_with_any_letter_consonant_add_h_after_that
2026-05-09 20:47:09,626 INFO:Tasks solved so far: 260/497
2026-05-09 20:47:11,245 INFO:[TASK 497/500 QUERY 0/4]: re2_test_497_if_the_word_starts_with_any_letter_replace_that_with_l_g
2026-05-09 20:47:11,245 INFO:Tasks solved so far: 261/498
2026-05-09 20:47:13,043 INFO:[TASK 498/500 QUERY 0/4]: re2_test_498_if_there_is_vowel_r_add_u_before_that
2026-05-09 20:47:13,043 INFO:Tasks solved so far: 261/499
2026-05-09 20:47:13,865 INFO:[TASK 498/500 QUERY 1/4]: re2_test_498_if_there_is_vowel_r_add_u_before_that
2026-05-09 20:47:13,865 INFO:Tasks solved so far: 261/499
2026-05-09 20:47:14,698 INFO:[TASK 498/500 QUERY 2/4]: re2_test_498_if_there_is_vowel_r_add_u_before_that
2026-05-09 20:47:14,698 INFO:Tasks solved so far: 261/499
2026-05-09 20:47:15,629 INFO:[TASK 498/500 QUERY 3/4]: re2_test_498_if_there_is_vowel_r_add_u_before_that
2026-05-09 20:47:15,630 INFO:Tasks solved so far: 261/499
2026-05-09 20:47:16,729 INFO:[TASK 499/500 QUERY 0/4]: re2_test_499_if_there_is_consonant_replace_that_with_q_f
2026-05-09 20:47:16,730 INFO:Tasks solved so far: 262/500
2026-05-09 20:47:17,891 INFO:Wrote experiments_iterative/outputs/dev_regex_batch96_firsttest_gpt35_instruct_original_completion_20260509/domains/re2/lilo_original_completion/seed_111/lilo_original_completion_96/3/metrics.json
2026-05-09 20:47:17,891 INFO:====================================
2026-05-09 20:47:17,891 INFO:iteration: 3
2026-05-09 20:47:17,891 INFO:llm_solver : infer_programs_for_tasks
2026-05-09 20:47:17,891 INFO:Completed in 2759.665s
2026-05-09 20:47:17,891 INFO:====================================
2026-05-09 20:47:17,892 INFO:============LOGGING FRONTIERS============
2026-05-09 20:47:17,892 INFO:	 total_solved_tasks_train @ iteration 3: 148 / 491
2026-05-09 20:47:17,892 INFO:	 total_solved_tasks_test @ iteration 3: 262 / 500
2026-05-09 20:47:17,892 INFO:====================================
2026-05-09 20:47:17,892 INFO:============LOGGING MODEL_FN============
2026-05-09 20:47:17,892 INFO:	iteration: 3
2026-05-09 20:47:17,892 INFO:	experiment_block_type: model_fn
2026-05-09 20:47:17,892 INFO:	first_iteration: 3
2026-05-09 20:47:17,892 INFO:	model_type: amortized_synthesis
2026-05-09 20:47:17,892 INFO:	run_every_n_iterations: 3
2026-05-09 20:47:17,892 INFO:	params: {'enumeration_timeout': 1000}
2026-05-09 20:47:17,892 INFO:	task_split: test
2026-05-09 20:47:17,892 INFO:	model_fn: infer_programs_for_tasks
2026-05-09 20:47:17,892 INFO:	task_batch_size: all
2026-05-09 20:47:17,892 INFO:task_ids: 500 tasks: re2_test_0_if_the_word_ends_with_s_replace_that_with_m -- re2_test_499_if_there_is_consonant_replace_that_with_q_f
2026-05-09 20:47:17,892 INFO:====================================
2026-05-09 20:47:40,954 INFO:Beginning enumeration on a total of 500 tasks with a total of 32 CPUs.
2026-05-09 23:16:28,106 INFO:Wrote experiments_iterative/outputs/dev_regex_batch96_firsttest_gpt35_instruct_original_completion_20260509/domains/re2/lilo_original_completion/seed_111/lilo_original_completion_96/3/metrics.json
2026-05-09 23:16:28,106 INFO:====================================
2026-05-09 23:16:28,106 INFO:iteration: 3
2026-05-09 23:16:28,106 INFO:amortized_synthesis : infer_programs_for_tasks
2026-05-09 23:16:28,106 INFO:Completed in 8950.213s
2026-05-09 23:16:28,106 INFO:====================================
2026-05-09 23:16:28,106 INFO:============LOGGING FRONTIERS============
2026-05-09 23:16:28,107 INFO:	 total_solved_tasks_train @ iteration 3: 148 / 491
2026-05-09 23:16:28,107 INFO:	 total_solved_tasks_test @ iteration 3: 290 / 500
2026-05-09 23:16:28,107 INFO:====================================
2026-05-09 23:16:28,160 INFO:============Checkpointing frontiers to experiments_iterative/outputs/dev_regex_batch96_firsttest_gpt35_instruct_original_completion_20260509/domains/re2/lilo_original_completion/seed_111/lilo_original_completion_96/3/frontiers.json===========
2026-05-09 23:16:28,161 INFO:============LOGGING MODEL_FN============
2026-05-09 23:16:28,161 INFO:	iteration: 3
2026-05-09 23:16:28,161 INFO:	experiment_block_type: model_fn
2026-05-09 23:16:28,161 INFO:	model_type: library_learner
2026-05-09 23:16:28,161 INFO:	task_batch_sizes: ['all']
2026-05-09 23:16:28,161 INFO:	task_splits: ['train']
2026-05-09 23:16:28,161 INFO:	params: {'max_arity': 3, 'iterations': 10, 'candidates_per_iteration': 1, 'include_samples': True, 'use_mdl_program': False, 'beta_reduce_programs': True, 'update_grammar': True, 'replace_existing_abstractions': True}
2026-05-09 23:16:28,161 INFO:	model_fn: get_compressed_grammar_mdl_prior_rank
2026-05-09 23:16:28,161 INFO:task_ids train: 491 tasks: re2_train_489_if_there_is_any_letter_consonant_replace_that_with_b -- re2_train_432_if_the_word_ends_with_vowel_any_letter_replace_that_with_h_i
2026-05-09 23:16:28,161 INFO:====================================
2026-05-09 23:16:33,956 INFO:Updated grammar (productions=42) with 10 new abstractions.
2026-05-09 23:16:34,294 INFO:reset_task_frontiers for split: train
2026-05-09 23:16:34,304 INFO:reset_samples for split: train
2026-05-09 23:16:34,305 INFO:============LOGGING MODEL_FN============
2026-05-09 23:16:34,305 INFO:	iteration: 3
2026-05-09 23:16:34,305 INFO:	experiment_block_type: model_fn
2026-05-09 23:16:34,305 INFO:	model_type: library_namer
2026-05-09 23:16:34,305 INFO:	params: {'body_task_selection': 'random'}
2026-05-09 23:16:34,305 INFO:	task_split: train
2026-05-09 23:16:34,305 INFO:	model_fn: generate_library_names
2026-05-09 23:16:34,305 INFO:	task_batch_size: all
2026-05-09 23:16:34,305 INFO:task_ids: 491 tasks: re2_train_489_if_there_is_any_letter_consonant_replace_that_with_b -- re2_train_432_if_the_word_ends_with_vowel_any_letter_replace_that_with_h_i
2026-05-09 23:16:34,305 INFO:====================================
2026-05-09 23:16:34,308 INFO:You are writing software documentation. Your goal is to write human-readable names for the following library functions:

fn_42 :: tfullstr -> tsubstr -> tsubstr -> tfullstr

(lambda (lambda (lambda (regex_flatten (regex_map (lambda (regex_if (regex_match $1 $0) $2 $0)) (regex_split '.' $2))))))

fn_43 :: tsubstr

(regex_or 'a' (regex_or 'e' (regex_or 'i' (regex_or 'o' 'u'))))

fn_44 :: tfullstr -> tsubstr -> tsubstr -> tfullstr

(lambda (lambda (lambda (regex_flatten (regex_cons $0 (regex_cons $1 (regex_cdr (regex_split '.' $2))))))))

fn_45 :: tfullstr -> (tsubstr -> tsubstr) -> tfullstr

(lambda (lambda (regex_flatten (regex_map $0 (regex_split empty_string $1)))))

fn_46 :: tfullstr -> tsubstr -> tfullstr

(lambda (lambda (regex_flatten (regex_append $0 (regex_reverse_cdr (regex_split '.' $1))))))

fn_47 :: tfullstr -> list(tsubstr)

(lambda (regex_split empty_string $0))

fn_48 :: t0 -> t0 -> tsubstr -> t0

(lambda (lambda (lambda (regex_if (regex_match fn_43 $0) $1 $2))))

fn_49 :: tfullstr -> tsubstr -> tfullstr

(lambda (lambda (regex_flatten (regex_cons $0 (regex_cdr (fn_47 $1))))))

fn_50 :: tfullstr -> tsubstr -> tsubstr -> tfullstr

(lambda (lambda (lambda (fn_48 $2 (fn_44 $2 $0 $1) (regex_car (fn_47 $2))))))

fn_51 :: tsubstr -> tsubstr -> tfullstr -> tfullstr

(lambda (lambda (lambda (fn_42 $0 (regex_concat $1 $2) (regex_not fn_43)))))

======
Consider the following anonymous function:

fn_42 :: tfullstr -> tsubstr -> tsubstr -> tfullstr

(lambda (lambda (lambda (regex_flatten (regex_map (lambda (regex_if (regex_match $1 $0) $2 $0)) (regex_split '.' $2))))))

Here are some examples of its usage:

-- if there is u replace that with b
(lambda (fn_42 $0 'b' 'u'))

-- if there is g add q before that
(lambda (fn_42 $0 (regex_concat 'q' 'g') 'g'))

-- if there is l replace that with n k
(lambda (fn_42 $0 (regex_concat 'n' 'k') 'l'))

-- if there is s replace that with t q
(lambda (fn_42 $0 (regex_concat 't' 'q') 's'))

-- if there is r replace that with j
(lambda (fn_42 $0 'j' 'r'))

-- if there is b add k before that
(lambda (fn_42 $0 (regex_concat 'k' 'b') 'b'))

-- if there is c replace that with k b
(lambda (fn_42 $0 (regex_concat 'k' 'b') 'c'))

-- if there is o replace that with c g
(lambda (fn_42 $0 (regex_concat 'c' 'g') 'o'))

-- if there is m replace that with l
(lambda (fn_42 $0 'l' 'm'))

-- if there is vowel replace that with q f
(lambda (fn_42 $0 (regex_concat 'q' 'f') fn_43))

Please write a human-readable name and description for `fn_42` in the JSON format shown below.
Your `readable_name` should be underscore-separated and should not contain any spaces.
It should also be unique (not existing in the function library above).
If you cannot come up with a good name, please set `readable_name` to `null`.

{
    "anonymous_name": "fn_42",
    "readable_name": TODO,
    "description": TODO
}

2026-05-09 23:16:36,386 INFO:GPT (gpt-3.5-turbo-instruct) completion:
2026-05-09 23:16:36,386 INFO:[
    {
        "index": 0,
        "text": "\n{\n    \"anonymous_name\": \"fn_42\",\n    \"readable_name\": \"replace_if_match\",\n    \"description\": \"Replaces a substring in a string if it matches a given pattern, using a specified replacement string.\"\n}",
        "valid": true,
        "data": {
            "anonymous_name": "fn_42",
            "readable_name": "replace_if_match",
            "description": "Replaces a substring in a string if it matches a given pattern, using a specified replacement string."
        }
    },
    {
        "index": 1,
        "text": "\n{\n    \"anonymous_name\": \"fn_42\",\n    \"readable_name\": \"replace_if_match\",\n    \"description\": \"Replaces a substring in a string if it matches a given pattern, using a specified replacement string.\"\n}",
        "valid": true,
        "data": {
            "anonymous_name": "fn_42",
            "readable_name": "replace_if_match",
            "description": "Replaces a substring in a string if it matches a given pattern, using a specified replacement string."
        }
    },
    {
        "index": 2,
        "text": "\n{\n    \"anonymous_name\": \"fn_42\",\n    \"readable_name\": \"replace_if_match\",\n    \"description\": \"Replaces a substring in a string if it matches a given pattern, using a specified replacement string.\"\n}",
        "valid": true,
        "data": {
            "anonymous_name": "fn_42",
            "readable_name": "replace_if_match",
            "description": "Replaces a substring in a string if it matches a given pattern, using a specified replacement string."
        }
    },
    {
        "index": 3,
        "text": "\n{\n    \"anonymous_name\": \"fn_42\",\n    \"readable_name\": \"replace_if_match\",\n    \"description\": \"Replaces a substring in a string if it matches a given pattern, using a specified replacement string.\"\n}",
        "valid": true,
        "data": {
            "anonymous_name": "fn_42",
            "readable_name": "replace_if_match",
            "description": "Replaces a substring in a string if it matches a given pattern, using a specified replacement string."
        }
    },
    {
        "index": 4,
        "text": "\n{\n    \"anonymous_name\": \"fn_42\",\n    \"readable_name\": \"replace_if_match\",\n    \"description\": \"Replaces a substring in a string if it matches a given pattern, using a specified replacement string.\"\n}",
        "valid": true,
        "data": {
            "anonymous_name": "fn_42",
            "readable_name": "replace_if_match",
            "description": "Replaces a substring in a string if it matches a given pattern, using a specified replacement string."
        }
    }
]
2026-05-09 23:16:36,386 INFO:✅ Successfully named fn_42 -> replace_if_match
2026-05-09 23:16:36,386 INFO:{
    "index": 0,
    "text": "\n{\n    \"anonymous_name\": \"fn_42\",\n    \"readable_name\": \"replace_if_match\",\n    \"description\": \"Replaces a substring in a string if it matches a given pattern, using a specified replacement string.\"\n}",
    "valid": true,
    "data": {
        "anonymous_name": "fn_42",
        "readable_name": "replace_if_match",
        "description": "Replaces a substring in a string if it matches a given pattern, using a specified replacement string.",
        "usage_examples": [
            {
                "task_name": "re2_train_404_if_there_is_u_replace_that_with_b",
                "program": "(lambda (fn_42 $0 'b' 'u'))",
                "language": "if there is u replace that with b"
            },
            {
                "task_name": "re2_train_37_if_there_is_g_add_q_before_that",
                "program": "(lambda (fn_42 $0 (regex_concat 'q' 'g') 'g'))",
                "language": "if there is g add q before that"
            },
            {
                "task_name": "re2_train_118_if_there_is_l_replace_that_with_n_k",
                "program": "(lambda (fn_42 $0 (regex_concat 'n' 'k') 'l'))",
                "language": "if there is l replace that with n k"
            },
            {
                "task_name": "re2_train_296_if_there_is_s_replace_that_with_t_q",
                "program": "(lambda (fn_42 $0 (regex_concat 't' 'q') 's'))",
                "language": "if there is s replace that with t q"
            },
            {
                "task_name": "re2_train_76_if_there_is_r_replace_that_with_j",
                "program": "(lambda (fn_42 $0 'j' 'r'))",
                "language": "if there is r replace that with j"
            },
            {
                "task_name": "re2_train_4_if_there_is_b_add_k_before_that",
                "program": "(lambda (fn_42 $0 (regex_concat 'k' 'b') 'b'))",
                "language": "if there is b add k before that"
            },
            {
                "task_name": "re2_train_172_if_there_is_c_replace_that_with_k_b",
                "program": "(lambda (fn_42 $0 (regex_concat 'k' 'b') 'c'))",
                "language": "if there is c replace that with k b"
            },
            {
                "task_name": "re2_train_161_if_there_is_o_replace_that_with_c_g",
                "program": "(lambda (fn_42 $0 (regex_concat 'c' 'g') 'o'))",
                "language": "if there is o replace that with c g"
            },
            {
                "task_name": "re2_train_230_if_there_is_m_replace_that_with_l",
                "program": "(lambda (fn_42 $0 'l' 'm'))",
                "language": "if there is m replace that with l"
            },
            {
                "task_name": "re2_train_263_if_there_is_vowel_replace_that_with_q_f",
                "program": "(lambda (fn_42 $0 (regex_concat 'q' 'f') fn_43))",
                "language": "if there is vowel replace that with q f"
            }
        ]
    }
}
2026-05-09 23:16:36,398 INFO:You are writing software documentation. Your goal is to write human-readable names for the following library functions:

replace_if_match :: tfullstr -> tsubstr -> tsubstr -> tfullstr

(lambda (lambda (lambda (regex_flatten (regex_map (lambda (regex_if (regex_match $1 $0) $2 $0)) (regex_split '.' $2))))))
description: Replaces a substring in a string if it matches a given pattern, using a specified replacement string.

fn_43 :: tsubstr

(regex_or 'a' (regex_or 'e' (regex_or 'i' (regex_or 'o' 'u'))))

fn_44 :: tfullstr -> tsubstr -> tsubstr -> tfullstr

(lambda (lambda (lambda (regex_flatten (regex_cons $0 (regex_cons $1 (regex_cdr (regex_split '.' $2))))))))

fn_45 :: tfullstr -> (tsubstr -> tsubstr) -> tfullstr

(lambda (lambda (regex_flatten (regex_map $0 (regex_split empty_string $1)))))

fn_46 :: tfullstr -> tsubstr -> tfullstr

(lambda (lambda (regex_flatten (regex_append $0 (regex_reverse_cdr (regex_split '.' $1))))))

fn_47 :: tfullstr -> list(tsubstr)

(lambda (regex_split empty_string $0))

fn_48 :: t0 -> t0 -> tsubstr -> t0

(lambda (lambda (lambda (regex_if (regex_match fn_43 $0) $1 $2))))

fn_49 :: tfullstr -> tsubstr -> tfullstr

(lambda (lambda (regex_flatten (regex_cons $0 (regex_cdr (fn_47 $1))))))

fn_50 :: tfullstr -> tsubstr -> tsubstr -> tfullstr

(lambda (lambda (lambda (fn_48 $2 (fn_44 $2 $0 $1) (regex_car (fn_47 $2))))))

fn_51 :: tsubstr -> tsubstr -> tfullstr -> tfullstr

(lambda (lambda (lambda (replace_if_match $0 (regex_concat $1 $2) (regex_not fn_43)))))

======
Consider the following anonymous function:

fn_43 :: tsubstr

(regex_or 'a' (regex_or 'e' (regex_or 'i' (regex_or 'o' 'u'))))

Here are some examples of its usage:

-- if there is vowel replace that with a f
(lambda (replace_if_match $0 (regex_concat 'a' 'f') fn_43))

-- if there is vowel replace that with q f
(lambda (replace_if_match $0 (regex_concat 'q' 'f') fn_43))

-- if there is vowel replace that with u q
(lambda (replace_if_match $0 (regex_concat 'u' 'q') fn_43))

-- if there is vowel replace that with n p
(lambda (replace_if_match $0 (regex_concat 'n' 'p') fn_43))

-- if there is vowel replace that with p v
(lambda (replace_if_match $0 (regex_concat 'p' 'v') fn_43))

-- if there is vowel replace that with s
(lambda (replace_if_match $0 's' fn_43))

-- if there is vowel replace that with b t
(lambda (replace_if_match $0 (regex_concat 'b' 't') fn_43))

-- if there is consonant replace that with p
(lambda (replace_if_match $0 'p' (regex_not fn_43)))

Please write a human-readable name and description for `fn_43` in the JSON format shown below.
Your `readable_name` should be underscore-separated and should not contain any spaces.
It should also be unique (not existing in the function library above).
If you cannot come up with a good name, please set `readable_name` to `null`.

{
    "anonymous_name": "fn_43",
    "readable_name": TODO,
    "description": TODO
}

2026-05-09 23:16:37,471 INFO:GPT (gpt-3.5-turbo-instruct) completion:
2026-05-09 23:16:37,471 INFO:[
    {
        "index": 0,
        "text": "\n{\n    \"anonymous_name\": \"fn_43\",\n    \"readable_name\": \"replace_vowel\",\n    \"description\": \"Replaces a vowel in a string with a specified replacement string.\"\n}",
        "valid": true,
        "data": {
            "anonymous_name": "fn_43",
            "readable_name": "replace_vowel",
            "description": "Replaces a vowel in a string with a specified replacement string."
        }
    },
    {
        "index": 1,
        "text": "\n{\n    \"anonymous_name\": \"fn_43\",\n    \"readable_name\": \"replace_vowel\",\n    \"description\": \"Replaces a vowel in a string with a specified replacement string.\"\n}",
        "valid": true,
        "data": {
            "anonymous_name": "fn_43",
            "readable_name": "replace_vowel",
            "description": "Replaces a vowel in a string with a specified replacement string."
        }
    },
    {
        "index": 2,
        "text": "\n{\n    \"anonymous_name\": \"fn_43\",\n    \"readable_name\": \"replace_vowel\",\n    \"description\": \"Replaces a vowel in a string with a specified replacement string.\"\n}",
        "valid": true,
        "data": {
            "anonymous_name": "fn_43",
            "readable_name": "replace_vowel",
            "description": "Replaces a vowel in a string with a specified replacement string."
        }
    },
    {
        "index": 3,
        "text": "\n{\n    \"anonymous_name\": \"fn_43\",\n    \"readable_name\": \"replace_vowel\",\n    \"description\": \"Replaces a vowel in a string with a specified replacement string.\"\n}",
        "valid": true,
        "data": {
            "anonymous_name": "fn_43",
            "readable_name": "replace_vowel",
            "description": "Replaces a vowel in a string with a specified replacement string."
        }
    },
    {
        "index": 4,
        "text": "\n{\n    \"anonymous_name\": \"fn_43\",\n    \"readable_name\": \"replace_vowel\",\n    \"description\": \"Replaces a vowel in a string with a specified replacement string.\"\n}",
        "valid": true,
        "data": {
            "anonymous_name": "fn_43",
            "readable_name": "replace_vowel",
            "description": "Replaces a vowel in a string with a specified replacement string."
        }
    }
]
2026-05-09 23:16:37,471 INFO:✅ Successfully named fn_43 -> replace_vowel
2026-05-09 23:16:37,471 INFO:{
    "index": 0,
    "text": "\n{\n    \"anonymous_name\": \"fn_43\",\n    \"readable_name\": \"replace_vowel\",\n    \"description\": \"Replaces a vowel in a string with a specified replacement string.\"\n}",
    "valid": true,
    "data": {
        "anonymous_name": "fn_43",
        "readable_name": "replace_vowel",
        "description": "Replaces a vowel in a string with a specified replacement string.",
        "usage_examples": [
            {
                "task_name": "re2_train_424_if_there_is_vowel_replace_that_with_a_f",
                "program": "(lambda (replace_if_match $0 (regex_concat 'a' 'f') fn_43))",
                "language": "if there is vowel replace that with a f"
            },
            {
                "task_name": "re2_train_263_if_there_is_vowel_replace_that_with_q_f",
                "program": "(lambda (replace_if_match $0 (regex_concat 'q' 'f') fn_43))",
                "language": "if there is vowel replace that with q f"
            },
            {
                "task_name": "re2_train_353_if_there_is_vowel_replace_that_with_u_q",
                "program": "(lambda (replace_if_match $0 (regex_concat 'u' 'q') fn_43))",
                "language": "if there is vowel replace that with u q"
            },
            {
                "task_name": "re2_train_178_if_there_is_vowel_replace_that_with_n_p",
                "program": "(lambda (replace_if_match $0 (regex_concat 'n' 'p') fn_43))",
                "language": "if there is vowel replace that with n p"
            },
            {
                "task_name": "re2_train_447_if_there_is_vowel_replace_that_with_p_v",
                "program": "(lambda (replace_if_match $0 (regex_concat 'p' 'v') fn_43))",
                "language": "if there is vowel replace that with p v"
            },
            {
                "task_name": "re2_train_455_if_there_is_vowel_replace_that_with_s",
                "program": "(lambda (replace_if_match $0 's' fn_43))",
                "language": "if there is vowel replace that with s"
            },
            {
                "task_name": "re2_train_421_if_there_is_vowel_replace_that_with_b_t",
                "program": "(lambda (replace_if_match $0 (regex_concat 'b' 't') fn_43))",
                "language": "if there is vowel replace that with b t"
            },
            {
                "task_name": "re2_train_205_if_there_is_consonant_replace_that_with_p",
                "program": "(lambda (replace_if_match $0 'p' (regex_not fn_43)))",
                "language": "if there is consonant replace that with p"
            }
        ]
    }
}
2026-05-09 23:16:37,478 INFO:You are writing software documentation. Your goal is to write human-readable names for the following library functions:

replace_if_match :: tfullstr -> tsubstr -> tsubstr -> tfullstr

(lambda (lambda (lambda (regex_flatten (regex_map (lambda (regex_if (regex_match $1 $0) $2 $0)) (regex_split '.' $2))))))
description: Replaces a substring in a string if it matches a given pattern, using a specified replacement string.

replace_vowel :: tsubstr

(regex_or 'a' (regex_or 'e' (regex_or 'i' (regex_or 'o' 'u'))))
description: Replaces a vowel in a string with a specified replacement string.

fn_44 :: tfullstr -> tsubstr -> tsubstr -> tfullstr

(lambda (lambda (lambda (regex_flatten (regex_cons $0 (regex_cons $1 (regex_cdr (regex_split '.' $2))))))))

fn_45 :: tfullstr -> (tsubstr -> tsubstr) -> tfullstr

(lambda (lambda (regex_flatten (regex_map $0 (regex_split empty_string $1)))))

fn_46 :: tfullstr -> tsubstr -> tfullstr

(lambda (lambda (regex_flatten (regex_append $0 (regex_reverse_cdr (regex_split '.' $1))))))

fn_47 :: tfullstr -> list(tsubstr)

(lambda (regex_split empty_string $0))

fn_48 :: t0 -> t0 -> tsubstr -> t0

(lambda (lambda (lambda (regex_if (regex_match replace_vowel $0) $1 $2))))

fn_49 :: tfullstr -> tsubstr -> tfullstr

(lambda (lambda (regex_flatten (regex_cons $0 (regex_cdr (fn_47 $1))))))

fn_50 :: tfullstr -> tsubstr -> tsubstr -> tfullstr

(lambda (lambda (lambda (fn_48 $2 (fn_44 $2 $0 $1) (regex_car (fn_47 $2))))))

fn_51 :: tsubstr -> tsubstr -> tfullstr -> tfullstr

(lambda (lambda (lambda (replace_if_match $0 (regex_concat $1 $2) (regex_not replace_vowel)))))

======
Consider the following anonymous function:

fn_44 :: tfullstr -> tsubstr -> tsubstr -> tfullstr

(lambda (lambda (lambda (regex_flatten (regex_cons $0 (regex_cons $1 (regex_cdr (regex_split '.' $2))))))))

Here are some examples of its usage:

-- if the word starts with any letter replace that with w i
(lambda (fn_44 $0 'i' 'w'))

-- if the word starts with any letter replace that with x i
(lambda (fn_44 $0 'i' 'x'))

-- if the word starts with any letter replace that with n a
(lambda (fn_44 $0 'a' 'n'))

-- if the word starts with any letter add o after that
(lambda (fn_44 $0 'o' (regex_car (fn_47 $0))))

-- if the word starts with any letter add d after that
(lambda (fn_44 $0 'd' (regex_car (fn_47 $0))))

-- if the word starts with consonant replace that with q i
(lambda (fn_44 $0 'i' 'q'))

-- if the word starts with any letter replace that with g a
(lambda (fn_44 $0 'a' 'g'))

-- if the word starts with any letter replace that with y w
(lambda (fn_44 $0 'w' 'y'))

-- if the word starts with any letter replace that with b w
(lambda (fn_44 $0 'w' 'b'))

-- if the word starts with any letter replace that with k e
(lambda (fn_44 $0 'e' 'k'))

Please write a human-readable name and description for `fn_44` in the JSON format shown below.
Your `readable_name` should be underscore-separated and should not contain any spaces.
It should also be unique (not existing in the function library above).
If you cannot come up with a good name, please set `readable_name` to `null`.

{
    "anonymous_name": "fn_44",
    "readable_name": TODO,
    "description": TODO
}

2026-05-09 23:16:39,029 INFO:GPT (gpt-3.5-turbo-instruct) completion:
2026-05-09 23:16:39,029 INFO:[
    {
        "index": 0,
        "text": "\n{\n    \"anonymous_name\": \"fn_44\",\n    \"readable_name\": \"replace_substring_in_string\",\n    \"description\": \"Replaces a substring in a string with a specified replacement string.\"\n}",
        "valid": true,
        "data": {
            "anonymous_name": "fn_44",
            "readable_name": "replace_substring_in_string",
            "description": "Replaces a substring in a string with a specified replacement string."
        }
    },
    {
        "index": 1,
        "text": "\n{\n    \"anonymous_name\": \"fn_44\",\n    \"readable_name\": \"replace_substring_in_string\",\n    \"description\": \"Replaces a substring in a string with a specified replacement string.\"\n}",
        "valid": true,
        "data": {
            "anonymous_name": "fn_44",
            "readable_name": "replace_substring_in_string",
            "description": "Replaces a substring in a string with a specified replacement string."
        }
    },
    {
        "index": 2,
        "text": "\n{\n    \"anonymous_name\": \"fn_44\",\n    \"readable_name\": \"replace_substring_in_string\",\n    \"description\": \"Replaces a substring in a string with a specified replacement string.\"\n}",
        "valid": true,
        "data": {
            "anonymous_name": "fn_44",
            "readable_name": "replace_substring_in_string",
            "description": "Replaces a substring in a string with a specified replacement string."
        }
    },
    {
        "index": 3,
        "text": "\n{\n    \"anonymous_name\": \"fn_44\",\n    \"readable_name\": \"replace_substring_in_string\",\n    \"description\": \"Replaces a substring in a string with a specified replacement string.\"\n}",
        "valid": true,
        "data": {
            "anonymous_name": "fn_44",
            "readable_name": "replace_substring_in_string",
            "description": "Replaces a substring in a string with a specified replacement string."
        }
    },
    {
        "index": 4,
        "text": "\n{\n    \"anonymous_name\": \"fn_44\",\n    \"readable_name\": \"replace_substring_in_string\",\n    \"description\": \"Replaces a substring in a string with a specified replacement string.\"\n}",
        "valid": true,
        "data": {
            "anonymous_name": "fn_44",
            "readable_name": "replace_substring_in_string",
            "description": "Replaces a substring in a string with a specified replacement string."
        }
    }
]
2026-05-09 23:16:39,029 INFO:✅ Successfully named fn_44 -> replace_substring_in_string
2026-05-09 23:16:39,029 INFO:{
    "index": 0,
    "text": "\n{\n    \"anonymous_name\": \"fn_44\",\n    \"readable_name\": \"replace_substring_in_string\",\n    \"description\": \"Replaces a substring in a string with a specified replacement string.\"\n}",
    "valid": true,
    "data": {
        "anonymous_name": "fn_44",
        "readable_name": "replace_substring_in_string",
        "description": "Replaces a substring in a string with a specified replacement string.",
        "usage_examples": [
            {
                "task_name": "re2_train_71_if_the_word_starts_with_any_letter_replace_that_with_w_i",
                "program": "(lambda (fn_44 $0 'i' 'w'))",
                "language": "if the word starts with any letter replace that with w i"
            },
            {
                "task_name": "re2_train_385_if_the_word_starts_with_any_letter_replace_that_with_x_i",
                "program": "(lambda (fn_44 $0 'i' 'x'))",
                "language": "if the word starts with any letter replace that with x i"
            },
            {
                "task_name": "re2_train_21_if_the_word_starts_with_any_letter_replace_that_with_n_a",
                "program": "(lambda (fn_44 $0 'a' 'n'))",
                "language": "if the word starts with any letter replace that with n a"
            },
            {
                "task_name": "re2_train_382_if_the_word_starts_with_any_letter_add_o_after_that",
                "program": "(lambda (fn_44 $0 'o' (regex_car (fn_47 $0))))",
                "language": "if the word starts with any letter add o after that"
            },
            {
                "task_name": "re2_train_191_if_the_word_starts_with_any_letter_add_d_after_that",
                "program": "(lambda (fn_44 $0 'd' (regex_car (fn_47 $0))))",
                "language": "if the word starts with any letter add d after that"
            },
            {
                "task_name": "re2_train_388_if_the_word_starts_with_consonant_replace_that_with_q_i",
                "program": "(lambda (fn_44 $0 'i' 'q'))",
                "language": "if the word starts with consonant replace that with q i"
            },
            {
                "task_name": "re2_train_111_if_the_word_starts_with_any_letter_replace_that_with_g_a",
                "program": "(lambda (fn_44 $0 'a' 'g'))",
                "language": "if the word starts with any letter replace that with g a"
            },
            {
                "task_name": "re2_train_78_if_the_word_starts_with_any_letter_replace_that_with_y_w",
                "program": "(lambda (fn_44 $0 'w' 'y'))",
                "language": "if the word starts with any letter replace that with y w"
            },
            {
                "task_name": "re2_train_184_if_the_word_starts_with_any_letter_replace_that_with_b_w",
                "program": "(lambda (fn_44 $0 'w' 'b'))",
                "language": "if the word starts with any letter replace that with b w"
            },
            {
                "task_name": "re2_train_264_if_the_word_starts_with_any_letter_replace_that_with_k_e",
                "program": "(lambda (fn_44 $0 'e' 'k'))",
                "language": "if the word starts with any letter replace that with k e"
            }
        ]
    }
}
2026-05-09 23:16:39,035 INFO:You are writing software documentation. Your goal is to write human-readable names for the following library functions:

replace_if_match :: tfullstr -> tsubstr -> tsubstr -> tfullstr

(lambda (lambda (lambda (regex_flatten (regex_map (lambda (regex_if (regex_match $1 $0) $2 $0)) (regex_split '.' $2))))))
description: Replaces a substring in a string if it matches a given pattern, using a specified replacement string.

replace_vowel :: tsubstr

(regex_or 'a' (regex_or 'e' (regex_or 'i' (regex_or 'o' 'u'))))
description: Replaces a vowel in a string with a specified replacement string.

replace_substring_in_string :: tfullstr -> tsubstr -> tsubstr -> tfullstr

(lambda (lambda (lambda (regex_flatten (regex_cons $0 (regex_cons $1 (regex_cdr (regex_split '.' $2))))))))
description: Replaces a substring in a string with a specified replacement string.

fn_45 :: tfullstr -> (tsubstr -> tsubstr) -> tfullstr

(lambda (lambda (regex_flatten (regex_map $0 (regex_split empty_string $1)))))

fn_46 :: tfullstr -> tsubstr -> tfullstr

(lambda (lambda (regex_flatten (regex_append $0 (regex_reverse_cdr (regex_split '.' $1))))))

fn_47 :: tfullstr -> list(tsubstr)

(lambda (regex_split empty_string $0))

fn_48 :: t0 -> t0 -> tsubstr -> t0

(lambda (lambda (lambda (regex_if (regex_match replace_vowel $0) $1 $2))))

fn_49 :: tfullstr -> tsubstr -> tfullstr

(lambda (lambda (regex_flatten (regex_cons $0 (regex_cdr (fn_47 $1))))))

fn_50 :: tfullstr -> tsubstr -> tsubstr -> tfullstr

(lambda (lambda (lambda (fn_48 $2 (replace_substring_in_string $2 $0 $1) (regex_car (fn_47 $2))))))

fn_51 :: tsubstr -> tsubstr -> tfullstr -> tfullstr

(lambda (lambda (lambda (replace_if_match $0 (regex_concat $1 $2) (regex_not replace_vowel)))))

======
Consider the following anonymous function:

fn_45 :: tfullstr -> (tsubstr -> tsubstr) -> tfullstr

(lambda (lambda (regex_flatten (regex_map $0 (regex_split empty_string $1)))))

Here are some examples of its usage:

-- if there is any letter replace that with f n
(lambda (fn_45 $0 (lambda (regex_concat 'f' 'n'))))

-- if there is any letter add v after that
(lambda (fn_45 $0 (lambda (regex_concat $0 'v'))))

-- if there is any letter replace that with n g
(lambda (fn_45 $0 (lambda (regex_concat 'n' 'g'))))

-- if there is any letter replace that with p
(lambda (fn_45 $0 (lambda 'p')))

-- if there is vowel add c after that
(lambda (fn_45 $0 (lambda (fn_48 $0 (regex_concat $0 'c') $0))))

-- if there is any letter replace that with i p
(lambda (fn_45 $0 (lambda (regex_concat 'i' 'p'))))

-- if there is any letter replace that with q j
(lambda (fn_45 $0 (lambda (regex_concat 'q' 'j'))))

-- if there is any letter replace that with k
(lambda (fn_45 $0 (lambda 'k')))

-- if there is any letter replace that with j
(lambda (fn_45 $0 (lambda 'j')))

-- if there is vowel replace that with j
(lambda (fn_45 $0 (lambda (fn_48 $0 'j' $0))))

Please write a human-readable name and description for `fn_45` in the JSON format shown below.
Your `readable_name` should be underscore-separated and should not contain any spaces.
It should also be unique (not existing in the function library above).
If you cannot come up with a good name, please set `readable_name` to `null`.

{
    "anonymous_name": "fn_45",
    "readable_name": TODO,
    "description": TODO
}

2026-05-09 23:16:39,903 INFO:GPT (gpt-3.5-turbo-instruct) completion:
2026-05-09 23:16:39,903 INFO:[
    {
        "index": 0,
        "text": "\n{\n    \"anonymous_name\": \"fn_45\",\n    \"readable_name\": \"replace_with_function\",\n    \"description\": \"Replaces a substring in a string with the result of a given function, using the substring as the input for the function.\"\n}",
        "valid": true,
        "data": {
            "anonymous_name": "fn_45",
            "readable_name": "replace_with_function",
            "description": "Replaces a substring in a string with the result of a given function, using the substring as the input for the function."
        }
    },
    {
        "index": 1,
        "text": "\n{\n    \"anonymous_name\": \"fn_45\",\n    \"readable_name\": \"replace_with_function\",\n    \"description\": \"Replaces a substring in a string with the result of a given function, using the substring as the input for the function.\"\n}",
        "valid": true,
        "data": {
            "anonymous_name": "fn_45",
            "readable_name": "replace_with_function",
            "description": "Replaces a substring in a string with the result of a given function, using the substring as the input for the function."
        }
    },
    {
        "index": 2,
        "text": "\n{\n    \"anonymous_name\": \"fn_45\",\n    \"readable_name\": \"replace_with_function\",\n    \"description\": \"Replaces a substring in a string with the result of a given function, using the substring as the input for the function.\"\n}",
        "valid": true,
        "data": {
            "anonymous_name": "fn_45",
            "readable_name": "replace_with_function",
            "description": "Replaces a substring in a string with the result of a given function, using the substring as the input for the function."
        }
    },
    {
        "index": 3,
        "text": "\n{\n    \"anonymous_name\": \"fn_45\",\n    \"readable_name\": \"replace_with_function\",\n    \"description\": \"Replaces a substring in a string with the result of a given function, using the substring as the input for the function.\"\n}",
        "valid": true,
        "data": {
            "anonymous_name": "fn_45",
            "readable_name": "replace_with_function",
            "description": "Replaces a substring in a string with the result of a given function, using the substring as the input for the function."
        }
    },
    {
        "index": 4,
        "text": "\n{\n    \"anonymous_name\": \"fn_45\",\n    \"readable_name\": \"replace_with_function\",\n    \"description\": \"Replaces a substring in a string with the result of a given function, using the substring as the input for the function.\"\n}",
        "valid": true,
        "data": {
            "anonymous_name": "fn_45",
            "readable_name": "replace_with_function",
            "description": "Replaces a substring in a string with the result of a given function, using the substring as the input for the function."
        }
    }
]
2026-05-09 23:16:39,903 INFO:✅ Successfully named fn_45 -> replace_with_function
2026-05-09 23:16:39,903 INFO:{
    "index": 0,
    "text": "\n{\n    \"anonymous_name\": \"fn_45\",\n    \"readable_name\": \"replace_with_function\",\n    \"description\": \"Replaces a substring in a string with the result of a given function, using the substring as the input for the function.\"\n}",
    "valid": true,
    "data": {
        "anonymous_name": "fn_45",
        "readable_name": "replace_with_function",
        "description": "Replaces a substring in a string with the result of a given function, using the substring as the input for the function.",
        "usage_examples": [
            {
                "task_name": "re2_train_135_if_there_is_any_letter_replace_that_with_f_n",
                "program": "(lambda (fn_45 $0 (lambda (regex_concat 'f' 'n'))))",
                "language": "if there is any letter replace that with f n"
            },
            {
                "task_name": "re2_train_41_if_there_is_any_letter_add_v_after_that",
                "program": "(lambda (fn_45 $0 (lambda (regex_concat $0 'v'))))",
                "language": "if there is any letter add v after that"
            },
            {
                "task_name": "re2_train_381_if_there_is_any_letter_replace_that_with_n_g",
                "program": "(lambda (fn_45 $0 (lambda (regex_concat 'n' 'g'))))",
                "language": "if there is any letter replace that with n g"
            },
            {
                "task_name": "re2_train_113_if_there_is_any_letter_replace_that_with_p",
                "program": "(lambda (fn_45 $0 (lambda 'p')))",
                "language": "if there is any letter replace that with p"
            },
            {
                "task_name": "re2_train_48_if_there_is_vowel_add_c_after_that",
                "program": "(lambda (fn_45 $0 (lambda (fn_48 $0 (regex_concat $0 'c') $0))))",
                "language": "if there is vowel add c after that"
            },
            {
                "task_name": "re2_train_378_if_there_is_any_letter_replace_that_with_i_p",
                "program": "(lambda (fn_45 $0 (lambda (regex_concat 'i' 'p'))))",
                "language": "if there is any letter replace that with i p"
            },
            {
                "task_name": "re2_train_35_if_there_is_any_letter_replace_that_with_q_j",
                "program": "(lambda (fn_45 $0 (lambda (regex_concat 'q' 'j'))))",
                "language": "if there is any letter replace that with q j"
            },
            {
                "task_name": "re2_train_23_if_there_is_any_letter_replace_that_with_k",
                "program": "(lambda (fn_45 $0 (lambda 'k')))",
                "language": "if there is any letter replace that with k"
            },
            {
                "task_name": "re2_train_67_if_there_is_any_letter_replace_that_with_j",
                "program": "(lambda (fn_45 $0 (lambda 'j')))",
                "language": "if there is any letter replace that with j"
            },
            {
                "task_name": "re2_train_418_if_there_is_vowel_replace_that_with_j",
                "program": "(lambda (fn_45 $0 (lambda (fn_48 $0 'j' $0))))",
                "language": "if there is vowel replace that with j"
            }
        ]
    }
}
2026-05-09 23:16:39,910 INFO:You are writing software documentation. Your goal is to write human-readable names for the following library functions:

replace_if_match :: tfullstr -> tsubstr -> tsubstr -> tfullstr

(lambda (lambda (lambda (regex_flatten (regex_map (lambda (regex_if (regex_match $1 $0) $2 $0)) (regex_split '.' $2))))))
description: Replaces a substring in a string if it matches a given pattern, using a specified replacement string.

replace_vowel :: tsubstr

(regex_or 'a' (regex_or 'e' (regex_or 'i' (regex_or 'o' 'u'))))
description: Replaces a vowel in a string with a specified replacement string.

replace_substring_in_string :: tfullstr -> tsubstr -> tsubstr -> tfullstr

(lambda (lambda (lambda (regex_flatten (regex_cons $0 (regex_cons $1 (regex_cdr (regex_split '.' $2))))))))
description: Replaces a substring in a string with a specified replacement string.

replace_with_function :: tfullstr -> (tsubstr -> tsubstr) -> tfullstr

(lambda (lambda (regex_flatten (regex_map $0 (regex_split empty_string $1)))))
description: Replaces a substring in a string with the result of a given function, using the substring as the input for the function.

fn_46 :: tfullstr -> tsubstr -> tfullstr

(lambda (lambda (regex_flatten (regex_append $0 (regex_reverse_cdr (regex_split '.' $1))))))

fn_47 :: tfullstr -> list(tsubstr)

(lambda (regex_split empty_string $0))

fn_48 :: t0 -> t0 -> tsubstr -> t0

(lambda (lambda (lambda (regex_if (regex_match replace_vowel $0) $1 $2))))

fn_49 :: tfullstr -> tsubstr -> tfullstr

(lambda (lambda (regex_flatten (regex_cons $0 (regex_cdr (fn_47 $1))))))

fn_50 :: tfullstr -> tsubstr -> tsubstr -> tfullstr

(lambda (lambda (lambda (fn_48 $2 (replace_substring_in_string $2 $0 $1) (regex_car (fn_47 $2))))))

fn_51 :: tsubstr -> tsubstr -> tfullstr -> tfullstr

(lambda (lambda (lambda (replace_if_match $0 (regex_concat $1 $2) (regex_not replace_vowel)))))

======
Consider the following anonymous function:

fn_46 :: tfullstr -> tsubstr -> tfullstr

(lambda (lambda (regex_flatten (regex_append $0 (regex_reverse_cdr (regex_split '.' $1))))))

Here are some examples of its usage:

-- if the word ends with consonant replace that with i
(lambda (fn_46 $0 'i'))

-- if the word ends with any letter replace that with x s
(lambda (fn_46 $0 (regex_concat 'x' 's')))

-- if the word ends with consonant replace that with o g
(lambda (fn_46 $0 (regex_concat 'o' 'g')))

-- if the word ends with consonant replace that with a o
(lambda (fn_46 $0 (regex_concat 'a' 'o')))

-- if the word ends with any letter replace that with i y
(lambda (fn_46 $0 (regex_concat 'i' 'y')))

-- if the word ends with any letter any letter replace that with o u
(lambda (fn_46 (fn_46 $0 empty_string) (regex_concat 'o' 'u')))

-- if the word ends with any letter replace that with x p
(lambda (fn_46 $0 (regex_concat 'x' 'p')))

-- if the word ends with any letter replace that with r
(lambda (fn_46 $0 'r'))

-- if the word ends with consonant replace that with w
(lambda (fn_48 (fn_46 $0 'w') $0 (regex_tail (fn_47 $0))))

-- if the word ends with any letter replace that with c v
(lambda (fn_46 $0 (regex_concat 'c' 'v')))

Please write a human-readable name and description for `fn_46` in the JSON format shown below.
Your `readable_name` should be underscore-separated and should not contain any spaces.
It should also be unique (not existing in the function library above).
If you cannot come up with a good name, please set `readable_name` to `null`.

{
    "anonymous_name": "fn_46",
    "readable_name": TODO,
    "description": TODO
}

2026-05-09 23:16:40,890 INFO:GPT (gpt-3.5-turbo-instruct) completion:
2026-05-09 23:16:40,890 INFO:[
    {
        "index": 0,
        "text": "\n{\n    \"anonymous_name\": \"fn_46\",\n    \"readable_name\": \"replace_with_reversed_substring\",\n    \"description\": \"Replaces a substring in a string with the reversed substring.\"\n}",
        "valid": true,
        "data": {
            "anonymous_name": "fn_46",
            "readable_name": "replace_with_reversed_substring",
            "description": "Replaces a substring in a string with the reversed substring."
        }
    },
    {
        "index": 1,
        "text": "\n{\n    \"anonymous_name\": \"fn_46\",\n    \"readable_name\": \"replace_with_reversed_substring\",\n    \"description\": \"Replaces a substring in a string with the reversed substring.\"\n}",
        "valid": true,
        "data": {
            "anonymous_name": "fn_46",
            "readable_name": "replace_with_reversed_substring",
            "description": "Replaces a substring in a string with the reversed substring."
        }
    },
    {
        "index": 2,
        "text": "\n{\n    \"anonymous_name\": \"fn_46\",\n    \"readable_name\": \"replace_with_reversed_substring\",\n    \"description\": \"Replaces a substring in a string with the reversed substring.\"\n}",
        "valid": true,
        "data": {
            "anonymous_name": "fn_46",
            "readable_name": "replace_with_reversed_substring",
            "description": "Replaces a substring in a string with the reversed substring."
        }
    },
    {
        "index": 3,
        "text": "\n{\n    \"anonymous_name\": \"fn_46\",\n    \"readable_name\": \"replace_with_reversed_substring\",\n    \"description\": \"Replaces a substring in a string with the reversed substring.\"\n}",
        "valid": true,
        "data": {
            "anonymous_name": "fn_46",
            "readable_name": "replace_with_reversed_substring",
            "description": "Replaces a substring in a string with the reversed substring."
        }
    },
    {
        "index": 4,
        "text": "\n{\n    \"anonymous_name\": \"fn_46\",\n    \"readable_name\": \"replace_with_reversed_substring\",\n    \"description\": \"Replaces a substring in a string with the reversed substring.\"\n}",
        "valid": true,
        "data": {
            "anonymous_name": "fn_46",
            "readable_name": "replace_with_reversed_substring",
            "description": "Replaces a substring in a string with the reversed substring."
        }
    }
]
2026-05-09 23:16:40,890 INFO:✅ Successfully named fn_46 -> replace_with_reversed_substring
2026-05-09 23:16:40,890 INFO:{
    "index": 0,
    "text": "\n{\n    \"anonymous_name\": \"fn_46\",\n    \"readable_name\": \"replace_with_reversed_substring\",\n    \"description\": \"Replaces a substring in a string with the reversed substring.\"\n}",
    "valid": true,
    "data": {
        "anonymous_name": "fn_46",
        "readable_name": "replace_with_reversed_substring",
        "description": "Replaces a substring in a string with the reversed substring.",
        "usage_examples": [
            {
                "task_name": "re2_train_393_if_the_word_ends_with_consonant_replace_that_with_i",
                "program": "(lambda (fn_46 $0 'i'))",
                "language": "if the word ends with consonant replace that with i"
            },
            {
                "task_name": "re2_train_445_if_the_word_ends_with_any_letter_replace_that_with_x_s",
                "program": "(lambda (fn_46 $0 (regex_concat 'x' 's')))",
                "language": "if the word ends with any letter replace that with x s"
            },
            {
                "task_name": "re2_train_331_if_the_word_ends_with_consonant_replace_that_with_o_g",
                "program": "(lambda (fn_46 $0 (regex_concat 'o' 'g')))",
                "language": "if the word ends with consonant replace that with o g"
            },
            {
                "task_name": "re2_train_185_if_the_word_ends_with_consonant_replace_that_with_a_o",
                "program": "(lambda (fn_46 $0 (regex_concat 'a' 'o')))",
                "language": "if the word ends with consonant replace that with a o"
            },
            {
                "task_name": "re2_train_237_if_the_word_ends_with_any_letter_replace_that_with_i_y",
                "program": "(lambda (fn_46 $0 (regex_concat 'i' 'y')))",
                "language": "if the word ends with any letter replace that with i y"
            },
            {
                "task_name": "re2_train_29_if_the_word_ends_with_any_letter_any_letter_replace_that_with_o_u",
                "program": "(lambda (fn_46 (fn_46 $0 empty_string) (regex_concat 'o' 'u')))",
                "language": "if the word ends with any letter any letter replace that with o u"
            },
            {
                "task_name": "re2_train_468_if_the_word_ends_with_any_letter_replace_that_with_x_p",
                "program": "(lambda (fn_46 $0 (regex_concat 'x' 'p')))",
                "language": "if the word ends with any letter replace that with x p"
            },
            {
                "task_name": "re2_train_26_if_the_word_ends_with_any_letter_replace_that_with_r",
                "program": "(lambda (fn_46 $0 'r'))",
                "language": "if the word ends with any letter replace that with r"
            },
            {
                "task_name": "re2_train_216_if_the_word_ends_with_consonant_replace_that_with_w",
                "program": "(lambda (fn_48 (fn_46 $0 'w') $0 (regex_tail (fn_47 $0))))",
                "language": "if the word ends with consonant replace that with w"
            },
            {
                "task_name": "re2_train_495_if_the_word_ends_with_any_letter_replace_that_with_c_v",
                "program": "(lambda (fn_46 $0 (regex_concat 'c' 'v')))",
                "language": "if the word ends with any letter replace that with c v"
            }
        ]
    }
}
2026-05-09 23:16:40,896 INFO:You are writing software documentation. Your goal is to write human-readable names for the following library functions:

replace_if_match :: tfullstr -> tsubstr -> tsubstr -> tfullstr

(lambda (lambda (lambda (regex_flatten (regex_map (lambda (regex_if (regex_match $1 $0) $2 $0)) (regex_split '.' $2))))))
description: Replaces a substring in a string if it matches a given pattern, using a specified replacement string.

replace_vowel :: tsubstr

(regex_or 'a' (regex_or 'e' (regex_or 'i' (regex_or 'o' 'u'))))
description: Replaces a vowel in a string with a specified replacement string.

replace_substring_in_string :: tfullstr -> tsubstr -> tsubstr -> tfullstr

(lambda (lambda (lambda (regex_flatten (regex_cons $0 (regex_cons $1 (regex_cdr (regex_split '.' $2))))))))
description: Replaces a substring in a string with a specified replacement string.

replace_with_function :: tfullstr -> (tsubstr -> tsubstr) -> tfullstr

(lambda (lambda (regex_flatten (regex_map $0 (regex_split empty_string $1)))))
description: Replaces a substring in a string with the result of a given function, using the substring as the input for the function.

replace_with_reversed_substring :: tfullstr -> tsubstr -> tfullstr

(lambda (lambda (regex_flatten (regex_append $0 (regex_reverse_cdr (regex_split '.' $1))))))
description: Replaces a substring in a string with the reversed substring.

fn_47 :: tfullstr -> list(tsubstr)

(lambda (regex_split empty_string $0))

fn_48 :: t0 -> t0 -> tsubstr -> t0

(lambda (lambda (lambda (regex_if (regex_match replace_vowel $0) $1 $2))))

fn_49 :: tfullstr -> tsubstr -> tfullstr

(lambda (lambda (regex_flatten (regex_cons $0 (regex_cdr (fn_47 $1))))))

fn_50 :: tfullstr -> tsubstr -> tsubstr -> tfullstr

(lambda (lambda (lambda (fn_48 $2 (replace_substring_in_string $2 $0 $1) (regex_car (fn_47 $2))))))

fn_51 :: tsubstr -> tsubstr -> tfullstr -> tfullstr

(lambda (lambda (lambda (replace_if_match $0 (regex_concat $1 $2) (regex_not replace_vowel)))))

======
Consider the following anonymous function:

fn_47 :: tfullstr -> list(tsubstr)

(lambda (regex_split empty_string $0))

Here are some examples of its usage:

-- if the word starts with any letter any letter replace that with w
(lambda (fn_49 (regex_flatten (regex_cdr (fn_47 $0))) 'w'))

-- if the word ends with consonant add j after that
(lambda (regex_if (regex_match 'o' (regex_car (fn_47 $0))) $0 (regex_flatten (regex_append 'j' (fn_47 $0)))))

-- if the word starts with any letter add d after that
(lambda (replace_substring_in_string $0 'd' (regex_car (fn_47 $0))))

-- if the word starts with any letter add v before that
(lambda (regex_flatten (regex_cons 'v' (fn_47 $0))))

-- if the word starts with consonant replace that with a g
(lambda (fn_48 (fn_49 $0 (regex_concat 'a' 'g')) $0 (regex_car (fn_47 $0))))

-- if the word starts with any letter any letter add j before that
(lambda (regex_flatten (regex_cons 'j' (fn_47 $0))))

-- if the word starts with vowel add l after that
(lambda (fn_50 $0 (regex_car (fn_47 $0)) 'l'))

-- if the word starts with consonant add l before that
(lambda (fn_48 (regex_flatten (regex_cons 'l' (fn_47 $0))) $0 (regex_car (fn_47 $0))))

-- if the word ends with consonant replace that with n a
(lambda (fn_48 (replace_with_reversed_substring $0 (regex_concat 'n' 'a')) $0 (regex_tail (fn_47 $0))))

-- if the word starts with any letter any letter replace that with e s
(lambda (replace_substring_in_string (regex_flatten (regex_cdr (fn_47 $0))) 's' 'e'))

Please write a human-readable name and description for `fn_47` in the JSON format shown below.
Your `readable_name` should be underscore-separated and should not contain any spaces.
It should also be unique (not existing in the function library above).
If you cannot come up with a good name, please set `readable_name` to `null`.

{
    "anonymous_name": "fn_47",
    "readable_name": TODO,
    "description": TODO
}

2026-05-09 23:16:42,031 INFO:GPT (gpt-3.5-turbo-instruct) completion:
2026-05-09 23:16:42,032 INFO:[
    {
        "index": 0,
        "text": "\n{\n    \"anonymous_name\": \"fn_47\",\n    \"readable_name\": \"split_string\",\n    \"description\": \"Splits a string into a list of substrings, using an empty string as the delimiter.\"\n}",
        "valid": true,
        "data": {
            "anonymous_name": "fn_47",
            "readable_name": "split_string",
            "description": "Splits a string into a list of substrings, using an empty string as the delimiter."
        }
    },
    {
        "index": 1,
        "text": "\n{\n    \"anonymous_name\": \"fn_47\",\n    \"readable_name\": \"split_string\",\n    \"description\": \"Splits a string into a list of substrings, using an empty string as the delimiter.\"\n}",
        "valid": true,
        "data": {
            "anonymous_name": "fn_47",
            "readable_name": "split_string",
            "description": "Splits a string into a list of substrings, using an empty string as the delimiter."
        }
    },
    {
        "index": 2,
        "text": "\n{\n    \"anonymous_name\": \"fn_47\",\n    \"readable_name\": \"split_string\",\n    \"description\": \"Splits a string into a list of substrings, using an empty string as the delimiter.\"\n}",
        "valid": true,
        "data": {
            "anonymous_name": "fn_47",
            "readable_name": "split_string",
            "description": "Splits a string into a list of substrings, using an empty string as the delimiter."
        }
    },
    {
        "index": 3,
        "text": "\n{\n    \"anonymous_name\": \"fn_47\",\n    \"readable_name\": \"split_string\",\n    \"description\": \"Splits a string into a list of substrings, using an empty string as the delimiter.\"\n}",
        "valid": true,
        "data": {
            "anonymous_name": "fn_47",
            "readable_name": "split_string",
            "description": "Splits a string into a list of substrings, using an empty string as the delimiter."
        }
    },
    {
        "index": 4,
        "text": "\n{\n    \"anonymous_name\": \"fn_47\",\n    \"readable_name\": \"split_string\",\n    \"description\": \"Splits a string into a list of substrings, using an empty string as the delimiter.\"\n}",
        "valid": true,
        "data": {
            "anonymous_name": "fn_47",
            "readable_name": "split_string",
            "description": "Splits a string into a list of substrings, using an empty string as the delimiter."
        }
    }
]
2026-05-09 23:16:42,032 INFO:✅ Successfully named fn_47 -> split_string
2026-05-09 23:16:42,032 INFO:{
    "index": 0,
    "text": "\n{\n    \"anonymous_name\": \"fn_47\",\n    \"readable_name\": \"split_string\",\n    \"description\": \"Splits a string into a list of substrings, using an empty string as the delimiter.\"\n}",
    "valid": true,
    "data": {
        "anonymous_name": "fn_47",
        "readable_name": "split_string",
        "description": "Splits a string into a list of substrings, using an empty string as the delimiter.",
        "usage_examples": [
            {
                "task_name": "re2_train_208_if_the_word_starts_with_any_letter_any_letter_replace_that_with_w",
                "program": "(lambda (fn_49 (regex_flatten (regex_cdr (fn_47 $0))) 'w'))",
                "language": "if the word starts with any letter any letter replace that with w"
            },
            {
                "task_name": "re2_train_293_if_the_word_ends_with_consonant_add_j_after_that",
                "program": "(lambda (regex_if (regex_match 'o' (regex_car (fn_47 $0))) $0 (regex_flatten (regex_append 'j' (fn_47 $0)))))",
                "language": "if the word ends with consonant add j after that"
            },
            {
                "task_name": "re2_train_191_if_the_word_starts_with_any_letter_add_d_after_that",
                "program": "(lambda (replace_substring_in_string $0 'd' (regex_car (fn_47 $0))))",
                "language": "if the word starts with any letter add d after that"
            },
            {
                "task_name": "re2_train_472_if_the_word_starts_with_any_letter_add_v_before_that",
                "program": "(lambda (regex_flatten (regex_cons 'v' (fn_47 $0))))",
                "language": "if the word starts with any letter add v before that"
            },
            {
                "task_name": "re2_train_70_if_the_word_starts_with_consonant_replace_that_with_a_g",
                "program": "(lambda (fn_48 (fn_49 $0 (regex_concat 'a' 'g')) $0 (regex_car (fn_47 $0))))",
                "language": "if the word starts with consonant replace that with a g"
            },
            {
                "task_name": "re2_train_66_if_the_word_starts_with_any_letter_any_letter_add_j_before_that",
                "program": "(lambda (regex_flatten (regex_cons 'j' (fn_47 $0))))",
                "language": "if the word starts with any letter any letter add j before that"
            },
            {
                "task_name": "re2_train_314_if_the_word_starts_with_vowel_add_l_after_that",
                "program": "(lambda (fn_50 $0 (regex_car (fn_47 $0)) 'l'))",
                "language": "if the word starts with vowel add l after that"
            },
            {
                "task_name": "re2_train_120_if_the_word_starts_with_consonant_add_l_before_that",
                "program": "(lambda (fn_48 (regex_flatten (regex_cons 'l' (fn_47 $0))) $0 (regex_car (fn_47 $0))))",
                "language": "if the word starts with consonant add l before that"
            },
            {
                "task_name": "re2_train_309_if_the_word_ends_with_consonant_replace_that_with_n_a",
                "program": "(lambda (fn_48 (replace_with_reversed_substring $0 (regex_concat 'n' 'a')) $0 (regex_tail (fn_47 $0))))",
                "language": "if the word ends with consonant replace that with n a"
            },
            {
                "task_name": "re2_train_407_if_the_word_starts_with_any_letter_any_letter_replace_that_with_e_s",
                "program": "(lambda (replace_substring_in_string (regex_flatten (regex_cdr (fn_47 $0))) 's' 'e'))",
                "language": "if the word starts with any letter any letter replace that with e s"
            }
        ]
    }
}
2026-05-09 23:16:42,042 INFO:You are writing software documentation. Your goal is to write human-readable names for the following library functions:

replace_if_match :: tfullstr -> tsubstr -> tsubstr -> tfullstr

(lambda (lambda (lambda (regex_flatten (regex_map (lambda (regex_if (regex_match $1 $0) $2 $0)) (regex_split '.' $2))))))
description: Replaces a substring in a string if it matches a given pattern, using a specified replacement string.

replace_vowel :: tsubstr

(regex_or 'a' (regex_or 'e' (regex_or 'i' (regex_or 'o' 'u'))))
description: Replaces a vowel in a string with a specified replacement string.

replace_substring_in_string :: tfullstr -> tsubstr -> tsubstr -> tfullstr

(lambda (lambda (lambda (regex_flatten (regex_cons $0 (regex_cons $1 (regex_cdr (regex_split '.' $2))))))))
description: Replaces a substring in a string with a specified replacement string.

replace_with_function :: tfullstr -> (tsubstr -> tsubstr) -> tfullstr

(lambda (lambda (regex_flatten (regex_map $0 (regex_split empty_string $1)))))
description: Replaces a substring in a string with the result of a given function, using the substring as the input for the function.

replace_with_reversed_substring :: tfullstr -> tsubstr -> tfullstr

(lambda (lambda (regex_flatten (regex_append $0 (regex_reverse_cdr (regex_split '.' $1))))))
description: Replaces a substring in a string with the reversed substring.

split_string :: tfullstr -> list(tsubstr)

(lambda (regex_split empty_string $0))
description: Splits a string into a list of substrings, using an empty string as the delimiter.

fn_48 :: t0 -> t0 -> tsubstr -> t0

(lambda (lambda (lambda (regex_if (regex_match replace_vowel $0) $1 $2))))

fn_49 :: tfullstr -> tsubstr -> tfullstr

(lambda (lambda (regex_flatten (regex_cons $0 (regex_cdr (split_string $1))))))

fn_50 :: tfullstr -> tsubstr -> tsubstr -> tfullstr

(lambda (lambda (lambda (fn_48 $2 (replace_substring_in_string $2 $0 $1) (regex_car (split_string $2))))))

fn_51 :: tsubstr -> tsubstr -> tfullstr -> tfullstr

(lambda (lambda (lambda (replace_if_match $0 (regex_concat $1 $2) (regex_not replace_vowel)))))

======
Consider the following anonymous function:

fn_48 :: t0 -> t0 -> tsubstr -> t0

(lambda (lambda (lambda (regex_if (regex_match replace_vowel $0) $1 $2))))

Here are some examples of its usage:

-- if there is vowel add c after that
(lambda (replace_with_function $0 (lambda (fn_48 $0 (regex_concat $0 'c') $0))))

-- if there is consonant add m after that
(lambda (replace_with_function $0 (lambda (fn_48 (regex_concat $0 'm') $0 $0))))

-- if there is vowel add n after that
(lambda (replace_with_function $0 (lambda (fn_48 $0 (regex_concat $0 'n') $0))))

-- if there is vowel replace that with j
(lambda (replace_with_function $0 (lambda (fn_48 $0 'j' $0))))

-- if there is vowel add v after that
(lambda (replace_with_function $0 (lambda (fn_48 $0 (regex_concat $0 'v') $0))))

-- if there is vowel add v before that
(lambda (replace_with_function $0 (lambda (fn_48 $0 (regex_concat 'v' $0) $0))))

-- if the word starts with consonant add l before that
(lambda (fn_48 (regex_flatten (regex_cons 'l' (split_string $0))) $0 (regex_car (split_string $0))))

-- if the word ends with consonant replace that with n a
(lambda (fn_48 (replace_with_reversed_substring $0 (regex_concat 'n' 'a')) $0 (regex_tail (split_string $0))))

-- if there is vowel add h before that
(lambda (replace_with_function $0 (lambda (fn_48 $0 (regex_concat 'h' $0) $0))))

-- if the word starts with consonant replace that with r p
(lambda (fn_48 (replace_substring_in_string $0 'p' 'r') $0 (regex_car (split_string $0))))

Please write a human-readable name and description for `fn_48` in the JSON format shown below.
Your `readable_name` should be underscore-separated and should not contain any spaces.
It should also be unique (not existing in the function library above).
If you cannot come up with a good name, please set `readable_name` to `null`.

{
    "anonymous_name": "fn_48",
    "readable_name": TODO,
    "description": TODO
}

2026-05-09 23:16:43,158 INFO:GPT (gpt-3.5-turbo-instruct) completion:
2026-05-09 23:16:43,158 INFO:[
    {
        "index": 0,
        "text": "\n{\n    \"anonymous_name\": \"fn_48\",\n    \"readable_name\": \"replace_if_vowel\",\n    \"description\": \"Replaces a substring in a string with a specified replacement string if the substring contains a vowel.\"\n}",
        "valid": true,
        "data": {
            "anonymous_name": "fn_48",
            "readable_name": "replace_if_vowel",
            "description": "Replaces a substring in a string with a specified replacement string if the substring contains a vowel."
        }
    },
    {
        "index": 1,
        "text": "\n{\n    \"anonymous_name\": \"fn_48\",\n    \"readable_name\": \"replace_if_vowel\",\n    \"description\": \"Replaces a substring in a string with a specified replacement string if the substring contains a vowel.\"\n}",
        "valid": true,
        "data": {
            "anonymous_name": "fn_48",
            "readable_name": "replace_if_vowel",
            "description": "Replaces a substring in a string with a specified replacement string if the substring contains a vowel."
        }
    },
    {
        "index": 2,
        "text": "\n{\n    \"anonymous_name\": \"fn_48\",\n    \"readable_name\": \"replace_if_vowel\",\n    \"description\": \"Replaces a substring in a string with a specified replacement string if the substring contains a vowel.\"\n}",
        "valid": true,
        "data": {
            "anonymous_name": "fn_48",
            "readable_name": "replace_if_vowel",
            "description": "Replaces a substring in a string with a specified replacement string if the substring contains a vowel."
        }
    },
    {
        "index": 3,
        "text": "\n{\n    \"anonymous_name\": \"fn_48\",\n    \"readable_name\": \"replace_if_vowel\",\n    \"description\": \"Replaces a substring in a string with a specified replacement string if the substring contains a vowel.\"\n}",
        "valid": true,
        "data": {
            "anonymous_name": "fn_48",
            "readable_name": "replace_if_vowel",
            "description": "Replaces a substring in a string with a specified replacement string if the substring contains a vowel."
        }
    },
    {
        "index": 4,
        "text": "\n{\n    \"anonymous_name\": \"fn_48\",\n    \"readable_name\": \"replace_if_vowel\",\n    \"description\": \"Replaces a substring in a string with a specified replacement string if the substring contains a vowel.\"\n}",
        "valid": true,
        "data": {
            "anonymous_name": "fn_48",
            "readable_name": "replace_if_vowel",
            "description": "Replaces a substring in a string with a specified replacement string if the substring contains a vowel."
        }
    }
]
2026-05-09 23:16:43,158 INFO:✅ Successfully named fn_48 -> replace_if_vowel
2026-05-09 23:16:43,158 INFO:{
    "index": 0,
    "text": "\n{\n    \"anonymous_name\": \"fn_48\",\n    \"readable_name\": \"replace_if_vowel\",\n    \"description\": \"Replaces a substring in a string with a specified replacement string if the substring contains a vowel.\"\n}",
    "valid": true,
    "data": {
        "anonymous_name": "fn_48",
        "readable_name": "replace_if_vowel",
        "description": "Replaces a substring in a string with a specified replacement string if the substring contains a vowel.",
        "usage_examples": [
            {
                "task_name": "re2_train_48_if_there_is_vowel_add_c_after_that",
                "program": "(lambda (replace_with_function $0 (lambda (fn_48 $0 (regex_concat $0 'c') $0))))",
                "language": "if there is vowel add c after that"
            },
            {
                "task_name": "re2_train_251_if_there_is_consonant_add_m_after_that",
                "program": "(lambda (replace_with_function $0 (lambda (fn_48 (regex_concat $0 'm') $0 $0))))",
                "language": "if there is consonant add m after that"
            },
            {
                "task_name": "re2_train_45_if_there_is_vowel_add_n_after_that",
                "program": "(lambda (replace_with_function $0 (lambda (fn_48 $0 (regex_concat $0 'n') $0))))",
                "language": "if there is vowel add n after that"
            },
            {
                "task_name": "re2_train_418_if_there_is_vowel_replace_that_with_j",
                "program": "(lambda (replace_with_function $0 (lambda (fn_48 $0 'j' $0))))",
                "language": "if there is vowel replace that with j"
            },
            {
                "task_name": "re2_train_302_if_there_is_vowel_add_v_after_that",
                "program": "(lambda (replace_with_function $0 (lambda (fn_48 $0 (regex_concat $0 'v') $0))))",
                "language": "if there is vowel add v after that"
            },
            {
                "task_name": "re2_train_456_if_there_is_vowel_add_v_before_that",
                "program": "(lambda (replace_with_function $0 (lambda (fn_48 $0 (regex_concat 'v' $0) $0))))",
                "language": "if there is vowel add v before that"
            },
            {
                "task_name": "re2_train_120_if_the_word_starts_with_consonant_add_l_before_that",
                "program": "(lambda (fn_48 (regex_flatten (regex_cons 'l' (split_string $0))) $0 (regex_car (split_string $0))))",
                "language": "if the word starts with consonant add l before that"
            },
            {
                "task_name": "re2_train_309_if_the_word_ends_with_consonant_replace_that_with_n_a",
                "program": "(lambda (fn_48 (replace_with_reversed_substring $0 (regex_concat 'n' 'a')) $0 (regex_tail (split_string $0))))",
                "language": "if the word ends with consonant replace that with n a"
            },
            {
                "task_name": "re2_train_179_if_there_is_vowel_add_h_before_that",
                "program": "(lambda (replace_with_function $0 (lambda (fn_48 $0 (regex_concat 'h' $0) $0))))",
                "language": "if there is vowel add h before that"
            },
            {
                "task_name": "re2_train_142_if_the_word_starts_with_consonant_replace_that_with_r_p",
                "program": "(lambda (fn_48 (replace_substring_in_string $0 'p' 'r') $0 (regex_car (split_string $0))))",
                "language": "if the word starts with consonant replace that with r p"
            }
        ]
    }
}
2026-05-09 23:16:43,169 INFO:You are writing software documentation. Your goal is to write human-readable names for the following library functions:

replace_if_match :: tfullstr -> tsubstr -> tsubstr -> tfullstr

(lambda (lambda (lambda (regex_flatten (regex_map (lambda (regex_if (regex_match $1 $0) $2 $0)) (regex_split '.' $2))))))
description: Replaces a substring in a string if it matches a given pattern, using a specified replacement string.

replace_vowel :: tsubstr

(regex_or 'a' (regex_or 'e' (regex_or 'i' (regex_or 'o' 'u'))))
description: Replaces a vowel in a string with a specified replacement string.

replace_substring_in_string :: tfullstr -> tsubstr -> tsubstr -> tfullstr

(lambda (lambda (lambda (regex_flatten (regex_cons $0 (regex_cons $1 (regex_cdr (regex_split '.' $2))))))))
description: Replaces a substring in a string with a specified replacement string.

replace_with_function :: tfullstr -> (tsubstr -> tsubstr) -> tfullstr

(lambda (lambda (regex_flatten (regex_map $0 (regex_split empty_string $1)))))
description: Replaces a substring in a string with the result of a given function, using the substring as the input for the function.

replace_with_reversed_substring :: tfullstr -> tsubstr -> tfullstr

(lambda (lambda (regex_flatten (regex_append $0 (regex_reverse_cdr (regex_split '.' $1))))))
description: Replaces a substring in a string with the reversed substring.

split_string :: tfullstr -> list(tsubstr)

(lambda (regex_split empty_string $0))
description: Splits a string into a list of substrings, using an empty string as the delimiter.

replace_if_vowel :: t0 -> t0 -> tsubstr -> t0

(lambda (lambda (lambda (regex_if (regex_match replace_vowel $0) $1 $2))))
description: Replaces a substring in a string with a specified replacement string if the substring contains a vowel.

fn_49 :: tfullstr -> tsubstr -> tfullstr

(lambda (lambda (regex_flatten (regex_cons $0 (regex_cdr (split_string $1))))))

fn_50 :: tfullstr -> tsubstr -> tsubstr -> tfullstr

(lambda (lambda (lambda (replace_if_vowel $2 (replace_substring_in_string $2 $0 $1) (regex_car (split_string $2))))))

fn_51 :: tsubstr -> tsubstr -> tfullstr -> tfullstr

(lambda (lambda (lambda (replace_if_match $0 (regex_concat $1 $2) (regex_not replace_vowel)))))

======
Consider the following anonymous function:

fn_49 :: tfullstr -> tsubstr -> tfullstr

(lambda (lambda (regex_flatten (regex_cons $0 (regex_cdr (split_string $1))))))

Here are some examples of its usage:

-- if the word starts with consonant replace that with a g
(lambda (replace_if_vowel (fn_49 $0 (regex_concat 'a' 'g')) $0 (regex_car (split_string $0))))

-- if the word starts with any letter replace that with a
(lambda (fn_49 $0 'a'))

-- if the word starts with any letter any letter replace that with w
(lambda (fn_49 (regex_flatten (regex_cdr (split_string $0))) 'w'))

-- if the word starts with consonant replace that with i
(lambda (fn_49 $0 'i'))

-- if the word starts with any letter replace that with f
(lambda (fn_49 $0 'f'))

-- if the word starts with any letter replace that with b
(lambda (fn_49 $0 'b'))

-- if the word starts with any letter replace that with e s
(lambda (fn_49 $0 (regex_concat 'e' 's')))

-- if the word starts with any letter replace that with r r
(lambda (fn_49 $0 (regex_concat 'r' 'r')))

Please write a human-readable name and description for `fn_49` in the JSON format shown below.
Your `readable_name` should be underscore-separated and should not contain any spaces.
It should also be unique (not existing in the function library above).
If you cannot come up with a good name, please set `readable_name` to `null`.

{
    "anonymous_name": "fn_49",
    "readable_name": TODO,
    "description": TODO
}

2026-05-09 23:16:43,818 INFO:GPT (gpt-3.5-turbo-instruct) completion:
2026-05-09 23:16:43,818 INFO:[
    {
        "index": 0,
        "text": "\n{\n    \"anonymous_name\": \"fn_49\",\n    \"readable_name\": \"replace_first_substring\",\n    \"description\": \"Replaces the first substring in a string with a specified replacement string.\"\n}",
        "valid": true,
        "data": {
            "anonymous_name": "fn_49",
            "readable_name": "replace_first_substring",
            "description": "Replaces the first substring in a string with a specified replacement string."
        }
    },
    {
        "index": 1,
        "text": "\n{\n    \"anonymous_name\": \"fn_49\",\n    \"readable_name\": \"replace_first_substring\",\n    \"description\": \"Replaces the first substring in a string with a specified replacement string.\"\n}",
        "valid": true,
        "data": {
            "anonymous_name": "fn_49",
            "readable_name": "replace_first_substring",
            "description": "Replaces the first substring in a string with a specified replacement string."
        }
    },
    {
        "index": 2,
        "text": "\n{\n    \"anonymous_name\": \"fn_49\",\n    \"readable_name\": \"replace_first_substring\",\n    \"description\": \"Replaces the first substring in a string with a specified replacement string.\"\n}",
        "valid": true,
        "data": {
            "anonymous_name": "fn_49",
            "readable_name": "replace_first_substring",
            "description": "Replaces the first substring in a string with a specified replacement string."
        }
    },
    {
        "index": 3,
        "text": "\n{\n    \"anonymous_name\": \"fn_49\",\n    \"readable_name\": \"replace_first_substring\",\n    \"description\": \"Replaces the first substring in a string with a specified replacement string.\"\n}",
        "valid": true,
        "data": {
            "anonymous_name": "fn_49",
            "readable_name": "replace_first_substring",
            "description": "Replaces the first substring in a string with a specified replacement string."
        }
    },
    {
        "index": 4,
        "text": "\n{\n    \"anonymous_name\": \"fn_49\",\n    \"readable_name\": \"replace_first_substring\",\n    \"description\": \"Replaces the first substring in a string with a specified replacement string.\"\n}",
        "valid": true,
        "data": {
            "anonymous_name": "fn_49",
            "readable_name": "replace_first_substring",
            "description": "Replaces the first substring in a string with a specified replacement string."
        }
    }
]
2026-05-09 23:16:43,818 INFO:✅ Successfully named fn_49 -> replace_first_substring
2026-05-09 23:16:43,818 INFO:{
    "index": 0,
    "text": "\n{\n    \"anonymous_name\": \"fn_49\",\n    \"readable_name\": \"replace_first_substring\",\n    \"description\": \"Replaces the first substring in a string with a specified replacement string.\"\n}",
    "valid": true,
    "data": {
        "anonymous_name": "fn_49",
        "readable_name": "replace_first_substring",
        "description": "Replaces the first substring in a string with a specified replacement string.",
        "usage_examples": [
            {
                "task_name": "re2_train_70_if_the_word_starts_with_consonant_replace_that_with_a_g",
                "program": "(lambda (replace_if_vowel (fn_49 $0 (regex_concat 'a' 'g')) $0 (regex_car (split_string $0))))",
                "language": "if the word starts with consonant replace that with a g"
            },
            {
                "task_name": "re2_train_463_if_the_word_starts_with_any_letter_replace_that_with_a",
                "program": "(lambda (fn_49 $0 'a'))",
                "language": "if the word starts with any letter replace that with a"
            },
            {
                "task_name": "re2_train_208_if_the_word_starts_with_any_letter_any_letter_replace_that_with_w",
                "program": "(lambda (fn_49 (regex_flatten (regex_cdr (split_string $0))) 'w'))",
                "language": "if the word starts with any letter any letter replace that with w"
            },
            {
                "task_name": "re2_train_327_if_the_word_starts_with_consonant_replace_that_with_i",
                "program": "(lambda (fn_49 $0 'i'))",
                "language": "if the word starts with consonant replace that with i"
            },
            {
                "task_name": "re2_train_203_if_the_word_starts_with_any_letter_replace_that_with_f",
                "program": "(lambda (fn_49 $0 'f'))",
                "language": "if the word starts with any letter replace that with f"
            },
            {
                "task_name": "re2_train_169_if_the_word_starts_with_any_letter_replace_that_with_b",
                "program": "(lambda (fn_49 $0 'b'))",
                "language": "if the word starts with any letter replace that with b"
            },
            {
                "task_name": "re2_train_395_if_the_word_starts_with_any_letter_replace_that_with_e_s",
                "program": "(lambda (fn_49 $0 (regex_concat 'e' 's')))",
                "language": "if the word starts with any letter replace that with e s"
            },
            {
                "task_name": "re2_train_316_if_the_word_starts_with_any_letter_replace_that_with_r_r",
                "program": "(lambda (fn_49 $0 (regex_concat 'r' 'r')))",
                "language": "if the word starts with any letter replace that with r r"
            }
        ]
    }
}
2026-05-09 23:16:43,830 INFO:You are writing software documentation. Your goal is to write human-readable names for the following library functions:

replace_if_match :: tfullstr -> tsubstr -> tsubstr -> tfullstr

(lambda (lambda (lambda (regex_flatten (regex_map (lambda (regex_if (regex_match $1 $0) $2 $0)) (regex_split '.' $2))))))
description: Replaces a substring in a string if it matches a given pattern, using a specified replacement string.

replace_vowel :: tsubstr

(regex_or 'a' (regex_or 'e' (regex_or 'i' (regex_or 'o' 'u'))))
description: Replaces a vowel in a string with a specified replacement string.

replace_substring_in_string :: tfullstr -> tsubstr -> tsubstr -> tfullstr

(lambda (lambda (lambda (regex_flatten (regex_cons $0 (regex_cons $1 (regex_cdr (regex_split '.' $2))))))))
description: Replaces a substring in a string with a specified replacement string.

replace_with_function :: tfullstr -> (tsubstr -> tsubstr) -> tfullstr

(lambda (lambda (regex_flatten (regex_map $0 (regex_split empty_string $1)))))
description: Replaces a substring in a string with the result of a given function, using the substring as the input for the function.

replace_with_reversed_substring :: tfullstr -> tsubstr -> tfullstr

(lambda (lambda (regex_flatten (regex_append $0 (regex_reverse_cdr (regex_split '.' $1))))))
description: Replaces a substring in a string with the reversed substring.

split_string :: tfullstr -> list(tsubstr)

(lambda (regex_split empty_string $0))
description: Splits a string into a list of substrings, using an empty string as the delimiter.

replace_if_vowel :: t0 -> t0 -> tsubstr -> t0

(lambda (lambda (lambda (regex_if (regex_match replace_vowel $0) $1 $2))))
description: Replaces a substring in a string with a specified replacement string if the substring contains a vowel.

replace_first_substring :: tfullstr -> tsubstr -> tfullstr

(lambda (lambda (regex_flatten (regex_cons $0 (regex_cdr (split_string $1))))))
description: Replaces the first substring in a string with a specified replacement string.

fn_50 :: tfullstr -> tsubstr -> tsubstr -> tfullstr

(lambda (lambda (lambda (replace_if_vowel $2 (replace_substring_in_string $2 $0 $1) (regex_car (split_string $2))))))

fn_51 :: tsubstr -> tsubstr -> tfullstr -> tfullstr

(lambda (lambda (lambda (replace_if_match $0 (regex_concat $1 $2) (regex_not replace_vowel)))))

======
Consider the following anonymous function:

fn_50 :: tfullstr -> tsubstr -> tsubstr -> tfullstr

(lambda (lambda (lambda (replace_if_vowel $2 (replace_substring_in_string $2 $0 $1) (regex_car (split_string $2))))))

Here are some examples of its usage:

-- if the word starts with vowel replace that with u c
(lambda (fn_50 $0 'u' 'c'))

-- if the word starts with vowel replace that with e i
(lambda (fn_50 $0 'e' 'i'))

-- if the word starts with vowel add l after that
(lambda (fn_50 $0 (regex_car (split_string $0)) 'l'))

-- if the word starts with vowel replace that with i d
(lambda (fn_50 $0 'i' 'd'))

Please write a human-readable name and description for `fn_50` in the JSON format shown below.
Your `readable_name` should be underscore-separated and should not contain any spaces.
It should also be unique (not existing in the function library above).
If you cannot come up with a good name, please set `readable_name` to `null`.

{
    "anonymous_name": "fn_50",
    "readable_name": TODO,
    "description": TODO
}

2026-05-09 23:16:44,674 INFO:GPT (gpt-3.5-turbo-instruct) completion:
2026-05-09 23:16:44,674 INFO:[
    {
        "index": 0,
        "text": "\n{\n    \"anonymous_name\": \"fn_50\",\n    \"readable_name\": \"replace_if_vowel_in_string\",\n    \"description\": \"Replaces a vowel in a string with a specified replacement string, using the first substring in the string as the input for the replacement.\"\n}",
        "valid": true,
        "data": {
            "anonymous_name": "fn_50",
            "readable_name": "replace_if_vowel_in_string",
            "description": "Replaces a vowel in a string with a specified replacement string, using the first substring in the string as the input for the replacement."
        }
    },
    {
        "index": 1,
        "text": "\n{\n    \"anonymous_name\": \"fn_50\",\n    \"readable_name\": \"replace_if_vowel_in_string\",\n    \"description\": \"Replaces a vowel in a string with a specified replacement string, using the first substring in the string as the input for the replacement.\"\n}",
        "valid": true,
        "data": {
            "anonymous_name": "fn_50",
            "readable_name": "replace_if_vowel_in_string",
            "description": "Replaces a vowel in a string with a specified replacement string, using the first substring in the string as the input for the replacement."
        }
    },
    {
        "index": 2,
        "text": "\n{\n    \"anonymous_name\": \"fn_50\",\n    \"readable_name\": \"replace_if_vowel_in_string\",\n    \"description\": \"Replaces a vowel in a string with a specified replacement string, using the first substring in the string as the input for the replacement.\"\n}",
        "valid": true,
        "data": {
            "anonymous_name": "fn_50",
            "readable_name": "replace_if_vowel_in_string",
            "description": "Replaces a vowel in a string with a specified replacement string, using the first substring in the string as the input for the replacement."
        }
    },
    {
        "index": 3,
        "text": "\n{\n    \"anonymous_name\": \"fn_50\",\n    \"readable_name\": \"replace_if_vowel_in_string\",\n    \"description\": \"Replaces a vowel in a string with a specified replacement string, using the first substring in the string as the input for the replacement.\"\n}",
        "valid": true,
        "data": {
            "anonymous_name": "fn_50",
            "readable_name": "replace_if_vowel_in_string",
            "description": "Replaces a vowel in a string with a specified replacement string, using the first substring in the string as the input for the replacement."
        }
    },
    {
        "index": 4,
        "text": "\n{\n    \"anonymous_name\": \"fn_50\",\n    \"readable_name\": \"replace_if_vowel_in_string\",\n    \"description\": \"Replaces a vowel in a string with a specified replacement string, using the first substring in the string as the input for the replacement.\"\n}",
        "valid": true,
        "data": {
            "anonymous_name": "fn_50",
            "readable_name": "replace_if_vowel_in_string",
            "description": "Replaces a vowel in a string with a specified replacement string, using the first substring in the string as the input for the replacement."
        }
    }
]
2026-05-09 23:16:44,674 INFO:✅ Successfully named fn_50 -> replace_if_vowel_in_string
2026-05-09 23:16:44,674 INFO:{
    "index": 0,
    "text": "\n{\n    \"anonymous_name\": \"fn_50\",\n    \"readable_name\": \"replace_if_vowel_in_string\",\n    \"description\": \"Replaces a vowel in a string with a specified replacement string, using the first substring in the string as the input for the replacement.\"\n}",
    "valid": true,
    "data": {
        "anonymous_name": "fn_50",
        "readable_name": "replace_if_vowel_in_string",
        "description": "Replaces a vowel in a string with a specified replacement string, using the first substring in the string as the input for the replacement.",
        "usage_examples": [
            {
                "task_name": "re2_train_93_if_the_word_starts_with_vowel_replace_that_with_u_c",
                "program": "(lambda (fn_50 $0 'u' 'c'))",
                "language": "if the word starts with vowel replace that with u c"
            },
            {
                "task_name": "re2_train_100_if_the_word_starts_with_vowel_replace_that_with_e_i",
                "program": "(lambda (fn_50 $0 'e' 'i'))",
                "language": "if the word starts with vowel replace that with e i"
            },
            {
                "task_name": "re2_train_314_if_the_word_starts_with_vowel_add_l_after_that",
                "program": "(lambda (fn_50 $0 (regex_car (split_string $0)) 'l'))",
                "language": "if the word starts with vowel add l after that"
            },
            {
                "task_name": "re2_train_333_if_the_word_starts_with_vowel_replace_that_with_i_d",
                "program": "(lambda (fn_50 $0 'i' 'd'))",
                "language": "if the word starts with vowel replace that with i d"
            }
        ]
    }
}
2026-05-09 23:16:44,686 INFO:You are writing software documentation. Your goal is to write human-readable names for the following library functions:

replace_if_match :: tfullstr -> tsubstr -> tsubstr -> tfullstr

(lambda (lambda (lambda (regex_flatten (regex_map (lambda (regex_if (regex_match $1 $0) $2 $0)) (regex_split '.' $2))))))
description: Replaces a substring in a string if it matches a given pattern, using a specified replacement string.

replace_vowel :: tsubstr

(regex_or 'a' (regex_or 'e' (regex_or 'i' (regex_or 'o' 'u'))))
description: Replaces a vowel in a string with a specified replacement string.

replace_substring_in_string :: tfullstr -> tsubstr -> tsubstr -> tfullstr

(lambda (lambda (lambda (regex_flatten (regex_cons $0 (regex_cons $1 (regex_cdr (regex_split '.' $2))))))))
description: Replaces a substring in a string with a specified replacement string.

replace_with_function :: tfullstr -> (tsubstr -> tsubstr) -> tfullstr

(lambda (lambda (regex_flatten (regex_map $0 (regex_split empty_string $1)))))
description: Replaces a substring in a string with the result of a given function, using the substring as the input for the function.

replace_with_reversed_substring :: tfullstr -> tsubstr -> tfullstr

(lambda (lambda (regex_flatten (regex_append $0 (regex_reverse_cdr (regex_split '.' $1))))))
description: Replaces a substring in a string with the reversed substring.

split_string :: tfullstr -> list(tsubstr)

(lambda (regex_split empty_string $0))
description: Splits a string into a list of substrings, using an empty string as the delimiter.

replace_if_vowel :: t0 -> t0 -> tsubstr -> t0

(lambda (lambda (lambda (regex_if (regex_match replace_vowel $0) $1 $2))))
description: Replaces a substring in a string with a specified replacement string if the substring contains a vowel.

replace_first_substring :: tfullstr -> tsubstr -> tfullstr

(lambda (lambda (regex_flatten (regex_cons $0 (regex_cdr (split_string $1))))))
description: Replaces the first substring in a string with a specified replacement string.

replace_if_vowel_in_string :: tfullstr -> tsubstr -> tsubstr -> tfullstr

(lambda (lambda (lambda (replace_if_vowel $2 (replace_substring_in_string $2 $0 $1) (regex_car (split_string $2))))))
description: Replaces a vowel in a string with a specified replacement string, using the first substring in the string as the input for the replacement.

fn_51 :: tsubstr -> tsubstr -> tfullstr -> tfullstr

(lambda (lambda (lambda (replace_if_match $0 (regex_concat $1 $2) (regex_not replace_vowel)))))

======
Consider the following anonymous function:

fn_51 :: tsubstr -> tsubstr -> tfullstr -> tfullstr

(lambda (lambda (lambda (replace_if_match $0 (regex_concat $1 $2) (regex_not replace_vowel)))))

Here are some examples of its usage:

-- if there is consonant replace that with x u
(lambda (fn_51 'u' 'x' $0))

-- if there is consonant replace that with g o
(lambda (fn_51 'o' 'g' $0))

-- if there is consonant replace that with v i
(lambda (fn_51 'i' 'v' $0))

-- if there is consonant replace that with c m
(lambda (fn_51 'm' 'c' $0))

-- if there is consonant replace that with m b
(lambda (fn_51 'b' 'm' $0))

-- if there is consonant replace that with m a
(lambda (fn_51 'a' 'm' $0))

Please write a human-readable name and description for `fn_51` in the JSON format shown below.
Your `readable_name` should be underscore-separated and should not contain any spaces.
It should also be unique (not existing in the function library above).
If you cannot come up with a good name, please set `readable_name` to `null`.

{
    "anonymous_name": "fn_51",
    "readable_name": TODO,
    "description": TODO
}

2026-05-09 23:16:45,444 INFO:GPT (gpt-3.5-turbo-instruct) completion:
2026-05-09 23:16:45,444 INFO:[
    {
        "index": 0,
        "text": "\n{\n    \"anonymous_name\": \"fn_51\",\n    \"readable_name\": \"replace_if_consonant\",\n    \"description\": \"Replaces a substring in a string with a specified replacement string if the substring contains a consonant.\"\n}",
        "valid": true,
        "data": {
            "anonymous_name": "fn_51",
            "readable_name": "replace_if_consonant",
            "description": "Replaces a substring in a string with a specified replacement string if the substring contains a consonant."
        }
    },
    {
        "index": 1,
        "text": "\n{\n    \"anonymous_name\": \"fn_51\",\n    \"readable_name\": \"replace_if_consonant\",\n    \"description\": \"Replaces a substring in a string with a specified replacement string if the substring contains a consonant.\"\n}",
        "valid": true,
        "data": {
            "anonymous_name": "fn_51",
            "readable_name": "replace_if_consonant",
            "description": "Replaces a substring in a string with a specified replacement string if the substring contains a consonant."
        }
    },
    {
        "index": 2,
        "text": "\n{\n    \"anonymous_name\": \"fn_51\",\n    \"readable_name\": \"replace_if_consonant\",\n    \"description\": \"Replaces a substring in a string with a specified replacement string if the substring contains a consonant.\"\n}",
        "valid": true,
        "data": {
            "anonymous_name": "fn_51",
            "readable_name": "replace_if_consonant",
            "description": "Replaces a substring in a string with a specified replacement string if the substring contains a consonant."
        }
    },
    {
        "index": 3,
        "text": "\n{\n    \"anonymous_name\": \"fn_51\",\n    \"readable_name\": \"replace_if_consonant\",\n    \"description\": \"Replaces a substring in a string with a specified replacement string if the substring contains a consonant.\"\n}",
        "valid": true,
        "data": {
            "anonymous_name": "fn_51",
            "readable_name": "replace_if_consonant",
            "description": "Replaces a substring in a string with a specified replacement string if the substring contains a consonant."
        }
    },
    {
        "index": 4,
        "text": "\n{\n    \"anonymous_name\": \"fn_51\",\n    \"readable_name\": \"replace_if_consonant\",\n    \"description\": \"Replaces a substring in a string with a specified replacement string if the substring contains a consonant.\"\n}",
        "valid": true,
        "data": {
            "anonymous_name": "fn_51",
            "readable_name": "replace_if_consonant",
            "description": "Replaces a substring in a string with a specified replacement string if the substring contains a consonant."
        }
    }
]
2026-05-09 23:16:45,444 INFO:✅ Successfully named fn_51 -> replace_if_consonant
2026-05-09 23:16:45,444 INFO:{
    "index": 0,
    "text": "\n{\n    \"anonymous_name\": \"fn_51\",\n    \"readable_name\": \"replace_if_consonant\",\n    \"description\": \"Replaces a substring in a string with a specified replacement string if the substring contains a consonant.\"\n}",
    "valid": true,
    "data": {
        "anonymous_name": "fn_51",
        "readable_name": "replace_if_consonant",
        "description": "Replaces a substring in a string with a specified replacement string if the substring contains a consonant.",
        "usage_examples": [
            {
                "task_name": "re2_train_476_if_there_is_consonant_replace_that_with_x_u",
                "program": "(lambda (fn_51 'u' 'x' $0))",
                "language": "if there is consonant replace that with x u"
            },
            {
                "task_name": "re2_train_188_if_there_is_consonant_replace_that_with_g_o",
                "program": "(lambda (fn_51 'o' 'g' $0))",
                "language": "if there is consonant replace that with g o"
            },
            {
                "task_name": "re2_train_27_if_there_is_consonant_replace_that_with_v_i",
                "program": "(lambda (fn_51 'i' 'v' $0))",
                "language": "if there is consonant replace that with v i"
            },
            {
                "task_name": "re2_train_83_if_there_is_consonant_replace_that_with_c_m",
                "program": "(lambda (fn_51 'm' 'c' $0))",
                "language": "if there is consonant replace that with c m"
            },
            {
                "task_name": "re2_train_187_if_there_is_consonant_replace_that_with_m_b",
                "program": "(lambda (fn_51 'b' 'm' $0))",
                "language": "if there is consonant replace that with m b"
            },
            {
                "task_name": "re2_train_497_if_there_is_consonant_replace_that_with_m_a",
                "program": "(lambda (fn_51 'a' 'm' $0))",
                "language": "if there is consonant replace that with m a"
            }
        ]
    }
}
2026-05-09 23:16:45,444 INFO:------------
2026-05-09 23:16:45,444 INFO:Completed library naming: 10 / 10 abstractions successfully named.
2026-05-09 23:16:45,444 INFO:{
    "#(lambda (lambda (lambda (_rflatten (map (lambda (if (_rmatch $1 $0) $2 $0)) (_rsplit _rdot $2))))))": {
        "anonymous_name": "fn_42",
        "readable_name": "replace_if_match",
        "description": "Replaces a substring in a string if it matches a given pattern, using a specified replacement string.",
        "usage_examples": [
            {
                "task_name": "re2_train_404_if_there_is_u_replace_that_with_b",
                "program": "(lambda (fn_42 $0 'b' 'u'))",
                "language": "if there is u replace that with b"
            },
            {
                "task_name": "re2_train_37_if_there_is_g_add_q_before_that",
                "program": "(lambda (fn_42 $0 (regex_concat 'q' 'g') 'g'))",
                "language": "if there is g add q before that"
            },
            {
                "task_name": "re2_train_118_if_there_is_l_replace_that_with_n_k",
                "program": "(lambda (fn_42 $0 (regex_concat 'n' 'k') 'l'))",
                "language": "if there is l replace that with n k"
            },
            {
                "task_name": "re2_train_296_if_there_is_s_replace_that_with_t_q",
                "program": "(lambda (fn_42 $0 (regex_concat 't' 'q') 's'))",
                "language": "if there is s replace that with t q"
            },
            {
                "task_name": "re2_train_76_if_there_is_r_replace_that_with_j",
                "program": "(lambda (fn_42 $0 'j' 'r'))",
                "language": "if there is r replace that with j"
            },
            {
                "task_name": "re2_train_4_if_there_is_b_add_k_before_that",
                "program": "(lambda (fn_42 $0 (regex_concat 'k' 'b') 'b'))",
                "language": "if there is b add k before that"
            },
            {
                "task_name": "re2_train_172_if_there_is_c_replace_that_with_k_b",
                "program": "(lambda (fn_42 $0 (regex_concat 'k' 'b') 'c'))",
                "language": "if there is c replace that with k b"
            },
            {
                "task_name": "re2_train_161_if_there_is_o_replace_that_with_c_g",
                "program": "(lambda (fn_42 $0 (regex_concat 'c' 'g') 'o'))",
                "language": "if there is o replace that with c g"
            },
            {
                "task_name": "re2_train_230_if_there_is_m_replace_that_with_l",
                "program": "(lambda (fn_42 $0 'l' 'm'))",
                "language": "if there is m replace that with l"
            },
            {
                "task_name": "re2_train_263_if_there_is_vowel_replace_that_with_q_f",
                "program": "(lambda (fn_42 $0 (regex_concat 'q' 'f') fn_43))",
                "language": "if there is vowel replace that with q f"
            }
        ]
    },
    "#(_ror _a (_ror _e (_ror _i (_ror _o _u))))": {
        "anonymous_name": "fn_43",
        "readable_name": "replace_vowel",
        "description": "Replaces a vowel in a string with a specified replacement string.",
        "usage_examples": [
            {
                "task_name": "re2_train_424_if_there_is_vowel_replace_that_with_a_f",
                "program": "(lambda (replace_if_match $0 (regex_concat 'a' 'f') fn_43))",
                "language": "if there is vowel replace that with a f"
            },
            {
                "task_name": "re2_train_263_if_there_is_vowel_replace_that_with_q_f",
                "program": "(lambda (replace_if_match $0 (regex_concat 'q' 'f') fn_43))",
                "language": "if there is vowel replace that with q f"
            },
            {
                "task_name": "re2_train_353_if_there_is_vowel_replace_that_with_u_q",
                "program": "(lambda (replace_if_match $0 (regex_concat 'u' 'q') fn_43))",
                "language": "if there is vowel replace that with u q"
            },
            {
                "task_name": "re2_train_178_if_there_is_vowel_replace_that_with_n_p",
                "program": "(lambda (replace_if_match $0 (regex_concat 'n' 'p') fn_43))",
                "language": "if there is vowel replace that with n p"
            },
            {
                "task_name": "re2_train_447_if_there_is_vowel_replace_that_with_p_v",
                "program": "(lambda (replace_if_match $0 (regex_concat 'p' 'v') fn_43))",
                "language": "if there is vowel replace that with p v"
            },
            {
                "task_name": "re2_train_455_if_there_is_vowel_replace_that_with_s",
                "program": "(lambda (replace_if_match $0 's' fn_43))",
                "language": "if there is vowel replace that with s"
            },
            {
                "task_name": "re2_train_421_if_there_is_vowel_replace_that_with_b_t",
                "program": "(lambda (replace_if_match $0 (regex_concat 'b' 't') fn_43))",
                "language": "if there is vowel replace that with b t"
            },
            {
                "task_name": "re2_train_205_if_there_is_consonant_replace_that_with_p",
                "program": "(lambda (replace_if_match $0 'p' (regex_not fn_43)))",
                "language": "if there is consonant replace that with p"
            }
        ]
    },
    "#(lambda (lambda (lambda (_rflatten (cons $0 (cons $1 (cdr (_rsplit _rdot $2))))))))": {
        "anonymous_name": "fn_44",
        "readable_name": "replace_substring_in_string",
        "description": "Replaces a substring in a string with a specified replacement string.",
        "usage_examples": [
            {
                "task_name": "re2_train_71_if_the_word_starts_with_any_letter_replace_that_with_w_i",
                "program": "(lambda (fn_44 $0 'i' 'w'))",
                "language": "if the word starts with any letter replace that with w i"
            },
            {
                "task_name": "re2_train_385_if_the_word_starts_with_any_letter_replace_that_with_x_i",
                "program": "(lambda (fn_44 $0 'i' 'x'))",
                "language": "if the word starts with any letter replace that with x i"
            },
            {
                "task_name": "re2_train_21_if_the_word_starts_with_any_letter_replace_that_with_n_a",
                "program": "(lambda (fn_44 $0 'a' 'n'))",
                "language": "if the word starts with any letter replace that with n a"
            },
            {
                "task_name": "re2_train_382_if_the_word_starts_with_any_letter_add_o_after_that",
                "program": "(lambda (fn_44 $0 'o' (regex_car (fn_47 $0))))",
                "language": "if the word starts with any letter add o after that"
            },
            {
                "task_name": "re2_train_191_if_the_word_starts_with_any_letter_add_d_after_that",
                "program": "(lambda (fn_44 $0 'd' (regex_car (fn_47 $0))))",
                "language": "if the word starts with any letter add d after that"
            },
            {
                "task_name": "re2_train_388_if_the_word_starts_with_consonant_replace_that_with_q_i",
                "program": "(lambda (fn_44 $0 'i' 'q'))",
                "language": "if the word starts with consonant replace that with q i"
            },
            {
                "task_name": "re2_train_111_if_the_word_starts_with_any_letter_replace_that_with_g_a",
                "program": "(lambda (fn_44 $0 'a' 'g'))",
                "language": "if the word starts with any letter replace that with g a"
            },
            {
                "task_name": "re2_train_78_if_the_word_starts_with_any_letter_replace_that_with_y_w",
                "program": "(lambda (fn_44 $0 'w' 'y'))",
                "language": "if the word starts with any letter replace that with y w"
            },
            {
                "task_name": "re2_train_184_if_the_word_starts_with_any_letter_replace_that_with_b_w",
                "program": "(lambda (fn_44 $0 'w' 'b'))",
                "language": "if the word starts with any letter replace that with b w"
            },
            {
                "task_name": "re2_train_264_if_the_word_starts_with_any_letter_replace_that_with_k_e",
                "program": "(lambda (fn_44 $0 'e' 'k'))",
                "language": "if the word starts with any letter replace that with k e"
            }
        ]
    },
    "#(lambda (lambda (_rflatten (map $0 (_rsplit _rempty $1)))))": {
        "anonymous_name": "fn_45",
        "readable_name": "replace_with_function",
        "description": "Replaces a substring in a string with the result of a given function, using the substring as the input for the function.",
        "usage_examples": [
            {
                "task_name": "re2_train_135_if_there_is_any_letter_replace_that_with_f_n",
                "program": "(lambda (fn_45 $0 (lambda (regex_concat 'f' 'n'))))",
                "language": "if there is any letter replace that with f n"
            },
            {
                "task_name": "re2_train_41_if_there_is_any_letter_add_v_after_that",
                "program": "(lambda (fn_45 $0 (lambda (regex_concat $0 'v'))))",
                "language": "if there is any letter add v after that"
            },
            {
                "task_name": "re2_train_381_if_there_is_any_letter_replace_that_with_n_g",
                "program": "(lambda (fn_45 $0 (lambda (regex_concat 'n' 'g'))))",
                "language": "if there is any letter replace that with n g"
            },
            {
                "task_name": "re2_train_113_if_there_is_any_letter_replace_that_with_p",
                "program": "(lambda (fn_45 $0 (lambda 'p')))",
                "language": "if there is any letter replace that with p"
            },
            {
                "task_name": "re2_train_48_if_there_is_vowel_add_c_after_that",
                "program": "(lambda (fn_45 $0 (lambda (fn_48 $0 (regex_concat $0 'c') $0))))",
                "language": "if there is vowel add c after that"
            },
            {
                "task_name": "re2_train_378_if_there_is_any_letter_replace_that_with_i_p",
                "program": "(lambda (fn_45 $0 (lambda (regex_concat 'i' 'p'))))",
                "language": "if there is any letter replace that with i p"
            },
            {
                "task_name": "re2_train_35_if_there_is_any_letter_replace_that_with_q_j",
                "program": "(lambda (fn_45 $0 (lambda (regex_concat 'q' 'j'))))",
                "language": "if there is any letter replace that with q j"
            },
            {
                "task_name": "re2_train_23_if_there_is_any_letter_replace_that_with_k",
                "program": "(lambda (fn_45 $0 (lambda 'k')))",
                "language": "if there is any letter replace that with k"
            },
            {
                "task_name": "re2_train_67_if_there_is_any_letter_replace_that_with_j",
                "program": "(lambda (fn_45 $0 (lambda 'j')))",
                "language": "if there is any letter replace that with j"
            },
            {
                "task_name": "re2_train_418_if_there_is_vowel_replace_that_with_j",
                "program": "(lambda (fn_45 $0 (lambda (fn_48 $0 'j' $0))))",
                "language": "if there is vowel replace that with j"
            }
        ]
    },
    "#(lambda (lambda (_rflatten (_rappend $0 (_rrevcdr (_rsplit _rdot $1))))))": {
        "anonymous_name": "fn_46",
        "readable_name": "replace_with_reversed_substring",
        "description": "Replaces a substring in a string with the reversed substring.",
        "usage_examples": [
            {
                "task_name": "re2_train_393_if_the_word_ends_with_consonant_replace_that_with_i",
                "program": "(lambda (fn_46 $0 'i'))",
                "language": "if the word ends with consonant replace that with i"
            },
            {
                "task_name": "re2_train_445_if_the_word_ends_with_any_letter_replace_that_with_x_s",
                "program": "(lambda (fn_46 $0 (regex_concat 'x' 's')))",
                "language": "if the word ends with any letter replace that with x s"
            },
            {
                "task_name": "re2_train_331_if_the_word_ends_with_consonant_replace_that_with_o_g",
                "program": "(lambda (fn_46 $0 (regex_concat 'o' 'g')))",
                "language": "if the word ends with consonant replace that with o g"
            },
            {
                "task_name": "re2_train_185_if_the_word_ends_with_consonant_replace_that_with_a_o",
                "program": "(lambda (fn_46 $0 (regex_concat 'a' 'o')))",
                "language": "if the word ends with consonant replace that with a o"
            },
            {
                "task_name": "re2_train_237_if_the_word_ends_with_any_letter_replace_that_with_i_y",
                "program": "(lambda (fn_46 $0 (regex_concat 'i' 'y')))",
                "language": "if the word ends with any letter replace that with i y"
            },
            {
                "task_name": "re2_train_29_if_the_word_ends_with_any_letter_any_letter_replace_that_with_o_u",
                "program": "(lambda (fn_46 (fn_46 $0 empty_string) (regex_concat 'o' 'u')))",
                "language": "if the word ends with any letter any letter replace that with o u"
            },
            {
                "task_name": "re2_train_468_if_the_word_ends_with_any_letter_replace_that_with_x_p",
                "program": "(lambda (fn_46 $0 (regex_concat 'x' 'p')))",
                "language": "if the word ends with any letter replace that with x p"
            },
            {
                "task_name": "re2_train_26_if_the_word_ends_with_any_letter_replace_that_with_r",
                "program": "(lambda (fn_46 $0 'r'))",
                "language": "if the word ends with any letter replace that with r"
            },
            {
                "task_name": "re2_train_216_if_the_word_ends_with_consonant_replace_that_with_w",
                "program": "(lambda (fn_48 (fn_46 $0 'w') $0 (regex_tail (fn_47 $0))))",
                "language": "if the word ends with consonant replace that with w"
            },
            {
                "task_name": "re2_train_495_if_the_word_ends_with_any_letter_replace_that_with_c_v",
                "program": "(lambda (fn_46 $0 (regex_concat 'c' 'v')))",
                "language": "if the word ends with any letter replace that with c v"
            }
        ]
    },
    "#(lambda (_rsplit _rempty $0))": {
        "anonymous_name": "fn_47",
        "readable_name": "split_string",
        "description": "Splits a string into a list of substrings, using an empty string as the delimiter.",
        "usage_examples": [
            {
                "task_name": "re2_train_208_if_the_word_starts_with_any_letter_any_letter_replace_that_with_w",
                "program": "(lambda (fn_49 (regex_flatten (regex_cdr (fn_47 $0))) 'w'))",
                "language": "if the word starts with any letter any letter replace that with w"
            },
            {
                "task_name": "re2_train_293_if_the_word_ends_with_consonant_add_j_after_that",
                "program": "(lambda (regex_if (regex_match 'o' (regex_car (fn_47 $0))) $0 (regex_flatten (regex_append 'j' (fn_47 $0)))))",
                "language": "if the word ends with consonant add j after that"
            },
            {
                "task_name": "re2_train_191_if_the_word_starts_with_any_letter_add_d_after_that",
                "program": "(lambda (replace_substring_in_string $0 'd' (regex_car (fn_47 $0))))",
                "language": "if the word starts with any letter add d after that"
            },
            {
                "task_name": "re2_train_472_if_the_word_starts_with_any_letter_add_v_before_that",
                "program": "(lambda (regex_flatten (regex_cons 'v' (fn_47 $0))))",
                "language": "if the word starts with any letter add v before that"
            },
            {
                "task_name": "re2_train_70_if_the_word_starts_with_consonant_replace_that_with_a_g",
                "program": "(lambda (fn_48 (fn_49 $0 (regex_concat 'a' 'g')) $0 (regex_car (fn_47 $0))))",
                "language": "if the word starts with consonant replace that with a g"
            },
            {
                "task_name": "re2_train_66_if_the_word_starts_with_any_letter_any_letter_add_j_before_that",
                "program": "(lambda (regex_flatten (regex_cons 'j' (fn_47 $0))))",
                "language": "if the word starts with any letter any letter add j before that"
            },
            {
                "task_name": "re2_train_314_if_the_word_starts_with_vowel_add_l_after_that",
                "program": "(lambda (fn_50 $0 (regex_car (fn_47 $0)) 'l'))",
                "language": "if the word starts with vowel add l after that"
            },
            {
                "task_name": "re2_train_120_if_the_word_starts_with_consonant_add_l_before_that",
                "program": "(lambda (fn_48 (regex_flatten (regex_cons 'l' (fn_47 $0))) $0 (regex_car (fn_47 $0))))",
                "language": "if the word starts with consonant add l before that"
            },
            {
                "task_name": "re2_train_309_if_the_word_ends_with_consonant_replace_that_with_n_a",
                "program": "(lambda (fn_48 (replace_with_reversed_substring $0 (regex_concat 'n' 'a')) $0 (regex_tail (fn_47 $0))))",
                "language": "if the word ends with consonant replace that with n a"
            },
            {
                "task_name": "re2_train_407_if_the_word_starts_with_any_letter_any_letter_replace_that_with_e_s",
                "program": "(lambda (replace_substring_in_string (regex_flatten (regex_cdr (fn_47 $0))) 's' 'e'))",
                "language": "if the word starts with any letter any letter replace that with e s"
            }
        ]
    },
    "#(lambda (lambda (lambda (if (_rmatch #(_ror _a (_ror _e (_ror _i (_ror _o _u)))) $0) $1 $2))))": {
        "anonymous_name": "fn_48",
        "readable_name": "replace_if_vowel",
        "description": "Replaces a substring in a string with a specified replacement string if the substring contains a vowel.",
        "usage_examples": [
            {
                "task_name": "re2_train_48_if_there_is_vowel_add_c_after_that",
                "program": "(lambda (replace_with_function $0 (lambda (fn_48 $0 (regex_concat $0 'c') $0))))",
                "language": "if there is vowel add c after that"
            },
            {
                "task_name": "re2_train_251_if_there_is_consonant_add_m_after_that",
                "program": "(lambda (replace_with_function $0 (lambda (fn_48 (regex_concat $0 'm') $0 $0))))",
                "language": "if there is consonant add m after that"
            },
            {
                "task_name": "re2_train_45_if_there_is_vowel_add_n_after_that",
                "program": "(lambda (replace_with_function $0 (lambda (fn_48 $0 (regex_concat $0 'n') $0))))",
                "language": "if there is vowel add n after that"
            },
            {
                "task_name": "re2_train_418_if_there_is_vowel_replace_that_with_j",
                "program": "(lambda (replace_with_function $0 (lambda (fn_48 $0 'j' $0))))",
                "language": "if there is vowel replace that with j"
            },
            {
                "task_name": "re2_train_302_if_there_is_vowel_add_v_after_that",
                "program": "(lambda (replace_with_function $0 (lambda (fn_48 $0 (regex_concat $0 'v') $0))))",
                "language": "if there is vowel add v after that"
            },
            {
                "task_name": "re2_train_456_if_there_is_vowel_add_v_before_that",
                "program": "(lambda (replace_with_function $0 (lambda (fn_48 $0 (regex_concat 'v' $0) $0))))",
                "language": "if there is vowel add v before that"
            },
            {
                "task_name": "re2_train_120_if_the_word_starts_with_consonant_add_l_before_that",
                "program": "(lambda (fn_48 (regex_flatten (regex_cons 'l' (split_string $0))) $0 (regex_car (split_string $0))))",
                "language": "if the word starts with consonant add l before that"
            },
            {
                "task_name": "re2_train_309_if_the_word_ends_with_consonant_replace_that_with_n_a",
                "program": "(lambda (fn_48 (replace_with_reversed_substring $0 (regex_concat 'n' 'a')) $0 (regex_tail (split_string $0))))",
                "language": "if the word ends with consonant replace that with n a"
            },
            {
                "task_name": "re2_train_179_if_there_is_vowel_add_h_before_that",
                "program": "(lambda (replace_with_function $0 (lambda (fn_48 $0 (regex_concat 'h' $0) $0))))",
                "language": "if there is vowel add h before that"
            },
            {
                "task_name": "re2_train_142_if_the_word_starts_with_consonant_replace_that_with_r_p",
                "program": "(lambda (fn_48 (replace_substring_in_string $0 'p' 'r') $0 (regex_car (split_string $0))))",
                "language": "if the word starts with consonant replace that with r p"
            }
        ]
    },
    "#(lambda (lambda (_rflatten (cons $0 (cdr (#(lambda (_rsplit _rempty $0)) $1))))))": {
        "anonymous_name": "fn_49",
        "readable_name": "replace_first_substring",
        "description": "Replaces the first substring in a string with a specified replacement string.",
        "usage_examples": [
            {
                "task_name": "re2_train_70_if_the_word_starts_with_consonant_replace_that_with_a_g",
                "program": "(lambda (replace_if_vowel (fn_49 $0 (regex_concat 'a' 'g')) $0 (regex_car (split_string $0))))",
                "language": "if the word starts with consonant replace that with a g"
            },
            {
                "task_name": "re2_train_463_if_the_word_starts_with_any_letter_replace_that_with_a",
                "program": "(lambda (fn_49 $0 'a'))",
                "language": "if the word starts with any letter replace that with a"
            },
            {
                "task_name": "re2_train_208_if_the_word_starts_with_any_letter_any_letter_replace_that_with_w",
                "program": "(lambda (fn_49 (regex_flatten (regex_cdr (split_string $0))) 'w'))",
                "language": "if the word starts with any letter any letter replace that with w"
            },
            {
                "task_name": "re2_train_327_if_the_word_starts_with_consonant_replace_that_with_i",
                "program": "(lambda (fn_49 $0 'i'))",
                "language": "if the word starts with consonant replace that with i"
            },
            {
                "task_name": "re2_train_203_if_the_word_starts_with_any_letter_replace_that_with_f",
                "program": "(lambda (fn_49 $0 'f'))",
                "language": "if the word starts with any letter replace that with f"
            },
            {
                "task_name": "re2_train_169_if_the_word_starts_with_any_letter_replace_that_with_b",
                "program": "(lambda (fn_49 $0 'b'))",
                "language": "if the word starts with any letter replace that with b"
            },
            {
                "task_name": "re2_train_395_if_the_word_starts_with_any_letter_replace_that_with_e_s",
                "program": "(lambda (fn_49 $0 (regex_concat 'e' 's')))",
                "language": "if the word starts with any letter replace that with e s"
            },
            {
                "task_name": "re2_train_316_if_the_word_starts_with_any_letter_replace_that_with_r_r",
                "program": "(lambda (fn_49 $0 (regex_concat 'r' 'r')))",
                "language": "if the word starts with any letter replace that with r r"
            }
        ]
    },
    "#(lambda (lambda (lambda (#(lambda (lambda (lambda (if (_rmatch #(_ror _a (_ror _e (_ror _i (_ror _o _u)))) $0) $1 $2)))) $2 (#(lambda (lambda (lambda (_rflatten (cons $0 (cons $1 (cdr (_rsplit _rdot $2)))))))) $2 $0 $1) (car (#(lambda (_rsplit _rempty $0)) $2))))))": {
        "anonymous_name": "fn_50",
        "readable_name": "replace_if_vowel_in_string",
        "description": "Replaces a vowel in a string with a specified replacement string, using the first substring in the string as the input for the replacement.",
        "usage_examples": [
            {
                "task_name": "re2_train_93_if_the_word_starts_with_vowel_replace_that_with_u_c",
                "program": "(lambda (fn_50 $0 'u' 'c'))",
                "language": "if the word starts with vowel replace that with u c"
            },
            {
                "task_name": "re2_train_100_if_the_word_starts_with_vowel_replace_that_with_e_i",
                "program": "(lambda (fn_50 $0 'e' 'i'))",
                "language": "if the word starts with vowel replace that with e i"
            },
            {
                "task_name": "re2_train_314_if_the_word_starts_with_vowel_add_l_after_that",
                "program": "(lambda (fn_50 $0 (regex_car (split_string $0)) 'l'))",
                "language": "if the word starts with vowel add l after that"
            },
            {
                "task_name": "re2_train_333_if_the_word_starts_with_vowel_replace_that_with_i_d",
                "program": "(lambda (fn_50 $0 'i' 'd'))",
                "language": "if the word starts with vowel replace that with i d"
            }
        ]
    },
    "#(lambda (lambda (lambda (#(lambda (lambda (lambda (_rflatten (map (lambda (if (_rmatch $1 $0) $2 $0)) (_rsplit _rdot $2)))))) $0 (_rconcat $1 $2) (_rnot #(_ror _a (_ror _e (_ror _i (_ror _o _u)))))))))": {
        "anonymous_name": "fn_51",
        "readable_name": "replace_if_consonant",
        "description": "Replaces a substring in a string with a specified replacement string if the substring contains a consonant.",
        "usage_examples": [
            {
                "task_name": "re2_train_476_if_there_is_consonant_replace_that_with_x_u",
                "program": "(lambda (fn_51 'u' 'x' $0))",
                "language": "if there is consonant replace that with x u"
            },
            {
                "task_name": "re2_train_188_if_there_is_consonant_replace_that_with_g_o",
                "program": "(lambda (fn_51 'o' 'g' $0))",
                "language": "if there is consonant replace that with g o"
            },
            {
                "task_name": "re2_train_27_if_there_is_consonant_replace_that_with_v_i",
                "program": "(lambda (fn_51 'i' 'v' $0))",
                "language": "if there is consonant replace that with v i"
            },
            {
                "task_name": "re2_train_83_if_there_is_consonant_replace_that_with_c_m",
                "program": "(lambda (fn_51 'm' 'c' $0))",
                "language": "if there is consonant replace that with c m"
            },
            {
                "task_name": "re2_train_187_if_there_is_consonant_replace_that_with_m_b",
                "program": "(lambda (fn_51 'b' 'm' $0))",
                "language": "if there is consonant replace that with m b"
            },
            {
                "task_name": "re2_train_497_if_there_is_consonant_replace_that_with_m_a",
                "program": "(lambda (fn_51 'a' 'm' $0))",
                "language": "if there is consonant replace that with m a"
            }
        ]
    }
}
2026-05-09 23:16:45,445 INFO:Wrote results: <original-workspace>/lilo_sec/experiments_iterative/outputs/dev_regex_batch96_firsttest_gpt35_instruct_original_completion_20260509/domains/re2/lilo_original_completion/seed_111/lilo_original_completion_96/3/train/gpt_library_namer_results.json
2026-05-09 23:16:45,445 INFO:Wrote experiments_iterative/outputs/dev_regex_batch96_firsttest_gpt35_instruct_original_completion_20260509/domains/re2/lilo_original_completion/seed_111/lilo_original_completion_96/3/metrics.json
2026-05-09 23:16:45,445 INFO:====================================
2026-05-09 23:16:45,445 INFO:iteration: 3
2026-05-09 23:16:45,445 INFO:library_namer : generate_library_names
2026-05-09 23:16:45,445 INFO:Completed in 11.140s
2026-05-09 23:16:45,446 INFO:====================================
